group,n,pred_risk,obs_risk,obs_risk_lo,obs_risk_hi,horizon,scenario,setting,dataset,model,seed
1,32,0.027212511748075485,0.03125,0.004461880549893937,0.20180697895763589,3.0,DMFS,InD,nki,TabSurv_M,40
2,32,0.08270003460347652,0.09677419354838701,0.032278622348969166,0.2707498770509751,3.0,DMFS,InD,nki,TabSurv_M,40
3,32,0.19202946312725544,0.15625,0.0682047391110141,0.3354321608235058,3.0,DMFS,InD,nki,TabSurv_M,40
4,32,0.3123773969709873,0.16041666666666643,0.07008652032478557,0.3434376306585921,3.0,DMFS,InD,nki,TabSurv_M,40
5,32,0.4498505322262645,0.2682198327359615,0.14389719524968725,0.4661586823656808,3.0,DMFS,InD,nki,TabSurv_M,40
1,32,0.0663748923689127,0.06354166666666661,0.01627187851291534,0.23103554663897707,5.0,DMFS,InD,nki,TabSurv_M,40
2,32,0.15882771275937557,0.19270833333333304,0.09152426370059508,0.379617525798578,5.0,DMFS,InD,nki,TabSurv_M,40
3,32,0.3021328169852495,0.34375,0.20725129085547422,0.5341655069147424,5.0,DMFS,InD,nki,TabSurv_M,40
4,32,0.4350891187787056,0.33954393770856484,0.19892850243664417,0.5396711447700672,5.0,DMFS,InD,nki,TabSurv_M,40
5,32,0.5735104279592633,0.40251920122887863,0.2515073199298915,0.599744935884208,5.0,DMFS,InD,nki,TabSurv_M,40
1,32,0.3555986136198044,0.18534482758620685,0.07792142978973049,0.40427731183148075,10.0,DMFS,InD,nki,TabSurv_M,40
2,32,0.49960842821747065,0.2702785326086955,0.1348279005154861,0.49617708436616914,10.0,DMFS,InD,nki,TabSurv_M,40
3,32,0.6295539410784841,0.4907407407407407,0.3185942523689278,0.6948824846869374,10.0,DMFS,InD,nki,TabSurv_M,40
4,32,0.7338949744589627,0.3795260039499667,0.22859354115620079,0.5842460171761192,10.0,DMFS,InD,nki,TabSurv_M,40
5,32,0.8302005336154252,0.5543293718166382,0.3652753654578207,0.7623282359262805,10.0,DMFS,InD,nki,TabSurv_M,40
1,32,0.024840255162119865,0.032258064516129004,0.00460783467361936,0.20768618364726055,3.0,DMFS,InD,nki,TabSurv_M,41
2,32,0.05833666771650314,0.0625,0.016007545993095618,0.2274938928036203,3.0,DMFS,InD,nki,TabSurv_M,41
3,32,0.10786325484514236,0.09677419354838701,0.032278622348969166,0.2707498770509751,3.0,DMFS,InD,nki,TabSurv_M,41
4,32,0.18247087486088276,0.32258064516129015,0.18838772649961455,0.5164908134213418,3.0,DMFS,InD,nki,TabSurv_M,41
5,32,0.3315538475289941,0.34895833333333326,0.2104356017521274,0.5414062391447894,3.0,DMFS,InD,nki,TabSurv_M,41
1,32,0.0741907823830843,0.032258064516129004,0.00460783467361936,0.20768618364726055,5.0,DMFS,InD,nki,TabSurv_M,41
2,32,0.1389047484844923,0.125,0.04884689224941119,0.29955633136566795,5.0,DMFS,InD,nki,TabSurv_M,41
3,32,0.21588106639683247,0.32258064516129015,0.18838772649961455,0.5164908134213418,5.0,DMFS,InD,nki,TabSurv_M,41
4,32,0.3286698963493109,0.4227504244482172,0.2712643780303582,0.6148528257779664,5.0,DMFS,InD,nki,TabSurv_M,41
5,32,0.5068336399272084,0.554550438596491,0.38977703142458164,0.733922881409437,5.0,DMFS,InD,nki,TabSurv_M,41
1,32,0.36180293932557106,0.1929112842959324,0.08260448020014788,0.41302441301962023,10.0,DMFS,InD,nki,TabSurv_M,41
2,32,0.48458095733076334,0.19556451612903214,0.08370422492107499,0.4182601515146659,10.0,DMFS,InD,nki,TabSurv_M,41
3,32,0.5705153169110417,0.30752688172042997,0.17076125076036985,0.513839803038728,10.0,DMFS,InD,nki,TabSurv_M,41
4,32,0.6871024807915092,0.49608774961597546,0.3341494276640915,0.6849284926685175,10.0,DMFS,InD,nki,TabSurv_M,41
5,32,0.8108974914066494,0.6459627329192547,0.4661193310904487,0.8205724103934149,10.0,DMFS,InD,nki,TabSurv_M,41
1,32,0.03453251160681248,0.03125,0.004461880549893937,0.20180697895763589,3.0,DMFS,InD,nki,TabSurv_M,42
2,32,0.08308663032948971,0.0625,0.016007545993095618,0.2274938928036203,3.0,DMFS,InD,nki,TabSurv_M,42
3,32,0.13206542283296585,0.12812499999999993,0.050096666391058364,0.3063399392516807,3.0,DMFS,InD,nki,TabSurv_M,42
4,32,0.20112581923604012,0.3293269230769229,0.19243148443156355,0.5260472854566043,3.0,DMFS,InD,nki,TabSurv_M,42
5,32,0.325083346106112,0.4446022727272727,0.29179731094984807,0.6329750296936643,3.0,DMFS,InD,nki,TabSurv_M,42
1,32,0.08155941218137741,0.03125,0.004461880549893937,0.20180697895763589,5.0,DMFS,InD,nki,TabSurv_M,42
2,32,0.16941442526876926,0.09375,0.031236271716636343,0.2631417723922538,5.0,DMFS,InD,nki,TabSurv_M,42
3,32,0.24539114721119404,0.3973657407407407,0.24807976894904804,0.5932503534906437,5.0,DMFS,InD,nki,TabSurv_M,42
4,32,0.34065439365804195,0.4332700822264389,0.27871777241674933,0.6273088821086961,5.0,DMFS,InD,nki,TabSurv_M,42
5,32,0.4876581970602274,0.5744047619047619,0.41102075727105425,0.7480640541386905,5.0,DMFS,InD,nki,TabSurv_M,42
1,32,0.4105515908449888,0.109375,0.03559493697501759,0.3093947342519313,10.0,DMFS,InD,nki,TabSurv_M,42
2,32,0.547307750210166,0.27088815789473664,0.13231887994532732,0.5050176453933632,10.0,DMFS,InD,nki,TabSurv_M,42
3,32,0.6333302864804864,0.30623372395833315,0.17060475731558622,0.5106281725703712,10.0,DMFS,InD,nki,TabSurv_M,42
4,32,0.7132812989875674,0.5670929566711203,0.40065897827275043,0.7457049683243553,10.0,DMFS,InD,nki,TabSurv_M,42
5,32,0.8127291104756296,0.647159090909091,0.4424076174249194,0.8439916661366957,10.0,DMFS,InD,nki,TabSurv_M,42
1,32,0.012287463262677191,0.032258064516129004,0.00460783467361936,0.20768618364726055,3.0,DMFS,InD,nki,TabSurv_M,43
2,32,0.05018850788474083,0.12715517241379304,0.049690771512679976,0.3043315221513727,3.0,DMFS,InD,nki,TabSurv_M,43
3,32,0.11492273956537247,0.13043154761904752,0.050993887954883466,0.31146009142493525,3.0,DMFS,InD,nki,TabSurv_M,43
4,32,0.2100695911794901,0.35344827586206895,0.2135599290040866,0.5469034509825628,3.0,DMFS,InD,nki,TabSurv_M,43
5,32,0.3149057421833277,0.4516129032258064,0.2974264998316477,0.6402864238924777,3.0,DMFS,InD,nki,TabSurv_M,43
1,32,0.05429273471236229,0.032258064516129004,0.00460783467361936,0.20768618364726055,5.0,DMFS,InD,nki,TabSurv_M,43
2,32,0.13808847963809967,0.1584821428571428,0.0691759955648803,0.33987641996445594,5.0,DMFS,InD,nki,TabSurv_M,43
3,32,0.2561103571206331,0.3718167701863353,0.22540778170099574,0.5709889981226399,5.0,DMFS,InD,nki,TabSurv_M,43
4,32,0.394895575940609,0.418103448275862,0.2681205928051352,0.6090849613242427,5.0,DMFS,InD,nki,TabSurv_M,43
5,32,0.5213136067613959,0.4838709677419354,0.3263560679344216,0.6695542957466664,5.0,DMFS,InD,nki,TabSurv_M,43
1,32,0.34472227469086647,0.10906298003072201,0.03584149997422292,0.30606271487868986,10.0,DMFS,InD,nki,TabSurv_M,43
2,32,0.513639647513628,0.3044517780172413,0.14750145373026313,0.5621829639547069,10.0,DMFS,InD,nki,TabSurv_M,43
3,32,0.6490281159058213,0.39347826086956506,0.24552663204352387,0.5882792501164693,10.0,DMFS,InD,nki,TabSurv_M,43
4,32,0.7688956470228732,0.43210001803751774,0.26559915115019117,0.6455048605662328,10.0,DMFS,InD,nki,TabSurv_M,43
5,32,0.8523916266858578,0.6320191158900836,0.46038997949296145,0.8021195030559815,10.0,DMFS,InD,nki,TabSurv_M,43
1,32,0.01619243331849575,0.0625,0.016007545993095618,0.2274938928036203,3.0,DMFS,InD,nki,TabSurv_M,44
2,32,0.05066106468439102,0.0625,0.016007545993095618,0.2274938928036203,3.0,DMFS,InD,nki,TabSurv_M,44
3,32,0.1067555584013462,0.16573971078976624,0.07253332154372183,0.3534414763286785,3.0,DMFS,InD,nki,TabSurv_M,44
4,32,0.2021586000919342,0.29649368863955117,0.16623129976105333,0.49353409832343476,3.0,DMFS,InD,nki,TabSurv_M,44
5,32,0.336717925965786,0.38879456706281823,0.24253673918755436,0.58212135878511,3.0,DMFS,InD,nki,TabSurv_M,44
1,32,0.05724676512181759,0.06354166666666661,0.01627187851291534,0.23103554663897707,5.0,DMFS,InD,nki,TabSurv_M,44
2,32,0.13081404566764832,0.15625,0.0682047391110141,0.3354321608235058,5.0,DMFS,InD,nki,TabSurv_M,44
3,32,0.23006480187177658,0.23248053392658496,0.1182227767637074,0.4267522795601507,5.0,DMFS,InD,nki,TabSurv_M,44
4,32,0.36963407695293427,0.5163504835018822,0.349332399738956,0.7070599229811636,5.0,DMFS,InD,nki,TabSurv_M,44
5,32,0.5235516857355833,0.4227504244482172,0.2712643780303582,0.6148528257779664,5.0,DMFS,InD,nki,TabSurv_M,44
1,32,0.32764391601085663,0.18330308529945538,0.07912868582112342,0.39187496127229604,10.0,DMFS,InD,nki,TabSurv_M,44
2,32,0.4787943046540022,0.25426136363636365,0.11357317954952117,0.5102956697452219,10.0,DMFS,InD,nki,TabSurv_M,44
3,32,0.6051593869924545,0.40121405291038204,0.24169107374623555,0.6135175589545001,10.0,DMFS,InD,nki,TabSurv_M,44
4,32,0.730974302161485,0.5163504835018822,0.349332399738956,0.7070599229811636,10.0,DMFS,InD,nki,TabSurv_M,44
5,32,0.8413957336451858,0.644271970248201,0.4406114657472193,0.8410265480049993,10.0,DMFS,InD,nki,TabSurv_M,44
1,32,0.021794740110635757,0.0625,0.016007545993095618,0.2274938928036203,3.0,DMFS,InD,nki,DeepHS,40
2,32,0.0748196691274643,0.032258064516129004,0.00460783467361936,0.20768618364726055,3.0,DMFS,InD,nki,DeepHS,40
3,32,0.13703739643096924,0.1908482142857142,0.09054994786054149,0.3765489238336389,3.0,DMFS,InD,nki,DeepHS,40
4,32,0.21806566789746284,0.12903225806451601,0.0504906368591056,0.3081429633782876,3.0,DMFS,InD,nki,DeepHS,40
5,32,0.3492061160504818,0.28887959866220736,0.16172138819615078,0.4825473530509714,3.0,DMFS,InD,nki,DeepHS,40
1,32,0.03126749396324158,0.09792626728110587,0.03265617411006838,0.273779864526112,5.0,DMFS,InD,nki,DeepHS,40
2,32,0.10826583579182625,0.15625,0.0682047391110141,0.3354321608235058,5.0,DMFS,InD,nki,DeepHS,40
3,32,0.2010395098477602,0.2887931034482758,0.16192319789626086,0.48183931369005095,5.0,DMFS,InD,nki,DeepHS,40
4,32,0.3095129691064358,0.41586538461538447,0.2663564135874634,0.6067036907505838,5.0,DMFS,InD,nki,DeepHS,40
5,32,0.48395324870944023,0.3748674712384388,0.22698106247506655,0.5756786454129912,5.0,DMFS,InD,nki,DeepHS,40
1,32,0.204662611708045,0.19713261648745517,0.08386201270906257,0.42328433401124876,10.0,DMFS,InD,nki,DeepHS,40
2,32,0.3309076074510813,0.3315432098765432,0.19302608674399324,0.530677672754689,10.0,DMFS,InD,nki,DeepHS,40
3,32,0.40792848728597164,0.45238095238095233,0.2524762008250505,0.7123891475393223,10.0,DMFS,InD,nki,DeepHS,40
4,32,0.4707302711904049,0.5110294117647058,0.3297686649606649,0.7217565952288256,10.0,DMFS,InD,nki,DeepHS,40
5,32,0.604597145691514,0.44549402210692524,0.2742316832813133,0.6620463054266978,10.0,DMFS,InD,nki,DeepHS,40
1,32,0.02650684490799904,0.06666666666666665,0.01710227964605071,0.24114121437515224,3.0,DMFS,InD,nki,DeepHS,41
2,32,0.06725083105266094,0.12903225806451601,0.0504906368591056,0.3081429633782876,3.0,DMFS,InD,nki,DeepHS,41
3,32,0.10620786622166634,0.09375,0.031236271716636343,0.2631417723922538,3.0,DMFS,InD,nki,DeepHS,41
4,32,0.14322341606020927,0.25,0.133701202777614,0.43821129661078884,3.0,DMFS,InD,nki,DeepHS,41
5,32,0.1976400762796402,0.31521739130434767,0.18353848967452324,0.5069186694638528,3.0,DMFS,InD,nki,DeepHS,41
1,32,0.1260048784315586,0.125,0.04884689224941119,0.29955633136566795,5.0,DMFS,InD,nki,DeepHS,41
2,32,0.1993797179311514,0.4035087719298245,0.2526169148091615,0.6002282176055336,5.0,DMFS,InD,nki,DeepHS,41
3,32,0.23693047650158405,0.1908482142857142,0.09054994786054149,0.3765489238336389,5.0,DMFS,InD,nki,DeepHS,41
4,32,0.276586152613163,0.2560386473429951,0.13694793164109476,0.4478599831323482,5.0,DMFS,InD,nki,DeepHS,41
5,32,0.37782515585422516,0.4838709677419354,0.3263560679344216,0.6695542957466664,5.0,DMFS,InD,nki,DeepHS,41
1,32,0.3094211518764496,0.19293478260869568,0.09132821134150393,0.3810617320629093,10.0,DMFS,InD,nki,DeepHS,41
2,32,0.4123203344643116,0.37251984126984117,0.18230159306893723,0.6601236668606674,10.0,DMFS,InD,nki,DeepHS,41
3,32,0.46746409125626087,0.396780303030303,0.23779592199764865,0.6097392382679633,10.0,DMFS,InD,nki,DeepHS,41
4,32,0.5125076696276665,0.47797766749379633,0.31393611908254726,0.6742045272439569,10.0,DMFS,InD,nki,DeepHS,41
5,32,0.6140790283679962,0.43923611111111116,0.2880968576021786,0.6264446679840932,10.0,DMFS,InD,nki,DeepHS,41
1,32,0.007295694816112516,0.19713261648745506,0.09370686367426961,0.3873536619007162,3.0,DMFS,InD,nki,DeepHS,42
2,32,0.04158886522054672,0.34375,0.20725129085547422,0.5341655069147424,3.0,DMFS,InD,nki,DeepHS,42
3,32,0.09902364015579224,0.2879464285714285,0.1613729259408475,0.48072528349084553,3.0,DMFS,InD,nki,DeepHS,42
4,32,0.1478696558624506,0.09375,0.031236271716636343,0.2631417723922538,3.0,DMFS,InD,nki,DeepHS,42
5,32,0.23631584458053112,0.06451612903225801,0.016536813193637645,0.2341200450280817,3.0,DMFS,InD,nki,DeepHS,42
1,32,0.009127578899264334,0.39549999999999985,0.24698386701192587,0.5906447564056072,5.0,DMFS,InD,nki,DeepHS,42
2,32,0.05924215354025364,0.40625,0.2597968973231167,0.5947834685497894,5.0,DMFS,InD,nki,DeepHS,42
3,32,0.13853231631219387,0.3839285714285714,0.2386678553056636,0.5770340003567503,5.0,DMFS,InD,nki,DeepHS,42
4,32,0.19504043646156788,0.22758333333333314,0.11545897829981888,0.4193033045342037,5.0,DMFS,InD,nki,DeepHS,42
5,32,0.2975829876959324,0.09677419354838701,0.032278622348969166,0.2707498770509751,5.0,DMFS,InD,nki,DeepHS,42
1,32,0.23879976198077202,0.5652173913043478,0.39270888693373285,0.7511639256486218,10.0,DMFS,InD,nki,DeepHS,42
2,32,0.5313516166061163,0.39697265625,0.24679063857972106,0.5945126229619236,10.0,DMFS,InD,nki,DeepHS,42
3,32,0.6472872626036406,0.3403273809523806,0.1964483409741311,0.5467394681302151,10.0,DMFS,InD,nki,DeepHS,42
4,32,0.7501485347747803,0.33999999999999997,0.18423079404102205,0.5716875301558642,10.0,DMFS,InD,nki,DeepHS,42
5,32,0.8811733797192574,0.2192280595813203,0.1023881283259287,0.4327573087145855,10.0,DMFS,InD,nki,DeepHS,42
1,32,0.11959872767329216,0.16280864197530853,0.07112283346110282,0.3481965747228465,3.0,DMFS,InD,nki,DeepHS,43
2,32,0.17056318745017052,0.15865384615384615,0.06921292194034534,0.3403730929945251,3.0,DMFS,InD,nki,DeepHS,43
3,32,0.21055772341787815,0.3125,0.18198504735561194,0.5028777517811411,3.0,DMFS,InD,nki,DeepHS,43
4,32,0.27549615502357483,0.25806451612903214,0.1383375645099605,0.45031427405681235,3.0,DMFS,InD,nki,DeepHS,43
5,32,0.41651645116508007,0.19354838709677402,0.09198286226258634,0.38093908346553795,3.0,DMFS,InD,nki,DeepHS,43
1,32,0.20994599908590317,0.2879464285714285,0.1613729259408475,0.48072528349084553,5.0,DMFS,InD,nki,DeepHS,43
2,32,0.2748554050922394,0.21875,0.11082858524378336,0.4047601730334287,5.0,DMFS,InD,nki,DeepHS,43
3,32,0.3180562034249306,0.274345232076044,0.14735657197261254,0.47538456966986786,5.0,DMFS,InD,nki,DeepHS,43
4,32,0.3816072307527065,0.3125,0.18198504735561194,0.5028777517811411,5.0,DMFS,InD,nki,DeepHS,43
5,32,0.5517781507223845,0.35791090629800293,0.21641394187541463,0.5528297786177296,5.0,DMFS,InD,nki,DeepHS,43
1,32,0.3094137869775295,0.09677419354838701,0.032278622348969166,0.2707498770509751,10.0,DMFS,InD,nki,DeepHS,43
2,32,0.4180515445768833,0.30618783286340845,0.1709155773690867,0.5098018365356034,10.0,DMFS,InD,nki,DeepHS,43
3,32,0.4610508382320404,0.44549663299663267,0.2821398919977258,0.6497144848187091,10.0,DMFS,InD,nki,DeepHS,43
4,32,0.5018242578953505,0.48317934782608696,0.2991136567357652,0.7064915418701087,10.0,DMFS,InD,nki,DeepHS,43
5,32,0.6481207795441151,0.5369977362761742,0.35429676794901566,0.7421931601411298,10.0,DMFS,InD,nki,DeepHS,43
1,32,0.04537970572710037,0.0625,0.016007545993095618,0.2274938928036203,3.0,DMFS,InD,nki,DeepHS,44
2,32,0.08074367046356201,0.09899888765294762,0.0330282891011342,0.2764467737891837,3.0,DMFS,InD,nki,DeepHS,44
3,32,0.12652844935655594,0.21999999999999997,0.11144284851420627,0.4069457033517184,3.0,DMFS,InD,nki,DeepHS,44
4,32,0.2098239976912737,0.31547619047619047,0.18362334377634493,0.5074358708182445,3.0,DMFS,InD,nki,DeepHS,44
5,32,0.4242607168853283,0.2666666666666666,0.14330817518415795,0.46308515324373767,3.0,DMFS,InD,nki,DeepHS,44
1,32,0.10175130143761635,0.10238095238095235,0.034196537579226916,0.2848625149936511,5.0,DMFS,InD,nki,DeepHS,44
2,32,0.1416123155504465,0.09698660714285712,0.032310394381026675,0.2715835294523211,5.0,DMFS,InD,nki,DeepHS,44
3,32,0.20439624786376953,0.5,0.34326470354091987,0.6810259540231549,5.0,DMFS,InD,nki,DeepHS,44
4,32,0.2900983393192291,0.36886395511921444,0.2232989280832276,0.5675155950259281,5.0,DMFS,InD,nki,DeepHS,44
5,32,0.5311765782535076,0.29032258064516114,0.1629470990179187,0.48378237596750295,5.0,DMFS,InD,nki,DeepHS,44
1,32,0.2901294697076082,0.23424369747899165,0.10370743276491312,0.47825696269544515,10.0,DMFS,InD,nki,DeepHS,44
2,32,0.3580826073884964,0.371279761904762,0.20150189937143914,0.6159792788313536,10.0,DMFS,InD,nki,DeepHS,44
3,32,0.4183724671602249,0.5768229166666667,0.40414298499300616,0.7602978918567054,10.0,DMFS,InD,nki,DeepHS,44
4,32,0.5175314340740442,0.4134897360703811,0.25347314136256294,0.6223895255883873,10.0,DMFS,InD,nki,DeepHS,44
5,32,0.7269644904881716,0.4021594241535589,0.2381604850336616,0.6220032923524157,10.0,DMFS,InD,nki,DeepHS,44
1,32,0.0008296581536531428,0.06451612903225801,0.016536813193637645,0.2341200450280817,3.0,DMFS,InD,nki,DeepSurv,40
2,32,0.0067752450704574585,0.06785714285714284,0.017404670738103478,0.2451430695218304,3.0,DMFS,InD,nki,DeepSurv,40
3,32,0.020015845075249672,0.15625,0.0682047391110141,0.3354321608235058,3.0,DMFS,InD,nki,DeepSurv,40
4,32,0.07710996270179749,0.1261160714285714,0.049273735516559114,0.302084011229498,3.0,DMFS,InD,nki,DeepSurv,40
5,32,0.49098962522111833,0.28385416666666663,0.15888252911613998,0.4749422033048428,3.0,DMFS,InD,nki,DeepSurv,40
1,32,0.0028579275399446477,0.16253101736972686,0.07104662205380707,0.3474655080300584,5.0,DMFS,InD,nki,DeepSurv,40
2,32,0.023456070572137833,0.13690476190476186,0.053683824537470226,0.3248681841247032,5.0,DMFS,InD,nki,DeepSurv,40
3,32,0.06803950108587742,0.28125,0.1574477183130183,0.47090412632456824,5.0,DMFS,InD,nki,DeepSurv,40
4,32,0.2408227752894163,0.25698757763975155,0.1375143049706642,0.4492269471004534,5.0,DMFS,InD,nki,DeepSurv,40
5,32,0.7819325296627445,0.488467261904762,0.3287948712141874,0.6760350011692148,5.0,DMFS,InD,nki,DeepSurv,40
1,32,0.0054599440932273854,0.16253101736972686,0.07104662205380707,0.3474655080300584,10.0,DMFS,InD,nki,DeepSurv,40
2,32,0.044429535046219826,0.275,0.13899242990349514,0.4989470446139712,10.0,DMFS,InD,nki,DeepSurv,40
3,32,0.12594372034072876,0.3770833333333332,0.2246223167389324,0.585505113710314,10.0,DMFS,InD,nki,DeepSurv,40
4,32,0.4034082740545273,0.49343580163043477,0.2986978133529,0.7284499118306587,10.0,DMFS,InD,nki,DeepSurv,40
5,32,0.8958418617243923,0.5623553240740742,0.3950852703039992,0.7429420522975096,10.0,DMFS,InD,nki,DeepSurv,40
1,32,0.001968182104825973,0.0,0.0,0.0,3.0,DMFS,InD,nki,DeepSurv,41
2,32,0.011918604373931885,0.09677419354838701,0.032278622348969166,0.2707498770509751,3.0,DMFS,InD,nki,DeepSurv,41
3,32,0.037633826956152916,0.1875,0.08894329780645893,0.37050999567612275,3.0,DMFS,InD,nki,DeepSurv,41
4,32,0.09826765395700932,0.1908482142857142,0.09054994786054149,0.3765489238336389,3.0,DMFS,InD,nki,DeepSurv,41
5,32,0.2738439328968525,0.3870967741935484,0.24152706047788752,0.5797546139787861,3.0,DMFS,InD,nki,DeepSurv,41
1,32,0.005786893889307976,0.032258064516129004,0.00460783467361936,0.20768618364726055,5.0,DMFS,InD,nki,DeepSurv,41
2,32,0.03473657742142677,0.22580645161290314,0.11464402505449589,0.41604701766295094,5.0,DMFS,InD,nki,DeepSurv,41
3,32,0.10675938054919243,0.34822443181818175,0.20984580588347257,0.5406585940405864,5.0,DMFS,InD,nki,DeepSurv,41
4,32,0.2611417379230261,0.2879464285714285,0.1613729259408475,0.48072528349084553,5.0,DMFS,InD,nki,DeepSurv,41
5,32,0.5836897387052886,0.5573476702508962,0.392620067780892,0.7360728158027317,5.0,DMFS,InD,nki,DeepSurv,41
1,32,0.01926456391811371,0.10669975186104208,0.02479140295989557,0.3977844401608669,10.0,DMFS,InD,nki,DeepSurv,41
2,32,0.1117345429956913,0.31992409867172666,0.17757493269107794,0.5325035407656283,10.0,DMFS,InD,nki,DeepSurv,41
3,32,0.31329403072595596,0.43260609019886354,0.2753725612077609,0.6310373013329436,10.0,DMFS,InD,nki,DeepSurv,41
4,32,0.6277644000947475,0.3931361607142857,0.23243141018270352,0.6105448837473448,10.0,DMFS,InD,nki,DeepSurv,41
5,32,0.9252598237527884,0.5942353643966548,0.42690671449893103,0.7680887345209372,10.0,DMFS,InD,nki,DeepSurv,41
1,32,0.00011320233345030878,0.15625,0.0682047391110141,0.3354321608235058,3.0,DMFS,InD,nki,DeepSurv,42
2,32,0.0004893336445093155,0.09375,0.031236271716636343,0.2631417723922538,3.0,DMFS,InD,nki,DeepSurv,42
3,32,0.002171505242586136,0.15625,0.0682047391110141,0.3354321608235058,3.0,DMFS,InD,nki,DeepSurv,42
4,32,0.008542601019144058,0.25360576923076916,0.13563858742201673,0.4439820734088714,3.0,DMFS,InD,nki,DeepSurv,42
5,32,0.10967610776424408,0.3211206896551724,0.18735387855939878,0.5147462126815234,3.0,DMFS,InD,nki,DeepSurv,42
1,32,0.00022891182899474616,0.4234782608695652,0.2713190072526892,0.6164515455640284,5.0,DMFS,InD,nki,DeepSurv,42
2,32,0.0016212407499551773,0.15740740740740733,0.06869753467965278,0.33778254257975737,5.0,DMFS,InD,nki,DeepSurv,42
3,32,0.007178671658039093,0.22375,0.11330801557577075,0.4134205706705625,5.0,DMFS,InD,nki,DeepSurv,42
4,32,0.02797747403383255,0.3509615384615383,0.21178704489173616,0.5439412102747603,5.0,DMFS,InD,nki,DeepSurv,42
5,32,0.26753448229283094,0.35344827586206895,0.2135599290040866,0.5469034509825628,5.0,DMFS,InD,nki,DeepSurv,42
1,32,0.004282285872101783,0.4715217391304348,0.30835177712339257,0.6681962843674187,10.0,DMFS,InD,nki,DeepSurv,42
2,32,0.03398231603205204,0.15740740740740733,0.06869753467965278,0.33778254257975737,10.0,DMFS,InD,nki,DeepSurv,42
3,32,0.14129688031971455,0.36682352941176466,0.21165023979229247,0.5844817439108281,10.0,DMFS,InD,nki,DeepSurv,42
4,32,0.433219431899488,0.4099650349650349,0.2505657843006891,0.6190066658450961,10.0,DMFS,InD,nki,DeepSurv,42
5,32,0.9192293710070488,0.45909398242055444,0.2867251192043393,0.6729343854042233,10.0,DMFS,InD,nki,DeepSurv,42
1,32,0.00011985105574130461,0.03125,0.004461880549893937,0.20180697895763589,3.0,DMFS,InD,nki,DeepSurv,43
2,32,0.00044503994286060333,0.09677419354838701,0.032278622348969166,0.2707498770509751,3.0,DMFS,InD,nki,DeepSurv,43
3,32,0.0010567307472229004,0.16538461538461524,0.07221779738593748,0.35339219095681995,3.0,DMFS,InD,nki,DeepSurv,43
4,32,0.0036272332072257996,0.42776998597475446,0.27478232372159117,0.6208676637691326,3.0,DMFS,InD,nki,DeepSurv,43
5,32,0.10116544109769166,0.375,0.23320007064915793,0.5647940522381358,3.0,DMFS,InD,nki,DeepSurv,43
1,32,0.0026120897382497787,0.0625,0.016007545993095618,0.2274938928036203,5.0,DMFS,InD,nki,DeepSurv,43
2,32,0.012294106185436249,0.16129032258064502,0.07051804165961917,0.3449610713344994,5.0,DMFS,InD,nki,DeepSurv,43
3,32,0.028934087604284286,0.3044871794871794,0.17119262365193721,0.5044941162135776,5.0,DMFS,InD,nki,DeepSurv,43
4,32,0.09554624557495117,0.49733520336605885,0.33587312914086076,0.6852438439360957,5.0,DMFS,InD,nki,DeepSurv,43
5,32,0.5406670589005924,0.4375,0.2870167937575071,0.6241476008567008,5.0,DMFS,InD,nki,DeepSurv,43
1,32,0.008373429998755455,0.0625,0.016007545993095618,0.2274938928036203,10.0,DMFS,InD,nki,DeepSurv,43
2,32,0.03897062502801418,0.25840407470288607,0.12894499173435803,0.47658713857604995,10.0,DMFS,InD,nki,DeepSurv,43
3,32,0.08989596739411354,0.3579881656804733,0.20725771154577588,0.5706707833297127,10.0,DMFS,InD,nki,DeepSurv,43
4,32,0.27287342585623264,0.6250518999467105,0.44848722831360777,0.8015189103284156,10.0,DMFS,InD,nki,DeepSurv,43
5,32,0.7885510625414726,0.5416666666666667,0.3660507450046022,0.7369414454535649,10.0,DMFS,InD,nki,DeepSurv,43
1,32,0.00024355915188788851,0.03125,0.004461880549893937,0.20180697895763589,3.0,DMFS,InD,nki,DeepSurv,44
2,32,0.0018533840775489807,0.06451612903225801,0.016536813193637645,0.2341200450280817,3.0,DMFS,InD,nki,DeepSurv,44
3,32,0.008384820073843002,0.13484118155975755,0.05279095987397553,0.32078532226034984,3.0,DMFS,InD,nki,DeepSurv,44
4,32,0.03292633965611458,0.3214285714285715,0.18695338611554035,0.5164030114948167,3.0,DMFS,InD,nki,DeepSurv,44
5,32,0.1643095137551427,0.4193548387096774,0.26914502786342687,0.6103550727030312,3.0,DMFS,InD,nki,DeepSurv,44
1,32,0.0007728998422622674,0.03125,0.004461880549893937,0.20180697895763589,5.0,DMFS,InD,nki,DeepSurv,44
2,32,0.0064464956521987915,0.16129032258064502,0.07051804165961917,0.3449610713344994,5.0,DMFS,InD,nki,DeepSurv,44
3,32,0.02889283001422882,0.31116878836567363,0.17530252806201374,0.5136956711566828,5.0,DMFS,InD,nki,DeepSurv,44
4,32,0.10956860706210136,0.3928571428571429,0.24426749747066634,0.5889508685594251,5.0,DMFS,InD,nki,DeepSurv,44
5,32,0.4161262419074774,0.4838709677419354,0.3263560679344216,0.6695542957466664,5.0,DMFS,InD,nki,DeepSurv,44
1,32,0.001339903101325035,0.08223684210526305,0.02028381710600946,0.30188512904500864,10.0,DMFS,InD,nki,DeepSurv,44
2,32,0.011173654347658157,0.32258064516129015,0.1697879381757822,0.557437742767575,10.0,DMFS,InD,nki,DeepSurv,44
3,32,0.04960094206035137,0.4095732471705774,0.24715229308980036,0.6239204872357895,10.0,DMFS,InD,nki,DeepSurv,44
4,32,0.18162336386740208,0.4769230769230769,0.3125302393759096,0.6739227826776755,10.0,DMFS,InD,nki,DeepSurv,44
5,32,0.5757803571323166,0.6975806451612903,0.5011667908055359,0.8721014034493916,10.0,DMFS,InD,nki,DeepSurv,44
1,32,0.020514080300927162,0.0625,0.016007545993095618,0.2274938928036203,3.0,DMFS,InD,nki,ENCox,40
2,32,0.07764353603124619,0.0625,0.016007545993095618,0.2274938928036203,3.0,DMFS,InD,nki,ENCox,40
3,32,0.16993027739226818,0.16187739463601514,0.07066978674601332,0.34654769205213265,3.0,DMFS,InD,nki,ENCox,40
4,32,0.3669723570346832,0.19483870967741923,0.09257856763975314,0.3833352622263334,3.0,DMFS,InD,nki,ENCox,40
5,32,0.8152047458662884,0.2248148148148148,0.11388125893829937,0.41512705696620233,3.0,DMFS,InD,nki,ENCox,40
1,32,0.047720808535814285,0.1584821428571428,0.0691759955648803,0.33987641996445594,5.0,DMFS,InD,nki,ENCox,40
2,32,0.17383822798728943,0.21875,0.11082858524378336,0.4047601730334287,5.0,DMFS,InD,nki,ENCox,40
3,32,0.35487811267375946,0.26245210727969326,0.14064321906803312,0.4574220209407527,5.0,DMFS,InD,nki,ENCox,40
4,32,0.6516727488487959,0.26193548387096766,0.1404229555818951,0.4564560925055845,5.0,DMFS,InD,nki,ENCox,40
5,32,0.9656464905064961,0.4362289562289563,0.2801715584950515,0.6317951426278239,5.0,DMFS,InD,nki,ENCox,40
1,32,0.08115595206618309,0.1584821428571428,0.0691759955648803,0.33987641996445594,10.0,DMFS,InD,nki,ENCox,40
2,32,0.2819520402699709,0.30826822916666663,0.17085810915563182,0.515663505695913,10.0,DMFS,InD,nki,ENCox,40
3,32,0.5306496284902096,0.47937795807978334,0.3051061182341619,0.6897883878476052,10.0,DMFS,InD,nki,ENCox,40
4,32,0.8307106744032353,0.39861409796893665,0.22287488953659695,0.6413930784420994,10.0,DMFS,InD,nki,ENCox,40
5,32,0.9948397467252305,0.5375315656565658,0.3564734596485877,0.7405507027840434,10.0,DMFS,InD,nki,ENCox,40
1,32,0.13943004794418812,0.0,0.0,0.0,3.0,DMFS,InD,nki,ENCox,41
2,32,0.1679623443633318,0.125,0.04884689224941119,0.29955633136566795,3.0,DMFS,InD,nki,ENCox,41
3,32,0.18552032113075256,0.22580645161290314,0.11464402505449589,0.41604701766295094,3.0,DMFS,InD,nki,ENCox,41
4,32,0.2087884619832039,0.16129032258064502,0.07051804165961917,0.3449610713344994,3.0,DMFS,InD,nki,ENCox,41
5,32,0.25350482389330864,0.35162499999999997,0.21205510778599745,0.5451226072845758,3.0,DMFS,InD,nki,ENCox,41
1,32,0.21352864615619183,0.09899888765294762,0.0330282891011342,0.2764467737891837,5.0,DMFS,InD,nki,ENCox,41
2,32,0.2548743709921837,0.1875,0.08894329780645893,0.37050999567612275,5.0,DMFS,InD,nki,ENCox,41
3,32,0.2798858918249607,0.29032258064516114,0.1629470990179187,0.48378237596750295,5.0,DMFS,InD,nki,ENCox,41
4,32,0.3124954514205456,0.42114695340501795,0.2702368423222582,0.6127733628266472,5.0,DMFS,InD,nki,ENCox,41
5,32,0.3729461785405874,0.45399999999999996,0.29830055780503506,0.6443131360716401,5.0,DMFS,InD,nki,ENCox,41
1,32,0.3244571331888437,0.2607170360229314,0.10480998400332142,0.5613912852955085,10.0,DMFS,InD,nki,ENCox,41
2,32,0.38159813545644283,0.2730263157894737,0.14488032506378024,0.4777570142597207,10.0,DMFS,InD,nki,ENCox,41
3,32,0.41517603769898415,0.29032258064516114,0.1629470990179187,0.48378237596750295,10.0,DMFS,InD,nki,ENCox,41
4,32,0.4577660169452429,0.5779196535244923,0.39264593110069734,0.7750925998693077,10.0,DMFS,InD,nki,ENCox,41
5,32,0.5322143854573369,0.4881249999999999,0.32858347166194013,0.6755944503685929,10.0,DMFS,InD,nki,ENCox,41
1,32,0.004141565412282944,0.1875,0.08894329780645893,0.37050999567612275,3.0,DMFS,InD,nki,ENCox,42
2,32,0.010725941509008408,0.06465517241379304,0.016548064900827386,0.23489060558214203,3.0,DMFS,InD,nki,ENCox,42
3,32,0.02218632958829403,0.125,0.04884689224941119,0.29955633136566795,3.0,DMFS,InD,nki,ENCox,42
4,32,0.049496037885546684,0.15740740740740733,0.06869753467965278,0.33778254257975737,3.0,DMFS,InD,nki,ENCox,42
5,32,0.18261928390711546,0.4475,0.29401679968078076,0.6361591032390437,3.0,DMFS,InD,nki,ENCox,42
1,32,0.010904315859079361,0.3164062499999999,0.18425898450613087,0.5085977218176947,5.0,DMFS,InD,nki,ENCox,42
2,32,0.028103278949856758,0.16487068965517215,0.0720930219909881,0.3519772149965251,5.0,DMFS,InD,nki,ENCox,42
3,32,0.057518335059285164,0.21875,0.11082858524378336,0.4047601730334287,5.0,DMFS,InD,nki,ENCox,42
4,32,0.12534659914672375,0.287037037037037,0.16079513234040577,0.47949774999878636,5.0,DMFS,InD,nki,ENCox,42
5,32,0.3849442817736417,0.5165625,0.3553123840571819,0.6998327025110413,5.0,DMFS,InD,nki,ENCox,42
1,32,0.07359965518116951,0.3164062499999999,0.18425898450613087,0.5085977218176947,10.0,DMFS,InD,nki,ENCox,42
2,32,0.1811601184308529,0.2914054336468128,0.14178480945399197,0.5397870171047631,10.0,DMFS,InD,nki,ENCox,42
3,32,0.3368627652525902,0.2578125,0.13745232033187416,0.45184315124727814,10.0,DMFS,InD,nki,ENCox,42
4,32,0.6023803111165762,0.39041666666666663,0.22849422467178515,0.6111125720687673,10.0,DMFS,InD,nki,ENCox,42
5,32,0.9085862666273228,0.651925,0.4475847587421945,0.846905341879709,10.0,DMFS,InD,nki,ENCox,42
1,32,0.1020038090646267,0.06451612903225801,0.016536813193637645,0.2341200450280817,3.0,DMFS,InD,nki,ENCox,43
2,32,0.12428699806332588,0.1875,0.08894329780645893,0.37050999567612275,3.0,DMFS,InD,nki,ENCox,43
3,32,0.13819300010800362,0.28260869565217384,0.15818145103970138,0.47304670379456815,3.0,DMFS,InD,nki,ENCox,43
4,32,0.15605283342301846,0.163679808841099,0.07155935436853078,0.34968649697545373,3.0,DMFS,InD,nki,ENCox,43
5,32,0.18210516683757305,0.39296187683284456,0.2452350847002085,0.5875359530806791,3.0,DMFS,InD,nki,ENCox,43
1,32,0.20626108162105083,0.09677419354838701,0.032278622348969166,0.2707498770509751,5.0,DMFS,InD,nki,ENCox,43
2,32,0.24821411073207855,0.3125,0.18198504735561194,0.5028777517811411,5.0,DMFS,InD,nki,ENCox,43
3,32,0.2736471351236105,0.3184782608695652,0.18528175728114682,0.5120086921883309,5.0,DMFS,InD,nki,ENCox,43
4,32,0.30559894628822803,0.19713261648745506,0.09370686367426961,0.3873536619007162,5.0,DMFS,InD,nki,ENCox,43
5,32,0.3506009057164192,0.5278592375366569,0.36461210145119016,0.7111596144287002,5.0,DMFS,InD,nki,ENCox,43
1,32,0.2545601725578308,0.13978494623655913,0.054175669448542685,0.3343907893658632,10.0,DMFS,InD,nki,ENCox,43
2,32,0.3044652584940195,0.4296296296296296,0.2578588807646335,0.6525424908472633,10.0,DMFS,InD,nki,ENCox,43
3,32,0.33427223935723305,0.4198951863354037,0.25760353583653417,0.630460664380614,10.0,DMFS,InD,nki,ENCox,43
4,32,0.371301032602787,0.19713261648745506,0.09370686367426961,0.3873536619007162,10.0,DMFS,InD,nki,ENCox,43
5,32,0.4225366432219744,0.663794270245883,0.4824185047411068,0.8353801156811269,10.0,DMFS,InD,nki,ENCox,43
1,32,0.013148128986358643,0.0,0.0,0.0,3.0,DMFS,InD,nki,ENCox,44
2,32,0.036616235971450806,0.1908482142857142,0.09054994786054149,0.3765489238336389,3.0,DMFS,InD,nki,ENCox,44
3,32,0.0808140691369772,0.13236929922135687,0.05182817373482729,0.3153347845008786,3.0,DMFS,InD,nki,ENCox,44
4,32,0.17274066805839539,0.3139204545454545,0.1827807065596886,0.5050257582917955,3.0,DMFS,InD,nki,ENCox,44
5,32,0.4713911237195134,0.33684210526315783,0.1971902694280927,0.5361180519254022,3.0,DMFS,InD,nki,ENCox,44
1,32,0.03179794363677502,0.06451612903225801,0.016536813193637645,0.2341200450280817,5.0,DMFS,InD,nki,ENCox,44
2,32,0.08705230429768562,0.3203124999999999,0.18679675803058793,0.5137486103632329,5.0,DMFS,InD,nki,ENCox,44
3,32,0.18582279980182648,0.2005005561735259,0.09538792945677188,0.39315600279081264,5.0,DMFS,InD,nki,ENCox,44
4,32,0.36825841292738914,0.4446022727272727,0.29179731094984807,0.6329750296936643,5.0,DMFS,InD,nki,ENCox,44
5,32,0.7394213439365558,0.33684210526315783,0.1971902694280927,0.5361180519254022,5.0,DMFS,InD,nki,ENCox,44
1,32,0.05183406546711922,0.1549010441016051,0.05966299819054188,0.3689996494147042,10.0,DMFS,InD,nki,ENCox,44
2,32,0.13930458016693592,0.3821022727272726,0.2254422241156171,0.5963803534280611,10.0,DMFS,InD,nki,ENCox,44
3,32,0.2870309539139271,0.2504692714126805,0.12587756940052053,0.4608942740223112,10.0,DMFS,InD,nki,ENCox,44
4,32,0.5275614839047194,0.6622377622377622,0.491996380351834,0.8243959908010655,10.0,DMFS,InD,nki,ENCox,44
5,32,0.8692171577883193,0.5026315789473683,0.29777854037077345,0.7483912047559309,10.0,DMFS,InD,nki,ENCox,44
1,32,0.3838057927787304,0.0625,0.016007545993095618,0.2274938928036203,3.0,DMFS,InD,nki,LH,40
2,32,0.5217423904687166,0.0625,0.016007545993095618,0.2274938928036203,3.0,DMFS,InD,nki,LH,40
3,32,0.6268482627347112,0.16129032258064502,0.07051804165961917,0.3449610713344994,3.0,DMFS,InD,nki,LH,40
4,32,0.7460459251888096,0.19333791208791207,0.09170669279342647,0.38115549118621295,3.0,DMFS,InD,nki,LH,40
5,32,0.9003691705074743,0.22357253086419748,0.1132535692651212,0.4130154161575559,3.0,DMFS,InD,nki,LH,40
1,32,0.4180454481393099,0.15625,0.0682047391110141,0.3354321608235058,5.0,DMFS,InD,nki,LH,40
2,32,0.5738258566707373,0.09792626728110587,0.03265617411006838,0.273779864526112,5.0,DMFS,InD,nki,LH,40
3,32,0.7074185209348798,0.2555803571428571,0.13679334118771513,0.44689254010052626,5.0,DMFS,InD,nki,LH,40
4,32,0.8394803320989013,0.42861435439560436,0.2753142828536467,0.6219717119189827,5.0,DMFS,InD,nki,LH,40
5,32,0.9530547314552678,0.398989898989899,0.24869113534116605,0.59609829838399,5.0,DMFS,InD,nki,LH,40
1,32,0.7040472575463355,0.18823831406439517,0.07063399413045779,0.4477378286941177,10.0,DMFS,InD,nki,LH,40
2,32,0.8827932237181813,0.3984375,0.23656770960425189,0.615912140266416,10.0,DMFS,InD,nki,LH,40
3,32,0.942553767352365,0.34114583333333337,0.1938088955977768,0.5543114788104389,10.0,DMFS,InD,nki,LH,40
4,32,0.9741800857009366,0.54296875,0.3602752948020035,0.7465132961143145,10.0,DMFS,InD,nki,LH,40
5,32,0.9941712078226949,0.42438443072702325,0.2659499020586421,0.6271784516232947,10.0,DMFS,InD,nki,LH,40
1,32,0.022156326100230217,0.0,0.0,0.0,3.0,DMFS,InD,nki,LH,41
2,32,0.03180182725191116,0.12903225806451601,0.0504906368591056,0.3081429633782876,3.0,DMFS,InD,nki,LH,41
3,32,0.04291619174182415,0.25806451612903214,0.1383375645099605,0.45031427405681235,3.0,DMFS,InD,nki,LH,41
4,32,0.07605856098234653,0.25,0.133701202777614,0.43821129661078884,3.0,DMFS,InD,nki,LH,41
5,32,0.2678244151175022,0.22952853598014866,0.11654923576411713,0.4222866200000256,3.0,DMFS,InD,nki,LH,41
1,32,0.02635698765516281,0.06562847608453826,0.016819215590153647,0.2378813023000168,5.0,DMFS,InD,nki,LH,41
2,32,0.040023744106292725,0.21875,0.11082858524378336,0.4047601730334287,5.0,DMFS,InD,nki,LH,41
3,32,0.0650645773857832,0.35483870967741926,0.21459658994653963,0.5484728590305721,5.0,DMFS,InD,nki,LH,41
4,32,0.15449962578713894,0.3174999999999999,0.18494340937319076,0.5100959034172967,5.0,DMFS,InD,nki,LH,41
5,32,0.6702698690278339,0.49677419354838714,0.3358902304039387,0.6840396015314191,5.0,DMFS,InD,nki,LH,41
1,32,0.06803647428750992,0.14652406417112296,0.04947341394835858,0.3902692946453997,10.0,DMFS,InD,nki,LH,41
2,32,0.21856973320245743,0.30695564516129026,0.15959102651285373,0.5384842887628096,10.0,DMFS,InD,nki,LH,41
3,32,0.5647543724626303,0.5606515066964286,0.3903871774500157,0.7450643238648055,10.0,DMFS,InD,nki,LH,41
4,32,0.8899408362340182,0.33253910068426185,0.19421765803113633,0.5308633813515242,10.0,DMFS,InD,nki,LH,41
5,32,0.9942340778759255,0.46875,0.3148427417007065,0.6528943715419167,10.0,DMFS,InD,nki,LH,41
1,32,0.06770896911621094,0.16041666666666643,0.07008652032478557,0.3434376306585921,3.0,DMFS,InD,nki,LH,42
2,32,0.10900983028113842,0.0625,0.016007545993095618,0.2274938928036203,3.0,DMFS,InD,nki,LH,42
3,32,0.13663971424102783,0.16087962962962954,0.07020017736848838,0.3447151382666399,3.0,DMFS,InD,nki,LH,42
4,32,0.189845472574234,0.125,0.04884689224941119,0.29955633136566795,3.0,DMFS,InD,nki,LH,42
5,32,0.4509890752378851,0.4782608695652173,0.3215821188532778,0.6640893295745627,3.0,DMFS,InD,nki,LH,42
1,32,0.07575263269245625,0.12903225806451601,0.0504906368591056,0.3081429633782876,5.0,DMFS,InD,nki,LH,42
2,32,0.12018094584345818,0.3174999999999999,0.18494340937319076,0.5100959034172967,5.0,DMFS,InD,nki,LH,42
3,32,0.15400494448840618,0.2630997474747474,0.14087141101661715,0.45875419552993313,5.0,DMFS,InD,nki,LH,42
4,32,0.24432686157524586,0.1594827586206895,0.06963914154533168,0.3417512144408297,5.0,DMFS,InD,nki,LH,42
5,32,0.7013857463316526,0.643595041322314,0.4778707938252985,0.8056140216652486,5.0,DMFS,InD,nki,LH,42
1,32,0.12836416251957417,0.28125,0.1574477183130183,0.47090412632456824,10.0,DMFS,InD,nki,LH,42
2,32,0.1972768884152174,0.3261705989110706,0.1814997659570048,0.5407469716485913,10.0,DMFS,InD,nki,LH,42
3,32,0.3786821234971285,0.17327188940092153,0.07588182012806954,0.3679575979811476,10.0,DMFS,InD,nki,LH,42
4,32,0.7034891293151304,0.3653846153846153,0.21722249472910427,0.5701597105759408,10.0,DMFS,InD,nki,LH,42
5,32,0.9942574081825406,0.7037037037037037,0.5089037427048965,0.8751572680789206,10.0,DMFS,InD,nki,LH,42
1,32,0.030225299298763275,0.15625,0.0682047391110141,0.3354321608235058,3.0,DMFS,InD,nki,LH,43
2,32,0.04589606449007988,0.16253101736972686,0.07104662205380707,0.3474655080300584,3.0,DMFS,InD,nki,LH,43
3,32,0.06002091057598591,0.28125,0.1574477183130183,0.47090412632456824,3.0,DMFS,InD,nki,LH,43
4,32,0.08134173229336739,0.16129032258064502,0.07051804165961917,0.3449610713344994,3.0,DMFS,InD,nki,LH,43
5,32,0.2019480662420392,0.3203124999999999,0.18679675803058793,0.5137486103632329,3.0,DMFS,InD,nki,LH,43
1,32,0.04046092368662357,0.22456287202380942,0.11380040990032025,0.41456297579219126,5.0,DMFS,InD,nki,LH,43
2,32,0.06067120470106602,0.19354838709677402,0.09198286226258634,0.38093908346553795,5.0,DMFS,InD,nki,LH,43
3,32,0.08311752416193485,0.3194444444444443,0.18621051402309086,0.5126514761397616,5.0,DMFS,InD,nki,LH,43
4,32,0.14359977282583714,0.33115719406041966,0.19338432452091003,0.5289260031637453,5.0,DMFS,InD,nki,LH,43
5,32,0.5923345056309365,0.3857758620689655,0.24049377735358168,0.578342191136141,5.0,DMFS,InD,nki,LH,43
1,32,0.06836087442934513,0.09482758620689646,0.03158924748445879,0.26599142706403334,10.0,DMFS,InD,nki,LH,43
2,32,0.15556328929960728,0.3006334841628959,0.16004197748292626,0.5196062729486308,10.0,DMFS,InD,nki,LH,43
3,32,0.3443413656204939,0.4254728618421052,0.2584804670413072,0.6419422247738864,10.0,DMFS,InD,nki,LH,43
4,32,0.6313207442872226,0.4662081339712918,0.28738844447154155,0.6874739759542603,10.0,DMFS,InD,nki,LH,43
5,32,0.9616604713295627,0.5883180858550316,0.4043458725727844,0.7813553469171565,10.0,DMFS,InD,nki,LH,43
1,32,0.00834985263645649,0.1908482142857142,0.09054994786054149,0.3765489238336389,3.0,DMFS,InD,nki,LH,44
2,32,0.017428990453481674,0.09677419354838701,0.032278622348969166,0.2707498770509751,3.0,DMFS,InD,nki,LH,44
3,32,0.023405946791172028,0.09677419354838701,0.032278622348969166,0.2707498770509751,3.0,DMFS,InD,nki,LH,44
4,32,0.03631151281297207,0.15865384615384615,0.06921292194034534,0.3403730929945251,3.0,DMFS,InD,nki,LH,44
5,32,0.1786277481005527,0.42114695340501795,0.2702368423222582,0.6127733628266472,3.0,DMFS,InD,nki,LH,44
1,32,0.012027515098452568,0.19214285714285706,0.09113817079397313,0.378991094667088,5.0,DMFS,InD,nki,LH,44
2,32,0.0217068400233984,0.13022700119474295,0.05094781215404076,0.31083345246360883,5.0,DMFS,InD,nki,LH,44
3,32,0.03172970935702324,0.2305854241338111,0.11713221554338238,0.4239331070441318,5.0,DMFS,InD,nki,LH,44
4,32,0.056809185072779655,0.3663594470046081,0.2216479893354304,0.5643108453734116,5.0,DMFS,InD,nki,LH,44
5,32,0.4279651702254341,0.44218749999999996,0.290065361075596,0.6301406013194043,5.0,DMFS,InD,nki,LH,44
1,32,0.02937203273177147,0.2249177631578947,0.10477477278151615,0.44374019171594337,10.0,DMFS,InD,nki,LH,44
2,32,0.06547192111611366,0.2588235294117648,0.1282344844240042,0.4798813369669196,10.0,DMFS,InD,nki,LH,44
3,32,0.15076670423150063,0.4261714571587494,0.2562116874319388,0.6473298826699431,10.0,DMFS,InD,nki,LH,44
4,32,0.4662480312399566,0.3995012987012987,0.22928881249040667,0.6316302651482884,10.0,DMFS,InD,nki,LH,44
5,32,0.9535298042598268,0.6614583333333333,0.4786267631799789,0.834904730395706,10.0,DMFS,InD,nki,LH,44
1,32,0.0008123512804508182,0.0625,0.016007545993095618,0.2274938928036203,3.0,DMFS,InD,nki,MTLR,40
2,32,0.014247540384531021,0.032258064516129004,0.00460783467361936,0.20768618364726055,3.0,DMFS,InD,nki,MTLR,40
3,32,0.12467858009040356,0.1647465437788016,0.07205509243525554,0.3516668617211435,3.0,DMFS,InD,nki,MTLR,40
4,32,0.3331738505512476,0.21875,0.11082858524378336,0.4047601730334287,3.0,DMFS,InD,nki,MTLR,40
5,32,0.67090860940516,0.22456287202380942,0.11380040990032025,0.41456297579219126,3.0,DMFS,InD,nki,MTLR,40
1,32,0.0015196609735488864,0.0625,0.016007545993095618,0.2274938928036203,5.0,DMFS,InD,nki,MTLR,40
2,32,0.023455364629626274,0.16129032258064502,0.07051804165961917,0.3449610713344994,5.0,DMFS,InD,nki,MTLR,40
3,32,0.19258182868361473,0.3652073732718891,0.22138463493821758,0.5619132073167088,5.0,DMFS,InD,nki,MTLR,40
4,32,0.4989742152392864,0.29032258064516114,0.1629470990179187,0.48378237596750295,5.0,DMFS,InD,nki,MTLR,40
5,32,0.789778608828783,0.4652157738095237,0.30591420742884723,0.6579481037269133,5.0,DMFS,InD,nki,MTLR,40
1,32,0.02071840636730194,0.2054292929292929,0.07523039891323524,0.49140528582389165,10.0,DMFS,InD,nki,MTLR,40
2,32,0.11212285980582237,0.1753155680224403,0.07637738735169664,0.3735169234499882,10.0,DMFS,InD,nki,MTLR,40
3,32,0.4201913084834814,0.5834173387096773,0.35949159590109814,0.8211550192897565,10.0,DMFS,InD,nki,MTLR,40
4,32,0.7853964362293482,0.48348781436349475,0.2951795524475914,0.7128405758511445,10.0,DMFS,InD,nki,MTLR,40
5,32,0.9717234019190073,0.5412196499153021,0.3714319893745953,0.7295281909818203,10.0,DMFS,InD,nki,MTLR,40
1,32,0.005271010100841522,0.0,0.0,0.0,3.0,DMFS,InD,nki,MTLR,41
2,32,0.029341386631131172,0.12903225806451601,0.0504906368591056,0.3081429633782876,3.0,DMFS,InD,nki,MTLR,41
3,32,0.07220377586781979,0.1875,0.08894329780645893,0.37050999567612275,3.0,DMFS,InD,nki,MTLR,41
4,32,0.13904378563165665,0.34375,0.20725129085547422,0.5341655069147424,3.0,DMFS,InD,nki,MTLR,41
5,32,0.38357625156641006,0.19602977667493782,0.09315349796254557,0.38545964255076626,3.0,DMFS,InD,nki,MTLR,41
1,32,0.009989120066165924,0.06562847608453826,0.016819215590153647,0.2378813023000168,5.0,DMFS,InD,nki,MTLR,41
2,32,0.05245226249098778,0.19483870967741923,0.09257856763975314,0.3833352622263334,5.0,DMFS,InD,nki,MTLR,41
3,32,0.11977320909500122,0.34375,0.20725129085547422,0.5341655069147424,5.0,DMFS,InD,nki,MTLR,41
4,32,0.2335200160741806,0.44272445820433426,0.29027503333351024,0.6310364345020079,5.0,DMFS,InD,nki,MTLR,41
5,32,0.6328445822000504,0.40760653126244517,0.25523758287856935,0.6055516768066911,5.0,DMFS,InD,nki,MTLR,41
1,32,0.04214846156537533,0.19107650475837346,0.07083691628833155,0.45774464773802137,10.0,DMFS,InD,nki,MTLR,41
2,32,0.17804334685206413,0.23881810788831648,0.11026421816660059,0.4713220916050671,10.0,DMFS,InD,nki,MTLR,41
3,32,0.3407692238688469,0.553125,0.3866337625785531,0.734816980436065,10.0,DMFS,InD,nki,MTLR,41
4,32,0.628954229876399,0.45192307692307687,0.2947863659617719,0.6449067829973882,10.0,DMFS,InD,nki,MTLR,41
5,32,0.8909801039844751,0.40760653126244517,0.25523758287856935,0.6055516768066911,10.0,DMFS,InD,nki,MTLR,41
1,32,0.021847141906619072,0.09583333333333321,0.03193728179989508,0.26851088163939796,3.0,DMFS,InD,nki,MTLR,42
2,32,0.05510127544403076,0.19270833333333304,0.09152426370059508,0.379617525798578,3.0,DMFS,InD,nki,MTLR,42
3,32,0.10625598579645157,0.0625,0.016007545993095618,0.2274938928036203,3.0,DMFS,InD,nki,MTLR,42
4,32,0.21362658962607384,0.15625,0.0682047391110141,0.3354321608235058,3.0,DMFS,InD,nki,MTLR,42
5,32,0.5210778303444386,0.49084051724137934,0.33095202727023887,0.6781464668320367,3.0,DMFS,InD,nki,MTLR,42
1,32,0.027364101260900497,0.22580645161290314,0.11464402505449589,0.41604701766295094,5.0,DMFS,InD,nki,MTLR,42
2,32,0.08151455409824848,0.32481060606060574,0.18956154347990506,0.5199919491747327,5.0,DMFS,InD,nki,MTLR,42
3,32,0.18255780637264252,0.28125,0.1574477183130183,0.47090412632456824,5.0,DMFS,InD,nki,MTLR,42
4,32,0.38083929382264614,0.15625,0.0682047391110141,0.3354321608235058,5.0,DMFS,InD,nki,MTLR,42
5,32,0.7126311454921961,0.5272090517241379,0.36345362903563827,0.7112865484550408,5.0,DMFS,InD,nki,MTLR,42
1,32,0.05489981360733509,0.22952853598014866,0.11654923576411713,0.4222866200000256,10.0,DMFS,InD,nki,MTLR,42
2,32,0.17756581865251064,0.4855442176870748,0.315893957785092,0.6876420183318102,10.0,DMFS,InD,nki,MTLR,42
3,32,0.4834293723106384,0.2599826388888886,0.12607192135373113,0.48966732060656215,10.0,DMFS,InD,nki,MTLR,42
4,32,0.8800217155367136,0.3445870535714285,0.18494794898751354,0.5822344616649144,10.0,DMFS,InD,nki,MTLR,42
5,32,0.9908163527935744,0.553623188405797,0.38790025695395125,0.7343057606137544,10.0,DMFS,InD,nki,MTLR,42
1,32,0.004042861983180046,0.0625,0.016007545993095618,0.2274938928036203,3.0,DMFS,InD,nki,MTLR,43
2,32,0.028957951813936234,0.1875,0.08894329780645893,0.37050999567612275,3.0,DMFS,InD,nki,MTLR,43
3,32,0.05945603549480438,0.19602977667493782,0.09315349796254557,0.38545964255076626,3.0,DMFS,InD,nki,MTLR,43
4,32,0.11207727715373039,0.26585094549499433,0.14278503738014436,0.46200818487043427,3.0,DMFS,InD,nki,MTLR,43
5,32,0.26008523255586624,0.38250000000000006,0.23806011678161754,0.5746128681076255,3.0,DMFS,InD,nki,MTLR,43
1,32,0.005015866830945015,0.09375,0.031236271716636343,0.2631417723922538,5.0,DMFS,InD,nki,MTLR,43
2,32,0.04017810523509979,0.32411674347158204,0.18924884520086005,0.5187946446462272,5.0,DMFS,InD,nki,MTLR,43
3,32,0.10565092973411083,0.16445623342175064,0.07175875939090459,0.3517832455685679,5.0,DMFS,InD,nki,MTLR,43
4,32,0.29787165857851505,0.40251920122887863,0.2515073199298915,0.599744935884208,5.0,DMFS,InD,nki,MTLR,43
5,32,0.6572693958878517,0.46875,0.3148427417007065,0.6528943715419167,5.0,DMFS,InD,nki,MTLR,43
1,32,0.013683915138244629,0.16666666666666674,0.07217785998402937,0.3583529469142258,10.0,DMFS,InD,nki,MTLR,43
2,32,0.09565644524991512,0.35533961130034053,0.2052556380926085,0.5678599903378223,10.0,DMFS,InD,nki,MTLR,43
3,32,0.2519311513751745,0.3603432158119658,0.18732643392858728,0.6180704377581936,10.0,DMFS,InD,nki,MTLR,43
4,32,0.5710823815315962,0.43284936479128844,0.2778565594177822,0.6276928067797612,10.0,DMFS,InD,nki,MTLR,43
5,32,0.8836490083485842,0.5459932856517296,0.37361269911104655,0.7363021555082241,10.0,DMFS,InD,nki,MTLR,43
1,32,0.005455842241644859,0.06451612903225801,0.016536813193637645,0.2341200450280817,3.0,DMFS,InD,nki,MTLR,44
2,32,0.022514620795845985,0.06354166666666661,0.01627187851291534,0.23103554663897707,3.0,DMFS,InD,nki,MTLR,44
3,32,0.08709872327744961,0.2271505376344084,0.11530501416847194,0.41838119500128146,3.0,DMFS,InD,nki,MTLR,44
4,32,0.21234724670648575,0.5,0.34326470354091987,0.6810259540231549,3.0,DMFS,InD,nki,MTLR,44
5,32,0.4947045873850584,0.09999999999999998,0.03339296300854355,0.2788070977420357,3.0,DMFS,InD,nki,MTLR,44
1,32,0.007950304076075554,0.06451612903225801,0.016536813193637645,0.2341200450280817,5.0,DMFS,InD,nki,MTLR,44
2,32,0.041870737448334694,0.1991101223581756,0.09474867581258706,0.3905791649329613,5.0,DMFS,InD,nki,MTLR,44
3,32,0.22740971110761166,0.22115384615384615,0.11203392103232501,0.4088898664663073,5.0,DMFS,InD,nki,MTLR,44
4,32,0.5712386686354876,0.518279569892473,0.35731194456428306,0.7008133311741424,5.0,DMFS,InD,nki,MTLR,44
5,32,0.8653708230704069,0.361290322580645,0.21835832886708573,0.5577111426712353,5.0,DMFS,InD,nki,MTLR,44
1,32,0.03406924195587635,0.05263157894736836,0.007585364480731993,0.31881320019371384,10.0,DMFS,InD,nki,MTLR,44
2,32,0.1398440431803465,0.37646986536550087,0.21900308035681815,0.5945088660724311,10.0,DMFS,InD,nki,MTLR,44
3,32,0.5100682601332664,0.36292613636363635,0.20553802523617393,0.5866641564686728,10.0,DMFS,InD,nki,MTLR,44
4,32,0.8822246138006449,0.5476923076923076,0.3646179246172384,0.7504116729431959,10.0,DMFS,InD,nki,MTLR,44
5,32,0.9927951924353838,0.6373355263157894,0.4476962798531394,0.8232318609395167,10.0,DMFS,InD,nki,MTLR,44
1,32,0.06987983733415604,0.03125,0.004461880549893937,0.20180697895763589,3.0,DMFS,InD,nki,PCHazard,40
2,32,0.17631951346993446,0.12715517241379304,0.049690771512679976,0.3043315221513727,3.0,DMFS,InD,nki,PCHazard,40
3,32,0.2947096414864063,0.163679808841099,0.07155935436853078,0.34968649697545373,3.0,DMFS,InD,nki,PCHazard,40
4,32,0.4387895790860057,0.09899888765294762,0.0330282891011342,0.2764467737891837,3.0,DMFS,InD,nki,PCHazard,40
5,32,0.6689391189720482,0.28125,0.1574477183130183,0.47090412632456824,3.0,DMFS,InD,nki,PCHazard,40
1,32,0.15671041049063206,0.09482758620689646,0.03158924748445879,0.26599142706403334,5.0,DMFS,InD,nki,PCHazard,40
2,32,0.4156730677932501,0.1594827586206895,0.06963914154533168,0.3417512144408297,5.0,DMFS,InD,nki,PCHazard,40
3,32,0.6119455173611641,0.26736778238446746,0.14356845628000858,0.4644873563483073,5.0,DMFS,InD,nki,PCHazard,40
4,32,0.7737156171351671,0.32258064516129015,0.18838772649961455,0.5164908134213418,5.0,DMFS,InD,nki,PCHazard,40
5,32,0.926322177203474,0.4917929292929294,0.3304346839513942,0.6808688701322165,5.0,DMFS,InD,nki,PCHazard,40
1,32,0.501279410906136,0.15517241379310331,0.05760130496715843,0.3807651422296464,10.0,DMFS,InD,nki,PCHazard,40
2,32,0.7768620720598847,0.30965909090909094,0.15701536975525143,0.5524476195414992,10.0,DMFS,InD,nki,PCHazard,40
3,32,0.9227843413827941,0.5177626606198034,0.30256918054395887,0.771466773320224,10.0,DMFS,InD,nki,PCHazard,40
4,32,0.9758246546552982,0.462864721485411,0.30327595468338675,0.6566185900537163,10.0,DMFS,InD,nki,PCHazard,40
5,32,0.9957088732204764,0.5153846153846153,0.34712853580904235,0.7079223940516463,10.0,DMFS,InD,nki,PCHazard,40
1,32,0.024453511461615562,0.09375,0.031236271716636343,0.2631417723922538,3.0,DMFS,InD,nki,PCHazard,41
2,32,0.03516559302806854,0.0625,0.016007545993095618,0.2274938928036203,3.0,DMFS,InD,nki,PCHazard,41
3,32,0.04457179270684719,0.15625,0.0682047391110141,0.3354321608235058,3.0,DMFS,InD,nki,PCHazard,41
4,32,0.06469546258449554,0.2068965517241378,0.09873220008853856,0.4036264942493091,3.0,DMFS,InD,nki,PCHazard,41
5,32,0.20835814997553825,0.34523809523809523,0.20811160150601238,0.5363327700062129,3.0,DMFS,InD,nki,PCHazard,41
1,32,0.029809068888425827,0.25360576923076916,0.13563858742201673,0.4439820734088714,5.0,DMFS,InD,nki,PCHazard,41
2,32,0.04271288774907589,0.125,0.04884689224941119,0.29955633136566795,5.0,DMFS,InD,nki,PCHazard,41
3,32,0.06331956945359707,0.23333333333333328,0.11873221338048379,0.4279663721525303,5.0,DMFS,InD,nki,PCHazard,41
4,32,0.13709565065801144,0.3765625,0.23412867483631306,0.5669929391031805,5.0,DMFS,InD,nki,PCHazard,41
5,32,0.6164512548184575,0.4719662058371734,0.31159236858490535,0.664526270542918,5.0,DMFS,InD,nki,PCHazard,41
1,32,0.048969365656375885,0.15768298059964725,0.06063590843946176,0.37546373283801493,10.0,DMFS,InD,nki,PCHazard,41
2,32,0.11537556909024715,0.3453140096618357,0.1903325228746786,0.5725338420146497,10.0,DMFS,InD,nki,PCHazard,41
3,32,0.32856249064207077,0.515390037593985,0.3434144988189779,0.7127404805293431,10.0,DMFS,InD,nki,PCHazard,41
4,32,0.6804241025820374,0.3486842105263157,0.20999627878882943,0.5415472481493999,10.0,DMFS,InD,nki,PCHazard,41
5,32,0.9872286121247227,0.4698457223001402,0.3099290843362278,0.662287950595219,10.0,DMFS,InD,nki,PCHazard,41
1,32,0.0696092490106821,0.19181034482758608,0.09104677168584852,0.37816090063373553,3.0,DMFS,InD,nki,PCHazard,42
2,32,0.10787670873105526,0.21875,0.11082858524378336,0.4047601730334287,3.0,DMFS,InD,nki,PCHazard,42
3,32,0.13693019561469555,0.0625,0.016007545993095618,0.2274938928036203,3.0,DMFS,InD,nki,PCHazard,42
4,32,0.195313211530447,0.033333333333333326,0.0047636604233172175,0.2139163959806364,3.0,DMFS,InD,nki,PCHazard,42
5,32,0.49730226630344987,0.47619047619047616,0.31996761505853455,0.6618655468155403,3.0,DMFS,InD,nki,PCHazard,42
1,32,0.10524462722241879,0.12812499999999982,0.05009666639105825,0.3063399392516807,5.0,DMFS,InD,nki,PCHazard,42
2,32,0.15670513175427914,0.3125,0.18198504735561194,0.5028777517811411,5.0,DMFS,InD,nki,PCHazard,42
3,32,0.2125981692224741,0.19354838709677402,0.09198286226258634,0.38093908346553795,5.0,DMFS,InD,nki,PCHazard,42
4,32,0.4026301046833396,0.32795698924731165,0.19158067489324992,0.5241718177924817,5.0,DMFS,InD,nki,PCHazard,42
5,32,0.9055491472286027,0.5426136363636364,0.3808083093030613,0.7209883256168927,5.0,DMFS,InD,nki,PCHazard,42
1,32,0.18520230427384377,0.28350230414746536,0.149205702270787,0.497332615372613,10.0,DMFS,InD,nki,PCHazard,42
2,32,0.2618408855050802,0.33333333333333337,0.19302183999216616,0.5354055327649048,10.0,DMFS,InD,nki,PCHazard,42
3,32,0.4368420513346791,0.1594827586206895,0.06963914154533168,0.3417512144408297,10.0,DMFS,InD,nki,PCHazard,42
4,32,0.8545563569059595,0.4591772939441209,0.2920062534080067,0.6651561829279065,10.0,DMFS,InD,nki,PCHazard,42
5,32,0.9977982396239328,0.5989583333333333,0.4232189510587253,0.7806451546967518,10.0,DMFS,InD,nki,PCHazard,42
1,32,0.05463774688541889,0.1261160714285714,0.049273735516559114,0.302084011229498,3.0,DMFS,InD,nki,PCHazard,43
2,32,0.08144338801503181,0.133811230585424,0.0523490058283016,0.3187257009424752,3.0,DMFS,InD,nki,PCHazard,43
3,32,0.1036003902554512,0.125,0.04884689224941119,0.29955633136566795,3.0,DMFS,InD,nki,PCHazard,43
4,32,0.14013880863785744,0.3652073732718891,0.22138463493821758,0.5619132073167088,3.0,DMFS,InD,nki,PCHazard,43
5,32,0.28215160965919495,0.34375,0.20725129085547422,0.5341655069147424,3.0,DMFS,InD,nki,PCHazard,43
1,32,0.06839706748723984,0.09482758620689646,0.03158924748445879,0.26599142706403334,5.0,DMFS,InD,nki,PCHazard,43
2,32,0.10432259179651737,0.2357320099255582,0.11978953955964822,0.4324520633277388,5.0,DMFS,InD,nki,PCHazard,43
3,32,0.14157740585505962,0.25249999999999995,0.13502061765476425,0.4422761442952482,5.0,DMFS,InD,nki,PCHazard,43
4,32,0.22180123627185822,0.48275862068965514,0.32536362816658415,0.6685342936168961,5.0,DMFS,InD,nki,PCHazard,43
5,32,0.5998096810071729,0.3870967741935484,0.24152706047788752,0.5797546139787861,5.0,DMFS,InD,nki,PCHazard,43
1,32,0.0988683495670557,0.125,0.04884689224941119,0.29955633136566795,10.0,DMFS,InD,nki,PCHazard,43
2,32,0.19632572308182716,0.2451612903225805,0.11556247926045127,0.47488452157600636,10.0,DMFS,InD,nki,PCHazard,43
3,32,0.3208506852388382,0.4086021505376344,0.25180282391658526,0.6136858914620702,10.0,DMFS,InD,nki,PCHazard,43
4,32,0.6173757850192487,0.586042240587695,0.3697668661685125,0.8145565324531605,10.0,DMFS,InD,nki,PCHazard,43
5,32,0.973437951320471,0.521875,0.35442961251059335,0.7118176791158408,10.0,DMFS,InD,nki,PCHazard,43
1,32,0.006193866953253746,0.09375,0.031236271716636343,0.2631417723922538,3.0,DMFS,InD,nki,PCHazard,44
2,32,0.01512770727276802,0.09999999999999998,0.03339296300854355,0.2788070977420357,3.0,DMFS,InD,nki,PCHazard,44
3,32,0.026995664462447166,0.19354838709677402,0.09198286226258634,0.38093908346553795,3.0,DMFS,InD,nki,PCHazard,44
4,32,0.05060194991528988,0.2265625,0.1146573448589725,0.41840611993450094,3.0,DMFS,InD,nki,PCHazard,44
5,32,0.18952586222440004,0.3625806451612903,0.21949145192069996,0.5588408423172422,3.0,DMFS,InD,nki,PCHazard,44
1,32,0.008817998692393303,0.12715517241379304,0.049690771512679976,0.3043315221513727,5.0,DMFS,InD,nki,PCHazard,44
2,32,0.02324586734175682,0.16573971078976624,0.07253332154372183,0.3534414763286785,5.0,DMFS,InD,nki,PCHazard,44
3,32,0.051446251571178436,0.32258064516129015,0.18838772649961455,0.5164908134213418,5.0,DMFS,InD,nki,PCHazard,44
4,32,0.1494084969162941,0.272765051166173,0.14628792123514023,0.4734493229749973,5.0,DMFS,InD,nki,PCHazard,44
5,32,0.6171210464037024,0.4722222222222222,0.31710034842931234,0.6572767429251598,5.0,DMFS,InD,nki,PCHazard,44
1,32,0.017823170870542526,0.18207908163265307,0.07886400178491526,0.38845035924926863,10.0,DMFS,InD,nki,PCHazard,44
2,32,0.05494350381195545,0.2961876832844573,0.14305091725394592,0.5502942865403366,10.0,DMFS,InD,nki,PCHazard,44
3,32,0.14067132398486137,0.4744354838709677,0.28900625955175807,0.7027552144940469,10.0,DMFS,InD,nki,PCHazard,44
4,32,0.41602287953719497,0.34952874020974356,0.20408868016354376,0.5552458805534409,10.0,DMFS,InD,nki,PCHazard,44
5,32,0.9434921284434066,0.6927521008403361,0.5028091430733002,0.8637073624843762,10.0,DMFS,InD,nki,PCHazard,44
1,32,0.012170767411589622,0.032258064516129004,0.00460783467361936,0.20768618364726055,3.0,DMFS,InD,nki,PMF,40
2,32,0.04231559298932552,0.15625,0.0682047391110141,0.3354321608235058,3.0,DMFS,InD,nki,PMF,40
3,32,0.10914391465485096,0.0,0.0,0.0,3.0,DMFS,InD,nki,PMF,40
4,32,0.2924285978078842,0.1875,0.08894329780645893,0.37050999567612275,3.0,DMFS,InD,nki,PMF,40
5,32,0.7284203935414553,0.32551319648093835,0.1900675133567753,0.5208122327893345,3.0,DMFS,InD,nki,PMF,40
1,32,0.013518823310732841,0.13133640552995374,0.05139417088551246,0.31321511768614263,5.0,DMFS,InD,nki,PMF,40
2,32,0.053682660683989525,0.1875,0.08894329780645893,0.37050999567612275,5.0,DMFS,InD,nki,PMF,40
3,32,0.2028983999043703,0.28958333333333297,0.1624474335842493,0.48285429306962013,5.0,DMFS,InD,nki,PMF,40
4,32,0.49835575371980667,0.295793269230769,0.16604607739951283,0.4920037783599722,5.0,DMFS,InD,nki,PMF,40
5,32,0.86082530207932,0.4320111128260533,0.2773305349459927,0.6265981546734283,5.0,DMFS,InD,nki,PMF,40
1,32,0.04137556627392769,0.23111842105263136,0.10758705833208593,0.45492514541472184,10.0,DMFS,InD,nki,PMF,40
2,32,0.18686050549149513,0.33653846153846145,0.19242584864777645,0.5450797769610884,10.0,DMFS,InD,nki,PMF,40
3,32,0.4465023837983608,0.5212716222533895,0.3300608341021949,0.7419507412962562,10.0,DMFS,InD,nki,PMF,40
4,32,0.6954921130090952,0.3035740194418919,0.17076445444007626,0.5029344719371391,10.0,DMFS,InD,nki,PMF,40
5,32,0.913029357790947,0.49633699633699635,0.3196457321743966,0.7051639732561832,10.0,DMFS,InD,nki,PMF,40
1,32,0.060342155396938324,0.09677419354838701,0.032278622348969166,0.2707498770509751,3.0,DMFS,InD,nki,PMF,41
2,32,0.09636322595179081,0.0,0.0,0.0,3.0,DMFS,InD,nki,PMF,41
3,32,0.1252102144062519,0.0625,0.016007545993095618,0.2274938928036203,3.0,DMFS,InD,nki,PMF,41
4,32,0.20705571584403515,0.35483870967741926,0.21459658994653963,0.5484728590305721,3.0,DMFS,InD,nki,PMF,41
5,32,0.5028240047395229,0.34895833333333326,0.2104356017521274,0.5414062391447894,3.0,DMFS,InD,nki,PMF,41
1,32,0.11084382608532906,0.0,0.0,0.0,5.0,DMFS,InD,nki,PMF,41
2,32,0.19029158726334572,0.18981481481481477,0.09003358216453472,0.374757219786772,5.0,DMFS,InD,nki,PMF,41
3,32,0.26479618065059185,0.3999999999999999,0.2504767154376315,0.5954793333084837,5.0,DMFS,InD,nki,PMF,41
4,32,0.40717367082834244,0.3948354512870642,0.24632519483492965,0.59017553207658,5.0,DMFS,InD,nki,PMF,41
5,32,0.6347904298454523,0.4807692307692307,0.3236450840896219,0.6666323462857711,5.0,DMFS,InD,nki,PMF,41
1,32,0.29731801338493824,0.0,0.0,0.0,10.0,DMFS,InD,nki,PMF,41
2,32,0.4499622546136379,0.32297889287136594,0.1797932340601669,0.5358832586673127,10.0,DMFS,InD,nki,PMF,41
3,32,0.5570279732346535,0.6068548387096773,0.3966318684771548,0.8218434993373839,10.0,DMFS,InD,nki,PMF,41
4,32,0.67360601387918,0.5235732009925558,0.3604431438288962,0.7076746847460191,10.0,DMFS,InD,nki,PMF,41
5,32,0.8644885923713446,0.4223863636363636,0.2705222838190955,0.6151929135012917,10.0,DMFS,InD,nki,PMF,41
1,32,0.03716582991182804,0.09375,0.031236271716636343,0.2631417723922538,3.0,DMFS,InD,nki,PMF,42
2,32,0.08505028858780861,0.0625,0.016007545993095618,0.2274938928036203,3.0,DMFS,InD,nki,PMF,42
3,32,0.11786694079637527,0.25360576923076916,0.13563858742201673,0.4439820734088714,3.0,DMFS,InD,nki,PMF,42
4,32,0.16897723637521267,0.09375,0.031236271716636343,0.2631417723922538,3.0,DMFS,InD,nki,PMF,42
5,32,0.29236689396202564,0.4782608695652173,0.3215821188532778,0.6640893295745627,3.0,DMFS,InD,nki,PMF,42
1,32,0.05197802931070328,0.2222222222222222,0.11260144969796093,0.4106287157861028,5.0,DMFS,InD,nki,PMF,42
2,32,0.12315173633396626,0.1931034482758619,0.09163781725401787,0.3805860118380223,5.0,DMFS,InD,nki,PMF,42
3,32,0.190067820250988,0.33499999999999996,0.19561852344439368,0.5344771066877265,5.0,DMFS,InD,nki,PMF,42
4,32,0.2541408482939005,0.3125,0.18198504735561194,0.5028777517811411,5.0,DMFS,InD,nki,PMF,42
5,32,0.45248049683868885,0.44661458333333326,0.2933224458489192,0.6352108808238255,5.0,DMFS,InD,nki,PMF,42
1,32,0.14770697988569736,0.26193548387096766,0.1404229555818951,0.4564560925055845,10.0,DMFS,InD,nki,PMF,42
2,32,0.33774663880467415,0.33938419117647056,0.19612331612096734,0.5449363744026657,10.0,DMFS,InD,nki,PMF,42
3,32,0.47506657242774963,0.42414529914529897,0.26017950263370804,0.6360617207198871,10.0,DMFS,InD,nki,PMF,42
4,32,0.6097487583756447,0.4008600095556618,0.2323551180407416,0.6293026910709179,10.0,DMFS,InD,nki,PMF,42
5,32,0.7819668855518103,0.44660931174089047,0.28043337786889355,0.6548531367784638,10.0,DMFS,InD,nki,PMF,42
1,32,0.04688837379217148,0.22838709677419344,0.11594023399206388,0.4204471951463137,3.0,DMFS,InD,nki,PMF,43
2,32,0.09027123264968395,0.19569587201591498,0.09283347919189922,0.3854013342659034,3.0,DMFS,InD,nki,PMF,43
3,32,0.12167150899767876,0.21875,0.11082858524378336,0.4047601730334287,3.0,DMFS,InD,nki,PMF,43
4,32,0.14909573458135128,0.15625,0.0682047391110141,0.3354321608235058,3.0,DMFS,InD,nki,PMF,43
5,32,0.2998418491333723,0.29032258064516114,0.1629470990179187,0.48378237596750295,3.0,DMFS,InD,nki,PMF,43
1,32,0.09634491801261902,0.2933947772657449,0.16457833710038716,0.48865287318172745,5.0,DMFS,InD,nki,PMF,43
2,32,0.15180912055075169,0.1962962962962962,0.0932425926767958,0.38606810953469983,5.0,DMFS,InD,nki,PMF,43
3,32,0.19047941081225872,0.28125,0.1574477183130183,0.47090412632456824,5.0,DMFS,InD,nki,PMF,43
4,32,0.33101931400597095,0.3267882187938288,0.1908443255277814,0.5225918787302335,5.0,DMFS,InD,nki,PMF,43
5,32,0.7219118345528841,0.35185185185185175,0.21240974354322018,0.5450249678744943,5.0,DMFS,InD,nki,PMF,43
1,32,0.16038617864251137,0.1964285714285714,0.08411909882333357,0.41973832279095713,10.0,DMFS,InD,nki,PMF,43
2,32,0.3117486797273159,0.24847870182555765,0.12468847973548092,0.458124811260319,10.0,DMFS,InD,nki,PMF,43
3,32,0.44869770109653473,0.33179723502304115,0.19416051044860083,0.5290271729804559,10.0,DMFS,InD,nki,PMF,43
4,32,0.5896353051066399,0.630859375,0.4413259268838293,0.8183944630065376,10.0,DMFS,InD,nki,PMF,43
5,32,0.8332970608025789,0.4688172043010752,0.29455963275420116,0.6824288693764298,10.0,DMFS,InD,nki,PMF,43
1,32,0.043161530047655106,0.16129032258064502,0.07051804165961917,0.3449610713344994,3.0,DMFS,InD,nki,PMF,44
2,32,0.0704939030110836,0.09899888765294762,0.0330282891011342,0.2764467737891837,3.0,DMFS,InD,nki,PMF,44
3,32,0.09334484301507473,0.22580645161290314,0.11464402505449589,0.41604701766295094,3.0,DMFS,InD,nki,PMF,44
4,32,0.15416298620402813,0.21875,0.11082858524378336,0.4047601730334287,3.0,DMFS,InD,nki,PMF,44
5,32,0.45458361878991127,0.25806451612903214,0.1383375645099605,0.45031427405681235,3.0,DMFS,InD,nki,PMF,44
1,32,0.07070674374699593,0.19852648347271984,0.09434021471109899,0.38996663900752704,5.0,DMFS,InD,nki,PMF,44
2,32,0.11865335516631603,0.1962962962962962,0.0932425926767958,0.38606810953469983,5.0,DMFS,InD,nki,PMF,44
3,32,0.16625328734517097,0.2917888563049852,0.16373956342033757,0.486076861596462,5.0,DMFS,InD,nki,PMF,44
4,32,0.2794417627155781,0.32258064516129015,0.18838772649961455,0.5164908134213418,5.0,DMFS,InD,nki,PMF,44
5,32,0.6214609034359455,0.3486842105263157,0.20999627878882943,0.5415472481493999,5.0,DMFS,InD,nki,PMF,44
1,32,0.20133577659726143,0.34543402614502017,0.1909444617639392,0.5715497876925949,10.0,DMFS,InD,nki,PMF,44
2,32,0.3719499409198761,0.4353210034013606,0.269531159118243,0.6465209511683557,10.0,DMFS,InD,nki,PMF,44
3,32,0.5161372441798449,0.3996052631578947,0.2417891837845435,0.6094923159157996,10.0,DMFS,InD,nki,PMF,44
4,32,0.6931555699557066,0.2232142857142857,0.11314561031508408,0.41219164851904877,10.0,DMFS,InD,nki,PMF,44
5,32,0.8909295089542866,0.56,0.3454586863852067,0.7961390245263607,10.0,DMFS,InD,nki,PMF,44
1,32,0.1882152371108532,0.0,0.0,0.0,3.0,DMFS,InD,nki,RSF,40
2,32,0.23655475117266178,0.09375,0.031236271716636343,0.2631417723922538,3.0,DMFS,InD,nki,RSF,40
3,32,0.2910233810544014,0.09899888765294762,0.0330282891011342,0.2764467737891837,3.0,DMFS,InD,nki,RSF,40
4,32,0.3273279629647732,0.25,0.133701202777614,0.43821129661078884,3.0,DMFS,InD,nki,RSF,40
5,32,0.36814770475029945,0.2669471715755024,0.14318559216353766,0.464218168904568,3.0,DMFS,InD,nki,RSF,40
1,32,0.25179803743958473,0.03125,0.004461880549893937,0.20180697895763589,5.0,DMFS,InD,nki,RSF,40
2,32,0.3080279938876629,0.125,0.04884689224941119,0.29955633136566795,5.0,DMFS,InD,nki,RSF,40
3,32,0.37623483315110207,0.3659621802002224,0.22194983633297727,0.5627563589889946,5.0,DMFS,InD,nki,RSF,40
4,32,0.4216227289289236,0.40625,0.2597968973231167,0.5947834685497894,5.0,DMFS,InD,nki,RSF,40
5,32,0.4688477674499154,0.421274082822765,0.26361113315981777,0.6237695476732659,5.0,DMFS,InD,nki,RSF,40
1,32,0.30452344939112663,0.07738095238095244,0.019342113903644043,0.28258652699437925,10.0,DMFS,InD,nki,RSF,40
2,32,0.3658960536122322,0.26543209876543217,0.13248704961455893,0.48804600322333114,10.0,DMFS,InD,nki,RSF,40
3,32,0.4399098288267851,0.5962861229029988,0.39640607082495394,0.8040029953918139,10.0,DMFS,InD,nki,RSF,40
4,32,0.4903992274776101,0.5406249999999999,0.3628134982048704,0.7388401041820647,10.0,DMFS,InD,nki,RSF,40
5,32,0.5400308314710855,0.421274082822765,0.26361113315981777,0.6237695476732659,10.0,DMFS,InD,nki,RSF,40
1,32,0.12575247883796692,0.0,0.0,0.0,3.0,DMFS,InD,nki,RSF,41
2,32,0.1659231036901474,0.09677419354838701,0.032278622348969166,0.2707498770509751,3.0,DMFS,InD,nki,RSF,41
3,32,0.19571531005203724,0.125,0.04884689224941119,0.29955633136566795,3.0,DMFS,InD,nki,RSF,41
4,32,0.2278179656714201,0.32795698924731165,0.19158067489324992,0.5241718177924817,3.0,DMFS,InD,nki,RSF,41
5,32,0.2608888763934374,0.3125,0.18198504735561194,0.5028777517811411,3.0,DMFS,InD,nki,RSF,41
1,32,0.1979703214019537,0.0,0.0,0.0,5.0,DMFS,InD,nki,RSF,41
2,32,0.24920501373708248,0.29312762973352025,0.16449553970465203,0.4880950879989939,5.0,DMFS,InD,nki,RSF,41
3,32,0.2853090837597847,0.28409090909090906,0.15895639246334126,0.4754403277045066,5.0,DMFS,InD,nki,RSF,41
4,32,0.3261713143438101,0.36528666579600344,0.22116877207041907,0.5625127898986422,5.0,DMFS,InD,nki,RSF,41
5,32,0.3723639901727438,0.5078125,0.34876359917856314,0.6901683099058402,5.0,DMFS,InD,nki,RSF,41
1,32,0.3013535216450691,0.0625,0.009046858255333579,0.3676545582610964,10.0,DMFS,InD,nki,RSF,41
2,32,0.3682300616055727,0.4193061840120662,0.2586392122750236,0.6273682512680278,10.0,DMFS,InD,nki,RSF,41
3,32,0.4156806692481041,0.35528559249786873,0.20262137903219413,0.5729877025729959,10.0,DMFS,InD,nki,RSF,41
4,32,0.46811102889478207,0.5081593927893737,0.34303372846194924,0.6983651843349523,10.0,DMFS,InD,nki,RSF,41
5,32,0.5183452609926462,0.4832057823129251,0.32408072568340884,0.6712639766289794,10.0,DMFS,InD,nki,RSF,41
1,32,0.07736726105213165,0.09677419354838701,0.032278622348969166,0.2707498770509751,3.0,DMFS,InD,nki,RSF,42
2,32,0.09322491846978664,0.125,0.04884689224941119,0.29955633136566795,3.0,DMFS,InD,nki,RSF,42
3,32,0.10541409812867641,0.22115384615384615,0.11203392103232501,0.4088898664663073,3.0,DMFS,InD,nki,RSF,42
4,32,0.11799329705536366,0.12812499999999982,0.05009666639105825,0.3063399392516807,3.0,DMFS,InD,nki,RSF,42
5,32,0.1414601430296898,0.418103448275862,0.2681205928051352,0.6090849613242427,3.0,DMFS,InD,nki,RSF,42
1,32,0.11991403996944427,0.29652605459057046,0.166550216411831,0.4929001336876617,5.0,DMFS,InD,nki,RSF,42
2,32,0.14311433024704456,0.19270833333333304,0.09152426370059508,0.379617525798578,5.0,DMFS,InD,nki,RSF,42
3,32,0.1597597412765026,0.4119318181818181,0.26346994538713375,0.602167325187861,5.0,DMFS,InD,nki,RSF,42
4,32,0.1765866745263338,0.12812499999999982,0.05009666639105825,0.3063399392516807,5.0,DMFS,InD,nki,RSF,42
5,32,0.20877037942409515,0.48275862068965514,0.32536362816658415,0.6685342936168961,5.0,DMFS,InD,nki,RSF,42
1,32,0.2653210461139679,0.3290322580645161,0.1922783933397545,0.5255826795470334,10.0,DMFS,InD,nki,RSF,42
2,32,0.31092902831733227,0.2894804526748971,0.15189006813962125,0.5078486033018008,10.0,DMFS,InD,nki,RSF,42
3,32,0.3441329412162304,0.4644999999999999,0.2920772977475983,0.6767264679740586,10.0,DMFS,InD,nki,RSF,42
4,32,0.3733665030449629,0.3125,0.16952845445063913,0.5303565324028381,10.0,DMFS,InD,nki,RSF,42
5,32,0.43462500162422657,0.4696467325777669,0.3082465550502713,0.6642683407028493,10.0,DMFS,InD,nki,RSF,42
1,32,0.07828222587704659,0.032258064516129004,0.00460783467361936,0.20768618364726055,3.0,DMFS,InD,nki,RSF,43
2,32,0.11154287308454514,0.1261160714285714,0.049273735516559114,0.302084011229498,3.0,DMFS,InD,nki,RSF,43
3,32,0.14127326011657715,0.21875,0.11082858524378336,0.4047601730334287,3.0,DMFS,InD,nki,RSF,43
4,32,0.17310938239097595,0.36444805194805185,0.22012973062731378,0.5623429268673955,3.0,DMFS,InD,nki,RSF,43
5,32,0.2071352992206812,0.35483870967741926,0.21459658994653963,0.5484728590305721,3.0,DMFS,InD,nki,RSF,43
1,32,0.16064167581498623,0.09677419354838701,0.032278622348969166,0.2707498770509751,5.0,DMFS,InD,nki,RSF,43
2,32,0.22348582558333874,0.1584821428571428,0.0691759955648803,0.33987641996445594,5.0,DMFS,InD,nki,RSF,43
3,32,0.27684376761317253,0.3125,0.18198504735561194,0.5028777517811411,5.0,DMFS,InD,nki,RSF,43
4,32,0.3343525044620037,0.5408384708049886,0.3741176644589679,0.7255204783976779,5.0,DMFS,InD,nki,RSF,43
5,32,0.39558550901710987,0.35483870967741926,0.21459658994653963,0.5484728590305721,5.0,DMFS,InD,nki,RSF,43
1,32,0.2087710164487362,0.09677419354838701,0.032278622348969166,0.2707498770509751,10.0,DMFS,InD,nki,RSF,43
2,32,0.2834305465221405,0.33413732034167043,0.18578827432201495,0.5527519879259815,10.0,DMFS,InD,nki,RSF,43
3,32,0.3438478969037533,0.3125,0.18198504735561194,0.5028777517811411,10.0,DMFS,InD,nki,RSF,43
4,32,0.4045989140868187,0.6413043478260868,0.45734238961272966,0.8208767846085265,10.0,DMFS,InD,nki,RSF,43
5,32,0.468442072160542,0.469433792014437,0.29782516235245515,0.6789509242574824,10.0,DMFS,InD,nki,RSF,43
1,32,0.10714931041002274,0.0,0.0,0.0,3.0,DMFS,InD,nki,RSF,44
2,32,0.13768227212131023,0.03125,0.004461880549893937,0.20180697895763589,3.0,DMFS,InD,nki,RSF,44
3,32,0.16787685081362724,0.22413793103448265,0.11366691910989501,0.41360285060419233,3.0,DMFS,InD,nki,RSF,44
4,32,0.20397446863353252,0.35483870967741926,0.21459658994653963,0.5484728590305721,3.0,DMFS,InD,nki,RSF,44
5,32,0.25394391641020775,0.35483870967741926,0.21459658994653963,0.5484728590305721,3.0,DMFS,InD,nki,RSF,44
1,32,0.16719421185553074,0.0,0.0,0.0,5.0,DMFS,InD,nki,RSF,44
2,32,0.20826397091150284,0.2008294930875575,0.09548917390542189,0.3939320847706367,5.0,DMFS,InD,nki,RSF,44
3,32,0.24697804264724255,0.2887931034482758,0.16192319789626086,0.48183931369005095,5.0,DMFS,InD,nki,RSF,44
4,32,0.2919786889106035,0.5161290322580645,0.35592599047039597,0.6981578271393118,5.0,DMFS,InD,nki,RSF,44
5,32,0.3518316950649023,0.35483870967741926,0.21459658994653963,0.5484728590305721,5.0,DMFS,InD,nki,RSF,44
1,32,0.21877185627818108,0.17684407096171817,0.06915976798765089,0.41048323732656455,10.0,DMFS,InD,nki,RSF,44
2,32,0.2682018596678972,0.22679394338380499,0.10477070541400757,0.44995517704051236,10.0,DMFS,InD,nki,RSF,44
3,32,0.3107090834528208,0.42805039787798405,0.2655951110972591,0.6362159849672666,10.0,DMFS,InD,nki,RSF,44
4,32,0.36068410612642765,0.6330645161290321,0.45931821592253397,0.804966365586602,10.0,DMFS,InD,nki,RSF,44
5,32,0.4263296164572239,0.4961693548387096,0.3074555047750497,0.7217211479694561,10.0,DMFS,InD,nki,RSF,44
1,23,0.06019048587135647,0.09090909090909094,0.023542790742173025,0.31702146189767555,3.0,DMFS,OOD,hel,TabSurv_M,40
2,23,0.10091400146484375,0.0,0.0,0.0,3.0,DMFS,OOD,hel,TabSurv_M,40
3,23,0.15161442497502203,0.17391304347826098,0.06909644161288464,0.3993895887628012,3.0,DMFS,OOD,hel,TabSurv_M,40
4,23,0.24314761939256088,0.1957671957671958,0.07823474263349495,0.44158619677489164,3.0,DMFS,OOD,hel,TabSurv_M,40
5,23,0.3623640563177026,0.34782608695652173,0.19155002284859346,0.5765214155608265,3.0,DMFS,OOD,hel,TabSurv_M,40
1,23,0.07032597064971924,0.045454545454545414,0.006530397559958212,0.28129714657606797,3.0,DMFS,OOD,hel,TabSurv_M,41
2,23,0.09711182117462158,0.04761904761904767,0.006847862808626259,0.29279323440050353,3.0,DMFS,OOD,hel,TabSurv_M,41
3,23,0.12926037933515466,0.13457556935817805,0.04545444984198688,0.36177489755743353,3.0,DMFS,OOD,hel,TabSurv_M,41
4,23,0.17214132391888162,0.1866028708133971,0.07434801922814105,0.42428646959815364,3.0,DMFS,OOD,hel,TabSurv_M,41
5,23,0.2670698088148366,0.3913043478260869,0.22629996412299358,0.61731806217067,3.0,DMFS,OOD,hel,TabSurv_M,41
1,23,0.07119307051534238,0.04761904761904767,0.006847862808626259,0.29279323440050353,3.0,DMFS,OOD,hel,TabSurv_M,42
2,23,0.10260826349258423,0.09090909090909094,0.023542790742173025,0.31702146189767555,3.0,DMFS,OOD,hel,TabSurv_M,42
3,23,0.1344577825587729,0.13043478260869568,0.04403570416759561,0.3519198935769303,3.0,DMFS,OOD,hel,TabSurv_M,42
4,23,0.1714575031529302,0.24040920716112535,0.10740363015748988,0.48596926703750065,3.0,DMFS,OOD,hel,TabSurv_M,42
5,23,0.25049749405487726,0.30434782608695654,0.1582787086082369,0.5343582502379962,3.0,DMFS,OOD,hel,TabSurv_M,42
1,23,0.019316872824793278,0.09523809523809534,0.0247058509618876,0.3299541177649663,3.0,DMFS,OOD,hel,TabSurv_M,43
2,23,0.03269572879957116,0.045454545454545414,0.006530397559958212,0.28129714657606797,3.0,DMFS,OOD,hel,TabSurv_M,43
3,23,0.05935837134071018,0.08695652173913038,0.02248433009928641,0.3050524624679415,3.0,DMFS,OOD,hel,TabSurv_M,43
4,23,0.11817011885021043,0.19327731092436984,0.07719098079711961,0.43685343537776666,3.0,DMFS,OOD,hel,TabSurv_M,43
5,23,0.23650990361752716,0.3913043478260869,0.22629996412299358,0.61731806217067,3.0,DMFS,OOD,hel,TabSurv_M,43
1,23,0.05637697551561439,0.050000000000000044,0.0071977714066028264,0.3052568067434299,3.0,DMFS,OOD,hel,TabSurv_M,44
2,23,0.07743732825569484,0.0,0.0,0.0,3.0,DMFS,OOD,hel,TabSurv_M,44
3,23,0.11235748425773952,0.13043478260869568,0.04403570416759561,0.3519198935769303,3.0,DMFS,OOD,hel,TabSurv_M,44
4,23,0.15336572087329367,0.24369747899159677,0.10924439695668176,0.49052972920441673,3.0,DMFS,OOD,hel,TabSurv_M,44
5,23,0.30750243819278217,0.3913043478260869,0.22629996412299358,0.61731806217067,3.0,DMFS,OOD,hel,TabSurv_M,44
1,23,0.04030605761901192,0.09523809523809534,0.0247058509618876,0.3299541177649663,3.0,DMFS,OOD,hel,DeepHS,40
2,23,0.0889741389647774,0.09523809523809534,0.0247058509618876,0.3299541177649663,3.0,DMFS,OOD,hel,DeepHS,40
3,23,0.13859765685122946,0.13636363636363646,0.0461366503448406,0.3655616846218147,3.0,DMFS,OOD,hel,DeepHS,40
4,23,0.2038178625314132,0.21739130434782616,0.09679251011811307,0.4457884933312716,3.0,DMFS,OOD,hel,DeepHS,40
5,23,0.3550771008367124,0.26956521739130435,0.13103304859414278,0.504662315887666,3.0,DMFS,OOD,hel,DeepHS,40
1,23,0.059569858986398445,0.1826547043938348,0.07261298491272106,0.41704141108191284,3.0,DMFS,OOD,hel,DeepHS,41
2,23,0.09205759089926015,0.0,0.0,0.0,3.0,DMFS,OOD,hel,DeepHS,41
3,23,0.11976749482362167,0.13043478260869568,0.04403570416759561,0.3519198935769303,3.0,DMFS,OOD,hel,DeepHS,41
4,23,0.15435300443483435,0.2080808080808082,0.08308021429130474,0.4660787231834902,3.0,DMFS,OOD,hel,DeepHS,41
5,23,0.21638619899749756,0.30434782608695654,0.1582787086082369,0.5343582502379962,3.0,DMFS,OOD,hel,DeepHS,41
1,23,0.01412032998126486,0.2857142857142858,0.13980266231353278,0.5284748251790637,3.0,DMFS,OOD,hel,DeepHS,42
2,23,0.06563926520554916,0.13697286694998356,0.046230285451885345,0.36773923402915554,3.0,DMFS,OOD,hel,DeepHS,42
3,23,0.12581647479015848,0.13260869565217392,0.04475173904281715,0.3572899112864619,3.0,DMFS,OOD,hel,DeepHS,42
4,23,0.17271325640056445,0.21739130434782616,0.09679251011811307,0.4457884933312716,3.0,DMFS,OOD,hel,DeepHS,42
5,23,0.244485836961995,0.045454545454545414,0.006530397559958212,0.28129714657606797,3.0,DMFS,OOD,hel,DeepHS,42
1,23,0.1306578957516214,0.08902691511387162,0.023012764179373812,0.31163008368880174,3.0,DMFS,OOD,hel,DeepHS,43
2,23,0.16087378367133762,0.19617224880382766,0.07834498166243076,0.44261249040639805,3.0,DMFS,OOD,hel,DeepHS,43
3,23,0.1903773572133935,0.17620137299771166,0.06997695047176233,0.40421501712294006,3.0,DMFS,OOD,hel,DeepHS,43
4,23,0.21604901811350946,0.045454545454545414,0.006530397559958212,0.28129714657606797,3.0,DMFS,OOD,hel,DeepHS,43
5,23,0.3515952488650446,0.30434782608695654,0.1582787086082369,0.5343582502379962,3.0,DMFS,OOD,hel,DeepHS,43
1,23,0.05427582626757414,0.04761904761904767,0.006847862808626259,0.29279323440050353,3.0,DMFS,OOD,hel,DeepHS,44
2,23,0.08407422252323317,0.045454545454545414,0.006530397559958212,0.28129714657606797,3.0,DMFS,OOD,hel,DeepHS,44
3,23,0.1290801815364672,0.30434782608695654,0.1582787086082369,0.5343582502379962,3.0,DMFS,OOD,hel,DeepHS,44
4,23,0.18047940471897955,0.13260869565217392,0.04475173904281715,0.3572899112864619,3.0,DMFS,OOD,hel,DeepHS,44
5,23,0.32413712791774585,0.27122153209109723,0.13198772975773587,0.5069633899755501,3.0,DMFS,OOD,hel,DeepHS,44
1,23,0.003345720146013343,0.09523809523809534,0.0247058509618876,0.3299541177649663,3.0,DMFS,OOD,hel,DeepSurv,40
2,23,0.012755057086115297,0.1428571428571429,0.048448252353002985,0.38028204473401617,3.0,DMFS,OOD,hel,DeepSurv,40
3,23,0.04091937127320663,0.21739130434782616,0.09679251011811307,0.4457884933312716,3.0,DMFS,OOD,hel,DeepSurv,40
4,23,0.1309509199598561,0.13260869565217392,0.04475173904281715,0.3572899112864619,3.0,DMFS,OOD,hel,DeepSurv,40
5,23,0.44381559640169144,0.22196796338672775,0.0988223149199755,0.45415014709964874,3.0,DMFS,OOD,hel,DeepSurv,40
1,23,0.0030296781788701596,0.04347826086956519,0.006241063381247192,0.27066138546586505,3.0,DMFS,OOD,hel,DeepSurv,41
2,23,0.010718628116275953,0.14090909090909087,0.04769874697927512,0.3762367573976889,3.0,DMFS,OOD,hel,DeepSurv,41
3,23,0.026208159716232964,0.14356060606060606,0.04855685467211279,0.38275705147650296,3.0,DMFS,OOD,hel,DeepSurv,41
4,23,0.09680511122164519,0.18012422360248437,0.07165023846396645,0.4117050511311341,3.0,DMFS,OOD,hel,DeepSurv,41
5,23,0.40588863841865375,0.30434782608695654,0.1582787086082369,0.5343582502379962,3.0,DMFS,OOD,hel,DeepSurv,41
1,23,0.00015631388788637525,0.1866028708133971,0.07434801922814105,0.42428646959815364,3.0,DMFS,OOD,hel,DeepSurv,42
2,23,0.0006138578705165697,0.045454545454545414,0.006530397559958212,0.28129714657606797,3.0,DMFS,OOD,hel,DeepSurv,42
3,23,0.0018246925395468006,0.09774436090225558,0.025346801972950583,0.3377307412865116,3.0,DMFS,OOD,hel,DeepSurv,42
4,23,0.0071143274721891985,0.26086956521739135,0.1266242183023235,0.49079056124578135,3.0,DMFS,OOD,hel,DeepSurv,42
5,23,0.05447748432988706,0.21739130434782616,0.09679251011811307,0.4457884933312716,3.0,DMFS,OOD,hel,DeepSurv,42
1,23,0.00010850072943645256,0.04761904761904767,0.006847862808626259,0.29279323440050353,3.0,DMFS,OOD,hel,DeepSurv,43
2,23,0.0002921353215756624,0.08902691511387162,0.023012764179373812,0.31163008368880174,3.0,DMFS,OOD,hel,DeepSurv,43
3,23,0.0009882035462752633,0.1886363636363636,0.07525059629870978,0.42796589592566536,3.0,DMFS,OOD,hel,DeepSurv,43
4,23,0.00285705276157545,0.18012422360248437,0.07165023846396645,0.4117050511311341,3.0,DMFS,OOD,hel,DeepSurv,43
5,23,0.19662987178719563,0.30434782608695654,0.1582787086082369,0.5343582502379962,3.0,DMFS,OOD,hel,DeepSurv,43
1,23,0.0009959080944890561,0.0,0.0,0.0,3.0,DMFS,OOD,hel,DeepSurv,44
2,23,0.0030890029409657354,0.09523809523809534,0.0247058509618876,0.3299541177649663,3.0,DMFS,OOD,hel,DeepSurv,44
3,23,0.008927397106004797,0.13457556935817805,0.04545444984198688,0.36177489755743353,3.0,DMFS,OOD,hel,DeepSurv,44
4,23,0.03271085283030634,0.2272727272727274,0.10152392757676076,0.462565969704677,3.0,DMFS,OOD,hel,DeepSurv,44
5,23,0.24938264748324518,0.34782608695652173,0.19155002284859346,0.5765214155608265,3.0,DMFS,OOD,hel,DeepSurv,44
1,23,0.033713848694511085,0.1866028708133971,0.07434801922814105,0.42428646959815364,3.0,DMFS,OOD,hel,ENCox,40
2,23,0.08567414853883826,0.0,0.0,0.0,3.0,DMFS,OOD,hel,ENCox,40
3,23,0.149930855502253,0.17391304347826098,0.06909644161288464,0.3993895887628012,3.0,DMFS,OOD,hel,ENCox,40
4,23,0.3185129269309666,0.20588235294117652,0.08255192285972879,0.4603195175190614,3.0,DMFS,OOD,hel,ENCox,40
5,23,0.7900845807155786,0.26086956521739135,0.1266242183023235,0.49079056124578135,3.0,DMFS,OOD,hel,ENCox,40
1,23,0.14103523544643237,0.045454545454545414,0.006530397559958212,0.28129714657606797,3.0,DMFS,OOD,hel,ENCox,41
2,23,0.1620487259781879,0.1826547043938348,0.07261298491272106,0.41704141108191284,3.0,DMFS,OOD,hel,ENCox,41
3,23,0.18168286655260169,0.045454545454545414,0.006530397559958212,0.28129714657606797,3.0,DMFS,OOD,hel,ENCox,41
4,23,0.2101553367531818,0.13501144164759715,0.045512006950957806,0.36340061563323844,3.0,DMFS,OOD,hel,ENCox,41
5,23,0.2672304277834685,0.4078674948240165,0.23695341131082048,0.6377440143491636,3.0,DMFS,OOD,hel,ENCox,41
1,23,0.004510633323503577,0.09318181818181814,0.024123414887558092,0.3241613005057239,3.0,DMFS,OOD,hel,ENCox,42
2,23,0.011152295962623928,0.045454545454545414,0.006530397559958212,0.28129714657606797,3.0,DMFS,OOD,hel,ENCox,42
3,23,0.021297335624694824,0.14090909090909087,0.04769874697927512,0.3762367573976889,3.0,DMFS,OOD,hel,ENCox,42
4,23,0.04376729415810626,0.26773455377574373,0.13001964322901416,0.5019969509981779,3.0,DMFS,OOD,hel,ENCox,42
5,23,0.1970975152824236,0.26086956521739135,0.1266242183023235,0.49079056124578135,3.0,DMFS,OOD,hel,ENCox,42
1,23,0.10250905285710873,0.08902691511387162,0.023012764179373812,0.31163008368880174,3.0,DMFS,OOD,hel,ENCox,43
2,23,0.12051579485768857,0.04761904761904767,0.006847862808626259,0.29279323440050353,3.0,DMFS,OOD,hel,ENCox,43
3,23,0.13691084281257962,0.1866028708133971,0.07434801922814105,0.42428646959815364,3.0,DMFS,OOD,hel,ENCox,43
4,23,0.15354458663774573,0.18181818181818188,0.0724341556702851,0.4146521355031154,3.0,DMFS,OOD,hel,ENCox,43
5,23,0.19094890615214472,0.30434782608695654,0.1582787086082369,0.5343582502379962,3.0,DMFS,OOD,hel,ENCox,43
1,23,0.024134939131529434,0.04347826086956519,0.006241063381247192,0.27066138546586505,3.0,DMFS,OOD,hel,ENCox,44
2,23,0.043983037057130234,0.13636363636363646,0.0461366503448406,0.3655616846218147,3.0,DMFS,OOD,hel,ENCox,44
3,23,0.07378089946249257,0.050000000000000044,0.0071977714066028264,0.3052568067434299,3.0,DMFS,OOD,hel,ENCox,44
4,23,0.16485828938691513,0.21739130434782616,0.09679251011811307,0.4457884933312716,3.0,DMFS,OOD,hel,ENCox,44
5,23,0.48336902060849674,0.34782608695652173,0.19155002284859346,0.5765214155608265,3.0,DMFS,OOD,hel,ENCox,44
1,23,0.5034959782724795,0.04761904761904767,0.006847862808626259,0.29279323440050353,3.0,DMFS,OOD,hel,LH,40
2,23,0.6092701567255933,0.0,0.0,0.0,3.0,DMFS,OOD,hel,LH,40
3,23,0.657853250918181,0.2727272727272728,0.1328863485471311,0.5089666596960116,3.0,DMFS,OOD,hel,LH,40
4,23,0.7362323500539946,0.13260869565217392,0.04475173904281715,0.3572899112864619,3.0,DMFS,OOD,hel,LH,40
5,23,0.8819568730769274,0.34782608695652173,0.19155002284859346,0.5765214155608265,3.0,DMFS,OOD,hel,LH,40
1,23,0.02085885016814522,0.08695652173913038,0.02248433009928641,0.3050524624679415,3.0,DMFS,OOD,hel,LH,41
2,23,0.029602483562801197,0.04761904761904767,0.006847862808626259,0.29279323440050353,3.0,DMFS,OOD,hel,LH,41
3,23,0.040878117084503174,0.17391304347826098,0.06909644161288464,0.3993895887628012,3.0,DMFS,OOD,hel,LH,41
4,23,0.09774917364120483,0.34841628959276016,0.18298625893781129,0.5966239910674402,3.0,DMFS,OOD,hel,LH,41
5,23,0.3848288577535878,0.17391304347826098,0.06909644161288464,0.3993895887628012,3.0,DMFS,OOD,hel,LH,41
1,23,0.0927032646925553,0.045454545454545414,0.006530397559958212,0.28129714657606797,3.0,DMFS,OOD,hel,LH,42
2,23,0.11519627467445705,0.18695652173913047,0.07444261132503294,0.4252040771417064,3.0,DMFS,OOD,hel,LH,42
3,23,0.13784802737443344,0.13260869565217392,0.04475173904281715,0.3572899112864619,3.0,DMFS,OOD,hel,LH,42
4,23,0.17834691897682522,0.23809523809523825,0.10674289021751293,0.4806085846715713,3.0,DMFS,OOD,hel,LH,42
5,23,0.42234759065120114,0.21739130434782616,0.09679251011811307,0.4457884933312716,3.0,DMFS,OOD,hel,LH,42
1,23,0.03384431289589923,0.09090909090909094,0.023542790742173025,0.31702146189767555,3.0,DMFS,OOD,hel,LH,43
2,23,0.04343855640162592,0.27122153209109723,0.13198772975773587,0.5069633899755501,3.0,DMFS,OOD,hel,LH,43
3,23,0.0540010929107666,0.08695652173913038,0.02248433009928641,0.3050524624679415,3.0,DMFS,OOD,hel,LH,43
4,23,0.07189208787420522,0.13457556935817805,0.04545444984198688,0.36177489755743353,3.0,DMFS,OOD,hel,LH,43
5,23,0.2817042631947476,0.21739130434782616,0.09679251011811307,0.4457884933312716,3.0,DMFS,OOD,hel,LH,43
1,23,0.013163004232489544,0.21739130434782616,0.09679251011811307,0.4457884933312716,3.0,DMFS,OOD,hel,LH,44
2,23,0.020158239032911217,0.09090909090909094,0.023542790742173025,0.31702146189767555,3.0,DMFS,OOD,hel,LH,44
3,23,0.025504192580347477,0.18434343434343448,0.07340669743113326,0.41991339186455956,3.0,DMFS,OOD,hel,LH,44
4,23,0.03017694276312123,0.09523809523809534,0.0247058509618876,0.3299541177649663,3.0,DMFS,OOD,hel,LH,44
5,23,0.09918641525766124,0.2239130434782609,0.09977059282798839,0.45738834951308116,3.0,DMFS,OOD,hel,LH,44
1,23,0.0011880646788555618,0.09090909090909094,0.023542790742173025,0.31702146189767555,3.0,DMFS,OOD,hel,MTLR,40
2,23,0.018074836419976276,0.09318181818181814,0.024123414887558092,0.3241613005057239,3.0,DMFS,OOD,hel,MTLR,40
3,23,0.11293178537617558,0.08695652173913038,0.02248433009928641,0.3050524624679415,3.0,DMFS,OOD,hel,MTLR,40
4,23,0.3200991853423741,0.22835221044939702,0.10181042934083284,0.46518623630250644,3.0,DMFS,OOD,hel,MTLR,40
5,23,0.5763631281645402,0.3152173913043478,0.16428212641269335,0.5501885167832132,3.0,DMFS,OOD,hel,MTLR,40
1,23,0.016891642757084057,0.09318181818181814,0.024123414887558092,0.3241613005057239,3.0,DMFS,OOD,hel,MTLR,41
2,23,0.04036939403285151,0.13043478260869568,0.04403570416759561,0.3519198935769303,3.0,DMFS,OOD,hel,MTLR,41
3,23,0.0663939040640126,0.09523809523809534,0.0247058509618876,0.3299541177649663,3.0,DMFS,OOD,hel,MTLR,41
4,23,0.20166113843088565,0.2771739130434784,0.13476676616675543,0.5170394407756094,3.0,DMFS,OOD,hel,MTLR,41
5,23,0.42336918737577356,0.21739130434782616,0.09679251011811307,0.4457884933312716,3.0,DMFS,OOD,hel,MTLR,41
1,23,0.013706121755682903,0.13636363636363646,0.0461366503448406,0.3655616846218147,3.0,DMFS,OOD,hel,MTLR,42
2,23,0.0287694179493448,0.09569377990430616,0.024743775282297653,0.33223736503076906,3.0,DMFS,OOD,hel,MTLR,42
3,23,0.08228233327036319,0.08695652173913038,0.02248433009928641,0.3050524624679415,3.0,DMFS,OOD,hel,MTLR,42
4,23,0.17084448752195938,0.2256728778467908,0.10067101732219763,0.4601645708052995,3.0,DMFS,OOD,hel,MTLR,42
5,23,0.418866621411365,0.26956521739130435,0.13103304859414278,0.504662315887666,3.0,DMFS,OOD,hel,MTLR,42
1,23,0.0063838414523912515,0.04761904761904767,0.006847862808626259,0.29279323440050353,3.0,DMFS,OOD,hel,MTLR,43
2,23,0.038103036258531654,0.13043478260869568,0.04403570416759561,0.3519198935769303,3.0,DMFS,OOD,hel,MTLR,43
3,23,0.08947207357572473,0.288888888888889,0.14128047831135293,0.53378397957367,3.0,DMFS,OOD,hel,MTLR,43
4,23,0.16310914962188058,0.13043478260869568,0.04403570416759561,0.3519198935769303,3.0,DMFS,OOD,hel,MTLR,43
5,23,0.24568295219670172,0.22659846547314577,0.10090068889442272,0.4624729202143074,3.0,DMFS,OOD,hel,MTLR,43
1,23,0.006687011407769244,0.13636363636363646,0.0461366503448406,0.3655616846218147,3.0,DMFS,OOD,hel,MTLR,44
2,23,0.01882172926612522,0.09999999999999998,0.025989825604225025,0.34396929273843324,3.0,DMFS,OOD,hel,MTLR,44
3,23,0.04870043630185335,0.08902691511387162,0.023012764179373812,0.31163008368880174,3.0,DMFS,OOD,hel,MTLR,44
4,23,0.1393282439397729,0.21739130434782616,0.09679251011811307,0.4457884933312716,3.0,DMFS,OOD,hel,MTLR,44
5,23,0.36308993723081506,0.26086956521739135,0.1266242183023235,0.49079056124578135,3.0,DMFS,OOD,hel,MTLR,44
1,23,0.19109874445459116,0.0,0.0,0.0,3.0,DMFS,OOD,hel,PCHazard,40
2,23,0.2804411027742469,0.09090909090909094,0.023542790742173025,0.31702146189767555,3.0,DMFS,OOD,hel,PCHazard,40
3,23,0.3636744981226714,0.13043478260869568,0.04403570416759561,0.3519198935769303,3.0,DMFS,OOD,hel,PCHazard,40
4,23,0.44864027655642963,0.34782608695652173,0.19155002284859346,0.5765214155608265,3.0,DMFS,OOD,hel,PCHazard,40
5,23,0.589413504237714,0.23809523809523825,0.10674289021751293,0.4806085846715713,3.0,DMFS,OOD,hel,PCHazard,40
1,23,0.027338629183561905,0.13636363636363646,0.0461366503448406,0.3655616846218147,3.0,DMFS,OOD,hel,PCHazard,41
2,23,0.03621703386306763,0.13260869565217392,0.04475173904281715,0.3572899112864619,3.0,DMFS,OOD,hel,PCHazard,41
3,23,0.04657145427620929,0.13457556935817805,0.04545444984198688,0.36177489755743353,3.0,DMFS,OOD,hel,PCHazard,41
4,23,0.06379950305689937,0.21739130434782616,0.09679251011811307,0.4457884933312716,3.0,DMFS,OOD,hel,PCHazard,41
5,23,0.29868740232094476,0.19227053140096617,0.07652795916506727,0.4359914588498247,3.0,DMFS,OOD,hel,PCHazard,41
1,23,0.0826759934425354,0.13636363636363646,0.0461366503448406,0.3655616846218147,3.0,DMFS,OOD,hel,PCHazard,42
2,23,0.11499717961186948,0.08695652173913038,0.02248433009928641,0.3050524624679415,3.0,DMFS,OOD,hel,PCHazard,42
3,23,0.1367102861404419,0.1428571428571429,0.048448252353002985,0.38028204473401617,3.0,DMFS,OOD,hel,PCHazard,42
4,23,0.18749862650166388,0.21739130434782616,0.09679251011811307,0.4457884933312716,3.0,DMFS,OOD,hel,PCHazard,42
5,23,0.46250641151614813,0.2256728778467908,0.10067101732219763,0.4601645708052995,3.0,DMFS,OOD,hel,PCHazard,42
1,23,0.06035015634868456,0.18181818181818188,0.0724341556702851,0.4146521355031154,3.0,DMFS,OOD,hel,PCHazard,43
2,23,0.07395237425099248,0.13697286694998356,0.046230285451885345,0.36773923402915554,3.0,DMFS,OOD,hel,PCHazard,43
3,23,0.08641395102376523,0.13913043478260867,0.04699337967503758,0.3726692230203764,3.0,DMFS,OOD,hel,PCHazard,43
4,23,0.11307953233304231,0.21739130434782616,0.09679251011811307,0.4457884933312716,3.0,DMFS,OOD,hel,PCHazard,43
5,23,0.3334137794926115,0.13457556935817805,0.04545444984198688,0.36177489755743353,3.0,DMFS,OOD,hel,PCHazard,43
1,23,0.00763041817623636,0.09999999999999998,0.025989825604225025,0.34396929273843324,3.0,DMFS,OOD,hel,PCHazard,44
2,23,0.013747536617776623,0.1396365309408788,0.0470561943357225,0.3745641108992007,3.0,DMFS,OOD,hel,PCHazard,44
3,23,0.02420744170313296,0.04347826086956519,0.006241063381247192,0.27066138546586505,3.0,DMFS,OOD,hel,PCHazard,44
4,23,0.0411424299945002,0.17391304347826098,0.06909644161288464,0.3993895887628012,3.0,DMFS,OOD,hel,PCHazard,44
5,23,0.13554617114689038,0.34782608695652173,0.19155002284859346,0.5765214155608265,3.0,DMFS,OOD,hel,PCHazard,44
1,23,0.016754883786906368,0.09523809523809534,0.0247058509618876,0.3299541177649663,3.0,DMFS,OOD,hel,PMF,40
2,23,0.038087059622225555,0.0,0.0,0.0,3.0,DMFS,OOD,hel,PMF,40
3,23,0.08054738200229147,0.17391304347826098,0.06909644161288464,0.3993895887628012,3.0,DMFS,OOD,hel,PMF,40
4,23,0.1901897554812224,0.22994652406417115,0.10267108703378824,0.4675339269064298,3.0,DMFS,OOD,hel,PMF,40
5,23,0.5774545073509216,0.3135011441647597,0.16322619354651624,0.5479603191746113,3.0,DMFS,OOD,hel,PMF,40
1,23,0.06904829585033914,0.08695652173913038,0.02248433009928641,0.3050524624679415,3.0,DMFS,OOD,hel,PMF,41
2,23,0.10084944445153941,0.09090909090909094,0.023542790742173025,0.31702146189767555,3.0,DMFS,OOD,hel,PMF,41
3,23,0.11878645679225093,0.18181818181818188,0.0724341556702851,0.4146521355031154,3.0,DMFS,OOD,hel,PMF,41
4,23,0.1588666231735893,0.14550264550264558,0.049321178378679,0.38666215687748984,3.0,DMFS,OOD,hel,PMF,41
5,23,0.48011040428410406,0.30434782608695654,0.1582787086082369,0.5343582502379962,3.0,DMFS,OOD,hel,PMF,41
1,23,0.050427970678909965,0.13636363636363646,0.0461366503448406,0.3655616846218147,3.0,DMFS,OOD,hel,PMF,42
2,23,0.07981355812238611,0.14090909090909087,0.04769874697927512,0.3762367573976889,3.0,DMFS,OOD,hel,PMF,42
3,23,0.10881245654562245,0.13697286694998356,0.046230285451885345,0.36773923402915554,3.0,DMFS,OOD,hel,PMF,42
4,23,0.1520005386808644,0.18012422360248437,0.07165023846396645,0.4117050511311341,3.0,DMFS,OOD,hel,PMF,42
5,23,0.32836353260537854,0.21739130434782616,0.09679251011811307,0.4457884933312716,3.0,DMFS,OOD,hel,PMF,42
1,23,0.060056647528772766,0.17826086956521736,0.07083024869906818,0.4082663120363903,3.0,DMFS,OOD,hel,PMF,43
2,23,0.09186170930447786,0.1866028708133971,0.07434801922814105,0.42428646959815364,3.0,DMFS,OOD,hel,PMF,43
3,23,0.11027897181718246,0.18491881878609562,0.07354645311416441,0.4214750644581947,3.0,DMFS,OOD,hel,PMF,43
4,23,0.12650702051494433,0.04347826086956519,0.006241063381247192,0.27066138546586505,3.0,DMFS,OOD,hel,PMF,43
5,23,0.27623819009117456,0.2256728778467908,0.10067101732219763,0.4601645708052995,3.0,DMFS,OOD,hel,PMF,43
1,23,0.04590917929359104,0.09318181818181814,0.024123414887558092,0.3241613005057239,3.0,DMFS,OOD,hel,PMF,44
2,23,0.06201080653978431,0.045454545454545414,0.006530397559958212,0.28129714657606797,3.0,DMFS,OOD,hel,PMF,44
3,23,0.08593573777571968,0.04347826086956519,0.006241063381247192,0.27066138546586505,3.0,DMFS,OOD,hel,PMF,44
4,23,0.1353587015815403,0.30434782608695654,0.1582787086082369,0.5343582502379962,3.0,DMFS,OOD,hel,PMF,44
5,23,0.4456306359042292,0.33043478260869563,0.17299985994808198,0.5713339230412621,3.0,DMFS,OOD,hel,PMF,44
1,23,0.20885274202927298,0.09090909090909094,0.023542790742173025,0.31702146189767555,3.0,DMFS,OOD,hel,RSF,40
2,23,0.25339500800423,0.0,0.0,0.0,3.0,DMFS,OOD,hel,RSF,40
3,23,0.2906055165373761,0.13457556935817805,0.04545444984198688,0.36177489755743353,3.0,DMFS,OOD,hel,RSF,40
4,23,0.3360389600629392,0.23752860411899313,0.10559367158671773,0.48264545923049396,3.0,DMFS,OOD,hel,RSF,40
5,23,0.38174798436786817,0.34782608695652173,0.19155002284859346,0.5765214155608265,3.0,DMFS,OOD,hel,RSF,40
1,23,0.13774565510127856,0.09523809523809534,0.0247058509618876,0.3299541177649663,3.0,DMFS,OOD,hel,RSF,41
2,23,0.16135765417762424,0.0,0.0,0.0,3.0,DMFS,OOD,hel,RSF,41
3,23,0.19106917536777,0.13636363636363646,0.0461366503448406,0.3655616846218147,3.0,DMFS,OOD,hel,RSF,41
4,23,0.23034674447515738,0.2239130434782609,0.09977059282798839,0.45738834951308116,3.0,DMFS,OOD,hel,RSF,41
5,23,0.26669262025667273,0.3608695652173912,0.19929930807707086,0.5940633399703784,3.0,DMFS,OOD,hel,RSF,41
1,23,0.08202348066412884,0.0,0.0,0.0,3.0,DMFS,OOD,hel,RSF,42
2,23,0.09522516831107762,0.17391304347826098,0.06909644161288464,0.3993895887628012,3.0,DMFS,OOD,hel,RSF,42
3,23,0.10519567520722099,0.13636363636363646,0.0461366503448406,0.3655616846218147,3.0,DMFS,OOD,hel,RSF,42
4,23,0.11740566595740941,0.2887700534759359,0.14079247298781983,0.5347649889503931,3.0,DMFS,OOD,hel,RSF,42
5,23,0.1367482128350631,0.21739130434782616,0.09679251011811307,0.4457884933312716,3.0,DMFS,OOD,hel,RSF,42
1,23,0.08493645813154138,0.045454545454545414,0.006530397559958212,0.28129714657606797,3.0,DMFS,OOD,hel,RSF,43
2,23,0.10971681190573651,0.09318181818181814,0.024123414887558092,0.3241613005057239,3.0,DMFS,OOD,hel,RSF,43
3,23,0.13540179314820663,0.13043478260869568,0.04403570416759561,0.3519198935769303,3.0,DMFS,OOD,hel,RSF,43
4,23,0.1750829375308493,0.08695652173913038,0.02248433009928641,0.3050524624679415,3.0,DMFS,OOD,hel,RSF,43
5,23,0.21148450219112894,0.4347826086956521,0.2624372142937278,0.6567762939530671,3.0,DMFS,OOD,hel,RSF,43
1,23,0.11793595034143199,0.045454545454545414,0.006530397559958212,0.28129714657606797,3.0,DMFS,OOD,hel,RSF,44
2,23,0.14533784596816354,0.04761904761904767,0.006847862808626259,0.29279323440050353,3.0,DMFS,OOD,hel,RSF,44
3,23,0.16804785054662955,0.08695652173913038,0.02248433009928641,0.3050524624679415,3.0,DMFS,OOD,hel,RSF,44
4,23,0.20569802367168924,0.2239130434782609,0.09977059282798839,0.45738834951308116,3.0,DMFS,OOD,hel,RSF,44
5,23,0.2477463380150173,0.4078674948240165,0.23695341131082048,0.6377440143491636,3.0,DMFS,OOD,hel,RSF,44
1,27,0.058323151535458036,0.038461538461538436,0.005508843056781787,0.24305571082241428,3.0,DMFS,OOD,unt,TabSurv_M,40
2,26,0.08078898833348201,0.08363636363636362,0.021541903949276242,0.29552433093037045,3.0,DMFS,OOD,unt,TabSurv_M,40
3,27,0.1151146999111882,0.11999999999999988,0.04036016766796746,0.3274385471366408,3.0,DMFS,OOD,unt,TabSurv_M,40
4,26,0.19659359867756182,0.16483516483516503,0.06496680272929656,0.383077141109851,3.0,DMFS,OOD,unt,TabSurv_M,40
5,27,0.3341061759878088,0.15865384615384603,0.06266016064572577,0.3694668815799427,3.0,DMFS,OOD,unt,TabSurv_M,40
1,27,0.11014044726336444,0.038461538461538436,0.005508843056781787,0.24305571082241428,5.0,DMFS,OOD,unt,TabSurv_M,40
2,26,0.14497299148486212,0.08363636363636362,0.021541903949276242,0.29552433093037045,5.0,DMFS,OOD,unt,TabSurv_M,40
3,27,0.19200997661661218,0.16888888888888876,0.0664613234755912,0.3920169841765503,5.0,DMFS,OOD,unt,TabSurv_M,40
4,26,0.29515761824754566,0.2630898513251456,0.1265636908976926,0.4977960729712304,5.0,DMFS,OOD,unt,TabSurv_M,40
5,27,0.44668931872756396,0.3189102564102564,0.17398665787126177,0.5377659075687788,5.0,DMFS,OOD,unt,TabSurv_M,40
1,27,0.38227868300897105,0.08653846153846156,0.022110212631683335,0.30679630426033877,10.0,DMFS,OOD,unt,TabSurv_M,40
2,26,0.440239654137538,0.2153485162180815,0.09547130457086905,0.44352782653927814,10.0,DMFS,OOD,unt,TabSurv_M,40
3,27,0.49401592987555043,0.17347593582887688,0.06814451645896236,0.40209984392005105,10.0,DMFS,OOD,unt,TabSurv_M,40
4,26,0.5975530697749212,0.316125051419169,0.16383053099731582,0.5537886673259957,10.0,DMFS,OOD,unt,TabSurv_M,40
5,27,0.720764896383992,0.3189102564102564,0.17398665787126177,0.5377659075687788,10.0,DMFS,OOD,unt,TabSurv_M,40
1,27,0.07291344360068992,0.07852564102564097,0.020220248553407982,0.2792069734944813,3.0,DMFS,OOD,unt,TabSurv_M,41
2,26,0.09543920480287992,0.040000000000000036,0.005733049251162248,0.25161497580524206,3.0,DMFS,OOD,unt,TabSurv_M,41
3,27,0.12498495313856336,0.15123456790123435,0.05956382303255214,0.3545556718467966,3.0,DMFS,OOD,unt,TabSurv_M,41
4,26,0.17101358679624704,0.21947826086956523,0.09738352137253048,0.45079556445932256,3.0,DMFS,OOD,unt,TabSurv_M,41
5,27,0.240573662298697,0.08026755852842804,0.020651368417241356,0.2850197250580323,3.0,DMFS,OOD,unt,TabSurv_M,41
1,27,0.15046411531942863,0.07852564102564097,0.020220248553407982,0.2792069734944813,5.0,DMFS,OOD,unt,TabSurv_M,41
2,26,0.1854119896888733,0.040000000000000036,0.005733049251162248,0.25161497580524206,5.0,DMFS,OOD,unt,TabSurv_M,41
3,27,0.22738345243312694,0.24057829759584126,0.11520031176132095,0.4613945079970968,5.0,DMFS,OOD,unt,TabSurv_M,41
4,26,0.29028069285246044,0.3642809364548495,0.2001483697582308,0.6010256048859048,5.0,DMFS,OOD,unt,TabSurv_M,41
5,27,0.3761232550497408,0.16387959866220736,0.0647714899080496,0.3802167827822073,5.0,DMFS,OOD,unt,TabSurv_M,41
1,27,0.4369980383802343,0.16859456333140543,0.06646338363312165,0.3908491949337959,10.0,DMFS,OOD,unt,TabSurv_M,41
2,26,0.48561734763475567,0.07999999999999996,0.020629414571950444,0.28360966274193655,10.0,DMFS,OOD,unt,TabSurv_M,41
3,27,0.5334898277565285,0.28260869565217384,0.1446580500155792,0.5063776952176312,10.0,DMFS,OOD,unt,TabSurv_M,41
4,26,0.6003648948210937,0.4328388746803069,0.250180855492829,0.6727462409026245,10.0,DMFS,OOD,unt,TabSurv_M,41
5,27,0.6793690643928669,0.16056166056166055,0.06338529759708134,0.37361842870199014,10.0,DMFS,OOD,unt,TabSurv_M,41
1,27,0.0627487544660215,0.038461538461538436,0.005508843056781787,0.24305571082241428,3.0,DMFS,OOD,unt,TabSurv_M,42
2,26,0.08775598498491141,0.08522727272727271,0.021999943465742855,0.30002359303882975,3.0,DMFS,OOD,unt,TabSurv_M,42
3,27,0.11254398690329658,0.1172839506172838,0.03933248167410175,0.32148196361562575,3.0,DMFS,OOD,unt,TabSurv_M,42
4,26,0.1536655334325937,0.1706349206349207,0.06763114241999091,0.3933921722506821,3.0,DMFS,OOD,unt,TabSurv_M,42
5,27,0.22844885455237496,0.15434343434343423,0.060810757409131555,0.3610655090169341,3.0,DMFS,OOD,unt,TabSurv_M,42
1,27,0.12211165604767976,0.038461538461538436,0.005508843056781787,0.24305571082241428,5.0,DMFS,OOD,unt,TabSurv_M,42
2,26,0.16145810943383437,0.08902691511387162,0.023012764179373812,0.31163008368880174,5.0,DMFS,OOD,unt,TabSurv_M,42
3,27,0.19800273798130177,0.16632373113854582,0.06522102798240137,0.38776549343584,5.0,DMFS,OOD,unt,TabSurv_M,42
4,26,0.25359388956656825,0.21010101010101012,0.09292262779628435,0.43467531888385913,5.0,DMFS,OOD,unt,TabSurv_M,42
5,27,0.35154057652861986,0.37042124542124544,0.21245547137816,0.5919696422104275,5.0,DMFS,OOD,unt,TabSurv_M,42
1,27,0.423644639827587,0.08424908424908428,0.021593111268109366,0.2987105103254788,10.0,DMFS,OOD,unt,TabSurv_M,42
2,26,0.48180452103798205,0.09974424552429662,0.0255180746794037,0.34762206239493765,10.0,DMFS,OOD,unt,TabSurv_M,42
3,27,0.5292571043526685,0.27053326474622763,0.12973393893770824,0.5113342500245182,10.0,DMFS,OOD,unt,TabSurv_M,42
4,26,0.5843760577531961,0.25219251336898396,0.12156807183676777,0.47877135279163074,10.0,DMFS,OOD,unt,TabSurv_M,42
5,27,0.683605146628839,0.41239316239316237,0.2467819540633065,0.6312125776812847,10.0,DMFS,OOD,unt,TabSurv_M,42
1,27,0.017721297564329924,0.040000000000000036,0.005733049251162248,0.25161497580524206,3.0,DMFS,OOD,unt,TabSurv_M,43
2,26,0.029357770314583413,0.040000000000000036,0.005733049251162248,0.25161497580524206,3.0,DMFS,OOD,unt,TabSurv_M,43
3,27,0.04626358438421179,0.11999999999999988,0.04036016766796746,0.3274385471366408,3.0,DMFS,OOD,unt,TabSurv_M,43
4,26,0.08868172535529503,0.19615384615384623,0.08653493982905913,0.4094747457316883,3.0,DMFS,OOD,unt,TabSurv_M,43
5,27,0.18108545188550595,0.16387959866220736,0.0647714899080496,0.3802167827822073,3.0,DMFS,OOD,unt,TabSurv_M,43
1,27,0.052763943318967464,0.040000000000000036,0.005733049251162248,0.25161497580524206,5.0,DMFS,OOD,unt,TabSurv_M,43
2,26,0.07632757150209867,0.040000000000000036,0.005733049251162248,0.25161497580524206,5.0,DMFS,OOD,unt,TabSurv_M,43
3,27,0.10920639170540704,0.16631578947368408,0.06559219592310295,0.38597315863717163,5.0,DMFS,OOD,unt,TabSurv_M,43
4,26,0.1824286855184115,0.3370535714285714,0.18288748792729959,0.5668106404009061,5.0,DMFS,OOD,unt,TabSurv_M,43
5,27,0.31800821975425436,0.2892976588628763,0.14956049407036243,0.5131933410888531,5.0,DMFS,OOD,unt,TabSurv_M,43
1,27,0.29467562834421795,0.14105263157894743,0.04733830028607022,0.3791803849929041,10.0,DMFS,OOD,unt,TabSurv_M,43
2,26,0.3469465466646048,0.12181818181818171,0.04095811412449124,0.33201955884511225,10.0,DMFS,OOD,unt,TabSurv_M,43
3,27,0.4037760120851022,0.18124108224525515,0.0714709057614692,0.4168061219848609,10.0,DMFS,OOD,unt,TabSurv_M,43
4,26,0.5081500353721472,0.3880494505494505,0.22120509368590768,0.6189035004316474,10.0,DMFS,OOD,unt,TabSurv_M,43
5,27,0.6521066311332915,0.2892976588628763,0.14956049407036243,0.5131933410888531,10.0,DMFS,OOD,unt,TabSurv_M,43
1,27,0.06559670854497839,0.07716049382716039,0.01983162117480264,0.27523410519126246,3.0,DMFS,OOD,unt,TabSurv_M,44
2,26,0.0870758959880242,0.038461538461538436,0.005508843056781787,0.24305571082241428,3.0,DMFS,OOD,unt,TabSurv_M,44
3,27,0.11524878387097959,0.16363636363636358,0.06470917577015989,0.3795478682903711,3.0,DMFS,OOD,unt,TabSurv_M,44
4,26,0.1613096801134256,0.12181818181818171,0.04095811412449124,0.33201955884511225,3.0,DMFS,OOD,unt,TabSurv_M,44
5,27,0.27554607832873307,0.1643902972027972,0.06486820401092386,0.38178219478606534,3.0,DMFS,OOD,unt,TabSurv_M,44
1,27,0.14014574774989375,0.07852564102564097,0.020220248553407982,0.2792069734944813,5.0,DMFS,OOD,unt,TabSurv_M,44
2,26,0.17541537376550528,0.038461538461538436,0.005508843056781787,0.24305571082241428,5.0,DMFS,OOD,unt,TabSurv_M,44
3,27,0.21836245942998816,0.1696109839816934,0.06702941674269736,0.3921873366448505,5.0,DMFS,OOD,unt,TabSurv_M,44
4,26,0.2831634214291206,0.30333333333333334,0.15621102209133697,0.5366000359312325,5.0,DMFS,OOD,unt,TabSurv_M,44
5,27,0.42732274532318115,0.29632867132867124,0.15317064930376312,0.5242710568350806,5.0,DMFS,OOD,unt,TabSurv_M,44
1,27,0.43624213448277227,0.12459935897435892,0.041702806812824234,0.3401354308353758,10.0,DMFS,OOD,unt,TabSurv_M,44
2,26,0.4866292809064572,0.13315850815850805,0.04444877131736236,0.36181146898826877,10.0,DMFS,OOD,unt,TabSurv_M,44
3,27,0.5369585708335594,0.2184573966886526,0.09665702404210219,0.44990934672036353,10.0,DMFS,OOD,unt,TabSurv_M,44
4,26,0.6066877704400283,0.35443181818181824,0.19371504818507734,0.5891192944200387,10.0,DMFS,OOD,unt,TabSurv_M,44
5,27,0.7387993059776448,0.29456508403876824,0.15215232262593392,0.5217848835425775,10.0,DMFS,OOD,unt,TabSurv_M,44
1,27,0.03220706736599958,0.07852564102564097,0.020220248553407982,0.2792069734944813,3.0,DMFS,OOD,unt,DeepHS,40
2,26,0.08703462894146259,0.04166666666666663,0.005976279804304707,0.26079384885310464,3.0,DMFS,OOD,unt,DeepHS,40
3,27,0.13412682436130666,0.08216783216783208,0.021108011439411323,0.29148920171219095,3.0,DMFS,OOD,unt,DeepHS,40
4,26,0.20061493378419143,0.15384615384615385,0.06070618905334113,0.3595651941593916,3.0,DMFS,OOD,unt,DeepHS,40
5,27,0.3704389289573387,0.20418123543123545,0.09033682857732572,0.4235659171685827,3.0,DMFS,OOD,unt,DeepHS,40
1,27,0.04537443761472349,0.07852564102564097,0.020220248553407982,0.2792069734944813,5.0,DMFS,OOD,unt,DeepHS,40
2,26,0.1267549876983349,0.1185897435897435,0.0398332844391418,0.3243023414511973,5.0,DMFS,OOD,unt,DeepHS,40
3,27,0.2078869453182927,0.12181818181818171,0.04095811412449124,0.33201955884511225,5.0,DMFS,OOD,unt,DeepHS,40
4,26,0.2966311596907102,0.2681818181818182,0.12937482921353816,0.5052132631646534,5.0,DMFS,OOD,unt,DeepHS,40
5,27,0.48708174846790453,0.28795163170163174,0.14872981049119305,0.5114187199024027,5.0,DMFS,OOD,unt,DeepHS,40
1,27,0.23234501149919298,0.16948306595365403,0.06619829802592159,0.39560409719906053,10.0,DMFS,OOD,unt,DeepHS,40
2,26,0.34214551402972293,0.17499999999999993,0.06836583512681549,0.4070147434970497,10.0,DMFS,OOD,unt,DeepHS,40
3,27,0.4121080305841234,0.3417703619909501,0.18642607569863845,0.5715930829676314,10.0,DMFS,OOD,unt,DeepHS,40
4,26,0.4775481407458966,0.17188075082811916,0.06791969865820247,0.39691825559348903,10.0,DMFS,OOD,unt,DeepHS,40
5,27,0.5726428429285685,0.256993006993007,0.12429630626837596,0.48562887291694556,10.0,DMFS,OOD,unt,DeepHS,40
1,27,0.05017863379584418,0.1172839506172838,0.03933248167410175,0.32148196361562575,3.0,DMFS,OOD,unt,DeepHS,41
2,26,0.10035659487430866,0.07999999999999996,0.020629414571950444,0.28360966274193655,3.0,DMFS,OOD,unt,DeepHS,41
3,27,0.13045673679422448,0.07890499194847012,0.020251507627459975,0.2812148459914907,3.0,DMFS,OOD,unt,DeepHS,41
4,26,0.1625138406570141,0.07999999999999996,0.020629414571950444,0.28360966274193655,3.0,DMFS,OOD,unt,DeepHS,41
5,27,0.2172616234532109,0.2145454545454546,0.09527574067120848,0.4414765793237013,3.0,DMFS,OOD,unt,DeepHS,41
1,27,0.17036050116574322,0.08522727272727271,0.021999943465742855,0.30002359303882975,5.0,DMFS,OOD,unt,DeepHS,41
2,26,0.2236835819024306,0.16387959866220736,0.0647714899080496,0.3802167827822073,5.0,DMFS,OOD,unt,DeepHS,41
3,27,0.253210637304518,0.20132435465768794,0.08848933318334318,0.4204077073869398,5.0,DMFS,OOD,unt,DeepHS,41
4,26,0.2810427798674657,0.19999999999999984,0.08854194043541685,0.41555091179704684,5.0,DMFS,OOD,unt,DeepHS,41
5,27,0.3579882626180296,0.2157437070938215,0.09557158043628533,0.44452197010650396,5.0,DMFS,OOD,unt,DeepHS,41
1,27,0.360256552696228,0.13725490196078427,0.04580657397188925,0.3717719322363542,10.0,DMFS,OOD,unt,DeepHS,41
2,26,0.4218959670800429,0.16229603729603725,0.06409053544483401,0.3771630741987103,10.0,DMFS,OOD,unt,DeepHS,41
3,27,0.46670217204976966,0.24879807692307687,0.10828761912219864,0.5103590690743331,10.0,DMFS,OOD,unt,DeepHS,41
4,26,0.5079304896868192,0.4288727129647846,0.25721002377559,0.6518832414583844,10.0,DMFS,OOD,unt,DeepHS,41
5,27,0.5886225214710942,0.15559440559440563,0.06137728373110918,0.3633637523788833,10.0,DMFS,OOD,unt,DeepHS,41
1,27,0.008142322791064227,0.07692307692307698,0.019812194981475018,0.27397022678800886,3.0,DMFS,OOD,unt,DeepHS,42
2,26,0.04439499057256258,0.15384615384615385,0.06070618905334113,0.3595651941593916,3.0,DMFS,OOD,unt,DeepHS,42
3,27,0.11149748607918068,0.20695652173913048,0.09176547040580096,0.42799261480450634,3.0,DMFS,OOD,unt,DeepHS,42
4,26,0.15645454480097845,0.08363636363636362,0.021541903949276242,0.29552433093037045,3.0,DMFS,OOD,unt,DeepHS,42
5,27,0.23024871393486304,0.038461538461538436,0.005508843056781787,0.24305571082241428,3.0,DMFS,OOD,unt,DeepHS,42
1,27,0.010648442024654812,0.12207357859531764,0.04100300578429472,0.3329246146236008,5.0,DMFS,OOD,unt,DeepHS,42
2,26,0.06089816643641545,0.279465632406809,0.1435876435273259,0.49996109811606293,5.0,DMFS,OOD,unt,DeepHS,42
3,27,0.15281565763332225,0.20833333333333337,0.09248324124292928,0.4301530132372191,5.0,DMFS,OOD,unt,DeepHS,42
4,26,0.2425045737853417,0.13047478836952509,0.04367582523222935,0.3544706531730495,5.0,DMFS,OOD,unt,DeepHS,42
5,27,0.31380569493329086,0.12459935897435892,0.041702806812824234,0.3401354308353758,5.0,DMFS,OOD,unt,DeepHS,42
1,27,0.1571003441457395,0.117056856187291,0.03929293685294011,0.32066645621735235,10.0,DMFS,OOD,unt,DeepHS,42
2,26,0.4781257899907919,0.2472727272727272,0.1193683948691645,0.46992741069021127,10.0,DMFS,OOD,unt,DeepHS,42
3,27,0.6043239456635935,0.44839474251238953,0.25639567034533983,0.6972129544084255,10.0,DMFS,OOD,unt,DeepHS,42
4,26,0.6679807465810043,0.2385054708382207,0.10499070490028795,0.4879405185342276,10.0,DMFS,OOD,unt,DeepHS,42
5,27,0.7885937050536826,0.12971866096866091,0.04314077074685052,0.3545075836070679,10.0,DMFS,OOD,unt,DeepHS,42
1,27,0.13870371712578666,0.19871794871794868,0.08788003761317198,0.413500271823812,3.0,DMFS,OOD,unt,DeepHS,43
2,26,0.18296137681374183,0.038461538461538436,0.005508843056781787,0.24305571082241428,3.0,DMFS,OOD,unt,DeepHS,43
3,27,0.21405064618145977,0.23365600448933777,0.11215940552749515,0.44861836409268185,3.0,DMFS,OOD,unt,DeepHS,43
4,26,0.24265383298580462,0.0,0.0,0.0,3.0,DMFS,OOD,unt,DeepHS,43
5,27,0.3193545937538147,0.08026755852842804,0.020651368417241356,0.2850197250580323,3.0,DMFS,OOD,unt,DeepHS,43
1,27,0.24258385764227974,0.1626602564102564,0.06415207169638915,0.37831822647193514,5.0,DMFS,OOD,unt,DeepHS,43
2,26,0.28326951081936175,0.17361111111111105,0.06860558444557485,0.40048080924002716,5.0,DMFS,OOD,unt,DeepHS,43
3,27,0.31233453309094467,0.15594202898550702,0.06145835211429096,0.3643711227089378,5.0,DMFS,OOD,unt,DeepHS,43
4,26,0.3651380630639883,0.24444444444444435,0.11773831610709184,0.465923366316791,5.0,DMFS,OOD,unt,DeepHS,43
5,27,0.4910964413925453,0.12587412587412583,0.04226316458786572,0.3423750349583907,5.0,DMFS,OOD,unt,DeepHS,43
1,27,0.3569314656434236,0.17552294197031026,0.06907409492603123,0.4057451423899371,10.0,DMFS,OOD,unt,DeepHS,43
2,26,0.4298701561414279,0.2780080782312925,0.1339563538406432,0.5218254303907475,10.0,DMFS,OOD,unt,DeepHS,43
3,27,0.4715113463225188,0.24949832775919734,0.12007441548247055,0.4748024307514871,10.0,DMFS,OOD,unt,DeepHS,43
4,26,0.5190836007778461,0.29922708870077286,0.15406445737988683,0.530299335381514,10.0,DMFS,OOD,unt,DeepHS,43
5,27,0.6354695448169002,0.1185897435897435,0.0398332844391418,0.3243023414511973,10.0,DMFS,OOD,unt,DeepHS,43
1,27,0.05545213708171138,0.0,0.0,0.0,3.0,DMFS,OOD,unt,DeepHS,44
2,26,0.08627885121565598,0.15719063545150502,0.062029754332404985,0.3666319814030582,3.0,DMFS,OOD,unt,DeepHS,44
3,27,0.11652168521174679,0.07555555555555549,0.019434231200138652,0.26983870940736543,3.0,DMFS,OOD,unt,DeepHS,44
4,26,0.17919724262677705,0.17836792836792847,0.07049810334089845,0.410195277673313,3.0,DMFS,OOD,unt,DeepHS,44
5,27,0.4475388835977625,0.15719063545150502,0.062029754332404985,0.3666319814030582,3.0,DMFS,OOD,unt,DeepHS,44
1,27,0.09623190208717629,0.07852564102564097,0.020220248553407982,0.2792069734944813,5.0,DMFS,OOD,unt,DeepHS,44
2,26,0.1313597445304577,0.16958041958041958,0.06706221228523301,0.39191424203885517,5.0,DMFS,OOD,unt,DeepHS,44
3,27,0.16645761993196276,0.191111111111111,0.08431103911286775,0.3999384955579802,5.0,DMFS,OOD,unt,DeepHS,44
4,26,0.23448455104461083,0.18064391748602282,0.07141272259836262,0.41477758447331103,5.0,DMFS,OOD,unt,DeepHS,44
5,27,0.5133454446439389,0.23745819397993329,0.11428502380804728,0.45424607114907944,5.0,DMFS,OOD,unt,DeepHS,44
1,27,0.27595387564765084,0.17149395227198427,0.06781304349254624,0.3959034833610209,10.0,DMFS,OOD,unt,DeepHS,44
2,26,0.3220653235912323,0.13866666666666672,0.0465234085966042,0.3735746296906959,10.0,DMFS,OOD,unt,DeepHS,44
3,27,0.35598671436309814,0.27675816993464053,0.14198246564418326,0.4962025915703746,10.0,DMFS,OOD,unt,DeepHS,44
4,26,0.42556092601556045,0.27556818181818177,0.13283349648487974,0.5176788915958774,10.0,DMFS,OOD,unt,DeepHS,44
5,27,0.6623099777433608,0.23745819397993329,0.11428502380804728,0.45424607114907944,10.0,DMFS,OOD,unt,DeepHS,44
1,27,0.0023130613821524156,0.0,0.0,0.0,3.0,DMFS,OOD,unt,DeepSurv,40
2,26,0.010618349680533776,0.2025335775335776,0.08955074635320626,0.4207043165157748,3.0,DMFS,OOD,unt,DeepSurv,40
3,27,0.03180259245413321,0.07852564102564097,0.020220248553407982,0.2792069734944813,3.0,DMFS,OOD,unt,DeepSurv,40
4,26,0.09467326448513912,0.12499999999999989,0.04211785913633459,0.339244650324658,3.0,DMFS,OOD,unt,DeepSurv,40
5,27,0.4681383644454871,0.1595959595959595,0.0628633373375701,0.3722612784560756,3.0,DMFS,OOD,unt,DeepSurv,40
1,27,0.008043436477802417,0.04166666666666663,0.005976279804304707,0.26079384885310464,5.0,DMFS,OOD,unt,DeepSurv,40
2,26,0.036589283209580645,0.2025335775335776,0.08955074635320626,0.4207043165157748,5.0,DMFS,OOD,unt,DeepSurv,40
3,27,0.10642072668781986,0.1185897435897435,0.0398332844391418,0.3243023414511973,5.0,DMFS,OOD,unt,DeepSurv,40
4,26,0.2911671996116638,0.17361111111111105,0.06860558444557485,0.40048080924002716,5.0,DMFS,OOD,unt,DeepSurv,40
5,27,0.8174044860711528,0.3303030303030302,0.1801872402552258,0.5547265903331637,5.0,DMFS,OOD,unt,DeepSurv,40
1,27,0.015340905987774885,0.09490740740740744,0.02427019898421534,0.3328333443969419,10.0,DMFS,OOD,unt,DeepSurv,40
2,26,0.0688943496117225,0.2994804759510643,0.15410950071611074,0.5309081526815326,10.0,DMFS,OOD,unt,DeepSurv,40
3,27,0.19318905583134405,0.1185897435897435,0.0398332844391418,0.3243023414511973,10.0,DMFS,OOD,unt,DeepSurv,40
4,26,0.4787224279000209,0.27083333333333337,0.1310137168266805,0.5085631933033268,10.0,DMFS,OOD,unt,DeepSurv,40
5,27,0.9339262996579158,0.3303030303030302,0.1801872402552258,0.5547265903331637,10.0,DMFS,OOD,unt,DeepSurv,40
1,27,0.0027954263192635992,0.08173913043478265,0.021072564903820812,0.28924408587255446,3.0,DMFS,OOD,unt,DeepSurv,41
2,26,0.01249578595161438,0.0,0.0,0.0,3.0,DMFS,OOD,unt,DeepSurv,41
3,27,0.03519469278830069,0.222222222222222,0.10655277564587462,0.4291196459664086,3.0,DMFS,OOD,unt,DeepSurv,41
4,26,0.09048109788161057,0.12041083916083906,0.04042260528106867,0.32896568789511416,3.0,DMFS,OOD,unt,DeepSurv,41
5,27,0.27805787214526423,0.12181818181818171,0.04095811412449124,0.33201955884511225,3.0,DMFS,OOD,unt,DeepSurv,41
1,27,0.008216974297276249,0.08173913043478265,0.021072564903820812,0.28924408587255446,5.0,DMFS,OOD,unt,DeepSurv,41
2,26,0.03641188603181105,0.04761904761904767,0.006847862808626259,0.29279323440050353,5.0,DMFS,OOD,unt,DeepSurv,41
3,27,0.10005183352364434,0.222222222222222,0.10655277564587462,0.4291196459664086,5.0,DMFS,OOD,unt,DeepSurv,41
4,26,0.24255192509064308,0.16927690365190362,0.06656560332758354,0.39305230510525213,5.0,DMFS,OOD,unt,DeepSurv,41
5,27,0.5897988293457914,0.33090909090909093,0.18109986731812722,0.5543378454479205,5.0,DMFS,OOD,unt,DeepSurv,41
1,27,0.027311309620186134,0.1327536231884059,0.044358861744996037,0.3605304416001577,10.0,DMFS,OOD,unt,DeepSurv,41
2,26,0.11703888269571158,0.09523809523809534,0.0247058509618876,0.3299541177649663,10.0,DMFS,OOD,unt,DeepSurv,41
3,27,0.29573447395254066,0.3137254901960783,0.16948647078524148,0.5338294229598974,10.0,DMFS,OOD,unt,DeepSurv,41
4,26,0.5972948859517391,0.21814296814296807,0.09620750384715415,0.45044858955200484,10.0,DMFS,OOD,unt,DeepSurv,41
5,27,0.9192012182794753,0.33090909090909093,0.18109986731812722,0.5543378454479205,10.0,DMFS,OOD,unt,DeepSurv,41
1,27,0.0001343749717429771,0.114074074074074,0.038256603184864235,0.31346217101869756,3.0,DMFS,OOD,unt,DeepSurv,42
2,26,0.0005377691525679368,0.1599999999999998,0.06326675974865992,0.371943918443822,3.0,DMFS,OOD,unt,DeepSurv,42
3,27,0.0016553446098610206,0.07999999999999996,0.020629414571950444,0.28360966274193655,3.0,DMFS,OOD,unt,DeepSurv,42
4,26,0.0037327660964085506,0.0,0.0,0.0,3.0,DMFS,OOD,unt,DeepSurv,42
5,27,0.07534970839818318,0.20418123543123545,0.09033682857732572,0.4235659171685827,3.0,DMFS,OOD,unt,DeepSurv,42
1,27,0.00034862105758101566,0.15434343434343423,0.060810757409131555,0.3610655090169341,5.0,DMFS,OOD,unt,DeepSurv,42
2,26,0.0017816172196314884,0.24633333333333318,0.11868287616796103,0.46903266656718834,5.0,DMFS,OOD,unt,DeepSurv,42
3,27,0.00547696484459771,0.12380952380952381,0.041589647139319674,0.33717545952276895,5.0,DMFS,OOD,unt,DeepSurv,42
4,26,0.012316437867971567,0.13260869565217392,0.04475173904281715,0.3572899112864619,5.0,DMFS,OOD,unt,DeepSurv,42
5,27,0.18514371884089928,0.20418123543123545,0.09033682857732572,0.4235659171685827,5.0,DMFS,OOD,unt,DeepSurv,42
1,27,0.0071939605253714105,0.15434343434343423,0.060810757409131555,0.3610655090169341,10.0,DMFS,OOD,unt,DeepSurv,42
2,26,0.03728508261533884,0.2934374999999999,0.1512642528676913,0.520793114004801,10.0,DMFS,OOD,unt,DeepSurv,42
3,27,0.11040997505187988,0.21658263305322134,0.09576594845114705,0.4466971932443483,10.0,DMFS,OOD,unt,DeepSurv,42
4,26,0.23000881534356338,0.1807971014492754,0.07178119748635137,0.41369157369418685,10.0,DMFS,OOD,unt,DeepSurv,42
5,27,0.7738310955859928,0.2653980634749865,0.12618775584069963,0.5059999792921752,10.0,DMFS,OOD,unt,DeepSurv,42
1,27,0.00010504199840403554,0.117056856187291,0.03929293685294011,0.32066645621735235,3.0,DMFS,OOD,unt,DeepSurv,43
2,26,0.00035188060540419357,0.08333333333333326,0.02151696342570386,0.2939447321559855,3.0,DMFS,OOD,unt,DeepSurv,43
3,27,0.000978549321492513,0.07407407407407396,0.019057262921292284,0.26495917717965856,3.0,DMFS,OOD,unt,DeepSurv,43
4,26,0.003302459533397968,0.08173913043478265,0.021072564903820812,0.28924408587255446,3.0,DMFS,OOD,unt,DeepSurv,43
5,27,0.059004492229885526,0.2041739130434781,0.08998622198395956,0.4248365483128538,3.0,DMFS,OOD,unt,DeepSurv,43
1,27,0.0018537795102154767,0.117056856187291,0.03929293685294011,0.32066645621735235,5.0,DMFS,OOD,unt,DeepSurv,43
2,26,0.009732587979390072,0.13725490196078427,0.04580657397188925,0.3717719322363542,5.0,DMFS,OOD,unt,DeepSurv,43
3,27,0.026825255817837186,0.11111111111111105,0.03725115686994418,0.3061041864261357,5.0,DMFS,OOD,unt,DeepSurv,43
4,26,0.08718524529383732,0.16730434782608705,0.06618820038867512,0.38706486855298583,5.0,DMFS,OOD,unt,DeepSurv,43
5,27,0.513020602751406,0.343127674258109,0.18697048221427892,0.573994114787842,5.0,DMFS,OOD,unt,DeepSurv,43
1,27,0.005949676036834717,0.21516164994425868,0.09462933399394546,0.4459291144099473,10.0,DMFS,OOD,unt,DeepSurv,43
2,26,0.030937577669437114,0.13725490196078427,0.04580657397188925,0.3717719322363542,10.0,DMFS,OOD,unt,DeepSurv,43
3,27,0.08356532564869633,0.11111111111111105,0.03725115686994418,0.3061041864261357,10.0,DMFS,OOD,unt,DeepSurv,43
4,26,0.25033602576989394,0.3039386189258312,0.15734740331634045,0.53549578200759,10.0,DMFS,OOD,unt,DeepSurv,43
5,27,0.7960505934951483,0.343127674258109,0.18697048221427892,0.573994114787842,10.0,DMFS,OOD,unt,DeepSurv,43
1,27,0.0009853143232840071,0.07692307692307698,0.019812194981475018,0.27397022678800886,3.0,DMFS,OOD,unt,DeepSurv,44
2,26,0.0034388555930210995,0.038461538461538436,0.005508843056781787,0.24305571082241428,3.0,DMFS,OOD,unt,DeepSurv,44
3,27,0.007084597040105749,0.038461538461538436,0.005508843056781787,0.24305571082241428,3.0,DMFS,OOD,unt,DeepSurv,44
4,26,0.027404262469365046,0.2124999999999999,0.09432584568837121,0.437867461263456,3.0,DMFS,OOD,unt,DeepSurv,44
5,27,0.18791457348399693,0.19781468531468538,0.08729896516640712,0.4124842235266456,3.0,DMFS,OOD,unt,DeepSurv,44
1,27,0.00342717656382808,0.07692307692307698,0.019812194981475018,0.27397022678800886,5.0,DMFS,OOD,unt,DeepSurv,44
2,26,0.011940293587171115,0.08216783216783208,0.021108011439411323,0.29148920171219095,5.0,DMFS,OOD,unt,DeepSurv,44
3,27,0.024483994201377587,0.038461538461538436,0.005508843056781787,0.24305571082241428,5.0,DMFS,OOD,unt,DeepSurv,44
4,26,0.09160126860325153,0.3554166666666666,0.1948633928189233,0.5892536604366646,5.0,DMFS,OOD,unt,DeepSurv,44
5,27,0.4663264861813298,0.3244755244755245,0.17684144965125026,0.5464662818696875,5.0,DMFS,OOD,unt,DeepSurv,44
1,27,0.005946742163764106,0.1230769230769232,0.041129228535926154,0.33681682453996487,10.0,DMFS,OOD,unt,DeepSurv,44
2,26,0.020658765847866353,0.21842863019333614,0.0966834193793501,0.449716681153681,10.0,DMFS,OOD,unt,DeepSurv,44
3,27,0.042157872959419536,0.038461538461538436,0.005508843056781787,0.24305571082241428,10.0,DMFS,OOD,unt,DeepSurv,44
4,26,0.1525489825468797,0.4049999999999999,0.23343726251101182,0.6372374444073863,10.0,DMFS,OOD,unt,DeepSurv,44
5,27,0.6272569883407818,0.3244755244755245,0.17684144965125026,0.5464662818696875,10.0,DMFS,OOD,unt,DeepSurv,44
1,27,0.04059977001614041,0.07852564102564097,0.020220248553407982,0.2792069734944813,3.0,DMFS,OOD,unt,ENCox,40
2,26,0.0858305417574369,0.040000000000000036,0.005733049251162248,0.25161497580524206,3.0,DMFS,OOD,unt,ENCox,40
3,27,0.14636892742580837,0.19461279461279457,0.08584100046848142,0.40662078283161607,3.0,DMFS,OOD,unt,ENCox,40
4,26,0.3280255450652196,0.04166666666666663,0.005976279804304707,0.26079384885310464,3.0,DMFS,OOD,unt,ENCox,40
5,27,0.7478874933181537,0.20418123543123545,0.09033682857732572,0.4235659171685827,3.0,DMFS,OOD,unt,ENCox,40
1,27,0.09328713461204811,0.1185897435897435,0.0398332844391418,0.3243023414511973,5.0,DMFS,OOD,unt,ENCox,40
2,26,0.19121090494669402,0.040000000000000036,0.005733049251162248,0.25161497580524206,5.0,DMFS,OOD,unt,ENCox,40
3,27,0.31198852150528517,0.28936423054070104,0.1483980558280421,0.516356880736264,5.0,DMFS,OOD,unt,ENCox,40
4,26,0.6019571595467054,0.12878787878787878,0.04341213787972231,0.3483693732754851,5.0,DMFS,OOD,unt,ENCox,40
5,27,0.932226389189844,0.28795163170163174,0.14872981049119305,0.5114187199024027,5.0,DMFS,OOD,unt,ENCox,40
1,27,0.1562084710156476,0.1185897435897435,0.0398332844391418,0.3243023414511973,10.0,DMFS,OOD,unt,ENCox,40
2,26,0.30822144334132856,0.1365079365079367,0.04575792024032077,0.36866476886719035,10.0,DMFS,OOD,unt,ENCox,40
3,27,0.4772680468029446,0.34012392835922234,0.18456273613157625,0.5712905984754384,10.0,DMFS,OOD,unt,ENCox,40
4,26,0.7896852587851194,0.18686868686868685,0.07334224276507995,0.4298130108191872,10.0,DMFS,OOD,unt,ENCox,40
5,27,0.9838445796471125,0.3324546547202798,0.1816957653198331,0.557163915693256,10.0,DMFS,OOD,unt,ENCox,40
1,27,0.13905629405268916,0.04166666666666663,0.005976279804304707,0.26079384885310464,3.0,DMFS,OOD,unt,ENCox,41
2,26,0.16537724320705122,0.12181818181818171,0.04095811412449124,0.33201955884511225,3.0,DMFS,OOD,unt,ENCox,41
3,27,0.18171090770650794,0.07852564102564097,0.020220248553407982,0.2792069734944813,3.0,DMFS,OOD,unt,ENCox,41
4,26,0.2128825095983652,0.15865384615384603,0.06266016064572577,0.3694668815799427,3.0,DMFS,OOD,unt,ENCox,41
5,27,0.26288768980238175,0.15384615384615385,0.06070618905334113,0.3595651941593916,3.0,DMFS,OOD,unt,ENCox,41
1,27,0.21298721101548937,0.04166666666666663,0.005976279804304707,0.26079384885310464,5.0,DMFS,OOD,unt,ENCox,41
2,26,0.2511696700866406,0.12181818181818171,0.04095811412449124,0.33201955884511225,5.0,DMFS,OOD,unt,ENCox,41
3,27,0.27449007608272413,0.12971866096866091,0.04314077074685052,0.3545075836070679,5.0,DMFS,OOD,unt,ENCox,41
4,26,0.318180120908297,0.3212669683257918,0.17520802894267384,0.541429059463576,5.0,DMFS,OOD,unt,ENCox,41
5,27,0.3855992125140296,0.23269230769230775,0.11183924427405101,0.446509862085273,5.0,DMFS,OOD,unt,ENCox,41
1,27,0.32370997799767387,0.08958333333333335,0.023059136194082952,0.3144741591579361,10.0,DMFS,OOD,unt,ENCox,41
2,26,0.37657396839215207,0.18036363636363628,0.07020570133271353,0.41926085268879254,10.0,DMFS,OOD,unt,ENCox,41
3,27,0.40800167013097693,0.28329772079772075,0.1369828563876314,0.5291111143809257,10.0,DMFS,OOD,unt,ENCox,41
4,26,0.46507423657637376,0.3212669683257918,0.17520802894267384,0.541429059463576,10.0,DMFS,OOD,unt,ENCox,41
5,27,0.5476511827221623,0.23269230769230775,0.11183924427405101,0.446509862085273,10.0,DMFS,OOD,unt,ENCox,41
1,27,0.004917197757297092,0.1525925925925925,0.06014549245190037,0.3572224264052216,3.0,DMFS,OOD,unt,ENCox,42
2,26,0.011990203307225155,0.04347826086956519,0.006241063381247192,0.27066138546586505,3.0,DMFS,OOD,unt,ENCox,42
3,27,0.023904383182525635,0.040000000000000036,0.005733049251162248,0.25161497580524206,3.0,DMFS,OOD,unt,ENCox,42
4,26,0.04035610189804664,0.20380952380952377,0.09022215053912441,0.4226896132483222,3.0,DMFS,OOD,unt,ENCox,42
5,27,0.17791808948472695,0.1185897435897435,0.0398332844391418,0.3243023414511973,3.0,DMFS,OOD,unt,ENCox,42
1,27,0.012940197079269975,0.24231808278867095,0.11600956316717204,0.46444961347111025,5.0,DMFS,OOD,unt,ENCox,42
2,26,0.03137668967247009,0.08902691511387162,0.023012764179373812,0.31163008368880174,5.0,DMFS,OOD,unt,ENCox,42
3,27,0.061942235187247945,0.07999999999999996,0.020629414571950444,0.28360966274193655,5.0,DMFS,OOD,unt,ENCox,42
4,26,0.10310925199435307,0.29008403361344537,0.14978264797947582,0.5148982921258245,5.0,DMFS,OOD,unt,ENCox,42
5,27,0.3310579362463344,0.15865384615384603,0.06266016064572577,0.3694668815799427,5.0,DMFS,OOD,unt,ENCox,42
1,27,0.08694201266324078,0.289673202614379,0.14851751789204592,0.5169442785716705,10.0,DMFS,OOD,unt,ENCox,42
2,26,0.19995024800300598,0.22835221044939702,0.10181042934083284,0.46518623630250644,10.0,DMFS,OOD,unt,ENCox,42
3,27,0.3607976304160224,0.07999999999999996,0.020629414571950444,0.28360966274193655,10.0,DMFS,OOD,unt,ENCox,42
4,26,0.5316483813982743,0.29008403361344537,0.14978264797947582,0.5148982921258245,10.0,DMFS,OOD,unt,ENCox,42
5,27,0.8333662740731957,0.22337278106508862,0.0963718928369185,0.46773742844144706,10.0,DMFS,OOD,unt,ENCox,42
1,27,0.10325842212747645,0.04166666666666663,0.005976279804304707,0.26079384885310464,3.0,DMFS,OOD,unt,ENCox,43
2,26,0.12134434168155377,0.08695652173913038,0.02248433009928641,0.3050524624679415,3.0,DMFS,OOD,unt,ENCox,43
3,27,0.1366269720925225,0.185185185185185,0.08158929190786945,0.389074004354773,3.0,DMFS,OOD,unt,ENCox,43
4,26,0.15403018318689787,0.04166666666666663,0.005976279804304707,0.26079384885310464,3.0,DMFS,OOD,unt,ENCox,43
5,27,0.1887712279955546,0.20568561872909707,0.09108748463286298,0.4260536112478388,3.0,DMFS,OOD,unt,ENCox,43
1,27,0.2087417002077456,0.04166666666666663,0.005976279804304707,0.26079384885310464,5.0,DMFS,OOD,unt,ENCox,43
2,26,0.24277819578464216,0.13501144164759715,0.045512006950957806,0.36340061563323844,5.0,DMFS,OOD,unt,ENCox,43
3,27,0.2708013123936123,0.185185185185185,0.08158929190786945,0.389074004354773,5.0,DMFS,OOD,unt,ENCox,43
4,26,0.30199481890751767,0.13293650793650802,0.04481060420417038,0.3584167991327023,5.0,DMFS,OOD,unt,ENCox,43
5,27,0.36188915703031754,0.3756967670011149,0.21573520189680861,0.5988241468302371,5.0,DMFS,OOD,unt,ENCox,43
1,27,0.2575844548366688,0.09490740740740744,0.02427019898421534,0.3328333443969419,10.0,DMFS,OOD,unt,ENCox,43
2,26,0.2980620379631336,0.13501144164759715,0.045512006950957806,0.36340061563323844,10.0,DMFS,OOD,unt,ENCox,43
3,27,0.3309479201281512,0.2666666666666665,0.13666143476138615,0.4803631598471011,10.0,DMFS,OOD,unt,ENCox,43
4,26,0.3671328929754404,0.1785714285714286,0.07091201880831577,0.40908950291621304,10.0,DMFS,OOD,unt,ENCox,43
5,27,0.4352595375643836,0.42372009261641375,0.25362708363335384,0.6459990028945295,10.0,DMFS,OOD,unt,ENCox,43
1,27,0.02292038334740533,0.22962962962962963,0.1102997697178153,0.4414194366352312,3.0,DMFS,OOD,unt,ENCox,44
2,26,0.04976860147256117,0.038461538461538436,0.005508843056781787,0.24305571082241428,3.0,DMFS,OOD,unt,ENCox,44
3,27,0.08797778906645598,0.0,0.0,0.0,3.0,DMFS,OOD,unt,ENCox,44
4,26,0.1559727008526142,0.08522727272727271,0.021999943465742855,0.30002359303882975,3.0,DMFS,OOD,unt,ENCox,44
5,27,0.42014375107630536,0.1966262626262626,0.08667326305719703,0.4106284322254541,3.0,DMFS,OOD,unt,ENCox,44
1,27,0.054999885735688384,0.22962962962962963,0.1102997697178153,0.4414194366352312,5.0,DMFS,OOD,unt,ENCox,44
2,26,0.11726019932673527,0.08424908424908428,0.021593111268109366,0.2987105103254788,5.0,DMFS,OOD,unt,ENCox,44
3,27,0.20127803528750385,0.0,0.0,0.0,5.0,DMFS,OOD,unt,ENCox,44
4,26,0.3385870640094464,0.3081550802139037,0.1600398139990773,0.5407550658503313,5.0,DMFS,OOD,unt,ENCox,44
5,27,0.6752925341892022,0.23890909090909085,0.11472826467739727,0.45751950197863256,5.0,DMFS,OOD,unt,ENCox,44
1,27,0.08890022613384106,0.22962962962962963,0.1102997697178153,0.4414194366352312,10.0,DMFS,OOD,unt,ENCox,44
2,26,0.18583554946459258,0.18599918599918597,0.07342830150752755,0.426113621251751,10.0,DMFS,OOD,unt,ENCox,44
3,27,0.30926651866347704,0.10526315789473684,0.027414609438570547,0.3592056454946131,10.0,DMFS,OOD,unt,ENCox,44
4,26,0.49325547310022205,0.3575725744843391,0.19659815274628922,0.5911903446032419,10.0,DMFS,OOD,unt,ENCox,44
5,27,0.8167720596283674,0.23890909090909085,0.11472826467739727,0.45751950197863256,10.0,DMFS,OOD,unt,ENCox,44
1,27,0.4352816652368616,0.07692307692307698,0.019812194981475018,0.27397022678800886,3.0,DMFS,OOD,unt,LH,40
2,26,0.5741768685670999,0.045454545454545414,0.006530397559958212,0.28129714657606797,3.0,DMFS,OOD,unt,LH,40
3,27,0.6674363171612775,0.1923076923076923,0.08492333349702552,0.4018862263954004,3.0,DMFS,OOD,unt,LH,40
4,26,0.7642691765840237,0.08173913043478265,0.021072564903820812,0.28924408587255446,3.0,DMFS,OOD,unt,LH,40
5,27,0.8889982491317723,0.16083916083916083,0.06344598987007388,0.37443524177167264,3.0,DMFS,OOD,unt,LH,40
1,27,0.48757772202844973,0.07692307692307698,0.019812194981475018,0.27397022678800886,5.0,DMFS,OOD,unt,LH,40
2,26,0.6694459238877664,0.13875598086124397,0.046925308869235516,0.37140437755110633,5.0,DMFS,OOD,unt,LH,40
3,27,0.7798034013421448,0.15865384615384603,0.06266016064572577,0.3694668815799427,5.0,DMFS,OOD,unt,LH,40
4,26,0.8709866209672048,0.20799999999999985,0.09202625662999497,0.43066403009289234,5.0,DMFS,OOD,unt,LH,40
5,27,0.9583881718141062,0.285236502627807,0.14707000896820133,0.5077954357847414,5.0,DMFS,OOD,unt,LH,40
1,27,0.7720826080551854,0.17116062949396282,0.06735189233629157,0.3967527250859674,10.0,DMFS,OOD,unt,LH,40
2,26,0.8797669384915096,0.20293522267206465,0.08963262193849464,0.4218086005498013,10.0,DMFS,OOD,unt,LH,40
3,27,0.9272559094760153,0.20379072681704258,0.08048081522119166,0.46150781815217234,10.0,DMFS,OOD,unt,LH,40
4,26,0.9723645537518538,0.33916083916083906,0.18500748656712862,0.5677713389760695,10.0,DMFS,OOD,unt,LH,40
5,27,0.99239430953188,0.20418123543123545,0.09033682857732572,0.4235659171685827,10.0,DMFS,OOD,unt,LH,40
1,27,0.02266387144724528,0.07555555555555549,0.019434231200138652,0.26983870940736543,3.0,DMFS,OOD,unt,LH,41
2,26,0.03083190551170936,0.08333333333333326,0.02151696342570386,0.2939447321559855,3.0,DMFS,OOD,unt,LH,41
3,27,0.04355544955642135,0.11265432098765416,0.03775799809967284,0.3100574757961484,3.0,DMFS,OOD,unt,LH,41
4,26,0.08036766143945548,0.08333333333333326,0.02151696342570386,0.2939447321559855,3.0,DMFS,OOD,unt,LH,41
5,27,0.3344011803468068,0.2013521457965901,0.08891551074038395,0.4189155372092098,3.0,DMFS,OOD,unt,LH,41
1,27,0.026999826784487122,0.08173913043478265,0.021072564903820812,0.28924408587255446,5.0,DMFS,OOD,unt,LH,41
2,26,0.03692297064341032,0.12347826086956526,0.04154568351328736,0.335910330496478,5.0,DMFS,OOD,unt,LH,41
3,27,0.06230669109909623,0.20250582750582757,0.08912669056518052,0.42218227892538285,5.0,DMFS,OOD,unt,LH,41
4,26,0.2522951135268578,0.08424908424908428,0.021593111268109366,0.2987105103254788,5.0,DMFS,OOD,unt,LH,41
5,27,0.8144862743232537,0.37914230019493167,0.21735101689922676,0.6042893286166342,5.0,DMFS,OOD,unt,LH,41
1,27,0.06445376299045703,0.16835016835016825,0.06645640849113155,0.389920654440849,10.0,DMFS,OOD,unt,LH,41
2,26,0.1490412996365474,0.08730158730158732,0.022512825645043533,0.30682978233489355,10.0,DMFS,OOD,unt,LH,41
3,27,0.4219696996388612,0.120879120879121,0.040483172055160166,0.3307778109648464,10.0,DMFS,OOD,unt,LH,41
4,26,0.8270367171901923,0.3081550802139037,0.15795645803087355,0.5458756392583557,10.0,DMFS,OOD,unt,LH,41
5,27,0.9910690146807236,0.42799999999999994,0.257044246670196,0.6501534337707263,10.0,DMFS,OOD,unt,LH,41
1,27,0.08702326703954626,0.11538461538461542,0.038743364628449295,0.3164165581288185,3.0,DMFS,OOD,unt,LH,42
2,26,0.11561191998995267,0.07999999999999996,0.020629414571950444,0.28360966274193655,3.0,DMFS,OOD,unt,LH,42
3,27,0.13715595448458637,0.04166666666666663,0.005976279804304707,0.26079384885310464,3.0,DMFS,OOD,unt,LH,42
4,26,0.1624912596665896,0.038461538461538436,0.005508843056781787,0.24305571082241428,3.0,DMFS,OOD,unt,LH,42
5,27,0.35722489655017853,0.2736507936507936,0.14067521799529614,0.49046747940311264,3.0,DMFS,OOD,unt,LH,42
1,27,0.09446662443655508,0.11538461538461542,0.038743364628449295,0.3164165581288185,5.0,DMFS,OOD,unt,LH,42
2,26,0.12667290064004752,0.1254658385093168,0.042188898744229486,0.34095576052279064,5.0,DMFS,OOD,unt,LH,42
3,27,0.15383723709318373,0.09523809523809534,0.0247058509618876,0.3299541177649663,5.0,DMFS,OOD,unt,LH,42
4,26,0.18857831221360427,0.17188075082811916,0.06791969865820247,0.39691825559348903,5.0,DMFS,OOD,unt,LH,42
5,27,0.551348875966613,0.3568783068783069,0.20357526000016568,0.5751564282064447,5.0,DMFS,OOD,unt,LH,42
1,27,0.13347124170373986,0.1678321678321678,0.06589392303706199,0.39053322320128947,10.0,DMFS,OOD,unt,LH,42
2,26,0.18282377949127784,0.22526041666666663,0.09964622277027746,0.46237139110531134,10.0,DMFS,OOD,unt,LH,42
3,27,0.2684151464038425,0.1254658385093168,0.042188898744229486,0.34095576052279064,10.0,DMFS,OOD,unt,LH,42
4,26,0.46051396888035995,0.3181818181818181,0.16368329786064573,0.559838761563892,10.0,DMFS,OOD,unt,LH,42
5,27,0.9130485230308509,0.27622377622377625,0.14221246438673318,0.49402408232826356,10.0,DMFS,OOD,unt,LH,42
1,27,0.031141594604209618,0.07999999999999996,0.020629414571950444,0.28360966274193655,3.0,DMFS,OOD,unt,LH,43
2,26,0.04378045063752394,0.15384615384615385,0.06070618905334113,0.3595651941593916,3.0,DMFS,OOD,unt,LH,43
3,27,0.05285119789618033,0.038461538461538436,0.005508843056781787,0.24305571082241428,3.0,DMFS,OOD,unt,LH,43
4,26,0.06805565724006066,0.13142857142857156,0.044202178361443245,0.3554283279848329,3.0,DMFS,OOD,unt,LH,43
5,27,0.22078854507870144,0.15719063545150502,0.062029754332404985,0.3666319814030582,3.0,DMFS,OOD,unt,LH,43
1,27,0.0476476130662141,0.11999999999999988,0.04036016766796746,0.3274385471366408,5.0,DMFS,OOD,unt,LH,43
2,26,0.061801717831538275,0.0,0.0,0.0,5.0,DMFS,OOD,unt,LH,43
3,27,0.07672745210153085,0.2042105263157893,0.09030556643630516,0.4237835803193174,5.0,DMFS,OOD,unt,LH,43
4,26,0.13254849727337176,0.3057197860962567,0.1579273617186463,0.5390902559951136,5.0,DMFS,OOD,unt,LH,43
5,27,0.49103411314664064,0.23632850241545877,0.11362531143174104,0.4526620539178803,5.0,DMFS,OOD,unt,LH,43
1,27,0.08605647970128942,0.13461538461538458,0.045108550176061524,0.36420383008325186,10.0,DMFS,OOD,unt,LH,43
2,26,0.19563604318178618,0.1230769230769232,0.041129228535926154,0.33681682453996487,10.0,DMFS,OOD,unt,LH,43
3,27,0.34072633142824527,0.18110670194003542,0.07186604307725486,0.41449370463767465,10.0,DMFS,OOD,unt,LH,43
4,26,0.7374479211866856,0.36049689440993793,0.19785712406977896,0.5960852007238039,10.0,DMFS,OOD,unt,LH,43
5,27,0.9744101211135449,0.3064949006977993,0.16629971313985226,0.5212079686415318,10.0,DMFS,OOD,unt,LH,43
1,27,0.01196611589855618,0.19461279461279457,0.08584100046848142,0.40662078283161607,3.0,DMFS,OOD,unt,LH,44
2,26,0.019806109941922702,0.04166666666666663,0.005976279804304707,0.26079384885310464,3.0,DMFS,OOD,unt,LH,44
3,27,0.026198451165799743,0.04166666666666663,0.005976279804304707,0.26079384885310464,3.0,DMFS,OOD,unt,LH,44
4,26,0.03638005944398733,0.12727272727272732,0.042822111176383126,0.3452048115352243,3.0,DMFS,OOD,unt,LH,44
5,27,0.17232798922944953,0.15123456790123435,0.05956382303255214,0.3545556718467966,3.0,DMFS,OOD,unt,LH,44
1,27,0.014098456612339726,0.27748068924539504,0.142270571101887,0.4975744176690807,5.0,DMFS,OOD,unt,LH,44
2,26,0.022878683530367337,0.040000000000000036,0.005733049251162248,0.25161497580524206,5.0,DMFS,OOD,unt,LH,44
3,27,0.03107117944293552,0.09130434782608698,0.023575551827414665,0.31903076287114085,5.0,DMFS,OOD,unt,LH,44
4,26,0.054616561302771933,0.16874999999999996,0.06685404221095137,0.3896296018740246,5.0,DMFS,OOD,unt,LH,44
5,27,0.35269441779840877,0.27122153209109734,0.13919852880161854,0.4871723166374282,5.0,DMFS,OOD,unt,LH,44
1,27,0.02864623511279071,0.15123456790123435,0.05956382303255214,0.3545556718467966,10.0,DMFS,OOD,unt,LH,44
2,26,0.0492420127758613,0.1807971014492754,0.07178119748635137,0.41369157369418685,10.0,DMFS,OOD,unt,LH,44
3,27,0.10769975626910175,0.27059496567505725,0.13131802561132955,0.506971611454679,10.0,DMFS,OOD,unt,LH,44
4,26,0.28010379121853757,0.19527511961722477,0.07649118073631078,0.44741463270013515,10.0,DMFS,OOD,unt,LH,44
5,27,0.8226494280004046,0.303030303030303,0.16438287789887673,0.5160304454960216,10.0,DMFS,OOD,unt,LH,44
1,27,0.0008898639820240146,0.08026755852842804,0.020651368417241356,0.2850197250580323,3.0,DMFS,OOD,unt,MTLR,40
2,26,0.01854539605287405,0.04166666666666663,0.005976279804304707,0.26079384885310464,3.0,DMFS,OOD,unt,MTLR,40
3,27,0.09433639270287973,0.08522727272727271,0.021999943465742855,0.30002359303882975,3.0,DMFS,OOD,unt,MTLR,40
4,26,0.3200276975448315,0.2692307692307694,0.1384974403625816,0.483114264712016,3.0,DMFS,OOD,unt,MTLR,40
5,27,0.6940333799079612,0.08333333333333326,0.02151696342570386,0.2939447321559855,3.0,DMFS,OOD,unt,MTLR,40
1,27,0.0017355198436313194,0.12207357859531764,0.04100300578429472,0.3329246146236008,5.0,DMFS,OOD,unt,MTLR,40
2,26,0.03151686833455013,0.04347826086956519,0.006241063381247192,0.27066138546586505,5.0,DMFS,OOD,unt,MTLR,40
3,27,0.15853374754941021,0.1788103201146679,0.07004396438884841,0.413998696375941,5.0,DMFS,OOD,unt,MTLR,40
4,26,0.4564045530099135,0.23481781376518207,0.11278527750934064,0.45041243217158167,5.0,DMFS,OOD,unt,MTLR,40
5,27,0.8237420762026751,0.2892976588628763,0.14956049407036243,0.5131933410888531,5.0,DMFS,OOD,unt,MTLR,40
1,27,0.017115197799823904,0.1737163092661813,0.06821690761671906,0.40270004489521216,10.0,DMFS,OOD,unt,MTLR,40
2,26,0.09824665463887729,0.12727272727272732,0.042822111176383126,0.3452048115352243,10.0,DMFS,OOD,unt,MTLR,40
3,27,0.31588063416657625,0.2593733497623657,0.12460111215201464,0.4921015496406941,10.0,DMFS,OOD,unt,MTLR,40
4,26,0.6941456221617185,0.31651282051282037,0.16229573486766846,0.5585783557852965,10.0,DMFS,OOD,unt,MTLR,40
5,27,0.9478867053985596,0.23878205128205132,0.11502234662824906,0.456211338239918,10.0,DMFS,OOD,unt,MTLR,40
1,27,0.013791477238690411,0.0,0.0,0.0,3.0,DMFS,OOD,unt,MTLR,41
2,26,0.034644548709575944,0.07999999999999996,0.020629414571950444,0.28360966274193655,3.0,DMFS,OOD,unt,MTLR,41
3,27,0.063385217278092,0.16521739130434787,0.06539471878658742,0.3825663112737753,3.0,DMFS,OOD,unt,MTLR,41
4,26,0.1877769552744352,0.20199999999999985,0.08939773236450832,0.4194003846877413,3.0,DMFS,OOD,unt,MTLR,41
5,27,0.41752070409280284,0.12181818181818171,0.04095811412449124,0.33201955884511225,3.0,DMFS,OOD,unt,MTLR,41
1,27,0.021433735335314716,0.040000000000000036,0.005733049251162248,0.25161497580524206,5.0,DMFS,OOD,unt,MTLR,41
2,26,0.056806362592256986,0.12041083916083906,0.04042260528106867,0.32896568789511416,5.0,DMFS,OOD,unt,MTLR,41
3,27,0.10732882111160844,0.16190476190476188,0.06399848049485812,0.3760451279239494,5.0,DMFS,OOD,unt,MTLR,41
4,26,0.30503728756537807,0.12347826086956526,0.04154568351328736,0.335910330496478,5.0,DMFS,OOD,unt,MTLR,41
5,27,0.7083361192985818,0.42690058479532156,0.2553626888509143,0.6504295067469483,5.0,DMFS,OOD,unt,MTLR,41
1,27,0.07210603687498304,0.09502262443438914,0.023902425560009433,0.3377219546546657,10.0,DMFS,OOD,unt,MTLR,41
2,26,0.17018791345449594,0.17826086956521736,0.07083024869906818,0.4082663120363903,10.0,DMFS,OOD,unt,MTLR,41
3,27,0.36664374890150847,0.15785599263860128,0.06216959523452381,0.36862852376971256,10.0,DMFS,OOD,unt,MTLR,41
4,26,0.6545609808885134,0.33834586466165406,0.1753813013147879,0.5871165395053419,10.0,DMFS,OOD,unt,MTLR,41
5,27,0.9247307402116282,0.3580246913580246,0.20477233253454397,0.5756949959242618,10.0,DMFS,OOD,unt,MTLR,41
1,27,0.016655387701811613,0.07852564102564097,0.020220248553407982,0.2792069734944813,3.0,DMFS,OOD,unt,MTLR,42
2,26,0.04536024194497328,0.040000000000000036,0.005733049251162248,0.25161497580524206,3.0,DMFS,OOD,unt,MTLR,42
3,27,0.08799578083886041,0.15650640288321438,0.06156825624187523,0.3661109501646017,3.0,DMFS,OOD,unt,MTLR,42
4,26,0.15346191021112296,0.04166666666666663,0.005976279804304707,0.26079384885310464,3.0,DMFS,OOD,unt,MTLR,42
5,27,0.4487341222939668,0.2414715719063545,0.11617958031662634,0.46123729412727843,3.0,DMFS,OOD,unt,MTLR,42
1,27,0.020925740400950115,0.12041083916083906,0.04042260528106867,0.32896568789511416,5.0,DMFS,OOD,unt,MTLR,42
2,26,0.07083020072716933,0.21020156314273963,0.09254663153554354,0.43639834290359114,5.0,DMFS,OOD,unt,MTLR,42
3,27,0.14768382355018897,0.12347826086956526,0.04154568351328736,0.335910330496478,5.0,DMFS,OOD,unt,MTLR,42
4,26,0.25368115305900574,0.04166666666666663,0.005976279804304707,0.26079384885310464,5.0,DMFS,OOD,unt,MTLR,42
5,27,0.6317431926727295,0.36789297658862885,0.2106724772106705,0.5890867967025671,5.0,DMFS,OOD,unt,MTLR,42
1,27,0.04509323173099094,0.17248677248677247,0.06799863909126103,0.39891752647653944,10.0,DMFS,OOD,unt,MTLR,42
2,26,0.15627711094342744,0.2091791310541311,0.09232665648137084,0.43365768440085284,10.0,DMFS,OOD,unt,MTLR,42
3,27,0.37076958020528156,0.17552294197031026,0.06907409492603123,0.4057451423899371,10.0,DMFS,OOD,unt,MTLR,42
4,26,0.6697532053177173,0.2671835542929293,0.12939335583519151,0.5021172614771798,10.0,DMFS,OOD,unt,MTLR,42
5,27,0.9520404405064053,0.2837631118881119,0.14569512555551,0.5070539683266022,10.0,DMFS,OOD,unt,MTLR,42
1,27,0.006868757583476879,0.08363636363636362,0.021541903949276242,0.29552433093037045,3.0,DMFS,OOD,unt,MTLR,43
2,26,0.029642639251855705,0.040000000000000036,0.005733049251162248,0.25161497580524206,3.0,DMFS,OOD,unt,MTLR,43
3,27,0.08649136401988843,0.15434343434343423,0.060810757409131555,0.3610655090169341,3.0,DMFS,OOD,unt,MTLR,43
4,26,0.15269658198723426,0.1599999999999998,0.06326675974865992,0.371943918443822,3.0,DMFS,OOD,unt,MTLR,43
5,27,0.23720459584836606,0.11616161616161602,0.03885209688957547,0.3193979888864309,3.0,DMFS,OOD,unt,MTLR,43
1,27,0.00782695523014775,0.12625418060200666,0.04230843380874205,0.34385485774923574,5.0,DMFS,OOD,unt,MTLR,43
2,26,0.03839951753616333,0.04166666666666663,0.005976279804304707,0.26079384885310464,5.0,DMFS,OOD,unt,MTLR,43
3,27,0.15468815741715608,0.20408793820558513,0.08948075953629886,0.4264161780217258,5.0,DMFS,OOD,unt,MTLR,43
4,26,0.32778830711658186,0.20545454545454545,0.09101180388194896,0.42552619953095017,5.0,DMFS,OOD,unt,MTLR,43
5,27,0.6343666072244998,0.2753623188405796,0.14161886277036262,0.49304110957109026,5.0,DMFS,OOD,unt,MTLR,43
1,27,0.01965288762693052,0.2218119243582206,0.09759738509355731,0.4579728703129393,10.0,DMFS,OOD,unt,MTLR,43
2,26,0.08429530033698449,0.08902691511387162,0.023012764179373812,0.31163008368880174,10.0,DMFS,OOD,unt,MTLR,43
3,27,0.33467428772537794,0.1632921810699588,0.06386647941804058,0.382202593815846,10.0,DMFS,OOD,unt,MTLR,43
4,26,0.6203498542308807,0.3067226890756303,0.15912498202678338,0.5389695796170998,10.0,DMFS,OOD,unt,MTLR,43
5,27,0.8856168499699345,0.30555555555555536,0.16596766988510214,0.5193690214450737,10.0,DMFS,OOD,unt,MTLR,43
1,27,0.009015867003688106,0.045454545454545414,0.006530397559958212,0.28129714657606797,3.0,DMFS,OOD,unt,MTLR,44
2,26,0.03004779265477107,0.0,0.0,0.0,3.0,DMFS,OOD,unt,MTLR,44
3,27,0.0773379228733204,0.14814814814814803,0.058344984040467285,0.34797159590409266,3.0,DMFS,OOD,unt,MTLR,44
4,26,0.214055414383228,0.16958041958041958,0.06706221228523301,0.39191424203885517,3.0,DMFS,OOD,unt,MTLR,44
5,27,0.4940341225376836,0.1993311036789298,0.08803110658365765,0.41509810552822013,3.0,DMFS,OOD,unt,MTLR,44
1,27,0.012714427930337412,0.09130434782608698,0.023575551827414665,0.31903076287114085,5.0,DMFS,OOD,unt,MTLR,44
2,26,0.04369009687350346,0.0,0.0,0.0,5.0,DMFS,OOD,unt,MTLR,44
3,27,0.13503754801220363,0.14814814814814803,0.058344984040467285,0.34797159590409266,5.0,DMFS,OOD,unt,MTLR,44
4,26,0.37811248806806713,0.2809782608695651,0.1363712714198413,0.5239163699255283,5.0,DMFS,OOD,unt,MTLR,44
5,27,0.8364689261824997,0.35664335664335667,0.2038346910420783,0.5740343970617222,5.0,DMFS,OOD,unt,MTLR,44
1,27,0.061851435237460665,0.17527272727272725,0.06940681320907116,0.40323603152313214,10.0,DMFS,OOD,unt,MTLR,44
2,26,0.15958748413966253,0.0964705882352942,0.024409234577468242,0.3406184130719102,10.0,DMFS,OOD,unt,MTLR,44
3,27,0.35747362286956225,0.16120401337792645,0.06350539664202692,0.37560636194853214,10.0,DMFS,OOD,unt,MTLR,44
4,26,0.7385908663272858,0.35315508021390374,0.1941240336472303,0.5849545001096059,10.0,DMFS,OOD,unt,MTLR,44
5,27,0.9629448257410969,0.31550802139037426,0.1713582537962013,0.5344317192333501,10.0,DMFS,OOD,unt,MTLR,44
1,27,0.1334102197929665,0.040000000000000036,0.005733049251162248,0.25161497580524206,3.0,DMFS,OOD,unt,PCHazard,40
2,26,0.29714712042074937,0.1230769230769232,0.041129228535926154,0.33681682453996487,3.0,DMFS,OOD,unt,PCHazard,40
3,27,0.38538020849227905,0.12077294685990325,0.040487749409682916,0.3302429571995682,3.0,DMFS,OOD,unt,PCHazard,40
4,26,0.4775363447574469,0.1923076923076923,0.08492333349702552,0.4018862263954004,3.0,DMFS,OOD,unt,PCHazard,40
5,27,0.6476698473647788,0.08026755852842804,0.020651368417241356,0.2850197250580323,3.0,DMFS,OOD,unt,PCHazard,40
1,27,0.2539464632670085,0.038461538461538436,0.005508843056781787,0.24305571082241428,5.0,DMFS,OOD,unt,PCHazard,40
2,26,0.49577082235079545,0.12878787878787878,0.04341213787972231,0.3483693732754851,5.0,DMFS,OOD,unt,PCHazard,40
3,27,0.652516390438433,0.20474262579525726,0.0904630497481329,0.42506179355615303,5.0,DMFS,OOD,unt,PCHazard,40
4,26,0.8060516749437039,0.17323272792022792,0.06818669476191286,0.40095325051507236,5.0,DMFS,OOD,unt,PCHazard,40
5,27,0.9494009056059575,0.3298368298368298,0.18034963801404968,0.553116556464839,5.0,DMFS,OOD,unt,PCHazard,40
1,27,0.6106666685254486,0.12971866096866091,0.04314077074685052,0.3545075836070679,10.0,DMFS,OOD,unt,PCHazard,40
2,26,0.8133870666989913,0.2516746411483253,0.1214510547938219,0.47750140131907914,10.0,DMFS,OOD,unt,PCHazard,40
3,27,0.9199371613838054,0.1866028708133971,0.07434801922814105,0.42428646959815364,10.0,DMFS,OOD,unt,PCHazard,40
4,26,0.9765229620612584,0.3257525083612042,0.17712540864523807,0.5492845830648614,10.0,DMFS,OOD,unt,PCHazard,40
5,27,0.9960987956574248,0.20638571954361418,0.09125765862670088,0.42786757593182256,10.0,DMFS,OOD,unt,PCHazard,40
1,27,0.026892467781349464,0.040000000000000036,0.005733049251162248,0.25161497580524206,3.0,DMFS,OOD,unt,PCHazard,41
2,26,0.03779698564456059,0.040000000000000036,0.005733049251162248,0.25161497580524206,3.0,DMFS,OOD,unt,PCHazard,41
3,27,0.04935093499996044,0.15865384615384603,0.06266016064572577,0.3694668815799427,3.0,DMFS,OOD,unt,PCHazard,41
4,26,0.07387464780073899,0.2027972027972028,0.08962812503037854,0.4213416258052354,3.0,DMFS,OOD,unt,PCHazard,41
5,27,0.25929365224308437,0.11910774410774394,0.03991391084288831,0.3262212878315359,3.0,DMFS,OOD,unt,PCHazard,41
1,27,0.03383143522121288,0.11888111888111885,0.03987203992160926,0.32542664974503366,5.0,DMFS,OOD,unt,PCHazard,41
2,26,0.04664079730327313,0.04347826086956519,0.006241063381247192,0.27066138546586505,5.0,DMFS,OOD,unt,PCHazard,41
3,27,0.07033636393370452,0.19732441471571915,0.08718664863885617,0.41117200713842783,5.0,DMFS,OOD,unt,PCHazard,41
4,26,0.22603303881791922,0.1692307692307693,0.0666065670067234,0.39267788573820217,5.0,DMFS,OOD,unt,PCHazard,41
5,27,0.8175921916133828,0.3379629629629629,0.18470940306963013,0.5652444125312788,5.0,DMFS,OOD,unt,PCHazard,41
1,27,0.05267783889064082,0.14105263157894743,0.04733830028607022,0.3791803849929041,10.0,DMFS,OOD,unt,PCHazard,41
2,26,0.10018724203109741,0.08363636363636362,0.021541903949276242,0.29552433093037045,10.0,DMFS,OOD,unt,PCHazard,41
3,27,0.29163858184108027,0.2663476874003189,0.13656256565505964,0.4796740019130511,10.0,DMFS,OOD,unt,PCHazard,41
4,26,0.7762910587569842,0.22119709717365965,0.0973704881310915,0.4566934210327498,10.0,DMFS,OOD,unt,PCHazard,41
5,27,0.9953279716947082,0.384,0.22088969382383006,0.6095627708478721,10.0,DMFS,OOD,unt,PCHazard,41
1,27,0.08574286655143455,0.14814814814814803,0.058344984040467285,0.34797159590409266,3.0,DMFS,OOD,unt,PCHazard,42
2,26,0.11675327787032494,0.08363636363636362,0.021541903949276242,0.29552433093037045,3.0,DMFS,OOD,unt,PCHazard,42
3,27,0.14281200038062203,0.11574879227053125,0.03879853573435477,0.3177851045457841,3.0,DMFS,OOD,unt,PCHazard,42
4,26,0.18908319564966056,0.0,0.0,0.0,3.0,DMFS,OOD,unt,PCHazard,42
5,27,0.4708803599631345,0.19999999999999984,0.08854194043541685,0.41555091179704684,3.0,DMFS,OOD,unt,PCHazard,42
1,27,0.12414978389386777,0.15750915750915762,0.06208548059284669,0.36764200817431925,5.0,DMFS,OOD,unt,PCHazard,42
2,26,0.16746963216708258,0.1276521739130435,0.04286969067816071,0.34666088797190586,5.0,DMFS,OOD,unt,PCHazard,42
3,27,0.2155387666490343,0.1185897435897435,0.0398332844391418,0.3243023414511973,5.0,DMFS,OOD,unt,PCHazard,42
4,26,0.3053070971598992,0.18293273290177314,0.0722645720462135,0.4196783046566087,5.0,DMFS,OOD,unt,PCHazard,42
5,27,0.8098794563586552,0.2775919732441473,0.1430235469683958,0.49592992704883676,5.0,DMFS,OOD,unt,PCHazard,42
1,27,0.1920126919393186,0.16610925306577484,0.06515774054327073,0.3872172848608816,10.0,DMFS,OOD,unt,PCHazard,42
2,26,0.270956264092372,0.21697720236419915,0.09586901893968047,0.44767752981289477,10.0,DMFS,OOD,unt,PCHazard,42
3,27,0.38586276548880116,0.19191919191919182,0.08451172471681845,0.4020620485635604,10.0,DMFS,OOD,unt,PCHazard,42
4,26,0.5563171763832753,0.2080808080808082,0.08308021429130474,0.4660787231834902,10.0,DMFS,OOD,unt,PCHazard,42
5,27,0.9605366974133758,0.327281414237936,0.1786487054170014,0.5500125723058611,10.0,DMFS,OOD,unt,PCHazard,42
1,27,0.05724653712025395,0.15384615384615385,0.06070618905334113,0.3595651941593916,3.0,DMFS,OOD,unt,PCHazard,43
2,26,0.07827516931753892,0.038461538461538436,0.005508843056781787,0.24305571082241428,3.0,DMFS,OOD,unt,PCHazard,43
3,27,0.09380063966468528,0.04166666666666663,0.005976279804304707,0.26079384885310464,3.0,DMFS,OOD,unt,PCHazard,43
4,26,0.11800080767044654,0.1276521739130435,0.04286969067816071,0.34666088797190586,3.0,DMFS,OOD,unt,PCHazard,43
5,27,0.23606164477489613,0.1999631930066712,0.08821349708560933,0.4166445770491346,3.0,DMFS,OOD,unt,PCHazard,43
1,27,0.07671146481125443,0.11538461538461542,0.038743364628449295,0.3164165581288185,5.0,DMFS,OOD,unt,PCHazard,43
2,26,0.10447398057350746,0.08653846153846156,0.022110212631683335,0.30679630426033877,5.0,DMFS,OOD,unt,PCHazard,43
3,27,0.12613011951799746,0.117056856187291,0.03929293685294011,0.32066645621735235,5.0,DMFS,OOD,unt,PCHazard,43
4,26,0.19284608730903038,0.24749163879598668,0.11945435219572065,0.4703579492050287,5.0,DMFS,OOD,unt,PCHazard,43
5,27,0.5048952182685887,0.28812834224598927,0.148448584630807,0.5126492274498771,5.0,DMFS,OOD,unt,PCHazard,43
1,27,0.1181731003302115,0.17552294197031026,0.06907409492603123,0.4057451423899371,10.0,DMFS,OOD,unt,PCHazard,43
2,26,0.17523438196915847,0.04347826086956519,0.006241063381247192,0.27066138546586505,10.0,DMFS,OOD,unt,PCHazard,43
3,27,0.30262475102036085,0.12181818181818171,0.04095811412449124,0.33201955884511225,10.0,DMFS,OOD,unt,PCHazard,43
4,26,0.623162986853948,0.3357793522267205,0.18339293858375383,0.562313069804854,10.0,DMFS,OOD,unt,PCHazard,43
5,27,0.9741208725977025,0.4207676767676767,0.25124311324389936,0.6431795825179398,10.0,DMFS,OOD,unt,PCHazard,43
1,27,0.008771914022940176,0.11111111111111105,0.03725115686994418,0.3061041864261357,3.0,DMFS,OOD,unt,PCHazard,44
2,26,0.015504612372471737,0.04347826086956519,0.006241063381247192,0.27066138546586505,3.0,DMFS,OOD,unt,PCHazard,44
3,27,0.0251697544698362,0.07716049382716039,0.01983162117480264,0.27523410519126246,3.0,DMFS,OOD,unt,PCHazard,44
4,26,0.04716731493289654,0.23999999999999988,0.11572236215846476,0.4579518775332472,3.0,DMFS,OOD,unt,PCHazard,44
5,27,0.19484248757362366,0.08522727272727271,0.021999943465742855,0.30002359303882975,3.0,DMFS,OOD,unt,PCHazard,44
1,27,0.011842712208076759,0.1996336996336998,0.08810814559456293,0.415876962188945,5.0,DMFS,OOD,unt,PCHazard,44
2,26,0.022069353323716383,0.04166666666666663,0.005976279804304707,0.26079384885310464,5.0,DMFS,OOD,unt,PCHazard,44
3,27,0.03436233158464785,0.12077294685990325,0.040487749409682916,0.3302429571995682,5.0,DMFS,OOD,unt,PCHazard,44
4,26,0.09124618310194749,0.21832912457912457,0.09704013320154636,0.4481043006798249,5.0,DMFS,OOD,unt,PCHazard,44
5,27,0.49024933183358776,0.27515151515151515,0.14153086744806254,0.49265013384117806,5.0,DMFS,OOD,unt,PCHazard,44
1,27,0.020495639906989202,0.12380952380952381,0.041589647139319674,0.33717545952276895,10.0,DMFS,OOD,unt,PCHazard,44
2,26,0.038188473536418036,0.26215538847117803,0.12667805200993631,0.49458857668988687,10.0,DMFS,OOD,unt,PCHazard,44
3,27,0.07006422016355726,0.24125813692480358,0.11575691977715974,0.46185122247735566,10.0,DMFS,OOD,unt,PCHazard,44
4,26,0.18041237042500421,0.1540964211771665,0.05098703888825262,0.4144194323894367,10.0,DMFS,OOD,unt,PCHazard,44
5,27,0.7513342809834173,0.3179563492063491,0.17254435513416133,0.5384321106793408,10.0,DMFS,OOD,unt,PCHazard,44
1,27,0.015706715760407625,0.040000000000000036,0.005733049251162248,0.25161497580524206,3.0,DMFS,OOD,unt,PMF,40
2,26,0.03842632587139423,0.08333333333333326,0.02151696342570386,0.2939447321559855,3.0,DMFS,OOD,unt,PMF,40
3,27,0.06274761535503247,0.1961352657004829,0.08656267484223923,0.4093045777536122,3.0,DMFS,OOD,unt,PMF,40
4,26,0.16511779794326195,0.08026755852842804,0.020651368417241356,0.2850197250580323,3.0,DMFS,OOD,unt,PMF,40
5,27,0.567937990029653,0.15865384615384603,0.06266016064572577,0.3694668815799427,3.0,DMFS,OOD,unt,PMF,40
1,27,0.01917126222893044,0.038461538461538436,0.005508843056781787,0.24305571082241428,5.0,DMFS,OOD,unt,PMF,40
2,26,0.05336045301877535,0.1286745291321949,0.043019910691690644,0.350436498619085,5.0,DMFS,OOD,unt,PMF,40
3,27,0.10976849882690995,0.12041083916083906,0.04042260528106867,0.32896568789511416,5.0,DMFS,OOD,unt,PMF,40
4,26,0.39321415240948016,0.2939099384411885,0.1514731572093332,0.5216210079319727,5.0,DMFS,OOD,unt,PMF,40
5,27,0.8551778086909542,0.28795163170163174,0.14872981049119305,0.5114187199024027,5.0,DMFS,OOD,unt,PMF,40
1,27,0.05627145369847616,0.08958333333333335,0.023059136194082952,0.3144741591579361,10.0,DMFS,OOD,unt,PMF,40
2,26,0.13900181651115417,0.27022366220735783,0.12992227735533046,0.5098484685953252,10.0,DMFS,OOD,unt,PMF,40
3,27,0.25506170590718585,0.3035117056856187,0.156755776345041,0.5357524713223263,10.0,DMFS,OOD,unt,PMF,40
4,26,0.5344864634367136,0.15910176779742002,0.06274715036378975,0.3708419182771656,10.0,DMFS,OOD,unt,PMF,40
5,27,0.8862202940163789,0.28795163170163174,0.14872981049119305,0.5114187199024027,10.0,DMFS,OOD,unt,PMF,40
1,27,0.08044160295415807,0.11910774410774394,0.03991391084288831,0.3262212878315359,3.0,DMFS,OOD,unt,PMF,41
2,26,0.1158409256201524,0.08333333333333326,0.02151696342570386,0.2939447321559855,3.0,DMFS,OOD,unt,PMF,41
3,27,0.13989575924696745,0.038461538461538436,0.005508843056781787,0.24305571082241428,3.0,DMFS,OOD,unt,PMF,41
4,26,0.2012022641988901,0.20833333333333337,0.09248324124292928,0.4301530132372191,3.0,DMFS,OOD,unt,PMF,41
5,27,0.42939723200268215,0.1185897435897435,0.0398332844391418,0.3243023414511973,3.0,DMFS,OOD,unt,PMF,41
1,27,0.13115944023485537,0.19871794871794868,0.08788003761317198,0.413500271823812,5.0,DMFS,OOD,unt,PMF,41
2,26,0.20112604590562674,0.11888111888111885,0.03987203992160926,0.32542664974503366,5.0,DMFS,OOD,unt,PMF,41
3,27,0.2712199930791502,0.050000000000000044,0.0071977714066028264,0.3052568067434299,5.0,DMFS,OOD,unt,PMF,41
4,26,0.38259253135094273,0.2814615724832443,0.14462934268246008,0.50309620241788,5.0,DMFS,OOD,unt,PMF,41
5,27,0.6241527001063029,0.19999999999999984,0.08854194043541685,0.41555091179704684,5.0,DMFS,OOD,unt,PMF,41
1,27,0.3293822871314155,0.13273001508295623,0.043929918751051455,0.3632702541057139,10.0,DMFS,OOD,unt,PMF,41
2,26,0.4362276586202475,0.17992896859500696,0.07080122614999695,0.41482469555261325,10.0,DMFS,OOD,unt,PMF,41
3,27,0.5301348942297476,0.18823529411764706,0.0747325256518353,0.4287494379910832,10.0,DMFS,OOD,unt,PMF,41
4,26,0.648816473208941,0.34283870210643663,0.18763514178169804,0.5718003742273681,10.0,DMFS,OOD,unt,PMF,41
5,27,0.8239110906918844,0.27652173913043454,0.1423405618388457,0.49456634710382763,10.0,DMFS,OOD,unt,PMF,41
1,27,0.04701378168883147,0.07852564102564097,0.020220248553407982,0.2792069734944813,3.0,DMFS,OOD,unt,PMF,42
2,26,0.08099327179101798,0.11999999999999988,0.04036016766796746,0.3274385471366408,3.0,DMFS,OOD,unt,PMF,42
3,27,0.11033746931287977,0.07407407407407396,0.019057262921292284,0.26495917717965856,3.0,DMFS,OOD,unt,PMF,42
4,26,0.1416622262734633,0.045454545454545414,0.006530397559958212,0.28129714657606797,3.0,DMFS,OOD,unt,PMF,42
5,27,0.26245544795636777,0.23890909090909085,0.11472826467739727,0.45751950197863256,3.0,DMFS,OOD,unt,PMF,42
1,27,0.06556028789944118,0.2421052631578945,0.11669890390212723,0.461667613336306,5.0,DMFS,OOD,unt,PMF,42
2,26,0.12230183528019832,0.07999999999999996,0.020629414571950444,0.28360966274193655,5.0,DMFS,OOD,unt,PMF,42
3,27,0.18591546129297326,0.20199999999999985,0.08939773236450832,0.4194003846877413,5.0,DMFS,OOD,unt,PMF,42
4,26,0.26226720443138707,0.1626602564102564,0.06415207169638915,0.37831822647193514,5.0,DMFS,OOD,unt,PMF,42
5,27,0.5465036034584045,0.162937062937063,0.06421547850368792,0.37911666154580337,5.0,DMFS,OOD,unt,PMF,42
1,27,0.16627322082166318,0.20765550239234443,0.09193806060923893,0.42979013328451965,10.0,DMFS,OOD,unt,PMF,42
2,26,0.33157323186214155,0.2915508021390374,0.15067049341478744,0.5168716316025739,10.0,DMFS,OOD,unt,PMF,42
3,27,0.4537118916158323,0.07407407407407396,0.019057262921292284,0.26495917717965856,10.0,DMFS,OOD,unt,PMF,42
4,26,0.5809849202632904,0.26953125,0.13059664984930375,0.5058060225017795,10.0,DMFS,OOD,unt,PMF,42
5,27,0.7473087421169987,0.26771778945692004,0.1260373556495784,0.5135771170443403,10.0,DMFS,OOD,unt,PMF,42
1,27,0.06766569172894513,0.19871794871794868,0.08788003761317198,0.413500271823812,3.0,DMFS,OOD,unt,PMF,43
2,26,0.09317187391794644,0.11538461538461542,0.038743364628449295,0.3164165581288185,3.0,DMFS,OOD,unt,PMF,43
3,27,0.11387532507931744,0.04347826086956519,0.006241063381247192,0.27066138546586505,3.0,DMFS,OOD,unt,PMF,43
4,26,0.1424116721520057,0.07692307692307698,0.019812194981475018,0.27397022678800886,3.0,DMFS,OOD,unt,PMF,43
5,27,0.2559922999805874,0.12727272727272732,0.042822111176383126,0.3452048115352243,3.0,DMFS,OOD,unt,PMF,43
1,27,0.11323090615095915,0.15837037037037038,0.06225365671092964,0.3702872957704584,5.0,DMFS,OOD,unt,PMF,43
2,26,0.15977838864693275,0.04166666666666663,0.005976279804304707,0.26079384885310464,5.0,DMFS,OOD,unt,PMF,43
3,27,0.21465760027920758,0.12041083916083906,0.04042260528106867,0.32896568789511416,5.0,DMFS,OOD,unt,PMF,43
4,26,0.3099765066917126,0.2607142857142857,0.1257502171465681,0.4928630820493829,5.0,DMFS,OOD,unt,PMF,43
5,27,0.5943699567406265,0.29049211657907303,0.149534447436369,0.5167083002907532,5.0,DMFS,OOD,unt,PMF,43
1,27,0.1881706228962651,0.12240537240537241,0.04104479809782424,0.3342114149917471,10.0,DMFS,OOD,unt,PMF,43
2,26,0.28620842557687026,0.21425837320574148,0.09479167676283118,0.44223424884554874,10.0,DMFS,OOD,unt,PMF,43
3,27,0.4003762514502914,0.20638571954361418,0.09125765862670088,0.42786757593182256,10.0,DMFS,OOD,unt,PMF,43
4,26,0.5327659249305725,0.21939393939393936,0.09691396298200361,0.4521846490150506,10.0,DMFS,OOD,unt,PMF,43
5,27,0.7314495665055735,0.3324228712464007,0.18087030418635863,0.5588979682458943,10.0,DMFS,OOD,unt,PMF,43
1,27,0.05247392036296703,0.07852564102564097,0.020220248553407982,0.2792069734944813,3.0,DMFS,OOD,unt,PMF,44
2,26,0.07079706054467422,0.11999999999999988,0.04036016766796746,0.3274385471366408,3.0,DMFS,OOD,unt,PMF,44
3,27,0.09653059862278125,0.08173913043478265,0.021072564903820812,0.28924408587255446,3.0,DMFS,OOD,unt,PMF,44
4,26,0.16916364431381226,0.08026755852842804,0.020651368417241356,0.2850197250580323,3.0,DMFS,OOD,unt,PMF,44
5,27,0.517870894184819,0.20418123543123545,0.09033682857732572,0.4235659171685827,3.0,DMFS,OOD,unt,PMF,44
1,27,0.07067991186071325,0.12240537240537241,0.04104479809782424,0.3342114149917471,5.0,DMFS,OOD,unt,PMF,44
2,26,0.10235346280611478,0.20199999999999985,0.08939773236450832,0.4194003846877413,5.0,DMFS,OOD,unt,PMF,44
3,27,0.14641762442058986,0.20283413848631215,0.08923589152546751,0.42292828551655326,5.0,DMFS,OOD,unt,PMF,44
4,26,0.257288212959583,0.04761904761904767,0.006847862808626259,0.29279323440050353,5.0,DMFS,OOD,unt,PMF,44
5,27,0.5991553443449514,0.27622377622377625,0.14221246438673318,0.49402408232826356,5.0,DMFS,OOD,unt,PMF,44
1,27,0.1858719543174461,0.16399999999999992,0.06477250542422108,0.38068910255807387,10.0,DMFS,OOD,unt,PMF,44
2,26,0.2860177801205562,0.28421052631578925,0.1466591519338445,0.5058677939800329,10.0,DMFS,OOD,unt,PMF,44
3,27,0.3989931168379607,0.22947422947422946,0.10121051856384378,0.47104002390053434,10.0,DMFS,OOD,unt,PMF,44
4,26,0.5239078746392176,0.22742474916387945,0.10021865140689679,0.46764592045510933,10.0,DMFS,OOD,unt,PMF,44
5,27,0.7830588354004754,0.19484702093397732,0.08590902166252112,0.40719623450694065,10.0,DMFS,OOD,unt,PMF,44
1,27,0.2011949177141543,0.04166666666666663,0.005976279804304707,0.26079384885310464,3.0,DMFS,OOD,unt,RSF,40
2,26,0.24427270660033593,0.11538461538461542,0.038743364628449295,0.3164165581288185,3.0,DMFS,OOD,unt,RSF,40
3,27,0.2847243039696305,0.0,0.0,0.0,3.0,DMFS,OOD,unt,RSF,40
4,26,0.32673291059640736,0.19999999999999984,0.08854194043541685,0.41555091179704684,3.0,DMFS,OOD,unt,RSF,40
5,27,0.38683680693308514,0.20418123543123545,0.09033682857732572,0.4235659171685827,3.0,DMFS,OOD,unt,RSF,40
1,27,0.2693833112716675,0.04166666666666663,0.005976279804304707,0.26079384885310464,5.0,DMFS,OOD,unt,RSF,40
2,26,0.3231467008590698,0.1599999999999998,0.06326675974865992,0.371943918443822,5.0,DMFS,OOD,unt,RSF,40
3,27,0.3673403572153162,0.050000000000000044,0.0071977714066028264,0.3052568067434299,5.0,DMFS,OOD,unt,RSF,40
4,26,0.41759668634488034,0.31221719457013586,0.16968043839747193,0.529227804580426,5.0,DMFS,OOD,unt,RSF,40
5,27,0.49119895696640015,0.28795163170163174,0.14872981049119305,0.5114187199024027,5.0,DMFS,OOD,unt,RSF,40
1,27,0.32430325393323545,0.0964705882352942,0.024409234577468242,0.3406184130719102,10.0,DMFS,OOD,unt,RSF,40
2,26,0.3840530308393332,0.2135652173913044,0.09460185348054151,0.44053643583617796,10.0,DMFS,OOD,unt,RSF,40
3,27,0.43322955899768406,0.1787817445712182,0.07058536409629645,0.41139166661091864,10.0,DMFS,OOD,unt,RSF,40
4,26,0.48657454779514897,0.3319838056680162,0.18027707243527646,0.5590346326615203,10.0,DMFS,OOD,unt,RSF,40
5,27,0.5629259756317845,0.28795163170163174,0.14872981049119305,0.5114187199024027,10.0,DMFS,OOD,unt,RSF,40
1,27,0.13345131829932885,0.1185897435897435,0.0398332844391418,0.3243023414511973,3.0,DMFS,OOD,unt,RSF,41
2,26,0.16588631501564613,0.0,0.0,0.0,3.0,DMFS,OOD,unt,RSF,41
3,27,0.194073047902849,0.07890499194847012,0.020251507627459975,0.2812148459914907,3.0,DMFS,OOD,unt,RSF,41
4,26,0.22847183621846712,0.25,0.12092737085468075,0.47382248752619993,3.0,DMFS,OOD,unt,RSF,41
5,27,0.2706302382327892,0.11574879227053125,0.03879853573435477,0.3177851045457841,3.0,DMFS,OOD,unt,RSF,41
1,27,0.20663567825599952,0.12240537240537241,0.04104479809782424,0.3342114149917471,5.0,DMFS,OOD,unt,RSF,41
2,26,0.2478716510992784,0.08522727272727271,0.021999943465742855,0.30002359303882975,5.0,DMFS,OOD,unt,RSF,41
3,27,0.2853809661335415,0.08424908424908428,0.021593111268109366,0.2987105103254788,5.0,DMFS,OOD,unt,RSF,41
4,26,0.32929250368705165,0.24571428571428566,0.11852350669448197,0.46756070728674115,5.0,DMFS,OOD,unt,RSF,41
5,27,0.3834587401813931,0.3167149758454104,0.17250484519228815,0.5351259804766821,5.0,DMFS,OOD,unt,RSF,41
1,27,0.3131539821624756,0.21652421652421638,0.09537190932551032,0.4479183601609008,10.0,DMFS,OOD,unt,RSF,41
2,26,0.3693654124553387,0.05263157894736836,0.007585364480731993,0.31881320019371384,10.0,DMFS,OOD,unt,RSF,41
3,27,0.41663309821376093,0.2170692431561997,0.09601404965188176,0.44747114643170505,10.0,DMFS,OOD,unt,RSF,41
4,26,0.46687697676511913,0.3359375000000001,0.184105696555816,0.5611788683871575,10.0,DMFS,OOD,unt,RSF,41
5,27,0.5310572418901656,0.27652173913043454,0.1423405618388457,0.49456634710382763,10.0,DMFS,OOD,unt,RSF,41
1,27,0.0807597902086046,0.15740740740740722,0.06208462699579398,0.3672377242092999,3.0,DMFS,OOD,unt,RSF,42
2,26,0.09643976504986103,0.08173913043478265,0.021072564903820812,0.28924408587255446,3.0,DMFS,OOD,unt,RSF,42
3,27,0.10658583596900657,0.08026755852842804,0.020651368417241356,0.2850197250580323,3.0,DMFS,OOD,unt,RSF,42
4,26,0.11875255979024447,0.038461538461538436,0.005508843056781787,0.24305571082241428,3.0,DMFS,OOD,unt,RSF,42
5,27,0.137762862223166,0.20418123543123545,0.09033682857732572,0.4235659171685827,3.0,DMFS,OOD,unt,RSF,42
1,27,0.1254238971957454,0.16190476190476188,0.06399848049485812,0.3760451279239494,5.0,DMFS,OOD,unt,RSF,42
2,26,0.1465218594441047,0.16190476190476188,0.06399848049485812,0.3760451279239494,5.0,DMFS,OOD,unt,RSF,42
3,27,0.16055735614564684,0.17650058275058278,0.06968086868580925,0.4067321612158793,5.0,DMFS,OOD,unt,RSF,42
4,26,0.17698343671285188,0.15559440559440563,0.06137728373110918,0.3633637523788833,5.0,DMFS,OOD,unt,RSF,42
5,27,0.20455738129439177,0.20418123543123545,0.09033682857732572,0.4235659171685827,5.0,DMFS,OOD,unt,RSF,42
1,27,0.27979927592807347,0.2224431818181818,0.09808358779804727,0.45838032288166397,10.0,DMFS,OOD,unt,RSF,42
2,26,0.31874120235443115,0.15384615384615385,0.06070618905334113,0.3595651941593916,10.0,DMFS,OOD,unt,RSF,42
3,27,0.34240398583588777,0.3374358974358974,0.17556896623156792,0.5842522690336539,10.0,DMFS,OOD,unt,RSF,42
4,26,0.37032037056409395,0.24606643356643354,0.11773857936591225,0.47105400720600976,10.0,DMFS,OOD,unt,RSF,42
5,27,0.41990235999778464,0.16229603729603725,0.06409053544483401,0.3771630741987103,10.0,DMFS,OOD,unt,RSF,42
1,27,0.08626932126504404,0.08173913043478265,0.021072564903820812,0.28924408587255446,3.0,DMFS,OOD,unt,RSF,43
2,26,0.106051694888335,0.04166666666666663,0.005976279804304707,0.26079384885310464,3.0,DMFS,OOD,unt,RSF,43
3,27,0.13076411132459287,0.07692307692307698,0.019812194981475018,0.27397022678800886,3.0,DMFS,OOD,unt,RSF,43
4,26,0.16931180082834685,0.20114667940754904,0.08884621894873601,0.41845120468365826,3.0,DMFS,OOD,unt,RSF,43
5,27,0.2154642034459997,0.15865384615384603,0.06266016064572577,0.3694668815799427,3.0,DMFS,OOD,unt,RSF,43
1,27,0.17689908654601486,0.1276521739130435,0.04286969067816071,0.34666088797190586,5.0,DMFS,OOD,unt,RSF,43
2,26,0.21147923515393183,0.04166666666666663,0.005976279804304707,0.26079384885310464,5.0,DMFS,OOD,unt,RSF,43
3,27,0.25848022213688604,0.120879120879121,0.040483172055160166,0.3307778109648464,5.0,DMFS,OOD,unt,RSF,43
4,26,0.332968519284175,0.25099410393528043,0.1208460030676134,0.4771794205248142,5.0,DMFS,OOD,unt,RSF,43
5,27,0.4113652088023998,0.3177257525083613,0.17320137249099576,0.536309310764511,5.0,DMFS,OOD,unt,RSF,43
1,27,0.22791851229137844,0.19699409554482017,0.07796583145863734,0.4473181874544966,10.0,DMFS,OOD,unt,RSF,43
2,26,0.2685619638516353,0.09052631578947368,0.023139542342168973,0.3192746291580283,10.0,DMFS,OOD,unt,RSF,43
3,27,0.3215196971540098,0.1255060728744939,0.04181362311204484,0.34366079082190026,10.0,DMFS,OOD,unt,RSF,43
4,26,0.402601950443708,0.3914327094474154,0.22486866925023596,0.6202882716282434,10.0,DMFS,OOD,unt,RSF,43
5,27,0.4826509709711428,0.3177257525083613,0.17320137249099576,0.536309310764511,10.0,DMFS,OOD,unt,RSF,43
1,27,0.12167141614136873,0.04166666666666663,0.005976279804304707,0.26079384885310464,3.0,DMFS,OOD,unt,RSF,44
2,26,0.1467919028722323,0.08695652173913038,0.02248433009928641,0.3050524624679415,3.0,DMFS,OOD,unt,RSF,44
3,27,0.16307404526957758,0.07407407407407396,0.019057262921292284,0.26495917717965856,3.0,DMFS,OOD,unt,RSF,44
4,26,0.2004382197673504,0.15750915750915762,0.06208548059284669,0.36764200817431925,3.0,DMFS,OOD,unt,RSF,44
5,27,0.2585287160343594,0.20418123543123545,0.09033682857732572,0.4235659171685827,3.0,DMFS,OOD,unt,RSF,44
1,27,0.18552203090102584,0.04166666666666663,0.005976279804304707,0.26079384885310464,5.0,DMFS,OOD,unt,RSF,44
2,26,0.2165328562259674,0.08695652173913038,0.02248433009928641,0.3050524624679415,5.0,DMFS,OOD,unt,RSF,44
3,27,0.24086260795593262,0.16923868312757206,0.06624519836766729,0.39441711348016617,5.0,DMFS,OOD,unt,RSF,44
4,26,0.29005822997826797,0.33162393162393167,0.18056948686780305,0.5574232116286081,5.0,DMFS,OOD,unt,RSF,44
5,27,0.3588147649058589,0.24606643356643354,0.11865558776125307,0.4682731696240139,5.0,DMFS,OOD,unt,RSF,44
1,27,0.2396047799675553,0.13142857142857156,0.044202178361443245,0.3554283279848329,10.0,DMFS,OOD,unt,RSF,44
2,26,0.27800766779826236,0.17982456140350866,0.07117031808337271,0.4127334380029265,10.0,DMFS,OOD,unt,RSF,44
3,27,0.306702490206118,0.21007223942208453,0.09217138786557977,0.43732904279244966,10.0,DMFS,OOD,unt,RSF,44
4,26,0.3587126594323378,0.33916083916083906,0.18500748656712862,0.5677713389760695,10.0,DMFS,OOD,unt,RSF,44
5,27,0.426672860428139,0.24606643356643354,0.11865558776125307,0.4682731696240139,10.0,DMFS,OOD,unt,RSF,44
1,40,0.08394569456577301,0.025000000000000022,0.003559816986270059,0.16451454088849404,3.0,DMFS,OOD,transbig,TabSurv_M,40
2,39,0.1407557481374496,0.05128205128205132,0.01307770119766849,0.18984233558097408,3.0,DMFS,OOD,transbig,TabSurv_M,40
3,40,0.1982326999306679,0.09999999999999998,0.0387548083597935,0.24485894550200282,3.0,DMFS,OOD,transbig,TabSurv_M,40
4,39,0.26974308490753174,0.10256410256410253,0.03978213007662024,0.250585532040679,3.0,DMFS,OOD,transbig,TabSurv_M,40
5,40,0.34847124516963957,0.27500000000000013,0.16275585197524622,0.44131405799592605,3.0,DMFS,OOD,transbig,TabSurv_M,40
1,40,0.14796103537082672,0.025000000000000022,0.003559816986270059,0.16451454088849404,5.0,DMFS,OOD,transbig,TabSurv_M,40
2,39,0.22356171027207986,0.079185520361991,0.02620001012472284,0.22612252673603717,5.0,DMFS,OOD,transbig,TabSurv_M,40
3,40,0.29337402284145353,0.2787878787878788,0.16504359253451917,0.4468727437047276,5.0,DMFS,OOD,transbig,TabSurv_M,40
4,39,0.372480326738113,0.18028846153846156,0.09028793324548379,0.3414178946893749,5.0,DMFS,OOD,transbig,TabSurv_M,40
5,40,0.4581355281174183,0.35096153846153855,0.2249797783824662,0.5195999212436637,5.0,DMFS,OOD,transbig,TabSurv_M,40
1,40,0.42208010256290435,0.13746553308823528,0.05949029246366411,0.29991428322845126,10.0,DMFS,OOD,transbig,TabSurv_M,40
2,39,0.5131107782706236,0.1353113553113554,0.05848605340853097,0.2958248715697652,10.0,DMFS,OOD,transbig,TabSurv_M,40
3,40,0.5833313867449761,0.36587732919254656,0.23495586945032465,0.5391759592114536,10.0,DMFS,OOD,transbig,TabSurv_M,40
4,39,0.6618951436800834,0.394001224239951,0.25891411193800096,0.5671086390423973,10.0,DMFS,OOD,transbig,TabSurv_M,40
5,40,0.735111540183425,0.27586206896551735,0.16325124184075746,0.44263551750843166,10.0,DMFS,OOD,transbig,TabSurv_M,40
1,40,0.07599110305309295,0.025000000000000022,0.003559816986270059,0.16451454088849404,3.0,DMFS,OOD,transbig,TabSurv_M,41
2,39,0.10935592498534764,0.05128205128205132,0.01307770119766849,0.18984233558097408,3.0,DMFS,OOD,transbig,TabSurv_M,41
3,40,0.15132464617490768,0.17500000000000004,0.08753491778014977,0.33234377364489087,3.0,DMFS,OOD,transbig,TabSurv_M,41
4,39,0.18656528148895654,0.1282051282051282,0.0554698458790277,0.2809731817817728,3.0,DMFS,OOD,transbig,TabSurv_M,41
5,40,0.2667086094617844,0.17500000000000004,0.08753491778014977,0.33234377364489087,3.0,DMFS,OOD,transbig,TabSurv_M,41
1,40,0.15252744406461716,0.025000000000000022,0.003559816986270059,0.16451454088849404,5.0,DMFS,OOD,transbig,TabSurv_M,41
2,39,0.20130501343653753,0.13260073260073268,0.057388099550284455,0.28994404653012895,5.0,DMFS,OOD,transbig,TabSurv_M,41
3,40,0.2591030806303024,0.27812499999999996,0.1646226778616926,0.4459457102886679,5.0,DMFS,OOD,transbig,TabSurv_M,41
4,39,0.3062756413068527,0.1826923076923077,0.09147430435632153,0.3457375663309685,5.0,DMFS,OOD,transbig,TabSurv_M,41
5,40,0.40396384000778196,0.3008928571428573,0.18339302274391867,0.46870204456886744,5.0,DMFS,OOD,transbig,TabSurv_M,41
1,40,0.4292250141501427,0.13457544153639223,0.05816812369390678,0.294316576819048,10.0,DMFS,OOD,transbig,TabSurv_M,41
2,39,0.4959084766033368,0.18886467338996293,0.09462467919369477,0.3564590890571132,10.0,DMFS,OOD,transbig,TabSurv_M,41
3,40,0.5607042260468006,0.467040673211781,0.3241744303295445,0.6360531069494484,10.0,DMFS,OOD,transbig,TabSurv_M,41
4,39,0.6116772110645587,0.21087533156498672,0.11130802253129468,0.3783084631268262,10.0,DMFS,OOD,transbig,TabSurv_M,41
5,40,0.6990769177675247,0.30268199233716486,0.184453107218427,0.4713519564075699,10.0,DMFS,OOD,transbig,TabSurv_M,41
1,40,0.08344098329544067,0.025000000000000022,0.003559816986270059,0.16451454088849404,3.0,DMFS,OOD,transbig,TabSurv_M,42
2,39,0.11257358392079671,0.10256410256410253,0.03978213007662024,0.250585532040679,3.0,DMFS,OOD,transbig,TabSurv_M,42
3,40,0.14180814176797868,0.050000000000000044,0.01274447613969154,0.18545387985547312,3.0,DMFS,OOD,transbig,TabSurv_M,42
4,39,0.17509212096532187,0.17948717948717952,0.08989593858399603,0.33996492156887426,3.0,DMFS,OOD,transbig,TabSurv_M,42
5,40,0.2415211483836174,0.20000000000000007,0.10544880496760634,0.360355238540763,3.0,DMFS,OOD,transbig,TabSurv_M,42
1,40,0.15326398313045503,0.050657894736842124,0.012910933799163749,0.18776727635316848,5.0,DMFS,OOD,transbig,TabSurv_M,42
2,39,0.19644442888406607,0.10407239819004521,0.04035063002155437,0.25414410501337414,5.0,DMFS,OOD,transbig,TabSurv_M,42
3,40,0.2401660606265068,0.17714285714285705,0.0886126785021798,0.33614620566888753,5.0,DMFS,OOD,transbig,TabSurv_M,42
4,39,0.28536159105789966,0.36374389499389503,0.2337063411667235,0.5360766506649993,5.0,DMFS,OOD,transbig,TabSurv_M,42
5,40,0.36923830658197404,0.2250000000000001,0.12400041339304912,0.38783213252389404,5.0,DMFS,OOD,transbig,TabSurv_M,42
1,40,0.4666722595691681,0.11382225898354936,0.044092666967823435,0.27660868181577847,10.0,DMFS,OOD,transbig,TabSurv_M,42
2,39,0.5226202347339728,0.16393852826490385,0.07683461341778774,0.33036106717784064,10.0,DMFS,OOD,transbig,TabSurv_M,42
3,40,0.5773612201213837,0.30514705882352955,0.18612591396190648,0.47456902374045173,10.0,DMFS,OOD,transbig,TabSurv_M,42
4,39,0.6243901871717893,0.45810922290051137,0.31283573017862853,0.6323245838143224,10.0,DMFS,OOD,transbig,TabSurv_M,42
5,40,0.6981200464069843,0.27943805874840355,0.16529229076914753,0.4481385523376151,10.0,DMFS,OOD,transbig,TabSurv_M,42
1,40,0.06992693543434143,0.025000000000000022,0.003559816986270059,0.16451454088849404,3.0,DMFS,OOD,transbig,TabSurv_M,43
2,39,0.11071033814014533,0.02564102564102566,0.0036521109238626392,0.16840687765336237,3.0,DMFS,OOD,transbig,TabSurv_M,43
3,40,0.16250043213367463,0.125,0.05402892789284475,0.2745929029164026,3.0,DMFS,OOD,transbig,TabSurv_M,43
4,39,0.22941389144995275,0.20512820512820518,0.1083083994039028,0.3685640667089173,3.0,DMFS,OOD,transbig,TabSurv_M,43
5,40,0.3021428093314171,0.17500000000000004,0.08753491778014977,0.33234377364489087,3.0,DMFS,OOD,transbig,TabSurv_M,43
1,40,0.15192574262619019,0.025000000000000022,0.003559816986270059,0.16451454088849404,5.0,DMFS,OOD,transbig,TabSurv_M,43
2,39,0.2195900159004407,0.0783090783090783,0.025940173086940854,0.22353672968966753,5.0,DMFS,OOD,transbig,TabSurv_M,43
3,40,0.2963333487510681,0.2265625,0.12485125792398166,0.3903790846491313,5.0,DMFS,OOD,transbig,TabSurv_M,43
4,39,0.3856341242790222,0.36293130737575174,0.23315576931118365,0.5350252987196269,5.0,DMFS,OOD,transbig,TabSurv_M,43
5,40,0.4731282196938992,0.22580645161290325,0.12443341444903977,0.3891629608564544,5.0,DMFS,OOD,transbig,TabSurv_M,43
1,40,0.4616562195122242,0.11205357142857153,0.043425336513071455,0.27249223471242523,10.0,DMFS,OOD,transbig,TabSurv_M,43
2,39,0.5546024938424429,0.16243908130317852,0.07625716754325063,0.3270800188355796,10.0,DMFS,OOD,transbig,TabSurv_M,43
3,40,0.6344071604311466,0.27812499999999996,0.1646226778616926,0.4459457102886679,10.0,DMFS,OOD,transbig,TabSurv_M,43
4,39,0.7161434609920551,0.5824367939752557,0.43168858807110744,0.740677576762754,10.0,DMFS,OOD,transbig,TabSurv_M,43
5,40,0.7861441798508167,0.17500000000000004,0.08753491778014977,0.33234377364489087,10.0,DMFS,OOD,transbig,TabSurv_M,43
1,40,0.061919096112251285,0.0,0.0,0.0,3.0,DMFS,OOD,transbig,TabSurv_M,44
2,39,0.09811556492096339,0.07692307692307687,0.025477517787887205,0.21983742164602216,3.0,DMFS,OOD,transbig,TabSurv_M,44
3,40,0.1328207805752754,0.125,0.05402892789284475,0.2745929029164026,3.0,DMFS,OOD,transbig,TabSurv_M,44
4,39,0.17824797905408418,0.17948717948717952,0.08989593858399603,0.33996492156887426,3.0,DMFS,OOD,transbig,TabSurv_M,44
5,40,0.2739580154418945,0.17500000000000004,0.08753491778014977,0.33234377364489087,3.0,DMFS,OOD,transbig,TabSurv_M,44
1,40,0.1343573033809662,0.0,0.0,0.0,5.0,DMFS,OOD,transbig,TabSurv_M,44
2,39,0.19425785694366846,0.16083916083916072,0.07551650444438185,0.3240270274605199,5.0,DMFS,OOD,transbig,TabSurv_M,44
3,40,0.2476678177714348,0.2250000000000001,0.12400041339304912,0.38783213252389404,5.0,DMFS,OOD,transbig,TabSurv_M,44
4,39,0.3103395410073109,0.33523266856600187,0.21024886904918794,0.5065553278253789,5.0,DMFS,OOD,transbig,TabSurv_M,44
5,40,0.42567207738757135,0.20078125000000002,0.1058507698003135,0.36170397773485163,5.0,DMFS,OOD,transbig,TabSurv_M,44
1,40,0.4179416000843048,0.10904712762297897,0.042348178068992715,0.26515950313545167,10.0,DMFS,OOD,transbig,TabSurv_M,44
2,39,0.5021450756452023,0.1958041958041956,0.09768721243558964,0.36994706564083546,10.0,DMFS,OOD,transbig,TabSurv_M,44
3,40,0.5674104779958725,0.375,0.24574801316431838,0.5430884858400938,10.0,DMFS,OOD,transbig,TabSurv_M,44
4,39,0.6344867883584439,0.3897928994082841,0.255988526195536,0.5618270426645502,10.0,DMFS,OOD,transbig,TabSurv_M,44
5,40,0.7357862923294306,0.231888780275877,0.12763707611792652,0.39933294442128564,10.0,DMFS,OOD,transbig,TabSurv_M,44
1,40,0.035264994204044345,0.050000000000000044,0.01274447613969154,0.18545387985547312,3.0,DMFS,OOD,transbig,DeepHS,40
2,39,0.09524104534051357,0.05128205128205132,0.01307770119766849,0.18984233558097408,3.0,DMFS,OOD,transbig,DeepHS,40
3,40,0.1648092046380043,0.15000000000000002,0.07035183371339648,0.30376378342083554,3.0,DMFS,OOD,transbig,DeepHS,40
4,39,0.22939869226553503,0.07692307692307687,0.025477517787887205,0.21983742164602216,3.0,DMFS,OOD,transbig,DeepHS,40
5,40,0.32186135947704314,0.2250000000000001,0.12400041339304912,0.38783213252389404,3.0,DMFS,OOD,transbig,DeepHS,40
1,40,0.049519437551498416,0.050000000000000044,0.01274447613969154,0.18545387985547312,5.0,DMFS,OOD,transbig,DeepHS,40
2,39,0.14153632139548278,0.10398860398860399,0.040335450352893876,0.25385584871232414,5.0,DMFS,OOD,transbig,DeepHS,40
3,40,0.2392829865217209,0.2041797283176593,0.10755237559531294,0.36769509123599475,5.0,DMFS,OOD,transbig,DeepHS,40
4,39,0.3308100379430331,0.26029526029526007,0.1493220578634855,0.4299927990017365,5.0,DMFS,OOD,transbig,DeepHS,40
5,40,0.4412136450409889,0.30000000000000004,0.18286552995969518,0.46737524007926745,5.0,DMFS,OOD,transbig,DeepHS,40
1,40,0.24035704284906387,0.10638118638118621,0.04123324331140232,0.2595091385299396,10.0,DMFS,OOD,transbig,DeepHS,40
2,39,0.36571821646812636,0.2735069762312963,0.156525079356448,0.45106600913658623,10.0,DMFS,OOD,transbig,DeepHS,40
3,40,0.4239533841609955,0.2341545819716775,0.1289246160496852,0.4028676157353821,10.0,DMFS,OOD,transbig,DeepHS,40
4,39,0.484626048650497,0.37571660819714203,0.2412764271231057,0.5524395548777172,10.0,DMFS,OOD,transbig,DeepHS,40
5,40,0.5565221980214119,0.32833333333333337,0.20551698123238737,0.4976702768404696,10.0,DMFS,OOD,transbig,DeepHS,40
1,40,0.06494383662939071,0.09999999999999998,0.0387548083597935,0.24485894550200282,3.0,DMFS,OOD,transbig,DeepHS,41
2,39,0.10723116611823058,0.05128205128205132,0.01307770119766849,0.18984233558097408,3.0,DMFS,OOD,transbig,DeepHS,41
3,40,0.13846805691719055,0.09999999999999998,0.0387548083597935,0.24485894550200282,3.0,DMFS,OOD,transbig,DeepHS,41
4,39,0.16980621753594813,0.12895927601809953,0.055789799858243616,0.28255547339724263,3.0,DMFS,OOD,transbig,DeepHS,41
5,40,0.22065960317850114,0.17500000000000004,0.08753491778014977,0.33234377364489087,3.0,DMFS,OOD,transbig,DeepHS,41
1,40,0.17098596692085266,0.025000000000000022,0.003559816986270059,0.16451454088849404,5.0,DMFS,OOD,transbig,DeepHS,41
2,39,0.2229853929617466,0.17948717948717952,0.08989593858399603,0.33996492156887426,5.0,DMFS,OOD,transbig,DeepHS,41
3,40,0.26019458323717115,0.2596466033966034,0.14845884950946875,0.43014285005235753,5.0,DMFS,OOD,transbig,DeepHS,41
4,39,0.28617149591445923,0.20512820512820518,0.1083083994039028,0.3685640667089173,5.0,DMFS,OOD,transbig,DeepHS,41
5,40,0.3476561799645424,0.2551724137931033,0.14614421317646042,0.4226648384833238,5.0,DMFS,OOD,transbig,DeepHS,41
1,40,0.34504983723163607,0.08187599364069953,0.027153977634899462,0.23284282899599196,10.0,DMFS,OOD,transbig,DeepHS,41
2,39,0.4203803661542061,0.2742844264142438,0.15736631580200322,0.45134455419477515,10.0,DMFS,OOD,transbig,DeepHS,41
3,40,0.4768589615821838,0.43930434782608696,0.29946097590963405,0.6095921487512306,10.0,DMFS,OOD,transbig,DeepHS,41
4,39,0.5226761469474206,0.2642194233706169,0.15146197074400558,0.4362743998389669,10.0,DMFS,OOD,transbig,DeepHS,41
5,40,0.5800516620278359,0.25234375,0.14446100434470677,0.41844144726980537,10.0,DMFS,OOD,transbig,DeepHS,41
1,40,0.012145261051654815,0.10069444444444453,0.0390194911882461,0.24648710549350716,3.0,DMFS,OOD,transbig,DeepHS,42
2,39,0.061376767280774236,0.10256410256410253,0.03978213007662024,0.250585532040679,3.0,DMFS,OOD,transbig,DeepHS,42
3,40,0.11186349540948867,0.09999999999999998,0.0387548083597935,0.24485894550200282,3.0,DMFS,OOD,transbig,DeepHS,42
4,39,0.1550062054242843,0.17948717948717952,0.08989593858399603,0.33996492156887426,3.0,DMFS,OOD,transbig,DeepHS,42
5,40,0.22454047054052353,0.07500000000000007,0.024823756400070507,0.21478243604254832,3.0,DMFS,OOD,transbig,DeepHS,42
1,40,0.015156575622558593,0.17858072916666679,0.08933865142398179,0.3386849540314717,5.0,DMFS,OOD,transbig,DeepHS,42
2,39,0.08572323352862628,0.12975912975912973,0.0561215209916055,0.28426570018883024,5.0,DMFS,OOD,transbig,DeepHS,42
3,40,0.16123288571834565,0.3318965517241379,0.20773469051671523,0.5026880401563285,5.0,DMFS,OOD,transbig,DeepHS,42
4,39,0.22427468116466814,0.18028846153846156,0.09028793324548379,0.3414178946893749,5.0,DMFS,OOD,transbig,DeepHS,42
5,40,0.31451117992401123,0.09999999999999998,0.0387548083597935,0.24485894550200282,5.0,DMFS,OOD,transbig,DeepHS,42
1,40,0.17514449059963227,0.345311574074074,0.21604287473832107,0.5215448714439637,10.0,DMFS,OOD,transbig,DeepHS,42
2,39,0.4559110647592789,0.23076923076923084,0.12738098194455894,0.39660786438954687,10.0,DMFS,OOD,transbig,DeepHS,42
3,40,0.5699208736419678,0.32932692307692313,0.2061094945606008,0.4991195977613214,10.0,DMFS,OOD,transbig,DeepHS,42
4,39,0.6509460103817475,0.16923868312757206,0.0794614713022197,0.3397982555399871,10.0,DMFS,OOD,transbig,DeepHS,42
5,40,0.7504600152373314,0.23820270385898867,0.1311654669490223,0.40932047765349644,10.0,DMFS,OOD,transbig,DeepHS,42
1,40,0.12592167556285858,0.09999999999999998,0.0387548083597935,0.24485894550200282,3.0,DMFS,OOD,transbig,DeepHS,43
2,39,0.17330219653936532,0.15384615384615385,0.07223889953955942,0.3107756517733492,3.0,DMFS,OOD,transbig,DeepHS,43
3,40,0.20236853808164595,0.15000000000000002,0.07035183371339648,0.30376378342083554,3.0,DMFS,OOD,transbig,DeepHS,43
4,39,0.23836182630979097,0.02564102564102566,0.0036521109238626392,0.16840687765336237,3.0,DMFS,OOD,transbig,DeepHS,43
5,40,0.3219400018453598,0.125,0.05402892789284475,0.2745929029164026,3.0,DMFS,OOD,transbig,DeepHS,43
1,40,0.2501213788986206,0.2250000000000001,0.12400041339304912,0.38783213252389404,5.0,DMFS,OOD,transbig,DeepHS,43
2,39,0.2834148483398633,0.20673076923076927,0.1091457712329108,0.37128312978553446,5.0,DMFS,OOD,transbig,DeepHS,43
3,40,0.3180896520614624,0.13142857142857145,0.056819050858361586,0.28780761785944675,5.0,DMFS,OOD,transbig,DeepHS,43
4,39,0.36861329353772676,0.15462315462315457,0.07259592288109495,0.31227867729732284,5.0,DMFS,OOD,transbig,DeepHS,43
5,40,0.4670345440506935,0.20368663594470038,0.10740061756701513,0.36655541955308124,5.0,DMFS,OOD,transbig,DeepHS,43
1,40,0.3875714913010597,0.20405405405405386,0.10766693387388637,0.3669678493734674,10.0,DMFS,OOD,transbig,DeepHS,43
2,39,0.4422780382327544,0.1328671328671328,0.05745054195347099,0.29072134012302453,10.0,DMFS,OOD,transbig,DeepHS,43
3,40,0.4836778864264488,0.4402356902356903,0.2997054451702944,0.6113396015624473,10.0,DMFS,OOD,transbig,DeepHS,43
4,39,0.5431334941815107,0.2219508886175553,0.11716487082204019,0.3967474510574035,10.0,DMFS,OOD,transbig,DeepHS,43
5,40,0.6315861001610756,0.31215625,0.190021558802547,0.485418045448872,10.0,DMFS,OOD,transbig,DeepHS,43
1,40,0.05040656328201294,0.0,0.0,0.0,3.0,DMFS,OOD,transbig,DeepHS,44
2,39,0.08563582713787372,0.10256410256410253,0.03978213007662024,0.250585532040679,3.0,DMFS,OOD,transbig,DeepHS,44
3,40,0.11930239349603652,0.07500000000000007,0.024823756400070507,0.21478243604254832,3.0,DMFS,OOD,transbig,DeepHS,44
4,39,0.21537827069942767,0.20512820512820518,0.1083083994039028,0.3685640667089173,3.0,DMFS,OOD,transbig,DeepHS,44
5,40,0.42974626570940017,0.17500000000000004,0.08753491778014977,0.33234377364489087,3.0,DMFS,OOD,transbig,DeepHS,44
1,40,0.08849849551916122,0.0,0.0,0.0,5.0,DMFS,OOD,transbig,DeepHS,44
2,39,0.12257710786966178,0.23563843563843556,0.13006929490080998,0.4044105854285648,5.0,DMFS,OOD,transbig,DeepHS,44
3,40,0.16164077520370485,0.18131274131274133,0.09076453485093194,0.34335188906514336,5.0,DMFS,OOD,transbig,DeepHS,44
4,39,0.264617736522968,0.3600000000000001,0.23130061340792196,0.5309985678109466,5.0,DMFS,OOD,transbig,DeepHS,44
5,40,0.4992905780673027,0.15073529411764708,0.07068952830121822,0.305191599983183,5.0,DMFS,OOD,transbig,DeepHS,44
1,40,0.25850673764944077,0.1583538083538083,0.07436880821802216,0.3192645119966937,10.0,DMFS,OOD,transbig,DeepHS,44
2,39,0.30718117035352266,0.21550425381070537,0.11382562704869714,0.3858396076500701,10.0,DMFS,OOD,transbig,DeepHS,44
3,40,0.35590404719114305,0.35096153846153855,0.2249797783824662,0.5195999212436637,10.0,DMFS,OOD,transbig,DeepHS,44
4,39,0.4403641116924775,0.37916488275386906,0.24318017143594006,0.5575982869636056,10.0,DMFS,OOD,transbig,DeepHS,44
5,40,0.6583326399326325,0.20735294117647063,0.1092178057562826,0.37305559816405887,10.0,DMFS,OOD,transbig,DeepHS,44
1,40,0.002830670773983002,0.07500000000000007,0.024823756400070507,0.21478243604254832,3.0,DMFS,OOD,transbig,DeepSurv,40
2,39,0.014651251144898243,0.02564102564102566,0.0036521109238626392,0.16840687765336237,3.0,DMFS,OOD,transbig,DeepSurv,40
3,40,0.044527335464954375,0.09999999999999998,0.0387548083597935,0.24485894550200282,3.0,DMFS,OOD,transbig,DeepSurv,40
4,39,0.12653538966790223,0.12895927601809953,0.055789799858243616,0.28255547339724263,3.0,DMFS,OOD,transbig,DeepSurv,40
5,40,0.44443478267639874,0.2250000000000001,0.12400041339304912,0.38783213252389404,3.0,DMFS,OOD,transbig,DeepSurv,40
1,40,0.009839695692062379,0.07500000000000007,0.024823756400070507,0.21478243604254832,5.0,DMFS,OOD,transbig,DeepSurv,40
2,39,0.05015456217985887,0.05197505197505192,0.013253093864668886,0.1922708535788128,5.0,DMFS,OOD,transbig,DeepSurv,40
3,40,0.1466355800628662,0.20767857142857138,0.10948914198979176,0.37331989529153264,5.0,DMFS,OOD,transbig,DeepSurv,40
4,39,0.372006119061739,0.2627555000780153,0.15074776035347992,0.43373809547009434,5.0,DMFS,OOD,transbig,DeepSurv,40
5,40,0.8054856692842172,0.32500000000000007,0.2034170198617803,0.49301347286841446,5.0,DMFS,OOD,transbig,DeepSurv,40
1,40,0.018734632432460784,0.15519781144781153,0.07276241954334317,0.31374900545715423,10.0,DMFS,OOD,transbig,DeepSurv,40
2,39,0.09365752110114464,0.17895348929831678,0.08403760237589442,0.3578317889956083,10.0,DMFS,OOD,transbig,DeepSurv,40
3,40,0.2610227525234222,0.2623214285714285,0.15031777547986236,0.4334924684191319,10.0,DMFS,OOD,transbig,DeepSurv,40
4,39,0.5826958421713266,0.3492224475997294,0.21920766770617306,0.525645444040803,10.0,DMFS,OOD,transbig,DeepSurv,40
5,40,0.9371270880391623,0.3780048076923077,0.24764806939050088,0.5472089666941373,10.0,DMFS,OOD,transbig,DeepSurv,40
1,40,0.0027105540037155153,0.050000000000000044,0.01274447613969154,0.18545387985547312,3.0,DMFS,OOD,transbig,DeepSurv,41
2,39,0.014666514518933419,0.10256410256410253,0.03978213007662024,0.250585532040679,3.0,DMFS,OOD,transbig,DeepSurv,41
3,40,0.03971658200025559,0.07500000000000007,0.024823756400070507,0.21478243604254832,3.0,DMFS,OOD,transbig,DeepSurv,41
4,39,0.08897564350030361,0.17948717948717952,0.08989593858399603,0.33996492156887426,3.0,DMFS,OOD,transbig,DeepSurv,41
5,40,0.26302976757287977,0.15000000000000002,0.07035183371339648,0.30376378342083554,3.0,DMFS,OOD,transbig,DeepSurv,41
1,40,0.007974393665790558,0.050000000000000044,0.01274447613969154,0.18545387985547312,5.0,DMFS,OOD,transbig,DeepSurv,41
2,39,0.04259234666824341,0.1282051282051282,0.0554698458790277,0.2809731817817728,5.0,DMFS,OOD,transbig,DeepSurv,41
3,40,0.11258103251457215,0.21375,0.11279104046745247,0.38321427141923803,5.0,DMFS,OOD,transbig,DeepSurv,41
4,39,0.23969693061632988,0.3076923076923078,0.18792995465701468,0.47773316901498586,5.0,DMFS,OOD,transbig,DeepSurv,41
5,40,0.5625563271343708,0.2272727272727273,0.12525415261621853,0.391494105395941,5.0,DMFS,OOD,transbig,DeepSurv,41
1,40,0.02651216834783554,0.10135135135135132,0.039279240582873576,0.24797370861593193,10.0,DMFS,OOD,transbig,DeepSurv,41
2,39,0.13532373691216493,0.2798757763975155,0.1603027670604763,0.4604489922783832,10.0,DMFS,OOD,transbig,DeepSurv,41
3,40,0.3294042110443115,0.3612490188383045,0.22708201643918002,0.5416036227123636,10.0,DMFS,OOD,transbig,DeepSurv,41
4,39,0.5973078363981003,0.3343195266272191,0.20967802584796136,0.5052772002673585,10.0,DMFS,OOD,transbig,DeepSurv,41
5,40,0.9033659394868032,0.25391849529780564,0.14536270753240632,0.4208768702058532,10.0,DMFS,OOD,transbig,DeepSurv,41
1,40,0.0001591514205932565,0.07567567567567568,0.025044429452298456,0.21663001813392557,3.0,DMFS,OOD,transbig,DeepSurv,42
2,39,0.0006481454922602727,0.07692307692307687,0.025477517787887205,0.21983742164602216,3.0,DMFS,OOD,transbig,DeepSurv,42
3,40,0.0022238731384277345,0.09999999999999998,0.0387548083597935,0.24485894550200282,3.0,DMFS,OOD,transbig,DeepSurv,42
4,39,0.005478103955586751,0.07692307692307687,0.025477517787887205,0.21983742164602216,3.0,DMFS,OOD,transbig,DeepSurv,42
5,40,0.06950810551643372,0.2250000000000001,0.12400041339304912,0.38783213252389404,3.0,DMFS,OOD,transbig,DeepSurv,42
1,40,0.0004540026950836162,0.1534807534807534,0.07200185966863415,0.3103237236216362,5.0,DMFS,OOD,transbig,DeepSurv,42
2,39,0.0021470632308568708,0.15535444947209653,0.07294302807288588,0.31365147673713667,5.0,DMFS,OOD,transbig,DeepSurv,42
3,40,0.007351773977279663,0.17714285714285705,0.0886126785021798,0.33614620566888753,5.0,DMFS,OOD,transbig,DeepSurv,42
4,39,0.018039908164586775,0.15535444947209653,0.07294302807288588,0.31365147673713667,5.0,DMFS,OOD,transbig,DeepSurv,42
5,40,0.18133067898452282,0.27500000000000013,0.16275585197524622,0.44131405799592605,5.0,DMFS,OOD,transbig,DeepSurv,42
1,40,0.009405338764190673,0.1837135837135836,0.09177659497503698,0.3482126980460003,10.0,DMFS,OOD,transbig,DeepSurv,42
2,39,0.044795722533495,0.293767333236024,0.1742838626783645,0.4683099292844056,10.0,DMFS,OOD,transbig,DeepSurv,42
3,40,0.14470393508672713,0.23034482758620678,0.12694887934375032,0.3964343933966247,10.0,DMFS,OOD,transbig,DeepSurv,42
4,39,0.31925203708501965,0.26093514328808454,0.1497254905687787,0.43089163692378596,10.0,DMFS,OOD,transbig,DeepSurv,42
5,40,0.7891777782157483,0.3371428571428573,0.21036808175941368,0.5112370345432307,10.0,DMFS,OOD,transbig,DeepSurv,42
1,40,0.0001499488782882641,0.025000000000000022,0.003559816986270059,0.16451454088849404,3.0,DMFS,OOD,transbig,DeepSurv,43
2,39,0.0004751284917195638,0.02564102564102566,0.0036521109238626392,0.16840687765336237,3.0,DMFS,OOD,transbig,DeepSurv,43
3,40,0.001069168746471405,0.07500000000000007,0.024823756400070507,0.21478243604254832,3.0,DMFS,OOD,transbig,DeepSurv,43
4,39,0.002810389567644168,0.1282051282051282,0.0554698458790277,0.2809731817817728,3.0,DMFS,OOD,transbig,DeepSurv,43
5,40,0.08448346191167831,0.30000000000000004,0.18286552995969518,0.46737524007926745,3.0,DMFS,OOD,transbig,DeepSurv,43
1,40,0.0036105677485466004,0.025000000000000022,0.003559816986270059,0.16451454088849404,5.0,DMFS,OOD,transbig,DeepSurv,43
2,39,0.013124438432546763,0.15604395604395604,0.07327999576786859,0.3149093671210743,5.0,DMFS,OOD,transbig,DeepSurv,43
3,40,0.02928660809993744,0.17933501683501685,0.08971589704027594,0.3400270549942338,5.0,DMFS,OOD,transbig,DeepSurv,43
4,39,0.07489005418924186,0.2091635962603703,0.110421713632467,0.3753908332004332,5.0,DMFS,OOD,transbig,DeepSurv,43
5,40,0.40321013306856157,0.3520000000000001,0.22560624940422203,0.5210896053979425,5.0,DMFS,OOD,transbig,DeepSurv,43
1,40,0.011554649472236634,0.1556241534442725,0.07302110632259251,0.31434126619170677,10.0,DMFS,OOD,transbig,DeepSurv,43
2,39,0.041595530815613575,0.2414814814814813,0.13331322361025022,0.41369108058960813,10.0,DMFS,OOD,transbig,DeepSurv,43
3,40,0.09106991738080979,0.2638662486938348,0.1510237992704666,0.4362801123748735,10.0,DMFS,OOD,transbig,DeepSurv,43
4,39,0.21921885013580322,0.26565191081320094,0.1523617801487227,0.4382880627193425,10.0,DMFS,OOD,transbig,DeepSurv,43
5,40,0.6801956527669821,0.3814545454545455,0.2497365916027794,0.5520834649031282,10.0,DMFS,OOD,transbig,DeepSurv,43
1,40,0.0005634016442298883,0.025000000000000022,0.003559816986270059,0.16451454088849404,3.0,DMFS,OOD,transbig,DeepSurv,44
2,39,0.002959011456905267,0.02564102564102566,0.0036521109238626392,0.16840687765336237,3.0,DMFS,OOD,transbig,DeepSurv,44
3,40,0.011423687636852264,0.07500000000000007,0.024823756400070507,0.21478243604254832,3.0,DMFS,OOD,transbig,DeepSurv,44
4,39,0.0368500000391251,0.23076923076923084,0.12738098194455894,0.39660786438954687,3.0,DMFS,OOD,transbig,DeepSurv,44
5,40,0.17747607454657555,0.20000000000000007,0.10544880496760634,0.360355238540763,3.0,DMFS,OOD,transbig,DeepSurv,44
1,40,0.0019531335258483884,0.050657894736842124,0.012910933799163749,0.18776727635316848,5.0,DMFS,OOD,transbig,DeepSurv,44
2,39,0.010278330399439884,0.02564102564102566,0.0036521109238626392,0.16840687765336237,5.0,DMFS,OOD,transbig,DeepSurv,44
3,40,0.039193938672542575,0.17500000000000004,0.08753491778014977,0.33234377364489087,5.0,DMFS,OOD,transbig,DeepSurv,44
4,39,0.12219245464373858,0.435897435897436,0.2978442209353602,0.6042508159783202,5.0,DMFS,OOD,transbig,DeepSurv,44
5,40,0.4227429879189003,0.2250000000000001,0.12400041339304912,0.38783213252389404,5.0,DMFS,OOD,transbig,DeepSurv,44
1,40,0.0033906072378158568,0.11035283441870392,0.04259725166605799,0.2695468982968424,10.0,DMFS,OOD,transbig,DeepSurv,44
2,39,0.017790727126292694,0.05516705516705511,0.014022448224288553,0.20390352112770105,10.0,DMFS,OOD,transbig,DeepSurv,44
3,40,0.06698752641677856,0.33156498673740065,0.20740412511365547,0.5024557059612872,10.0,DMFS,OOD,transbig,DeepSurv,44
4,39,0.20181995783096704,0.512820512820513,0.36843752749000014,0.675442318952922,10.0,DMFS,OOD,transbig,DeepSurv,44
5,40,0.574787480542846,0.2825714285714287,0.16699300577256526,0.4531385913922905,10.0,DMFS,OOD,transbig,DeepSurv,44
1,40,0.03762253224849701,0.050000000000000044,0.01274447613969154,0.18545387985547312,3.0,DMFS,OOD,transbig,ENCox,40
2,39,0.09546987979840009,0.05128205128205132,0.01307770119766849,0.18984233558097408,3.0,DMFS,OOD,transbig,ENCox,40
3,40,0.17328721284866333,0.09999999999999998,0.0387548083597935,0.24485894550200282,3.0,DMFS,OOD,transbig,ENCox,40
4,39,0.33185608723224735,0.17948717948717952,0.08989593858399603,0.33996492156887426,3.0,DMFS,OOD,transbig,ENCox,40
5,40,0.675917506713568,0.17500000000000004,0.08753491778014977,0.33234377364489087,3.0,DMFS,OOD,transbig,ENCox,40
1,40,0.08647527247667312,0.050000000000000044,0.01274447613969154,0.18545387985547312,5.0,DMFS,OOD,transbig,ENCox,40
2,39,0.2109371759952643,0.10476370035193572,0.04062685817669298,0.25568616980833225,5.0,DMFS,OOD,transbig,ENCox,40
3,40,0.36072984263300895,0.2250000000000001,0.12400041339304912,0.38783213252389404,5.0,DMFS,OOD,transbig,ENCox,40
4,39,0.6122093735597073,0.290914846470402,0.1724618713213354,0.46437621293726994,5.0,DMFS,OOD,transbig,ENCox,40
5,40,0.8944417211901257,0.2500000000000001,0.14312041525891117,0.4148083164008235,5.0,DMFS,OOD,transbig,ENCox,40
1,40,0.14487217366695404,0.13472485768500952,0.058209778749538255,0.29472270274316725,10.0,DMFS,OOD,transbig,ENCox,40
2,39,0.3367036688022124,0.25228399544545754,0.1392970101622295,0.43077475038404267,10.0,DMFS,OOD,transbig,ENCox,40
3,40,0.5377112366259098,0.27943805874840355,0.16529229076914753,0.4481385523376151,10.0,DMFS,OOD,transbig,ENCox,40
4,39,0.8043513101262924,0.31927825261158593,0.1950407790814631,0.49427686375163826,10.0,DMFS,OOD,transbig,ENCox,40
5,40,0.9705572920321301,0.3327254641909815,0.20806239067328003,0.5042077674559504,10.0,DMFS,OOD,transbig,ENCox,40
1,40,0.14210436642169952,0.0,0.0,0.0,3.0,DMFS,OOD,transbig,ENCox,41
2,39,0.16465733448664346,0.1282051282051282,0.0554698458790277,0.2809731817817728,3.0,DMFS,OOD,transbig,ENCox,41
3,40,0.18670296669006348,0.17500000000000004,0.08753491778014977,0.33234377364489087,3.0,DMFS,OOD,transbig,ENCox,41
4,39,0.21226993585244203,0.1282051282051282,0.0554698458790277,0.2809731817817728,3.0,DMFS,OOD,transbig,ENCox,41
5,40,0.25174964368343355,0.125,0.05402892789284475,0.2745929029164026,3.0,DMFS,OOD,transbig,ENCox,41
1,40,0.2174454629421234,0.02564102564102566,0.0036521109238626392,0.16840687765336237,5.0,DMFS,OOD,transbig,ENCox,41
2,39,0.2501388421425453,0.20833980833980825,0.10998989109619184,0.37400015590374236,5.0,DMFS,OOD,transbig,ENCox,41
3,40,0.28155012279748914,0.22834051724137927,0.12577670508929661,0.39338400719120925,5.0,DMFS,OOD,transbig,ENCox,41
4,39,0.3173309090809944,0.2564102564102565,0.14704279099588802,0.4241308803354288,5.0,DMFS,OOD,transbig,ENCox,41
5,40,0.37110732197761537,0.20078125000000002,0.1058507698003135,0.36170397773485163,5.0,DMFS,OOD,transbig,ENCox,41
1,40,0.32996848970651627,0.1344378441152635,0.05812776418142174,0.29395125270106304,10.0,DMFS,OOD,transbig,ENCox,41
2,39,0.3751781246601007,0.29885168210449997,0.1770331525350607,0.47635718339239697,10.0,DMFS,OOD,transbig,ENCox,41
3,40,0.417364339530468,0.31433073089356744,0.19147599214374378,0.48828033265114124,10.0,DMFS,OOD,transbig,ENCox,41
4,39,0.4639855990043053,0.28296703296703307,0.16776637831551056,0.4525606598129953,10.0,DMFS,OOD,transbig,ENCox,41
5,40,0.5309478767216206,0.2846498842592592,0.16833854540367899,0.45597822872948446,10.0,DMFS,OOD,transbig,ENCox,41
1,40,0.004454179108142853,0.125,0.05402892789284475,0.2745929029164026,3.0,DMFS,OOD,transbig,ENCox,42
2,39,0.012624673354320036,0.12895927601809953,0.055789799858243616,0.28255547339724263,3.0,DMFS,OOD,transbig,ENCox,42
3,40,0.023816363513469697,0.050000000000000044,0.01274447613969154,0.18545387985547312,3.0,DMFS,OOD,transbig,ENCox,42
4,39,0.04558459917704264,0.10256410256410253,0.03978213007662024,0.250585532040679,3.0,DMFS,OOD,transbig,ENCox,42
5,40,0.1530365865677595,0.15000000000000002,0.07035183371339648,0.30376378342083554,3.0,DMFS,OOD,transbig,ENCox,42
1,40,0.011724571883678436,0.2272727272727273,0.12525415261621853,0.391494105395941,5.0,DMFS,OOD,transbig,ENCox,42
2,39,0.03302424076275948,0.20902463549522377,0.11037450431268159,0.37508391867191104,5.0,DMFS,OOD,transbig,ENCox,42
3,40,0.061711585521698,0.125,0.05402892789284475,0.2745929029164026,5.0,DMFS,OOD,transbig,ENCox,42
4,39,0.11593287724715012,0.2059553349875931,0.10873422621814077,0.3699859464471621,5.0,DMFS,OOD,transbig,ENCox,42
5,40,0.32321768512483684,0.15000000000000002,0.07035183371339648,0.30376378342083554,5.0,DMFS,OOD,transbig,ENCox,42
1,40,0.07895833700895309,0.2845117845117845,0.16827852905238272,0.455726147630619,10.0,DMFS,OOD,transbig,ENCox,42
2,39,0.20967137202238426,0.29490196078431374,0.17492320270524353,0.47005401224001264,10.0,DMFS,OOD,transbig,ENCox,42
3,40,0.359378357231617,0.2824675324675324,0.16714555603700987,0.4525202203143601,10.0,DMFS,OOD,transbig,ENCox,42
4,39,0.5754297245771457,0.2343140730237505,0.12926634222578093,0.4024742760719834,10.0,DMFS,OOD,transbig,ENCox,42
5,40,0.8644178413191741,0.20970625798212006,0.11028775526381251,0.3774905453153067,10.0,DMFS,OOD,transbig,ENCox,42
1,40,0.10353118777275086,0.0,0.0,0.0,3.0,DMFS,OOD,transbig,ENCox,43
2,39,0.12483824674899761,0.1282051282051282,0.0554698458790277,0.2809731817817728,3.0,DMFS,OOD,transbig,ENCox,43
3,40,0.13912330865859984,0.15000000000000002,0.07035183371339648,0.30376378342083554,3.0,DMFS,OOD,transbig,ENCox,43
4,39,0.15467018958849785,0.05128205128205132,0.01307770119766849,0.18984233558097408,3.0,DMFS,OOD,transbig,ENCox,43
5,40,0.1788402885198593,0.2250000000000001,0.12400041339304912,0.38783213252389404,3.0,DMFS,OOD,transbig,ENCox,43
1,40,0.20927856117486954,0.0,0.0,0.0,5.0,DMFS,OOD,transbig,ENCox,43
2,39,0.24923583024587387,0.18360042735042736,0.0919024838771435,0.34743072466374303,5.0,DMFS,OOD,transbig,ENCox,43
3,40,0.2753292739391327,0.227421875,0.1253041615956212,0.3918175310504922,5.0,DMFS,OOD,transbig,ENCox,43
4,39,0.30316500480358416,0.20745920745920732,0.10954310951732837,0.3724706013979763,5.0,DMFS,OOD,transbig,ENCox,43
5,40,0.34517412185668944,0.30000000000000004,0.18286552995969518,0.46737524007926745,5.0,DMFS,OOD,transbig,ENCox,43
1,40,0.2582379311323166,0.11317567567567566,0.04395392624031058,0.2745337643099456,10.0,DMFS,OOD,transbig,ENCox,43
2,39,0.3056708299196683,0.21175213675213678,0.11176183125732486,0.3798018945705992,10.0,DMFS,OOD,transbig,ENCox,43
3,40,0.33623221069574355,0.31461283482142854,0.19158499672154705,0.48881038781372455,10.0,DMFS,OOD,transbig,ENCox,43
4,39,0.3685036102930705,0.32720491629582515,0.1996075262815672,0.5061016357982924,10.0,DMFS,OOD,transbig,ENCox,43
5,40,0.41647897064685824,0.35096153846153855,0.2249797783824662,0.5195999212436637,10.0,DMFS,OOD,transbig,ENCox,43
1,40,0.023687419295310975,0.0,0.0,0.0,3.0,DMFS,OOD,transbig,ENCox,44
2,39,0.05203564961751302,0.10329670329670326,0.04006145658283533,0.25229715820794185,3.0,DMFS,OOD,transbig,ENCox,44
3,40,0.09176184087991715,0.15000000000000002,0.07035183371339648,0.30376378342083554,3.0,DMFS,OOD,transbig,ENCox,44
4,39,0.1604123191955762,0.20512820512820518,0.1083083994039028,0.3685640667089173,3.0,DMFS,OOD,transbig,ENCox,44
5,40,0.3820108739193529,0.09999999999999998,0.0387548083597935,0.24485894550200282,3.0,DMFS,OOD,transbig,ENCox,44
1,40,0.056866089999675754,0.05197505197505192,0.013253093864668886,0.1922708535788128,5.0,DMFS,OOD,transbig,ENCox,44
2,39,0.12234617960758698,0.18481518481518466,0.09258953784963375,0.3493305001612833,5.0,DMFS,OOD,transbig,ENCox,44
3,40,0.20931690633296968,0.22580645161290325,0.12443341444903977,0.3891629608564544,5.0,DMFS,OOD,transbig,ENCox,44
4,39,0.34676598738401365,0.3076923076923078,0.18792995465701468,0.47773316901498586,5.0,DMFS,OOD,transbig,ENCox,44
5,40,0.6473133499604324,0.1515151515151515,0.071039864613889,0.3067338779360749,5.0,DMFS,OOD,transbig,ENCox,44
1,40,0.09195884764194488,0.11122661122661115,0.04309394618217399,0.2706699351247346,10.0,DMFS,OOD,transbig,ENCox,44
2,39,0.19346833993227053,0.32961024988997,0.2015238079741477,0.5086424158592133,10.0,DMFS,OOD,transbig,ENCox,44
3,40,0.32063443660736085,0.22580645161290325,0.12443341444903977,0.3891629608564544,10.0,DMFS,OOD,transbig,ENCox,44
4,39,0.5031503500082554,0.4432234432234433,0.30258836559804647,0.6138558855263977,10.0,DMFS,OOD,transbig,ENCox,44
5,40,0.7998944870169554,0.21003134796238243,0.11057162843579371,0.37771668941855907,10.0,DMFS,OOD,transbig,ENCox,44
1,40,0.4578192710876465,0.07500000000000007,0.024823756400070507,0.21478243604254832,3.0,DMFS,OOD,transbig,LH,40
2,39,0.5868766261981084,0.05128205128205132,0.01307770119766849,0.18984233558097408,3.0,DMFS,OOD,transbig,LH,40
3,40,0.6815117262303829,0.07500000000000007,0.024823756400070507,0.21478243604254832,3.0,DMFS,OOD,transbig,LH,40
4,39,0.7636244602692432,0.17948717948717952,0.08989593858399603,0.33996492156887426,3.0,DMFS,OOD,transbig,LH,40
5,40,0.8816193609498442,0.17500000000000004,0.08753491778014977,0.33234377364489087,3.0,DMFS,OOD,transbig,LH,40
1,40,0.5244631953537464,0.07500000000000007,0.024823756400070507,0.21478243604254832,5.0,DMFS,OOD,transbig,LH,40
2,39,0.6885080918287619,0.07763532763532766,0.02571020740854224,0.22177842494280775,5.0,DMFS,OOD,transbig,LH,40
3,40,0.7936685182154178,0.23199999999999987,0.1278514923773768,0.3991183188155343,5.0,DMFS,OOD,transbig,LH,40
4,39,0.8758364824148325,0.2846153846153847,0.16875624168423986,0.4549820810349008,5.0,DMFS,OOD,transbig,LH,40
5,40,0.9458881986793131,0.25250278086763067,0.14451723798630245,0.41876976246496467,5.0,DMFS,OOD,transbig,LH,40
1,40,0.7389723710715771,0.13597670250896055,0.05865978219851464,0.29768265908614544,10.0,DMFS,OOD,transbig,LH,40
2,39,0.8878078428216469,0.3045850701023115,0.18117301778093897,0.4832149954005146,10.0,DMFS,OOD,transbig,LH,40
3,40,0.9496169168502092,0.2810997596153846,0.16626438537228305,0.45063941812336694,10.0,DMFS,OOD,transbig,LH,40
4,39,0.9735142207489564,0.342531017369727,0.21483598239269464,0.5166965305929433,10.0,DMFS,OOD,transbig,LH,40
5,40,0.9916837249678793,0.2541852678571428,0.14545763789373256,0.4214254279460702,10.0,DMFS,OOD,transbig,LH,40
1,40,0.022918811440467833,0.050000000000000044,0.01274447613969154,0.18545387985547312,3.0,DMFS,OOD,transbig,LH,41
2,39,0.03391455228512104,0.07692307692307687,0.025477517787887205,0.21983742164602216,3.0,DMFS,OOD,transbig,LH,41
3,40,0.048940394818782804,0.09999999999999998,0.0387548083597935,0.24485894550200282,3.0,DMFS,OOD,transbig,LH,41
4,39,0.084347909841782,0.1282051282051282,0.0554698458790277,0.2809731817817728,3.0,DMFS,OOD,transbig,LH,41
5,40,0.3590105882845819,0.20000000000000007,0.10544880496760634,0.360355238540763,3.0,DMFS,OOD,transbig,LH,41
1,40,0.025124514102935792,0.09999999999999998,0.0387548083597935,0.24485894550200282,5.0,DMFS,OOD,transbig,LH,41
2,39,0.04060506820678711,0.027027027027026973,0.0038518411859753687,0.17676962678595975,5.0,DMFS,OOD,transbig,LH,41
3,40,0.08367407619953156,0.20151515151515154,0.1062396068326692,0.3629380497769874,5.0,DMFS,OOD,transbig,LH,41
4,39,0.27299195986527663,0.2838196286472149,0.1682716920756745,0.45382786057042235,5.0,DMFS,OOD,transbig,LH,41
5,40,0.7881335339364619,0.30000000000000004,0.18286552995969518,0.46737524007926745,5.0,DMFS,OOD,transbig,LH,41
1,40,0.05618448704481125,0.1355808877031287,0.058704215859471165,0.29593508592662165,10.0,DMFS,OOD,transbig,LH,41
2,39,0.15444082785875368,0.18716245803532316,0.09361024262981354,0.35396854199440064,10.0,DMFS,OOD,transbig,LH,41
3,40,0.5842091001570224,0.30908808933002485,0.18844335725849515,0.48042141242310443,10.0,DMFS,OOD,transbig,LH,41
4,39,0.8376192161096976,0.42362900257637104,0.28371485935472796,0.5974264207914427,10.0,DMFS,OOD,transbig,LH,41
5,40,0.9911419847171021,0.25391849529780564,0.14536270753240632,0.4208768702058532,10.0,DMFS,OOD,transbig,LH,41
1,40,0.09318320453166962,0.07500000000000007,0.024823756400070507,0.21478243604254832,3.0,DMFS,OOD,transbig,LH,42
2,39,0.12371388154152112,0.07692307692307687,0.025477517787887205,0.21983742164602216,3.0,DMFS,OOD,transbig,LH,42
3,40,0.1545131117105484,0.050000000000000044,0.01274447613969154,0.18545387985547312,3.0,DMFS,OOD,transbig,LH,42
4,39,0.19162233059222883,0.17948717948717952,0.08989593858399603,0.33996492156887426,3.0,DMFS,OOD,transbig,LH,42
5,40,0.4217269667889923,0.17500000000000004,0.08753491778014977,0.33234377364489087,3.0,DMFS,OOD,transbig,LH,42
1,40,0.10045271068811416,0.07500000000000007,0.024823756400070507,0.21478243604254832,5.0,DMFS,OOD,transbig,LH,42
2,39,0.13440120220184326,0.18028846153846156,0.09028793324548379,0.3414178946893749,5.0,DMFS,OOD,transbig,LH,42
3,40,0.16715195178985595,0.15000000000000002,0.07035183371339648,0.30376378342083554,5.0,DMFS,OOD,transbig,LH,42
4,39,0.2185473457360879,0.29408744759134053,0.1744438395438791,0.4688454685605228,5.0,DMFS,OOD,transbig,LH,42
5,40,0.5883990678616101,0.22666666666666668,0.124884936606528,0.3906083477131448,5.0,DMFS,OOD,transbig,LH,42
1,40,0.1374183252453804,0.17979797979797973,0.08984936749293537,0.34116477706769,10.0,DMFS,OOD,transbig,LH,42
2,39,0.2004054769491538,0.13589257042767477,0.05878974095514644,0.2967867473382113,10.0,DMFS,OOD,transbig,LH,42
3,40,0.2767733231186867,0.41817201640271495,0.2797815165025799,0.5908564221775467,10.0,DMFS,OOD,transbig,LH,42
4,39,0.46299894880025816,0.28634010354440453,0.16977656702935295,0.4575458971851065,10.0,DMFS,OOD,transbig,LH,42
5,40,0.8733628591375566,0.2913697630494504,0.17219711701471674,0.4661909508927602,10.0,DMFS,OOD,transbig,LH,42
1,40,0.030921581387519836,0.09999999999999998,0.0387548083597935,0.24485894550200282,3.0,DMFS,OOD,transbig,LH,43
2,39,0.0405917824842991,0.05128205128205132,0.01307770119766849,0.18984233558097408,3.0,DMFS,OOD,transbig,LH,43
3,40,0.05138595253229141,0.07500000000000007,0.024823756400070507,0.21478243604254832,3.0,DMFS,OOD,transbig,LH,43
4,39,0.07060828728553577,0.15384615384615385,0.07223889953955942,0.3107756517733492,3.0,DMFS,OOD,transbig,LH,43
5,40,0.19670250751078128,0.17500000000000004,0.08753491778014977,0.33234377364489087,3.0,DMFS,OOD,transbig,LH,43
1,40,0.04407360553741455,0.12571428571428567,0.054331841367662004,0.27609704332464324,5.0,DMFS,OOD,transbig,LH,43
2,39,0.06055955856274336,0.10549450549450556,0.040912901521807266,0.25734789701686556,5.0,DMFS,OOD,transbig,LH,43
3,40,0.07967357486486434,0.20000000000000007,0.10544880496760634,0.360355238540763,5.0,DMFS,OOD,transbig,LH,43
4,39,0.12463754415512085,0.31034482758620685,0.18954331567534222,0.48156143587392297,5.0,DMFS,OOD,transbig,LH,43
5,40,0.36872031521052123,0.17500000000000004,0.08753491778014977,0.33234377364489087,5.0,DMFS,OOD,transbig,LH,43
1,40,0.0963359922170639,0.12778219395866453,0.05523319165216167,0.2803373947925816,10.0,DMFS,OOD,transbig,LH,43
2,39,0.213130316673181,0.2478212249454077,0.13695395174073544,0.4234119588648555,10.0,DMFS,OOD,transbig,LH,43
3,40,0.4049373060464859,0.2731924360400443,0.15593088734239713,0.4515383601399683,10.0,DMFS,OOD,transbig,LH,43
4,39,0.7082898781085626,0.36111111111111116,0.23197051544090885,0.5325842619381251,10.0,DMFS,OOD,transbig,LH,43
5,40,0.9333011916503893,0.3098617511520738,0.1887569191100843,0.48185197319851747,10.0,DMFS,OOD,transbig,LH,43
1,40,0.012513397634029389,0.050000000000000044,0.01274447613969154,0.18545387985547312,3.0,DMFS,OOD,transbig,LH,44
2,39,0.018457105526557334,0.1282051282051282,0.0554698458790277,0.2809731817817728,3.0,DMFS,OOD,transbig,LH,44
3,40,0.024070385098457336,0.125,0.05402892789284475,0.2745929029164026,3.0,DMFS,OOD,transbig,LH,44
4,39,0.03399524169090467,0.17948717948717952,0.08989593858399603,0.33996492156887426,3.0,DMFS,OOD,transbig,LH,44
5,40,0.14322301987558603,0.07500000000000007,0.024823756400070507,0.21478243604254832,3.0,DMFS,OOD,transbig,LH,44
1,40,0.01441587507724762,0.18194444444444458,0.09110709728585176,0.3443886251342433,5.0,DMFS,OOD,transbig,LH,44
2,39,0.021989451004908636,0.15384615384615385,0.07223889953955942,0.3107756517733492,5.0,DMFS,OOD,transbig,LH,44
3,40,0.029189328849315643,0.17714285714285705,0.0886126785021798,0.33614620566888753,5.0,DMFS,OOD,transbig,LH,44
4,39,0.04660455080179068,0.2316239316239317,0.12784018638736172,0.39801199823496947,5.0,DMFS,OOD,transbig,LH,44
5,40,0.27033268201557803,0.17500000000000004,0.08753491778014977,0.33234377364489087,5.0,DMFS,OOD,transbig,LH,44
1,40,0.029123489558696748,0.24132226690624914,0.1330979599345935,0.41375930379507353,10.0,DMFS,OOD,transbig,LH,44
2,39,0.04588866692322951,0.2619456639307757,0.1500932685932791,0.432936615796787,10.0,DMFS,OOD,transbig,LH,44
3,40,0.08841525614261628,0.2163153665999964,0.11412494806859541,0.3875529930940187,10.0,DMFS,OOD,transbig,LH,44
4,39,0.1845291684835385,0.3343195266272191,0.20967802584796136,0.5052772002673585,10.0,DMFS,OOD,transbig,LH,44
5,40,0.6349699739817803,0.26302729528535984,0.15021074523411826,0.43576769296641626,10.0,DMFS,OOD,transbig,LH,44
1,40,0.0019162265753746022,0.0,0.0,0.0,3.0,DMFS,OOD,transbig,MTLR,40
2,39,0.0244329021527217,0.10256410256410253,0.03978213007662024,0.250585532040679,3.0,DMFS,OOD,transbig,MTLR,40
3,40,0.13687556982040405,0.09999999999999998,0.0387548083597935,0.24485894550200282,3.0,DMFS,OOD,transbig,MTLR,40
4,39,0.34092976038272566,0.20512820512820518,0.1083083994039028,0.3685640667089173,3.0,DMFS,OOD,transbig,MTLR,40
5,40,0.5827845931053162,0.15000000000000002,0.07035183371339648,0.30376378342083554,3.0,DMFS,OOD,transbig,MTLR,40
1,40,0.003687506914138794,0.0,0.0,0.0,5.0,DMFS,OOD,transbig,MTLR,40
2,39,0.03900014895659227,0.10256410256410253,0.03978213007662024,0.250585532040679,5.0,DMFS,OOD,transbig,MTLR,40
3,40,0.21172283142805098,0.2083639705882353,0.10987349982197736,0.3744061665094539,5.0,DMFS,OOD,transbig,MTLR,40
4,39,0.4977881556902176,0.3360805860805861,0.21079387845005948,0.5077135470174279,5.0,DMFS,OOD,transbig,MTLR,40
5,40,0.7392809391021729,0.27500000000000013,0.16275585197524622,0.44131405799592605,5.0,DMFS,OOD,transbig,MTLR,40
1,40,0.023220770061016083,0.10565110565110558,0.04094439777386871,0.2578681690968273,10.0,DMFS,OOD,transbig,MTLR,40
2,39,0.1058364709218343,0.1407407407407406,0.06057463033130772,0.30802718164904397,10.0,DMFS,OOD,transbig,MTLR,40
3,40,0.3612118050456047,0.347885897094108,0.21801457627598408,0.5244484384921753,10.0,DMFS,OOD,transbig,MTLR,40
4,39,0.7064221348517981,0.36851851851851847,0.23677109848827083,0.5425395921600058,10.0,DMFS,OOD,transbig,MTLR,40
5,40,0.9227159798145295,0.3538461538461539,0.22677507277830766,0.5236371761381187,10.0,DMFS,OOD,transbig,MTLR,40
1,40,0.016948819160461426,0.025000000000000022,0.003559816986270059,0.16451454088849404,3.0,DMFS,OOD,transbig,MTLR,41
2,39,0.05021366094931578,0.02564102564102566,0.0036521109238626392,0.16840687765336237,3.0,DMFS,OOD,transbig,MTLR,41
3,40,0.09354713261127472,0.15000000000000002,0.07035183371339648,0.30376378342083554,3.0,DMFS,OOD,transbig,MTLR,41
4,39,0.18045059075722328,0.10256410256410253,0.03978213007662024,0.250585532040679,3.0,DMFS,OOD,transbig,MTLR,41
5,40,0.3564442709088326,0.2500000000000001,0.14312041525891117,0.4148083164008235,3.0,DMFS,OOD,transbig,MTLR,41
1,40,0.02625242471694946,0.025000000000000022,0.003559816986270059,0.16451454088849404,5.0,DMFS,OOD,transbig,MTLR,41
2,39,0.08351344481492654,0.02564102564102566,0.0036521109238626392,0.16840687765336237,5.0,DMFS,OOD,transbig,MTLR,41
3,40,0.14814183115959167,0.3101981026785714,0.1890785221460456,0.4821018991297098,5.0,DMFS,OOD,transbig,MTLR,41
4,39,0.27770346861619216,0.2059553349875931,0.10873422621814077,0.3699859464471621,5.0,DMFS,OOD,transbig,MTLR,41
5,40,0.6003102764487267,0.35,0.2243846318823397,0.5182464741641339,5.0,DMFS,OOD,transbig,MTLR,41
1,40,0.08116404712200165,0.16096240601503764,0.07555168687595282,0.3243421398983811,10.0,DMFS,OOD,transbig,MTLR,41
2,39,0.2512302689063243,0.08290598290598294,0.027290420681962968,0.23715173198617978,10.0,DMFS,OOD,transbig,MTLR,41
3,40,0.42186265289783476,0.440425763006408,0.3003947446101294,0.6107555435701475,10.0,DMFS,OOD,transbig,MTLR,41
4,39,0.6243109427965604,0.3209900108163136,0.1959280491924973,0.4970317265720623,10.0,DMFS,OOD,transbig,MTLR,41
5,40,0.8859649285674095,0.30000000000000004,0.18286552995969518,0.46737524007926745,10.0,DMFS,OOD,transbig,MTLR,41
1,40,0.01572861671447754,0.07567567567567568,0.025044429452298456,0.21663001813392557,3.0,DMFS,OOD,transbig,MTLR,42
2,39,0.039626162785750166,0.15384615384615385,0.07223889953955942,0.3107756517733492,3.0,DMFS,OOD,transbig,MTLR,42
3,40,0.07960793226957322,0.07500000000000007,0.024823756400070507,0.21478243604254832,3.0,DMFS,OOD,transbig,MTLR,42
4,39,0.1596419795965537,0.07692307692307687,0.025477517787887205,0.21983742164602216,3.0,DMFS,OOD,transbig,MTLR,42
5,40,0.41010303497314454,0.17500000000000004,0.08753491778014977,0.33234377364489087,3.0,DMFS,OOD,transbig,MTLR,42
1,40,0.020309768617153168,0.15503900039745622,0.07271709846576635,0.31334016011248633,5.0,DMFS,OOD,transbig,MTLR,42
2,39,0.05423232683768639,0.17948717948717952,0.08989593858399603,0.33996492156887426,5.0,DMFS,OOD,transbig,MTLR,42
3,40,0.12897696644067763,0.20000000000000007,0.10544880496760634,0.360355238540763,5.0,DMFS,OOD,transbig,MTLR,42
4,39,0.2888212754176213,0.13060897435897434,0.05646556393928048,0.28611801291590766,5.0,DMFS,OOD,transbig,MTLR,42
5,40,0.5974370941519738,0.25083333333333346,0.14358442434137908,0.4161307031761544,5.0,DMFS,OOD,transbig,MTLR,42
1,40,0.04782608449459076,0.21283347863993018,0.1123091562569738,0.3816769099492915,10.0,DMFS,OOD,transbig,MTLR,42
2,39,0.12928884762984055,0.26323607427055706,0.15073020134650694,0.43515641609383604,10.0,DMFS,OOD,transbig,MTLR,42
3,40,0.316462904214859,0.25818181818181807,0.1477678672224011,0.42754115347690747,10.0,DMFS,OOD,transbig,MTLR,42
4,39,0.6792894785220807,0.3449131513647642,0.21661484885837923,0.5194765186253478,10.0,DMFS,OOD,transbig,MTLR,42
5,40,0.9499428406357765,0.23506181318681318,0.1292244585272586,0.404833568320803,10.0,DMFS,OOD,transbig,MTLR,42
1,40,0.0066176652908325195,0.09999999999999998,0.0387548083597935,0.24485894550200282,3.0,DMFS,OOD,transbig,MTLR,43
2,39,0.04062614532617422,0.07692307692307687,0.025477517787887205,0.21983742164602216,3.0,DMFS,OOD,transbig,MTLR,43
3,40,0.0997011348605156,0.050000000000000044,0.01274447613969154,0.18545387985547312,3.0,DMFS,OOD,transbig,MTLR,43
4,39,0.15288086120898908,0.15384615384615385,0.07223889953955942,0.3107756517733492,3.0,DMFS,OOD,transbig,MTLR,43
5,40,0.2534115195274353,0.17500000000000004,0.08753491778014977,0.33234377364489087,3.0,DMFS,OOD,transbig,MTLR,43
1,40,0.007787013053894043,0.125,0.05402892789284475,0.2745929029164026,5.0,DMFS,OOD,transbig,MTLR,43
2,39,0.05491180603320782,0.10407239819004521,0.04035063002155437,0.25414410501337414,5.0,DMFS,OOD,transbig,MTLR,43
3,40,0.16747446805238725,0.17500000000000004,0.08753491778014977,0.33234377364489087,5.0,DMFS,OOD,transbig,MTLR,43
4,39,0.3396475360943721,0.18414918414918413,0.09223033992378726,0.34823350794132146,5.0,DMFS,OOD,transbig,MTLR,43
5,40,0.5633950024843216,0.32678571428571435,0.20451397092332346,0.4955625931448273,5.0,DMFS,OOD,transbig,MTLR,43
1,40,0.0190500870347023,0.28033088235294124,0.16597128202311473,0.4491423875628592,10.0,DMFS,OOD,transbig,MTLR,43
2,39,0.129185173756037,0.10838081671415001,0.041902359993373994,0.264666978332206,10.0,DMFS,OOD,transbig,MTLR,43
3,40,0.347489994764328,0.21212121212121193,0.1117414788070038,0.3810256558299556,10.0,DMFS,OOD,transbig,MTLR,43
4,39,0.6226802926797134,0.41704691358024704,0.27324182603674674,0.598462854483877,10.0,DMFS,OOD,transbig,MTLR,43
5,40,0.8302395403385162,0.3017241379310346,0.1838986991227074,0.46990704202397104,10.0,DMFS,OOD,transbig,MTLR,43
1,40,0.006802272796630859,0.025000000000000022,0.003559816986270059,0.16451454088849404,3.0,DMFS,OOD,transbig,MTLR,44
2,39,0.02324994099445832,0.0,0.0,0.0,3.0,DMFS,OOD,transbig,MTLR,44
3,40,0.07023887187242508,0.09999999999999998,0.0387548083597935,0.24485894550200282,3.0,DMFS,OOD,transbig,MTLR,44
4,39,0.19496592191549447,0.20512820512820518,0.1083083994039028,0.3685640667089173,3.0,DMFS,OOD,transbig,MTLR,44
5,40,0.47447207421064375,0.2250000000000001,0.12400041339304912,0.38783213252389404,3.0,DMFS,OOD,transbig,MTLR,44
1,40,0.009958900511264801,0.025000000000000022,0.003559816986270059,0.16451454088849404,5.0,DMFS,OOD,transbig,MTLR,44
2,39,0.03543116648991903,0.0783090783090783,0.025940173086940854,0.22353672968966753,5.0,DMFS,OOD,transbig,MTLR,44
3,40,0.13851319253444672,0.2279411764705883,0.12564243662186647,0.3925196076116516,5.0,DMFS,OOD,transbig,MTLR,44
4,39,0.3694845865934323,0.4192592592592592,0.28112299890217185,0.5913065370187807,5.0,DMFS,OOD,transbig,MTLR,44
5,40,0.780227093398571,0.17500000000000004,0.08753491778014977,0.33234377364489087,5.0,DMFS,OOD,transbig,MTLR,44
1,40,0.04657605439424515,0.10069444444444453,0.0390194911882461,0.24648710549350716,10.0,DMFS,OOD,transbig,MTLR,44
2,39,0.13684373177014864,0.19595616024187457,0.09159127221229535,0.39054413692784307,10.0,DMFS,OOD,transbig,MTLR,44
3,40,0.3362093284726143,0.38289141414141414,0.2511338090211609,0.5532323939052386,10.0,DMFS,OOD,transbig,MTLR,44
4,39,0.6965333559574225,0.37177517822679107,0.23900809693416825,0.5466824231915937,10.0,DMFS,OOD,transbig,MTLR,44
5,40,0.9541336227631568,0.279647435897436,0.16536149766869512,0.44856971847469107,10.0,DMFS,OOD,transbig,MTLR,44
1,40,0.157781158387661,0.050000000000000044,0.01274447613969154,0.18545387985547312,3.0,DMFS,OOD,transbig,PCHazard,40
2,39,0.2719765962698521,0.07692307692307687,0.025477517787887205,0.21983742164602216,3.0,DMFS,OOD,transbig,PCHazard,40
3,40,0.3713079676032066,0.07500000000000007,0.024823756400070507,0.21478243604254832,3.0,DMFS,OOD,transbig,PCHazard,40
4,39,0.4847924128556863,0.17948717948717952,0.08989593858399603,0.33996492156887426,3.0,DMFS,OOD,transbig,PCHazard,40
5,40,0.6616486959159374,0.17500000000000004,0.08753491778014977,0.33234377364489087,3.0,DMFS,OOD,transbig,PCHazard,40
1,40,0.2844054102897644,0.050000000000000044,0.01274447613969154,0.18545387985547312,5.0,DMFS,OOD,transbig,PCHazard,40
2,39,0.5128236649892269,0.05347985347985351,0.013623310741042283,0.19766856343323147,5.0,DMFS,OOD,transbig,PCHazard,40
3,40,0.6861088950186968,0.20454545454545447,0.10783760489123129,0.3680476708528979,5.0,DMFS,OOD,transbig,PCHazard,40
4,39,0.8226546335678834,0.38888888888888895,0.2553759194101166,0.5606647137997158,5.0,DMFS,OOD,transbig,PCHazard,40
5,40,0.9383414674550294,0.2250000000000001,0.12400041339304912,0.38783213252389404,5.0,DMFS,OOD,transbig,PCHazard,40
1,40,0.5953740805387497,0.15738176383337665,0.07380401458020003,0.3178240915657039,10.0,DMFS,OOD,transbig,PCHazard,40
2,39,0.8415860323569714,0.24936601859678786,0.1378897234539601,0.42565306690661076,10.0,DMFS,OOD,transbig,PCHazard,40
3,40,0.9394848417490721,0.2671979591836734,0.1528312136973734,0.44161898195559146,10.0,DMFS,OOD,transbig,PCHazard,40
4,39,0.9764109599666718,0.36570176450236414,0.23494335093208607,0.5387637602537512,10.0,DMFS,OOD,transbig,PCHazard,40
5,40,0.9961259038778103,0.27758928571428587,0.1642469360211678,0.4452738203418909,10.0,DMFS,OOD,transbig,PCHazard,40
1,40,0.0259869322180748,0.125,0.05402892789284475,0.2745929029164026,3.0,DMFS,OOD,transbig,PCHazard,41
2,39,0.03494445177224966,0.05128205128205132,0.01307770119766849,0.18984233558097408,3.0,DMFS,OOD,transbig,PCHazard,41
3,40,0.046252979338169097,0.125,0.05402892789284475,0.2745929029164026,3.0,DMFS,OOD,transbig,PCHazard,41
4,39,0.07332320855214046,0.05128205128205132,0.01307770119766849,0.18984233558097408,3.0,DMFS,OOD,transbig,PCHazard,41
5,40,0.22578362599015236,0.20000000000000007,0.10544880496760634,0.360355238540763,3.0,DMFS,OOD,transbig,PCHazard,41
1,40,0.03231530338525772,0.12571428571428567,0.054331841367662004,0.27609704332464324,5.0,DMFS,OOD,transbig,PCHazard,41
2,39,0.044379701981177695,0.15998931623931623,0.07512154108372782,0.3224090216053096,5.0,DMFS,OOD,transbig,PCHazard,41
3,40,0.07503041177988053,0.15220779220779213,0.07137004378908607,0.30803216666609157,5.0,DMFS,OOD,transbig,PCHazard,41
4,39,0.22769226477696344,0.15462315462315457,0.07259592288109495,0.31227867729732284,5.0,DMFS,OOD,transbig,PCHazard,41
5,40,0.7157093272850034,0.32592592592592595,0.20397766032801545,0.4943511028762675,5.0,DMFS,OOD,transbig,PCHazard,41
1,40,0.0503835529088974,0.13367395762132606,0.05780130339200884,0.2923685065796241,10.0,DMFS,OOD,transbig,PCHazard,41
2,39,0.10694010899617122,0.26515837104072404,0.15196394508981437,0.43779778051663654,10.0,DMFS,OOD,transbig,PCHazard,41
3,40,0.32285734117031095,0.29305803571428557,0.17354467555785713,0.46794149479756353,10.0,DMFS,OOD,transbig,PCHazard,41
4,39,0.7470661394107037,0.36081870443721775,0.2261263791851188,0.542247880158381,10.0,DMFS,OOD,transbig,PCHazard,41
5,40,0.9907938768296896,0.27500000000000013,0.16275585197524622,0.44131405799592605,10.0,DMFS,OOD,transbig,PCHazard,41
1,40,0.08974246084690093,0.10135135135135132,0.039279240582873576,0.24797370861593193,3.0,DMFS,OOD,transbig,PCHazard,42
2,39,0.12007336433117206,0.07692307692307687,0.025477517787887205,0.21983742164602216,3.0,DMFS,OOD,transbig,PCHazard,42
3,40,0.14745673537254333,0.050000000000000044,0.01274447613969154,0.18545387985547312,3.0,DMFS,OOD,transbig,PCHazard,42
4,39,0.20432680539595774,0.10256410256410253,0.03978213007662024,0.250585532040679,3.0,DMFS,OOD,transbig,PCHazard,42
5,40,0.49566583186388014,0.2250000000000001,0.12400041339304912,0.38783213252389404,3.0,DMFS,OOD,transbig,PCHazard,42
1,40,0.1288987874984741,0.12702702702702695,0.054916024285392884,0.2787369891971573,5.0,DMFS,OOD,transbig,PCHazard,42
2,39,0.1734872689613929,0.13189207306854367,0.057069150797041224,0.28854289514303233,5.0,DMFS,OOD,transbig,PCHazard,42
3,40,0.2250002309679985,0.17500000000000004,0.08753491778014977,0.33234377364489087,5.0,DMFS,OOD,transbig,PCHazard,42
4,39,0.34368802033937895,0.17948717948717952,0.08989593858399603,0.33996492156887426,5.0,DMFS,OOD,transbig,PCHazard,42
5,40,0.8050370866141673,0.3018518518518519,0.1839460922499384,0.47015357120662327,5.0,DMFS,OOD,transbig,PCHazard,42
1,40,0.2027468964457512,0.10348297213622293,0.04009862053828417,0.25291969678197357,10.0,DMFS,OOD,transbig,PCHazard,42
2,39,0.2795194509701851,0.24551430718413625,0.1354576528089826,0.42030999243780165,10.0,DMFS,OOD,transbig,PCHazard,42
3,40,0.38763698041439054,0.36302737520128836,0.2326609313487672,0.5361301225986792,10.0,DMFS,OOD,transbig,PCHazard,42
4,39,0.596754313661502,0.28809788654060053,0.17082080489214524,0.460146347971941,10.0,DMFS,OOD,transbig,PCHazard,42
5,40,0.962719030094829,0.31518181818181823,0.19157641276678716,0.4903351685141273,10.0,DMFS,OOD,transbig,PCHazard,42
1,40,0.057831430435180665,0.125,0.05402892789284475,0.2745929029164026,3.0,DMFS,OOD,transbig,PCHazard,43
2,39,0.07451552763963357,0.10256410256410253,0.03978213007662024,0.250585532040679,3.0,DMFS,OOD,transbig,PCHazard,43
3,40,0.08984112441539764,0.10069444444444453,0.0390194911882461,0.24648710549350716,3.0,DMFS,OOD,transbig,PCHazard,43
4,39,0.11475691887048575,0.05128205128205132,0.01307770119766849,0.18984233558097408,3.0,DMFS,OOD,transbig,PCHazard,43
5,40,0.2299754749983549,0.17500000000000004,0.08753491778014977,0.33234377364489087,3.0,DMFS,OOD,transbig,PCHazard,43
1,40,0.07611075490713119,0.15142857142857136,0.0710180759459269,0.3064992544885342,5.0,DMFS,OOD,transbig,PCHazard,43
2,39,0.09999979764987262,0.15384615384615385,0.07223889953955942,0.3107756517733492,5.0,DMFS,OOD,transbig,PCHazard,43
3,40,0.12690436840057373,0.20446428571428565,0.10780903367754247,0.36787041497562056,5.0,DMFS,OOD,transbig,PCHazard,43
4,39,0.1687314754877335,0.15632754342431754,0.07335188319377839,0.31567161456643644,5.0,DMFS,OOD,transbig,PCHazard,43
5,40,0.4257526640081778,0.25161290322580643,0.1440311719945515,0.41733706858321196,5.0,DMFS,OOD,transbig,PCHazard,43
1,40,0.1130539521574974,0.20578420467185754,0.10838921581423577,0.37042217806637723,10.0,DMFS,OOD,transbig,PCHazard,43
2,39,0.188591018701211,0.26535010658982827,0.15224104983646758,0.43770470245215565,10.0,DMFS,OOD,transbig,PCHazard,43
3,40,0.36056370437145235,0.15940092165898623,0.0746626172421112,0.32196717392684804,10.0,DMFS,OOD,transbig,PCHazard,43
4,39,0.5961431757761881,0.338123415046492,0.21202881394613837,0.5106468824761062,10.0,DMFS,OOD,transbig,PCHazard,43
5,40,0.9056809011150664,0.32977777777777784,0.20629131680795465,0.4999413434330545,10.0,DMFS,OOD,transbig,PCHazard,43
1,40,0.008491598069667816,0.050000000000000044,0.01274447613969154,0.18545387985547312,3.0,DMFS,OOD,transbig,PCHazard,44
2,39,0.014582773049672445,0.05128205128205132,0.01307770119766849,0.18984233558097408,3.0,DMFS,OOD,transbig,PCHazard,44
3,40,0.02479120045900345,0.17500000000000004,0.08753491778014977,0.33234377364489087,3.0,DMFS,OOD,transbig,PCHazard,44
4,39,0.04429141833231999,0.17948717948717952,0.08989593858399603,0.33996492156887426,3.0,DMFS,OOD,transbig,PCHazard,44
5,40,0.14336370304226875,0.09999999999999998,0.0387548083597935,0.24485894550200282,3.0,DMFS,OOD,transbig,PCHazard,44
1,40,0.011498819291591644,0.09999999999999998,0.0387548083597935,0.24485894550200282,5.0,DMFS,OOD,transbig,PCHazard,44
2,39,0.020204160458002336,0.10558577225243893,0.040928726417786554,0.25766507714299025,5.0,DMFS,OOD,transbig,PCHazard,44
3,40,0.036070491373538974,0.27500000000000013,0.16275585197524622,0.44131405799592605,5.0,DMFS,OOD,transbig,PCHazard,44
4,39,0.07589744757383297,0.2621171931516758,0.15034262060351755,0.43284887648942594,5.0,DMFS,OOD,transbig,PCHazard,44
5,40,0.4113457382540219,0.17575757575757578,0.08790532782908733,0.3337230541276718,5.0,DMFS,OOD,transbig,PCHazard,44
1,40,0.01940692067146301,0.15940092165898623,0.0746626172421112,0.32196717392684804,10.0,DMFS,OOD,transbig,PCHazard,44
2,39,0.038886832885253124,0.18614881850175968,0.09331099594878622,0.3515188600247696,10.0,DMFS,OOD,transbig,PCHazard,44
3,40,0.06930666118860244,0.33201433691756266,0.20777209955851583,0.5029212943000698,10.0,DMFS,OOD,transbig,PCHazard,44
4,39,0.15233160440738386,0.42610022189349117,0.28593577300150563,0.5997244565233435,10.0,DMFS,OOD,transbig,PCHazard,44
5,40,0.6341885037402436,0.21250000000000002,0.11188607204528656,0.38181512886244295,10.0,DMFS,OOD,transbig,PCHazard,44
1,40,0.013892136514186859,0.0,0.0,0.0,3.0,DMFS,OOD,transbig,PMF,40
2,39,0.03489404916763306,0.05128205128205132,0.01307770119766849,0.18984233558097408,3.0,DMFS,OOD,transbig,PMF,40
3,40,0.10584116578102112,0.20000000000000007,0.10544880496760634,0.360355238540763,3.0,DMFS,OOD,transbig,PMF,40
4,39,0.2888054817150801,0.1282051282051282,0.0554698458790277,0.2809731817817728,3.0,DMFS,OOD,transbig,PMF,40
5,40,0.648801888525486,0.17500000000000004,0.08753491778014977,0.33234377364489087,3.0,DMFS,OOD,transbig,PMF,40
1,40,0.01718471497297287,0.0,0.0,0.0,5.0,DMFS,OOD,transbig,PMF,40
2,39,0.05281824943346855,0.07763532763532766,0.02571020740854224,0.22177842494280775,5.0,DMFS,OOD,transbig,PMF,40
3,40,0.24575140327215195,0.25303030303030305,0.14487439594475016,0.4194557493522082,5.0,DMFS,OOD,transbig,PMF,40
4,39,0.5760544798313043,0.31034482758620685,0.18954331567534222,0.48156143587392297,5.0,DMFS,OOD,transbig,PMF,40
5,40,0.836057472229004,0.2767857142857144,0.16376968093064914,0.4440773731793509,5.0,DMFS,OOD,transbig,PMF,40
1,40,0.04887030720710754,0.11210951210951214,0.043579294841745275,0.27190048937127875,10.0,DMFS,OOD,transbig,PMF,40
2,39,0.14931049255224374,0.18801974075807748,0.09420061275089586,0.3549719314972044,10.0,DMFS,OOD,transbig,PMF,40
3,40,0.37994490265846254,0.33067908653846145,0.20702798533072397,0.5008787161014508,10.0,DMFS,OOD,transbig,PMF,40
4,39,0.6618580390245486,0.3704615384615385,0.2380362788558389,0.5451324000862047,10.0,DMFS,OOD,transbig,PMF,40
5,40,0.8744070127606391,0.3069196428571429,0.18682371994661884,0.4778977097511732,10.0,DMFS,OOD,transbig,PMF,40
1,40,0.08348854184150696,0.050000000000000044,0.01274447613969154,0.18545387985547312,3.0,DMFS,OOD,transbig,PMF,41
2,39,0.1141784756611555,0.1282051282051282,0.0554698458790277,0.2809731817817728,3.0,DMFS,OOD,transbig,PMF,41
3,40,0.15113277584314347,0.09999999999999998,0.0387548083597935,0.24485894550200282,3.0,DMFS,OOD,transbig,PMF,41
4,39,0.20671503054790008,0.07692307692307687,0.025477517787887205,0.21983742164602216,3.0,DMFS,OOD,transbig,PMF,41
5,40,0.43893019258975985,0.20000000000000007,0.10544880496760634,0.360355238540763,3.0,DMFS,OOD,transbig,PMF,41
1,40,0.1330517202615738,0.12571428571428567,0.054331841367662004,0.27609704332464324,5.0,DMFS,OOD,transbig,PMF,41
2,39,0.20410193693943512,0.15462315462315457,0.07259592288109495,0.31227867729732284,5.0,DMFS,OOD,transbig,PMF,41
3,40,0.28634825348854065,0.1549034749034749,0.07268208710763124,0.31297773080220126,5.0,DMFS,OOD,transbig,PMF,41
4,39,0.38928944483781475,0.15544871794871795,0.07296669626866092,0.3139059157235251,5.0,DMFS,OOD,transbig,PMF,41
5,40,0.6119327411055565,0.32592592592592595,0.20397766032801545,0.4943511028762675,5.0,DMFS,OOD,transbig,PMF,41
1,40,0.33879737704992297,0.16004605010690187,0.07498503811775703,0.3231127547780802,10.0,DMFS,OOD,transbig,PMF,41
2,39,0.46035073965023726,0.24075952219968422,0.13288867720847075,0.412606560967685,10.0,DMFS,OOD,transbig,PMF,41
3,40,0.5422409519553184,0.3448497988939164,0.21628863820783084,0.5199166218287281,10.0,DMFS,OOD,transbig,PMF,41
4,39,0.6305817793577145,0.23786717752234987,0.13118117757094994,0.4082738792214129,10.0,DMFS,OOD,transbig,PMF,41
5,40,0.792103873193264,0.32678571428571435,0.20451397092332346,0.4955625931448273,10.0,DMFS,OOD,transbig,PMF,41
1,40,0.0511970117688179,0.050657894736842124,0.012910933799163749,0.18776727635316848,3.0,DMFS,OOD,transbig,PMF,42
2,39,0.09016404090783535,0.05128205128205132,0.01307770119766849,0.18984233558097408,3.0,DMFS,OOD,transbig,PMF,42
3,40,0.1254979372024536,0.09999999999999998,0.0387548083597935,0.24485894550200282,3.0,DMFS,OOD,transbig,PMF,42
4,39,0.1601523451316051,0.10256410256410253,0.03978213007662024,0.250585532040679,3.0,DMFS,OOD,transbig,PMF,42
5,40,0.2781516894698143,0.2500000000000001,0.14312041525891117,0.4148083164008235,3.0,DMFS,OOD,transbig,PMF,42
1,40,0.0734886035323143,0.1027067669172933,0.03981122011503102,0.2510593582443781,5.0,DMFS,OOD,transbig,PMF,42
2,39,0.1350746017235976,0.20745920745920732,0.10954310951732837,0.3724706013979763,5.0,DMFS,OOD,transbig,PMF,42
3,40,0.19523309022188187,0.17714285714285705,0.0886126785021798,0.33614620566888753,5.0,DMFS,OOD,transbig,PMF,42
4,39,0.28526685940913665,0.20745920745920732,0.10954310951732837,0.3724706013979763,5.0,DMFS,OOD,transbig,PMF,42
5,40,0.47199735045433044,0.2250000000000001,0.12400041339304912,0.38783213252389404,5.0,DMFS,OOD,transbig,PMF,42
1,40,0.19740596860647203,0.18211981566820268,0.09100931928259515,0.34529202525041147,10.0,DMFS,OOD,transbig,PMF,42
2,39,0.3491431306570004,0.3111111111111111,0.1900353213385012,0.4826143017655705,10.0,DMFS,OOD,transbig,PMF,42
3,40,0.4637058600783348,0.36018181818181816,0.23099413903605848,0.5319894209419684,10.0,DMFS,OOD,transbig,PMF,42
4,39,0.5677556013449644,0.15462315462315457,0.07259592288109495,0.31227867729732284,10.0,DMFS,OOD,transbig,PMF,42
5,40,0.6914849698543548,0.30965491651205934,0.18214623736007995,0.49486403356998854,10.0,DMFS,OOD,transbig,PMF,42
1,40,0.06524400860071182,0.07500000000000007,0.024823756400070507,0.21478243604254832,3.0,DMFS,OOD,transbig,PMF,43
2,39,0.09743655492097904,0.17948717948717952,0.08989593858399603,0.33996492156887426,3.0,DMFS,OOD,transbig,PMF,43
3,40,0.12122817188501359,0.07500000000000007,0.024823756400070507,0.21478243604254832,3.0,DMFS,OOD,transbig,PMF,43
4,39,0.15088686117759117,0.10256410256410253,0.03978213007662024,0.250585532040679,3.0,DMFS,OOD,transbig,PMF,43
5,40,0.25818026810884476,0.125,0.05402892789284475,0.2745929029164026,3.0,DMFS,OOD,transbig,PMF,43
1,40,0.12228779047727585,0.07500000000000007,0.024823756400070507,0.21478243604254832,5.0,DMFS,OOD,transbig,PMF,43
2,39,0.17316639576202783,0.15384615384615385,0.07223889953955942,0.3107756517733492,5.0,DMFS,OOD,transbig,PMF,43
3,40,0.23110945373773575,0.26451612903225796,0.15177807921325737,0.4363911521127175,5.0,DMFS,OOD,transbig,PMF,43
4,39,0.3451863420315278,0.18241758241758244,0.0913912142163158,0.34507717675830885,5.0,DMFS,OOD,transbig,PMF,43
5,40,0.5565876990556717,0.2500000000000001,0.14312041525891117,0.4148083164008235,5.0,DMFS,OOD,transbig,PMF,43
1,40,0.20190941840410231,0.2279411764705883,0.12564243662186647,0.3925196076116516,10.0,DMFS,OOD,transbig,PMF,43
2,39,0.323479400231288,0.1970938960927836,0.0984923444275202,0.37170493228134305,10.0,DMFS,OOD,transbig,PMF,43
3,40,0.4368178457021713,0.2892156862745098,0.17132398152413553,0.4621427088638792,10.0,DMFS,OOD,transbig,PMF,43
4,39,0.546306128685291,0.2927093287147635,0.17328305862388016,0.46754406015547645,10.0,DMFS,OOD,transbig,PMF,43
5,40,0.733490277826786,0.3076923076923078,0.1873315016311784,0.4789366045853609,10.0,DMFS,OOD,transbig,PMF,43
1,40,0.04758612811565399,0.025000000000000022,0.003559816986270059,0.16451454088849404,3.0,DMFS,OOD,transbig,PMF,44
2,39,0.06690126504653539,0.10329670329670326,0.04006145658283533,0.25229715820794185,3.0,DMFS,OOD,transbig,PMF,44
3,40,0.08847471624612809,0.025000000000000022,0.003559816986270059,0.16451454088849404,3.0,DMFS,OOD,transbig,PMF,44
4,39,0.15210642722936776,0.23076923076923084,0.12738098194455894,0.39660786438954687,3.0,DMFS,OOD,transbig,PMF,44
5,40,0.46041350811719894,0.17500000000000004,0.08753491778014977,0.33234377364489087,3.0,DMFS,OOD,transbig,PMF,44
1,40,0.06472534835338592,0.126388888888889,0.05462765153183857,0.2774735366342498,5.0,DMFS,OOD,transbig,PMF,44
2,39,0.09664686368061946,0.17948717948717952,0.08989593858399603,0.33996492156887426,5.0,DMFS,OOD,transbig,PMF,44
3,40,0.13414806574583055,0.2302304147465437,0.12691277242923105,0.39618116141282467,5.0,DMFS,OOD,transbig,PMF,44
4,39,0.2226387613858932,0.2838196286472149,0.1682716920756745,0.45382786057042235,5.0,DMFS,OOD,transbig,PMF,44
5,40,0.5261640533804893,0.09999999999999998,0.0387548083597935,0.24485894550200282,5.0,DMFS,OOD,transbig,PMF,44
1,40,0.16077354103326796,0.30454545454545456,0.18571777911682263,0.4737839490370602,10.0,DMFS,OOD,transbig,PMF,44
2,39,0.25746664022788024,0.3506087193089844,0.21988606496383556,0.5279102456189623,10.0,DMFS,OOD,transbig,PMF,44
3,40,0.3412312254309654,0.303713527851459,0.18503479731037642,0.4729379670704308,10.0,DMFS,OOD,transbig,PMF,44
4,39,0.4627723739697383,0.1826923076923077,0.09147430435632153,0.3457375663309685,10.0,DMFS,OOD,transbig,PMF,44
5,40,0.7077727645635605,0.16493055555555558,0.07694645883731266,0.33351484217602345,10.0,DMFS,OOD,transbig,PMF,44
1,40,0.21934522241353988,0.0,0.0,0.0,3.0,DMFS,OOD,transbig,RSF,40
2,39,0.26178809771170986,0.05128205128205132,0.01307770119766849,0.18984233558097408,3.0,DMFS,OOD,transbig,RSF,40
3,40,0.3071681708097458,0.09999999999999998,0.0387548083597935,0.24485894550200282,3.0,DMFS,OOD,transbig,RSF,40
4,39,0.34074492790760136,0.20512820512820518,0.1083083994039028,0.3685640667089173,3.0,DMFS,OOD,transbig,RSF,40
5,40,0.3710061565041542,0.20000000000000007,0.10544880496760634,0.360355238540763,3.0,DMFS,OOD,transbig,RSF,40
1,40,0.28930915594100953,0.0,0.0,0.0,5.0,DMFS,OOD,transbig,RSF,40
2,39,0.33982536120292467,0.07838827838827844,0.02595089933178396,0.22386846790644466,5.0,DMFS,OOD,transbig,RSF,40
3,40,0.39492144882678987,0.2609216589861749,0.14945474497743305,0.4314834644961678,5.0,DMFS,OOD,transbig,RSF,40
4,39,0.4360277820856143,0.36094674556213036,0.23190611835404018,0.5322889146805101,5.0,DMFS,OOD,transbig,RSF,40
5,40,0.470348185300827,0.2250000000000001,0.12400041339304912,0.38783213252389404,5.0,DMFS,OOD,transbig,RSF,40
1,40,0.34582226276397704,0.054826254826254806,0.013994880167837453,0.2019566727162988,10.0,DMFS,OOD,transbig,RSF,40
2,39,0.40193861722946167,0.19042735042735048,0.09543365510850121,0.35912912092483107,10.0,DMFS,OOD,transbig,RSF,40
3,40,0.4630874589085579,0.37306122448979584,0.23950062094094138,0.5489899145979389,10.0,DMFS,OOD,transbig,RSF,40
4,39,0.5062527656555176,0.3923809523809524,0.25777186191400947,0.5651026118260409,10.0,DMFS,OOD,transbig,RSF,40
5,40,0.5437696114182472,0.3076923076923078,0.1873315016311784,0.4789366045853609,10.0,DMFS,OOD,transbig,RSF,40
1,40,0.13907146453857422,0.050000000000000044,0.01274447613969154,0.18545387985547312,3.0,DMFS,OOD,transbig,RSF,41
2,39,0.1782183417907128,0.02564102564102566,0.0036521109238626392,0.16840687765336237,3.0,DMFS,OOD,transbig,RSF,41
3,40,0.2075372040271759,0.15000000000000002,0.07035183371339648,0.30376378342083554,3.0,DMFS,OOD,transbig,RSF,41
4,39,0.22884862392376631,0.17948717948717952,0.08989593858399603,0.33996492156887426,3.0,DMFS,OOD,transbig,RSF,41
5,40,0.26269806623458863,0.15000000000000002,0.07035183371339648,0.30376378342083554,3.0,DMFS,OOD,transbig,RSF,41
1,40,0.215104641020298,0.025000000000000022,0.003559816986270059,0.16451454088849404,5.0,DMFS,OOD,transbig,RSF,41
2,39,0.26457286186707324,0.07906147906147898,0.02618351384815576,0.22560131005827033,5.0,DMFS,OOD,transbig,RSF,41
3,40,0.3014116421341896,0.27834101382488474,0.1647050465888007,0.4463671299737608,5.0,DMFS,OOD,transbig,RSF,41
4,39,0.3322053429407951,0.34299122628035084,0.21504775665450404,0.5174776026402483,5.0,DMFS,OOD,transbig,RSF,41
5,40,0.3726114213466644,0.20000000000000007,0.10544880496760634,0.360355238540763,5.0,DMFS,OOD,transbig,RSF,41
1,40,0.3227599561214447,0.13089725755166925,0.05654236001314705,0.2869210903955308,10.0,DMFS,OOD,transbig,RSF,41
2,39,0.38844629128774005,0.172921772875817,0.08120235545844146,0.34663395427528365,10.0,DMFS,OOD,transbig,RSF,41
3,40,0.43442723602056504,0.40695652173913044,0.27224726638760954,0.5764255527997835,10.0,DMFS,OOD,transbig,RSF,41
4,39,0.47130404833035594,0.3454574232352009,0.216686649945398,0.5207275905559443,10.0,DMFS,OOD,transbig,RSF,41
5,40,0.5198221735656261,0.25428571428571434,0.14549500471516785,0.42162812104414116,10.0,DMFS,OOD,transbig,RSF,41
1,40,0.08726636916399003,0.09999999999999998,0.0387548083597935,0.24485894550200282,3.0,DMFS,OOD,transbig,RSF,42
2,39,0.10317588310975295,0.10329670329670326,0.04006145658283533,0.25229715820794185,3.0,DMFS,OOD,transbig,RSF,42
3,40,0.11403499841690064,0.050000000000000044,0.01274447613969154,0.18545387985547312,3.0,DMFS,OOD,transbig,RSF,42
4,39,0.12427350343802036,0.17948717948717952,0.08989593858399603,0.33996492156887426,3.0,DMFS,OOD,transbig,RSF,42
5,40,0.13953229933977127,0.125,0.05402892789284475,0.2745929029164026,3.0,DMFS,OOD,transbig,RSF,42
1,40,0.13385987281799316,0.15000000000000002,0.07035183371339648,0.30376378342083554,5.0,DMFS,OOD,transbig,RSF,42
2,39,0.1553202775808481,0.2383053028214318,0.1316664774404961,0.4083558380147879,5.0,DMFS,OOD,transbig,RSF,42
3,40,0.17148468792438507,0.15208333333333346,0.0713372856907507,0.3077004876526559,5.0,DMFS,OOD,transbig,RSF,42
4,39,0.18554525344799727,0.25906593406593414,0.14852609084024093,0.428314019852853,5.0,DMFS,OOD,transbig,RSF,42
5,40,0.2045872300863266,0.125,0.05402892789284475,0.2745929029164026,5.0,DMFS,OOD,transbig,RSF,42
1,40,0.29370778053998947,0.23145833333333343,0.1275062263432435,0.3983684460124508,10.0,DMFS,OOD,transbig,RSF,42
2,39,0.3328350033515539,0.27179520231629395,0.15608921683810784,0.44720795807220204,10.0,DMFS,OOD,transbig,RSF,42
3,40,0.35955976247787474,0.32678571428571435,0.20451397092332346,0.4955625931448273,10.0,DMFS,OOD,transbig,RSF,42
4,39,0.385658921339573,0.31360946745562135,0.19140586721527997,0.48650873539215744,10.0,DMFS,OOD,transbig,RSF,42
5,40,0.4222927838563919,0.15865384615384615,0.07389899166698577,0.32208026351534025,10.0,DMFS,OOD,transbig,RSF,42
1,40,0.10036294162273407,0.0,0.0,0.0,3.0,DMFS,OOD,transbig,RSF,43
2,39,0.12132732837628095,0.07692307692307687,0.025477517787887205,0.21983742164602216,3.0,DMFS,OOD,transbig,RSF,43
3,40,0.1510653555393219,0.07500000000000007,0.024823756400070507,0.21478243604254832,3.0,DMFS,OOD,transbig,RSF,43
4,39,0.17872544129689535,0.23076923076923084,0.12738098194455894,0.39660786438954687,3.0,DMFS,OOD,transbig,RSF,43
5,40,0.21230163425207138,0.17500000000000004,0.08753491778014977,0.33234377364489087,3.0,DMFS,OOD,transbig,RSF,43
1,40,0.2018347278237343,0.0,0.0,0.0,5.0,DMFS,OOD,transbig,RSF,43
2,39,0.24342564741770426,0.13046953046953036,0.056435752422478225,0.2856973598989482,5.0,DMFS,OOD,transbig,RSF,43
3,40,0.297843699157238,0.22960151802656548,0.12653684468845072,0.39524520251769724,5.0,DMFS,OOD,transbig,RSF,43
4,39,0.3461491404435573,0.2846153846153847,0.16875624168423986,0.4549820810349008,5.0,DMFS,OOD,transbig,RSF,43
5,40,0.40038698315620425,0.27500000000000013,0.16275585197524622,0.44131405799592605,5.0,DMFS,OOD,transbig,RSF,43
1,40,0.25523498058319094,0.11073453836611724,0.04299172574033916,0.26906641334141745,10.0,DMFS,OOD,transbig,RSF,43
2,39,0.3025816144087376,0.18572094572094566,0.09302240510050364,0.35099786909711306,10.0,DMFS,OOD,transbig,RSF,43
3,40,0.3645369246602058,0.31654648956356735,0.1929107396855989,0.49128792753031225,10.0,DMFS,OOD,transbig,RSF,43
4,39,0.414798562343304,0.37403846153846165,0.2402156071215653,0.5501543150004315,10.0,DMFS,OOD,transbig,RSF,43
5,40,0.4709065482020378,0.32885714285714307,0.20572488892644736,0.49863206539050087,10.0,DMFS,OOD,transbig,RSF,43
1,40,0.12974793016910552,0.025000000000000022,0.003559816986270059,0.16451454088849404,3.0,DMFS,OOD,transbig,RSF,44
2,39,0.15759485807174292,0.05128205128205132,0.01307770119766849,0.18984233558097408,3.0,DMFS,OOD,transbig,RSF,44
3,40,0.1796764224767685,0.10069444444444453,0.0390194911882461,0.24648710549350716,3.0,DMFS,OOD,transbig,RSF,44
4,39,0.2140362018193954,0.2564102564102565,0.14704279099588802,0.4241308803354288,3.0,DMFS,OOD,transbig,RSF,44
5,40,0.25027366131544115,0.125,0.05402892789284475,0.2745929029164026,3.0,DMFS,OOD,transbig,RSF,44
1,40,0.19689904004335404,0.050000000000000044,0.01274447613969154,0.18545387985547312,5.0,DMFS,OOD,transbig,RSF,44
2,39,0.2319447581584637,0.07894736842105254,0.026166652313847072,0.22513483835047343,5.0,DMFS,OOD,transbig,RSF,44
3,40,0.2619467541575432,0.2833179723502304,0.167809222022398,0.4534388233424045,5.0,DMFS,OOD,transbig,RSF,44
4,39,0.3045570743389619,0.36094674556213036,0.23190611835404018,0.5322889146805101,5.0,DMFS,OOD,transbig,RSF,44
5,40,0.3489617586135864,0.1515151515151515,0.071039864613889,0.3067338779360749,5.0,DMFS,OOD,transbig,RSF,44
1,40,0.2524279594421387,0.12778219395866453,0.05523319165216167,0.2803373947925816,10.0,DMFS,OOD,transbig,RSF,44
2,39,0.2962078085312477,0.2730190759258466,0.15655337762358013,0.4496174239632381,10.0,DMFS,OOD,transbig,RSF,44
3,40,0.32727235555648804,0.24325980392156865,0.13431674725413756,0.41646666173001723,10.0,DMFS,OOD,transbig,RSF,44
4,39,0.37020590366461337,0.41333333333333333,0.2771034364001361,0.5837532398662897,10.0,DMFS,OOD,transbig,RSF,44
5,40,0.41865774244070053,0.2680555555555556,0.15316971974089322,0.4432842225164879,10.0,DMFS,OOD,transbig,RSF,44
1,40,0.059133464097976686,0.025000000000000022,0.003559816986270059,0.16451454088849404,3.0,DMFS,OOD,mainz,TabSurv_M,40
2,40,0.10175823271274567,0.02564102564102566,0.0036521109238626392,0.16840687765336237,3.0,DMFS,OOD,mainz,TabSurv_M,40
3,40,0.15376646369695662,0.08040935672514615,0.02665513731923519,0.22902073033647974,3.0,DMFS,OOD,mainz,TabSurv_M,40
4,40,0.2344062179327011,0.10135135135135132,0.039279240582873576,0.24797370861593193,3.0,DMFS,OOD,mainz,TabSurv_M,40
5,40,0.3443700797855854,0.25677419354838715,0.14706916927568126,0.42511920665712055,3.0,DMFS,OOD,mainz,TabSurv_M,40
1,40,0.11243423372507096,0.07500000000000007,0.024823756400070507,0.21478243604254832,5.0,DMFS,OOD,mainz,TabSurv_M,40
2,40,0.17277204990386963,0.10943110943110934,0.04242777472119674,0.26641478945321595,5.0,DMFS,OOD,mainz,TabSurv_M,40
3,40,0.23965274691581726,0.13788377192982448,0.05973509853671133,0.3004921678392226,5.0,DMFS,OOD,mainz,TabSurv_M,40
4,40,0.33496321439743043,0.10069444444444453,0.0390194911882461,0.24648710549350716,5.0,DMFS,OOD,mainz,TabSurv_M,40
5,40,0.4517035596072674,0.31155563186813184,0.1901290690732671,0.4836076114471911,5.0,DMFS,OOD,mainz,TabSurv_M,40
1,40,0.3822995886206627,0.050000000000000044,0.01274447613969154,0.18545387985547312,10.0,DMFS,OOD,mainz,TabSurv_M,40
2,40,0.45834196656942366,0.31469750824589526,0.1522003362237272,0.5789067410011347,10.0,DMFS,OOD,mainz,TabSurv_M,40
3,40,0.5325842157006264,0.3054815793857456,0.15362776982094772,0.5491872409118815,10.0,DMFS,OOD,mainz,TabSurv_M,40
4,40,0.6279902309179306,0.24779148218427172,0.12781117571214207,0.4472745367834223,10.0,DMFS,OOD,mainz,TabSurv_M,40
5,40,0.7277470532804727,0.3999663823019085,0.26229314990463604,0.5758157426216881,10.0,DMFS,OOD,mainz,TabSurv_M,40
1,40,0.0762044608592987,0.025000000000000022,0.003559816986270059,0.16451454088849404,3.0,DMFS,OOD,mainz,TabSurv_M,41
2,40,0.1069609746336937,0.05128205128205132,0.01307770119766849,0.18984233558097408,3.0,DMFS,OOD,mainz,TabSurv_M,41
3,40,0.14131462424993516,0.02564102564102566,0.0036521109238626392,0.16840687765336237,3.0,DMFS,OOD,mainz,TabSurv_M,41
4,40,0.18630406260490417,0.1282051282051282,0.0554698458790277,0.2809731817817728,3.0,DMFS,OOD,mainz,TabSurv_M,41
5,40,0.2678540229797363,0.2561669829222011,0.14668474085661742,0.4242684550070712,3.0,DMFS,OOD,mainz,TabSurv_M,41
1,40,0.15388708412647248,0.07631578947368423,0.02526257854282965,0.2183082365993967,5.0,DMFS,OOD,mainz,TabSurv_M,41
2,40,0.20145633220672607,0.13651315789473673,0.05908724630667983,0.29792973450374405,5.0,DMFS,OOD,mainz,TabSurv_M,41
3,40,0.2500058516860008,0.08131868131868136,0.026931253031233338,0.23164401102458232,5.0,DMFS,OOD,mainz,TabSurv_M,41
4,40,0.31028431057929995,0.1282051282051282,0.0554698458790277,0.2809731817817728,5.0,DMFS,OOD,mainz,TabSurv_M,41
5,40,0.4091567188501358,0.3103196613633046,0.18928456446999153,0.48201235098972994,5.0,DMFS,OOD,mainz,TabSurv_M,41
1,40,0.44009521454572675,0.07631578947368423,0.02526257854282965,0.2183082365993967,10.0,DMFS,OOD,mainz,TabSurv_M,41
2,40,0.503382496535778,0.38517011834319526,0.19936631419585538,0.6549460099096801,10.0,DMFS,OOD,mainz,TabSurv_M,41
3,40,0.5579503454267979,0.24059535830964385,0.12597333299675884,0.4302546814959246,10.0,DMFS,OOD,mainz,TabSurv_M,41
4,40,0.6203637778759002,0.19417879417879413,0.08663429265879175,0.4021116485714845,10.0,DMFS,OOD,mainz,TabSurv_M,41
5,40,0.7093061573803425,0.42762318840579705,0.2860346342654988,0.6030742079103435,10.0,DMFS,OOD,mainz,TabSurv_M,41
1,40,0.09081626385450363,0.02564102564102566,0.0036521109238626392,0.16840687765336237,3.0,DMFS,OOD,mainz,TabSurv_M,42
2,40,0.11912550777196884,0.02564102564102566,0.0036521109238626392,0.16840687765336237,3.0,DMFS,OOD,mainz,TabSurv_M,42
3,40,0.15211262553930283,0.02564102564102566,0.0036521109238626392,0.16840687765336237,3.0,DMFS,OOD,mainz,TabSurv_M,42
4,40,0.1907734751701355,0.10541763482939948,0.04089697177345897,0.2570951044017151,3.0,DMFS,OOD,mainz,TabSurv_M,42
5,40,0.26319864243268964,0.30454545454545456,0.18571777911682263,0.4737839490370602,3.0,DMFS,OOD,mainz,TabSurv_M,42
1,40,0.1646490916609764,0.02564102564102566,0.0036521109238626392,0.16840687765336237,5.0,DMFS,OOD,mainz,TabSurv_M,42
2,40,0.20673758387565613,0.13352558513848833,0.057752043069093095,0.291999201489206,5.0,DMFS,OOD,mainz,TabSurv_M,42
3,40,0.2524215966463089,0.0783090783090783,0.025940173086940854,0.22353672968966753,5.0,DMFS,OOD,mainz,TabSurv_M,42
4,40,0.30385940372943876,0.10784080784080774,0.04180905030181836,0.2627946380709463,5.0,DMFS,OOD,mainz,TabSurv_M,42
5,40,0.39393132999539376,0.3823242187499999,0.2507046259404295,0.552574888602587,5.0,DMFS,OOD,mainz,TabSurv_M,42
1,40,0.4836066849529743,0.056451612903225756,0.014264216200492563,0.20944393432016073,10.0,DMFS,OOD,mainz,TabSurv_M,42
2,40,0.5380282819271087,0.13720760233918128,0.05940568170597693,0.2992707985406824,10.0,DMFS,OOD,mainz,TabSurv_M,42
3,40,0.5879730835556984,0.2418348869961774,0.11926525839361857,0.45312487881709573,10.0,DMFS,OOD,mainz,TabSurv_M,42
4,40,0.6398507416248321,0.23529212100640673,0.11518054694957158,0.44460665049824755,10.0,DMFS,OOD,mainz,TabSurv_M,42
5,40,0.7190086435526609,0.5426295518207281,0.3858467419386379,0.7149868303915494,10.0,DMFS,OOD,mainz,TabSurv_M,42
1,40,0.06674753427505493,0.0,0.0,0.0,3.0,DMFS,OOD,mainz,TabSurv_M,43
2,40,0.10724238455295562,0.02564102564102566,0.0036521109238626392,0.16840687765336237,3.0,DMFS,OOD,mainz,TabSurv_M,43
3,40,0.14715492874383926,0.027027027027026973,0.0038518411859753687,0.17676962678595975,3.0,DMFS,OOD,mainz,TabSurv_M,43
4,40,0.20933448523283005,0.10135135135135143,0.03927924058287369,0.24797370861593193,3.0,DMFS,OOD,mainz,TabSurv_M,43
5,40,0.3082715183496475,0.3308823529411765,0.2072727512113688,0.5009420135175606,3.0,DMFS,OOD,mainz,TabSurv_M,43
1,40,0.14165445566177368,0.050000000000000044,0.01274447613969154,0.18545387985547312,5.0,DMFS,OOD,mainz,TabSurv_M,43
2,40,0.21111805886030197,0.1049973418394472,0.040673422136123905,0.2564656394346887,5.0,DMFS,OOD,mainz,TabSurv_M,43
3,40,0.2723386541008949,0.02941176470588236,0.004196058494579491,0.19098978984726478,5.0,DMFS,OOD,mainz,TabSurv_M,43
4,40,0.3574978530406952,0.1527027027027027,0.07164710948534514,0.30880708498596776,5.0,DMFS,OOD,mainz,TabSurv_M,43
5,40,0.4801600895822048,0.3834252450980392,0.25154356489302765,0.5538414580110202,5.0,DMFS,OOD,mainz,TabSurv_M,43
1,40,0.4449154488742352,0.050000000000000044,0.01274447613969154,0.18545387985547312,10.0,DMFS,OOD,mainz,TabSurv_M,43
2,40,0.5422297768294811,0.23157392686804423,0.10357348820499124,0.4698467062868732,10.0,DMFS,OOD,mainz,TabSurv_M,43
3,40,0.6094599269330502,0.3179563492063493,0.1553340765423673,0.5799591925413939,10.0,DMFS,OOD,mainz,TabSurv_M,43
4,40,0.6903648108243943,0.28242424242424247,0.15938807124350685,0.4697292697812474,10.0,DMFS,OOD,mainz,TabSurv_M,43
5,40,0.79279850050807,0.41838875449493285,0.27977805810499456,0.591364732304893,10.0,DMFS,OOD,mainz,TabSurv_M,43
1,40,0.0750038594007492,0.0,0.0,0.0,3.0,DMFS,OOD,mainz,TabSurv_M,44
2,40,0.10760086625814438,0.02564102564102566,0.0036521109238626392,0.16840687765336237,3.0,DMFS,OOD,mainz,TabSurv_M,44
3,40,0.13524450361728668,0.07500000000000007,0.024823756400070507,0.21478243604254832,3.0,DMFS,OOD,mainz,TabSurv_M,44
4,40,0.17871206551790236,0.05197505197505192,0.013253093864668886,0.1922708535788128,3.0,DMFS,OOD,mainz,TabSurv_M,44
5,40,0.29061069190502165,0.335863377609108,0.2104687086187339,0.5077637101675463,3.0,DMFS,OOD,mainz,TabSurv_M,44
1,40,0.15749400556087495,0.02631578947368418,0.003749317977098543,0.17248726805939307,5.0,DMFS,OOD,mainz,TabSurv_M,44
2,40,0.2117030829191208,0.10696870696870686,0.04149129078324365,0.2606877876799767,5.0,DMFS,OOD,mainz,TabSurv_M,44
3,40,0.2516063615679741,0.1271446078431373,0.05494319981077045,0.2790843297585722,5.0,DMFS,OOD,mainz,TabSurv_M,44
4,40,0.3113085389137268,0.10614790614790603,0.04118480243715883,0.25874339007422476,5.0,DMFS,OOD,mainz,TabSurv_M,44
5,40,0.4459717728197575,0.3635357368753952,0.23339326925990833,0.5361081049200878,5.0,DMFS,OOD,mainz,TabSurv_M,44
1,40,0.45580486953258514,0.06109022556390975,0.015389425104555876,0.22601780911368252,10.0,DMFS,OOD,mainz,TabSurv_M,44
2,40,0.5292076781392098,0.17646843800689938,0.06937263845326325,0.4080328232822512,10.0,DMFS,OOD,mainz,TabSurv_M,44
3,40,0.5747526288032532,0.3060913923182441,0.15091124583968119,0.5579042341030405,10.0,DMFS,OOD,mainz,TabSurv_M,44
4,40,0.6360292136669159,0.23819423819423802,0.1248886540690981,0.42583879940909286,10.0,DMFS,OOD,mainz,TabSurv_M,44
5,40,0.7514325719326734,0.5032188947144958,0.345761971230103,0.6844967509690976,10.0,DMFS,OOD,mainz,TabSurv_M,44
1,40,0.0406549796462059,0.02564102564102566,0.0036521109238626392,0.16840687765336237,3.0,DMFS,OOD,mainz,DeepHS,40
2,40,0.08659269511699677,0.0,0.0,0.0,3.0,DMFS,OOD,mainz,DeepHS,40
3,40,0.14029823392629623,0.12702702702702706,0.054916024285392995,0.2787369891971573,3.0,DMFS,OOD,mainz,DeepHS,40
4,40,0.20780327171087265,0.1282051282051282,0.0554698458790277,0.2809731817817728,3.0,DMFS,OOD,mainz,DeepHS,40
5,40,0.3879586473107338,0.21134421134421133,0.1116281457607089,0.37888925313528377,3.0,DMFS,OOD,mainz,DeepHS,40
1,40,0.05722654610872269,0.10220588235294126,0.039576510727172276,0.2501316712571918,5.0,DMFS,OOD,mainz,DeepHS,40
2,40,0.12994040846824645,0.05336257309941517,0.013613887601819474,0.19699512818721698,5.0,DMFS,OOD,mainz,DeepHS,40
3,40,0.20975012481212615,0.12702702702702706,0.054916024285392995,0.2787369891971573,5.0,DMFS,OOD,mainz,DeepHS,40
4,40,0.30372064411640165,0.18832891246684347,0.09430298443060126,0.3556828467115968,5.0,DMFS,OOD,mainz,DeepHS,40
5,40,0.4938722163438797,0.2618778280542987,0.15024675274843613,0.4323850670218913,5.0,DMFS,OOD,mainz,DeepHS,40
1,40,0.23029083013534546,0.07631578947368423,0.02526257854282965,0.2183082365993967,10.0,DMFS,OOD,mainz,DeepHS,40
2,40,0.3571987345814705,0.3080645161290321,0.17145630256357702,0.5137537002143107,10.0,DMFS,OOD,mainz,DeepHS,40
3,40,0.422876363992691,0.31006493506493504,0.1684493483373909,0.526122255072631,10.0,DMFS,OOD,mainz,DeepHS,40
4,40,0.47527953088283537,0.2314271749755622,0.10386363431097778,0.4683653361935596,10.0,DMFS,OOD,mainz,DeepHS,40
5,40,0.5714798510074616,0.35314556213017756,0.21332951648352627,0.54657071125193,10.0,DMFS,OOD,mainz,DeepHS,40
1,40,0.0737649917602539,0.05197505197505192,0.013253093864668886,0.1922708535788128,3.0,DMFS,OOD,mainz,DeepHS,41
2,40,0.10756327211856842,0.050000000000000044,0.01274447613969154,0.18545387985547312,3.0,DMFS,OOD,mainz,DeepHS,41
3,40,0.13268468677997589,0.10135135135135132,0.039279240582873576,0.24797370861593193,3.0,DMFS,OOD,mainz,DeepHS,41
4,40,0.16499421894550323,0.12967032967032965,0.0561020637235794,0.28399964595628513,3.0,DMFS,OOD,mainz,DeepHS,41
5,40,0.2256159231066704,0.15774548032612545,0.07404300093009186,0.3182615776567057,3.0,DMFS,OOD,mainz,DeepHS,41
1,40,0.1616411477327347,0.10329670329670326,0.04006145658283533,0.25229715820794185,5.0,DMFS,OOD,mainz,DeepHS,41
2,40,0.21917784363031387,0.07500000000000007,0.024823756400070507,0.21478243604254832,5.0,DMFS,OOD,mainz,DeepHS,41
3,40,0.2527055189013481,0.1319889601139601,0.05708975770497304,0.2888350634499378,5.0,DMFS,OOD,mainz,DeepHS,41
4,40,0.28409715443849565,0.18602470326608256,0.09311133787292458,0.3517349201942417,5.0,DMFS,OOD,mainz,DeepHS,41
5,40,0.33327986150979994,0.23945364979847727,0.13212933811407657,0.41062195489811537,5.0,DMFS,OOD,mainz,DeepHS,41
1,40,0.3651794001460075,0.1567379988432619,0.06577331281719345,0.3476434697619404,10.0,DMFS,OOD,mainz,DeepHS,41
2,40,0.4224811106920242,0.19810839880284326,0.09864023607773531,0.37460486763749257,10.0,DMFS,OOD,mainz,DeepHS,41
3,40,0.4623566657304764,0.27027027027027006,0.12373172219666773,0.5283975446421346,10.0,DMFS,OOD,mainz,DeepHS,41
4,40,0.5078873440623284,0.3243350735498125,0.1913240088033672,0.5151064840365807,10.0,DMFS,OOD,mainz,DeepHS,41
5,40,0.5671070948243141,0.31663223140495855,0.1928625692526882,0.49161037805997265,10.0,DMFS,OOD,mainz,DeepHS,41
1,40,0.011970181348323821,0.18004493464052285,0.0900812608412932,0.341256425779184,3.0,DMFS,OOD,mainz,DeepHS,42
2,40,0.058659051358699796,0.15535444947209653,0.07294302807288588,0.31365147673713667,3.0,DMFS,OOD,mainz,DeepHS,42
3,40,0.12465312480926513,0.05128205128205132,0.01307770119766849,0.18984233558097408,3.0,DMFS,OOD,mainz,DeepHS,42
4,40,0.16754956692457199,0.07763532763532766,0.02571020740854224,0.22177842494280775,3.0,DMFS,OOD,mainz,DeepHS,42
5,40,0.22443409860134125,0.025000000000000022,0.003559816986270059,0.16451454088849404,3.0,DMFS,OOD,mainz,DeepHS,42
1,40,0.01534736562013626,0.20649509803921562,0.10893832916093227,0.37112259220219945,5.0,DMFS,OOD,mainz,DeepHS,42
2,40,0.08175278306007386,0.21078724978482877,0.1112765943123295,0.37811847537843346,5.0,DMFS,OOD,mainz,DeepHS,42
3,40,0.18004451245069503,0.07763532763532766,0.02571020740854224,0.22177842494280775,5.0,DMFS,OOD,mainz,DeepHS,42
4,40,0.2448478728532791,0.1614419849713966,0.07582893152569092,0.32505641458689927,5.0,DMFS,OOD,mainz,DeepHS,42
5,40,0.3258477866649628,0.07567567567567568,0.025044429452298456,0.21663001813392557,5.0,DMFS,OOD,mainz,DeepHS,42
1,40,0.20060460418462753,0.3438914027149321,0.2089715095740391,0.5312194154676221,10.0,DMFS,OOD,mainz,DeepHS,42
2,40,0.4812977597117424,0.24840906883418967,0.13665006523922862,0.4259169723052959,10.0,DMFS,OOD,mainz,DeepHS,42
3,40,0.5681950479745865,0.23556243550051614,0.10958002598264382,0.4629609794781022,10.0,DMFS,OOD,mainz,DeepHS,42
4,40,0.6450428545475007,0.281690411816072,0.14560681821982047,0.5012329182901804,10.0,DMFS,OOD,mainz,DeepHS,42
5,40,0.7541972950100899,0.14500000000000002,0.060509286034649445,0.3250837158490384,10.0,DMFS,OOD,mainz,DeepHS,42
1,40,0.14119998812675477,0.08040935672514615,0.02665513731923519,0.22902073033647974,3.0,DMFS,OOD,mainz,DeepHS,43
2,40,0.17445008903741838,0.05128205128205132,0.01307770119766849,0.18984233558097408,3.0,DMFS,OOD,mainz,DeepHS,43
3,40,0.19292293787002562,0.07567567567567568,0.025044429452298456,0.21663001813392557,3.0,DMFS,OOD,mainz,DeepHS,43
4,40,0.2193955346941948,0.10208494208494212,0.03955505220446842,0.24971172750657922,3.0,DMFS,OOD,mainz,DeepHS,43
5,40,0.2751968875527382,0.18028846153846156,0.09028793324548379,0.3414178946893749,3.0,DMFS,OOD,mainz,DeepHS,43
1,40,0.24412051886320113,0.10489510489510478,0.04065011969375587,0.2561407325756291,5.0,DMFS,OOD,mainz,DeepHS,43
2,40,0.27368711233139037,0.10827573985468719,0.042043682674738014,0.2634269386343452,5.0,DMFS,OOD,mainz,DeepHS,43
3,40,0.3044669836759567,0.1250000000000001,0.05402892789284486,0.2745929029164025,5.0,DMFS,OOD,mainz,DeepHS,43
4,40,0.34509259313344953,0.07894736842105265,0.026166652313847183,0.22513483835047332,5.0,DMFS,OOD,mainz,DeepHS,43
5,40,0.4392522990703583,0.3160608622147083,0.19296781819153175,0.4898908703787591,5.0,DMFS,OOD,mainz,DeepHS,43
1,40,0.3660928517580032,0.025000000000000022,0.003559816986270059,0.16451454088849404,10.0,DMFS,OOD,mainz,DeepHS,43
2,40,0.426390041410923,0.318372190423007,0.1696990657196723,0.5461138576051157,10.0,DMFS,OOD,mainz,DeepHS,43
3,40,0.4628628298640251,0.2642598684210523,0.1282500179338738,0.4964833183051701,10.0,DMFS,OOD,mainz,DeepHS,43
4,40,0.5127424627542496,0.3608892385310626,0.22000095522446217,0.553636233241702,10.0,DMFS,OOD,mainz,DeepHS,43
5,40,0.5949122503399848,0.3169642857142858,0.19142290265002548,0.495367036771744,10.0,DMFS,OOD,mainz,DeepHS,43
1,40,0.058407345414161684,0.0,0.0,0.0,3.0,DMFS,OOD,mainz,DeepHS,44
2,40,0.0836400106549263,0.02564102564102566,0.0036521109238626392,0.16840687765336237,3.0,DMFS,OOD,mainz,DeepHS,44
3,40,0.11101543307304382,0.126388888888889,0.05462765153183857,0.2774735366342498,3.0,DMFS,OOD,mainz,DeepHS,44
4,40,0.18360257893800735,0.10464310464310467,0.04060355897081702,0.25527980760235847,3.0,DMFS,OOD,mainz,DeepHS,44
5,40,0.4083990067243576,0.23408488063660482,0.12919159428097715,0.40197510971557715,3.0,DMFS,OOD,mainz,DeepHS,44
1,40,0.09464181810617447,0.02564102564102566,0.0036521109238626392,0.16840687765336237,5.0,DMFS,OOD,mainz,DeepHS,44
2,40,0.1206040009856224,0.07770270270270263,0.02572108112660776,0.22204757455953195,5.0,DMFS,OOD,mainz,DeepHS,44
3,40,0.14825747311115264,0.18994653994653976,0.09528113916827385,0.3580049714703277,5.0,DMFS,OOD,mainz,DeepHS,44
4,40,0.21634685397148132,0.15428571428571436,0.07236871710787585,0.31189220265751216,5.0,DMFS,OOD,mainz,DeepHS,44
5,40,0.46304588466882707,0.2853598014888338,0.16922071863136412,0.45603724152047853,5.0,DMFS,OOD,mainz,DeepHS,44
1,40,0.26486553996801376,0.02564102564102566,0.0036521109238626392,0.16840687765336237,10.0,DMFS,OOD,mainz,DeepHS,44
2,40,0.30317839682102204,0.31337561294540695,0.1789916790532574,0.5116457780580803,10.0,DMFS,OOD,mainz,DeepHS,44
3,40,0.3333348497748375,0.2104104104104103,0.10515052782448897,0.39488923014429933,10.0,DMFS,OOD,mainz,DeepHS,44
4,40,0.39116732478141786,0.26690909090909065,0.15287827524697606,0.4406850581210351,10.0,DMFS,OOD,mainz,DeepHS,44
5,40,0.6110246837139129,0.35979944737790304,0.2241805749564637,0.5432181301608909,10.0,DMFS,OOD,mainz,DeepHS,44
1,40,0.003783096373081207,0.07631578947368423,0.02526257854282965,0.2183082365993967,3.0,DMFS,OOD,mainz,DeepSurv,40
2,40,0.013611744344234466,0.10069444444444453,0.0390194911882461,0.24648710549350716,3.0,DMFS,OOD,mainz,DeepSurv,40
3,40,0.03404704034328461,0.02564102564102566,0.0036521109238626392,0.16840687765336237,3.0,DMFS,OOD,mainz,DeepSurv,40
4,40,0.10199756473302841,0.07638888888888895,0.025272487305667557,0.21861563056740752,3.0,DMFS,OOD,mainz,DeepSurv,40
5,40,0.4575090339327289,0.20940170940170932,0.11065266853807121,0.3754931984564416,3.0,DMFS,OOD,mainz,DeepSurv,40
1,40,0.013147170841693877,0.12763157894736843,0.05519677825454816,0.27989993466562724,5.0,DMFS,OOD,mainz,DeepSurv,40
2,40,0.04672111123800278,0.15359477124183007,0.07203461944224032,0.31061692722778633,5.0,DMFS,OOD,mainz,DeepSurv,40
3,40,0.1137895256280899,0.05197505197505192,0.013253093864668886,0.1922708535788128,5.0,DMFS,OOD,mainz,DeepSurv,40
4,40,0.30750625357031824,0.13236531986531996,0.05718913353263699,0.2898853949160116,5.0,DMFS,OOD,mainz,DeepSurv,40
5,40,0.7949520462255553,0.262108262108262,0.1504852635126076,0.43249204782845885,5.0,DMFS,OOD,mainz,DeepSurv,40
1,40,0.025024034082889557,0.12763157894736843,0.05519677825454816,0.27989993466562724,10.0,DMFS,OOD,mainz,DeepSurv,40
2,40,0.08753773868083954,0.26317401960784315,0.13211193148900968,0.4822514705197055,10.0,DMFS,OOD,mainz,DeepSurv,40
3,40,0.20622210204601288,0.22133898604486824,0.10116714844908548,0.44391035737758056,10.0,DMFS,OOD,mainz,DeepSurv,40
4,40,0.4958935208618641,0.29968103185876627,0.16085793706932217,0.514971197916514,10.0,DMFS,OOD,mainz,DeepSurv,40
5,40,0.9275775398110582,0.3540490996420482,0.22192861229154404,0.532863786038878,10.0,DMFS,OOD,mainz,DeepSurv,40
1,40,0.003230234980583191,0.025000000000000022,0.003559816986270059,0.16451454088849404,3.0,DMFS,OOD,mainz,DeepSurv,41
2,40,0.013107076287269592,0.0,0.0,0.0,3.0,DMFS,OOD,mainz,DeepSurv,41
3,40,0.03517439514398575,0.154903474903475,0.07268208710763135,0.31297773080220126,3.0,DMFS,OOD,mainz,DeepSurv,41
4,40,0.07822051197290421,0.10526315789473673,0.04086542150708805,0.25658456768820304,3.0,DMFS,OOD,mainz,DeepSurv,41
5,40,0.23442297875881196,0.20676470588235296,0.10902884247613664,0.3717226167009805,3.0,DMFS,OOD,mainz,DeepSurv,41
1,40,0.00949779897928238,0.07631578947368423,0.02526257854282965,0.2183082365993967,5.0,DMFS,OOD,mainz,DeepSurv,41
2,40,0.0381517082452774,0.0797720797720799,0.026424168034658746,0.2274658884706935,5.0,DMFS,OOD,mainz,DeepSurv,41
3,40,0.1000921219587326,0.154903474903475,0.07268208710763135,0.31297773080220126,5.0,DMFS,OOD,mainz,DeepSurv,41
4,40,0.21307663768529891,0.15871710526315774,0.07460815707943103,0.31969974359148245,5.0,DMFS,OOD,mainz,DeepSurv,41
5,40,0.5118816551752389,0.2624836601307189,0.15036834788299958,0.43384022424470137,5.0,DMFS,OOD,mainz,DeepSurv,41
1,40,0.031512287259101865,0.07631578947368423,0.02526257854282965,0.2183082365993967,10.0,DMFS,OOD,mainz,DeepSurv,41
2,40,0.12217559218406678,0.24941005496561075,0.12421594115598344,0.46235983531525093,10.0,DMFS,OOD,mainz,DeepSurv,41
3,40,0.29672250598669053,0.33017098731384453,0.18342407469252486,0.5472844674125961,10.0,DMFS,OOD,mainz,DeepSurv,41
4,40,0.549202048778534,0.21880874060150357,0.10374530273833893,0.4269097197004247,10.0,DMFS,OOD,mainz,DeepSurv,41
5,40,0.862786237907249,0.38605967078189296,0.2475946830085668,0.5668327366528592,10.0,DMFS,OOD,mainz,DeepSurv,41
1,40,0.00015628460645675246,0.1073741050696595,0.04157451433963044,0.2620223112743355,3.0,DMFS,OOD,mainz,DeepSurv,42
2,40,0.0006860986351966858,0.09999999999999998,0.0387548083597935,0.24485894550200282,3.0,DMFS,OOD,mainz,DeepSurv,42
3,40,0.0017918929457664489,0.07692307692307687,0.025477517787887205,0.21983742164602216,3.0,DMFS,OOD,mainz,DeepSurv,42
4,40,0.006259062886238098,0.07692307692307687,0.025477517787887205,0.21983742164602216,3.0,DMFS,OOD,mainz,DeepSurv,42
5,40,0.038386858999729156,0.1282051282051283,0.05546984587902781,0.2809731817817728,3.0,DMFS,OOD,mainz,DeepSurv,42
1,40,0.00046579456806182805,0.13712830156733746,0.059251205568641274,0.2996295959460946,5.0,DMFS,OOD,mainz,DeepSurv,42
2,40,0.0022726595401763917,0.1264705882352941,0.05464558903985228,0.2777192754833303,5.0,DMFS,OOD,mainz,DeepSurv,42
3,40,0.005927430093288421,0.15384615384615385,0.07223889953955942,0.3107756517733492,5.0,DMFS,OOD,mainz,DeepSurv,42
4,40,0.020581246912479402,0.10329670329670326,0.04006145658283533,0.25229715820794185,5.0,DMFS,OOD,mainz,DeepSurv,42
5,40,0.11310090869665146,0.20833980833980836,0.10998989109619195,0.37400015590374236,5.0,DMFS,OOD,mainz,DeepSurv,42
1,40,0.009881915152072906,0.1850656181469299,0.08466287701050768,0.37713578151852123,10.0,DMFS,OOD,mainz,DeepSurv,42
2,40,0.04733907878398895,0.21490196078431367,0.10260350725454603,0.41767764715405464,10.0,DMFS,OOD,mainz,DeepSurv,42
3,40,0.1187344416975975,0.3303533418475947,0.18090343616056248,0.5532808572985846,10.0,DMFS,OOD,mainz,DeepSurv,42
4,40,0.35080267041921614,0.271278856481864,0.14838775662122938,0.4639367679743749,10.0,DMFS,OOD,mainz,DeepSurv,42
5,40,0.7826699563291111,0.24603791270457942,0.13484508635604886,0.423414650105848,10.0,DMFS,OOD,mainz,DeepSurv,42
1,40,0.00015115628719329367,0.0,0.0,0.0,3.0,DMFS,OOD,mainz,DeepSurv,43
2,40,0.0004084691405296326,0.027027027027026973,0.0038518411859753687,0.17676962678595975,3.0,DMFS,OOD,mainz,DeepSurv,43
3,40,0.001038527488708496,0.07638888888888895,0.025272487305667557,0.21861563056740752,3.0,DMFS,OOD,mainz,DeepSurv,43
4,40,0.002822323143482208,0.13260073260073268,0.057388099550284455,0.28994404653012895,3.0,DMFS,OOD,mainz,DeepSurv,43
5,40,0.018161870539188385,0.25234375,0.14446100434470666,0.41844144726980537,3.0,DMFS,OOD,mainz,DeepSurv,43
1,40,0.003642289340496063,0.050000000000000044,0.01274447613969154,0.18545387985547312,5.0,DMFS,OOD,mainz,DeepSurv,43
2,40,0.011294001340866089,0.055643879173290944,0.014197927546273803,0.2048470382971731,5.0,DMFS,OOD,mainz,DeepSurv,43
3,40,0.028437745571136475,0.12916666666666676,0.05584492007390651,0.2831348555750204,5.0,DMFS,OOD,mainz,DeepSurv,43
4,40,0.07524785995483399,0.1597069597069598,0.07504516181527099,0.3216709235724794,5.0,DMFS,OOD,mainz,DeepSurv,43
5,40,0.3530079465359449,0.33450377747252746,0.20936679430009097,0.5063342237792349,5.0,DMFS,OOD,mainz,DeepSurv,43
1,40,0.011656565964221955,0.1543956043956044,0.053678077873268504,0.39935805170401484,10.0,DMFS,OOD,mainz,DeepSurv,43
2,40,0.03587296009063721,0.17790426981603458,0.06538420537112977,0.43307564307480617,10.0,DMFS,OOD,mainz,DeepSurv,43
3,40,0.08836778849363328,0.31048690250079136,0.17612297176585112,0.5100316136915386,10.0,DMFS,OOD,mainz,DeepSurv,43
4,40,0.22050434350967407,0.3273516303072954,0.1837322569408334,0.5390762902960355,10.0,DMFS,OOD,mainz,DeepSurv,43
5,40,0.66915319711552,0.33450377747252746,0.20936679430009097,0.5063342237792349,10.0,DMFS,OOD,mainz,DeepSurv,43
1,40,0.0010452181100845336,0.0,0.0,0.0,3.0,DMFS,OOD,mainz,DeepSurv,44
2,40,0.0034300610423088074,0.050000000000000044,0.01274447613969154,0.18545387985547312,3.0,DMFS,OOD,mainz,DeepSurv,44
3,40,0.009049050509929657,0.027027027027026973,0.0038518411859753687,0.17676962678595975,3.0,DMFS,OOD,mainz,DeepSurv,44
4,40,0.030019530653953554,0.15871710526315774,0.07460815707943103,0.31969974359148245,3.0,DMFS,OOD,mainz,DeepSurv,44
5,40,0.17649541981518269,0.25234375,0.14446100434470677,0.41844144726980537,3.0,DMFS,OOD,mainz,DeepSurv,44
1,40,0.003640054166316986,0.05128205128205132,0.01307770119766849,0.18984233558097408,5.0,DMFS,OOD,mainz,DeepSurv,44
2,40,0.011909119784832,0.07638888888888895,0.025272487305667557,0.21861563056740752,5.0,DMFS,OOD,mainz,DeepSurv,44
3,40,0.03116828203201294,0.109697933227345,0.04262813749766803,0.26649418243290646,5.0,DMFS,OOD,mainz,DeepSurv,44
4,40,0.10041732341051102,0.18585526315789458,0.0932059254144535,0.3508673590653919,5.0,DMFS,OOD,mainz,DeepSurv,44
5,40,0.41942712408065796,0.304861111111111,0.18584936742898495,0.4743625709059459,5.0,DMFS,OOD,mainz,DeepSurv,44
1,40,0.006317462027072907,0.05128205128205132,0.01307770119766849,0.18984233558097408,10.0,DMFS,OOD,mainz,DeepSurv,44
2,40,0.02060372680425644,0.3129464285714285,0.1610258633259326,0.551749856856179,10.0,DMFS,OOD,mainz,DeepSurv,44
3,40,0.05348354130983353,0.16534181240063595,0.06801725879330422,0.37105610599415917,10.0,DMFS,OOD,mainz,DeepSurv,44
4,40,0.16730309128761292,0.301127819548872,0.1686991004551468,0.5008155189501036,10.0,DMFS,OOD,mainz,DeepSurv,44
5,40,0.5684648418756575,0.4229824561403508,0.2827062196976311,0.5974822887541825,10.0,DMFS,OOD,mainz,DeepSurv,44
1,40,0.03972336053848267,0.025000000000000022,0.003559816986270059,0.16451454088849404,3.0,DMFS,OOD,mainz,ENCox,40
2,40,0.0876228928565979,0.050657894736842124,0.012910933799163749,0.18776727635316848,3.0,DMFS,OOD,mainz,ENCox,40
3,40,0.17274510413408278,0.050000000000000044,0.01274447613969154,0.18545387985547312,3.0,DMFS,OOD,mainz,ENCox,40
4,40,0.3175950422883034,0.18796992481203012,0.09433396824771167,0.3543850692559093,3.0,DMFS,OOD,mainz,ENCox,40
5,40,0.706495200835098,0.1810661764705882,0.09054202745891193,0.34323098028202736,3.0,DMFS,OOD,mainz,ENCox,40
1,40,0.09123570919036865,0.050000000000000044,0.01274447613969154,0.18545387985547312,5.0,DMFS,OOD,mainz,ENCox,40
2,40,0.1947785034775734,0.07631578947368423,0.02526257854282965,0.2183082365993967,5.0,DMFS,OOD,mainz,ENCox,40
3,40,0.36078808903694154,0.10510822510822515,0.040697075043593656,0.2568269843378893,5.0,DMFS,OOD,mainz,ENCox,40
4,40,0.5889698009938001,0.27125506072874495,0.15597555199332325,0.4459352557061268,5.0,DMFS,OOD,mainz,ENCox,40
5,40,0.9180502801125765,0.2366366859243697,0.13046958889536775,0.4063906002522132,5.0,DMFS,OOD,mainz,ENCox,40
1,40,0.15269516110420228,0.15999999999999992,0.05824645417623775,0.39743107705400016,10.0,DMFS,OOD,mainz,ENCox,40
2,40,0.3131910920143127,0.12250000000000005,0.04549192574472061,0.307035679175078,10.0,DMFS,OOD,mainz,ENCox,40
3,40,0.5392881035804749,0.2853294853294852,0.14616843938698576,0.5103933989700061,10.0,DMFS,OOD,mainz,ENCox,40
4,40,0.7801246169954539,0.3939672767423963,0.24110948424677914,0.597118184061993,10.0,DMFS,OOD,mainz,ENCox,40
5,40,0.9811241182072763,0.3362363527774468,0.20452651601938765,0.5200309261751033,10.0,DMFS,OOD,mainz,ENCox,40
1,40,0.14200455844402313,0.02564102564102566,0.0036521109238626392,0.16840687765336237,3.0,DMFS,OOD,mainz,ENCox,41
2,40,0.16545602679252625,0.05135135135135127,0.013083245349063466,0.1902429472866748,3.0,DMFS,OOD,mainz,ENCox,41
3,40,0.18362918943166734,0.05128205128205132,0.01307770119766849,0.18984233558097408,3.0,DMFS,OOD,mainz,ENCox,41
4,40,0.20771420747041702,0.13046953046953036,0.056435752422478225,0.2856973598989482,3.0,DMFS,OOD,mainz,ENCox,41
5,40,0.2608127430081367,0.2309821428571428,0.12733683273975593,0.39736444662350434,3.0,DMFS,OOD,mainz,ENCox,41
1,40,0.2173101708292961,0.079185520361991,0.02620001012472284,0.22612252673603717,5.0,DMFS,OOD,mainz,ENCox,41
2,40,0.25128947049379347,0.07770270270270263,0.02572108112660776,0.22204757455953195,5.0,DMFS,OOD,mainz,ENCox,41
3,40,0.2772039189934731,0.1282051282051282,0.0554698458790277,0.2809731817817728,5.0,DMFS,OOD,mainz,ENCox,41
4,40,0.31100554913282397,0.18968486710422183,0.0948605170132748,0.3584558619496594,5.0,DMFS,OOD,mainz,ENCox,41
5,40,0.3829429641366005,0.25749999999999995,0.14750484771762562,0.4261916500423495,5.0,DMFS,OOD,mainz,ENCox,41
1,40,0.32980427145957947,0.1252262443438915,0.04680568577678734,0.3116140996917599,10.0,DMFS,OOD,mainz,ENCox,41
2,40,0.37675240337848664,0.171071071071071,0.0695988337163026,0.38612625808939227,10.0,DMFS,OOD,mainz,ENCox,41
3,40,0.411602658033371,0.35671285236502626,0.19221096366971469,0.598196035652572,10.0,DMFS,OOD,mainz,ENCox,41
4,40,0.45585399866104126,0.25721112817887004,0.12743278202969366,0.4772183452986265,10.0,DMFS,OOD,mainz,ENCox,41
5,40,0.5446782745420933,0.37403900375939836,0.23959100862504434,0.5512324837053078,10.0,DMFS,OOD,mainz,ENCox,41
1,40,0.0037704214453697206,0.07845559845559835,0.025962177616439708,0.22413387808830765,3.0,DMFS,OOD,mainz,ENCox,42
2,40,0.012822408974170686,0.15421303656597773,0.07234693699320283,0.31170877354208193,3.0,DMFS,OOD,mainz,ENCox,42
3,40,0.025366814434528352,0.07692307692307687,0.025477517787887205,0.21983742164602216,3.0,DMFS,OOD,mainz,ENCox,42
4,40,0.049996237456798556,0.02564102564102566,0.0036521109238626392,0.16840687765336237,3.0,DMFS,OOD,mainz,ENCox,42
5,40,0.13144992738962175,0.15384615384615385,0.07223889953955942,0.3107756517733492,3.0,DMFS,OOD,mainz,ENCox,42
1,40,0.009933385252952575,0.10555984555984543,0.04092851515787854,0.257551334972672,5.0,DMFS,OOD,mainz,ENCox,42
2,40,0.03352014422416687,0.2097207460683218,0.11062490626405908,0.37658177454448616,5.0,DMFS,OOD,mainz,ENCox,42
3,40,0.0656538337469101,0.12895927601809953,0.055789799858243616,0.28255547339724263,5.0,DMFS,OOD,mainz,ENCox,42
4,40,0.12663130313158036,0.02564102564102566,0.0036521109238626392,0.16840687765336237,5.0,DMFS,OOD,mainz,ENCox,42
5,40,0.3009058106690645,0.2564102564102564,0.1470427909958879,0.4241308803354288,5.0,DMFS,OOD,mainz,ENCox,42
1,40,0.06745046377182007,0.19911098416200446,0.08797252195413818,0.41454085677569175,10.0,DMFS,OOD,mainz,ENCox,42
2,40,0.21163331121206283,0.2097207460683218,0.11062490626405908,0.37658177454448616,10.0,DMFS,OOD,mainz,ENCox,42
3,40,0.3783815786242485,0.27505858112475756,0.14716582517150567,0.47793587670081583,10.0,DMFS,OOD,mainz,ENCox,42
4,40,0.6082516744732857,0.11843711843711857,0.03827363910186332,0.33448463730119793,10.0,DMFS,OOD,mainz,ENCox,42
5,40,0.8769071992793492,0.4234160900827568,0.27520402774846453,0.6101542566163383,10.0,DMFS,OOD,mainz,ENCox,42
1,40,0.10410178899765014,0.050000000000000044,0.01274447613969154,0.18545387985547312,3.0,DMFS,OOD,mainz,ENCox,43
2,40,0.12376527786254883,0.02631578947368418,0.003749317977098543,0.17248726805939307,3.0,DMFS,OOD,mainz,ENCox,43
3,40,0.13608725666999816,0.02564102564102566,0.0036521109238626392,0.16840687765336237,3.0,DMFS,OOD,mainz,ENCox,43
4,40,0.15380201786756514,0.1311404644737978,0.056741712956094426,0.2870083238859267,3.0,DMFS,OOD,mainz,ENCox,43
5,40,0.18440807312726976,0.25625,0.14671924975961081,0.42442716602422925,3.0,DMFS,OOD,mainz,ENCox,43
1,40,0.21041514128446578,0.050000000000000044,0.01274447613969154,0.18545387985547312,5.0,DMFS,OOD,mainz,ENCox,43
2,40,0.24725695699453354,0.10914656432748537,0.042365768784259794,0.2655010913463972,5.0,DMFS,OOD,mainz,ENCox,43
3,40,0.2698221951723099,0.05197505197505192,0.013253093864668886,0.1922708535788128,5.0,DMFS,OOD,mainz,ENCox,43
4,40,0.3016142338514328,0.18719591837871408,0.09379121068499707,0.35350803426521926,5.0,DMFS,OOD,mainz,ENCox,43
5,40,0.3543792575597763,0.33699999999999997,0.211140559628622,0.5094245910742827,5.0,DMFS,OOD,mainz,ENCox,43
1,40,0.2596282407641411,0.050000000000000044,0.01274447613969154,0.18545387985547312,10.0,DMFS,OOD,mainz,ENCox,43
2,40,0.30334172695875167,0.24620093904633378,0.1072122035718176,0.5055772811045312,10.0,DMFS,OOD,mainz,ENCox,43
3,40,0.32980518639087675,0.30895223863973853,0.16943695221490118,0.5207803483106282,10.0,DMFS,OOD,mainz,ENCox,43
4,40,0.3667078837752342,0.2806216748869078,0.16088373718361637,0.46123139886467024,10.0,DMFS,OOD,mainz,ENCox,43
5,40,0.426727444678545,0.37189473684210517,0.23807996569419354,0.5485811880626568,10.0,DMFS,OOD,mainz,ENCox,43
1,40,0.02351599633693695,0.02564102564102566,0.0036521109238626392,0.16840687765336237,3.0,DMFS,OOD,mainz,ENCox,44
2,40,0.05016113519668579,0.05128205128205132,0.01307770119766849,0.18984233558097408,3.0,DMFS,OOD,mainz,ENCox,44
3,40,0.08679072558879852,0.07500000000000007,0.024823756400070507,0.21478243604254832,3.0,DMFS,OOD,mainz,ENCox,44
4,40,0.16515741050243377,0.13383458646616542,0.05797974631412961,0.29222333168544046,3.0,DMFS,OOD,mainz,ENCox,44
5,40,0.404259842261672,0.20220588235294124,0.10661539181954882,0.3640708272858444,3.0,DMFS,OOD,mainz,ENCox,44
1,40,0.05644039213657379,0.10852920227920237,0.04209524244448004,0.2642619134158025,5.0,DMFS,OOD,mainz,ENCox,44
2,40,0.11815269142389298,0.10558577225243893,0.040928726417786554,0.25766507714299025,5.0,DMFS,OOD,mainz,ENCox,44
3,40,0.19883535355329512,0.10069444444444453,0.0390194911882461,0.24648710549350716,5.0,DMFS,OOD,mainz,ENCox,44
4,40,0.3554576218128204,0.16177540625757936,0.07607519073331948,0.32535860567194064,5.0,DMFS,OOD,mainz,ENCox,44
5,40,0.6931590088177473,0.2536764705882354,0.14527190249980781,0.4203901421416826,5.0,DMFS,OOD,mainz,ENCox,44
1,40,0.09124637097120285,0.177103879026956,0.06975587253801385,0.4087231918033244,10.0,DMFS,OOD,mainz,ENCox,44
2,40,0.18719521909952164,0.253873482839,0.11480824646600218,0.5050462973895878,10.0,DMFS,OOD,mainz,ENCox,44
3,40,0.30593736171722413,0.18244949494949503,0.08368560883872278,0.37143420208458666,10.0,DMFS,OOD,mainz,ENCox,44
4,40,0.5136126421391964,0.30210785948282215,0.17253946404820564,0.4949576538014747,10.0,DMFS,OOD,mainz,ENCox,44
5,40,0.8416527502478857,0.36453388372893025,0.2249904037373207,0.5535958296015767,10.0,DMFS,OOD,mainz,ENCox,44
1,40,0.4804557166993618,0.0,0.0,0.0,3.0,DMFS,OOD,mainz,LH,40
2,40,0.594770097732544,0.050657894736842124,0.012910933799163749,0.18776727635316848,3.0,DMFS,OOD,mainz,LH,40
3,40,0.6735580004751682,0.02631578947368418,0.003749317977098543,0.17248726805939307,3.0,DMFS,OOD,mainz,LH,40
4,40,0.7619865607470274,0.13177513177513178,0.05703922933321581,0.2882123201995622,3.0,DMFS,OOD,mainz,LH,40
5,40,0.8739218183793127,0.2787878787878789,0.16504359253451928,0.4468727437047276,3.0,DMFS,OOD,mainz,LH,40
1,40,0.5540320381522179,0.07894736842105254,0.026166652313847072,0.22513483835047343,5.0,DMFS,OOD,mainz,LH,40
2,40,0.690321758389473,0.025000000000000022,0.003559816986270059,0.16451454088849404,5.0,DMFS,OOD,mainz,LH,40
3,40,0.783490427210927,0.13651315789473673,0.05908724630667983,0.29792973450374405,5.0,DMFS,OOD,mainz,LH,40
4,40,0.8681862814351916,0.18350930115636,0.09187434451290688,0.34721371446959903,5.0,DMFS,OOD,mainz,LH,40
5,40,0.9498290878604166,0.3054994388327722,0.18627606054474433,0.47520808030082606,5.0,DMFS,OOD,mainz,LH,40
1,40,0.7601890113204718,0.14687499999999998,0.04639941857864682,0.4120459694216435,10.0,DMFS,OOD,mainz,LH,40
2,40,0.876950161345303,0.10277777777777786,0.039825900092410604,0.2512940990782111,10.0,DMFS,OOD,mainz,LH,40
3,40,0.9399857431650162,0.4077732617630748,0.2465699514690809,0.6206621517357822,10.0,DMFS,OOD,mainz,LH,40
4,40,0.973100872291252,0.2447880708294501,0.12489183027596973,0.44614549336606835,10.0,DMFS,OOD,mainz,LH,40
5,40,0.9903660624506301,0.3895652173913041,0.24948216335086038,0.5721110645828071,10.0,DMFS,OOD,mainz,LH,40
1,40,0.02092483192682266,0.02564102564102566,0.0036521109238626392,0.16840687765336237,3.0,DMFS,OOD,mainz,LH,41
2,40,0.028667013347148895,0.02564102564102566,0.0036521109238626392,0.16840687765336237,3.0,DMFS,OOD,mainz,LH,41
3,40,0.0409967303276062,0.0783090783090783,0.025940173086940854,0.22353672968966753,3.0,DMFS,OOD,mainz,LH,41
4,40,0.09150153249502183,0.10329670329670326,0.04006145658283533,0.25229715820794185,3.0,DMFS,OOD,mainz,LH,41
5,40,0.4242514748126268,0.25818181818181796,0.14792341038497714,0.42717692759378767,3.0,DMFS,OOD,mainz,LH,41
1,40,0.02371256649494171,0.05128205128205132,0.01307770119766849,0.18984233558097408,5.0,DMFS,OOD,mainz,LH,41
2,40,0.034139792621135714,0.10696870696870686,0.04149129078324365,0.2606877876799767,5.0,DMFS,OOD,mainz,LH,41
3,40,0.06465257853269576,0.1282051282051282,0.0554698458790277,0.2809731817817728,5.0,DMFS,OOD,mainz,LH,41
4,40,0.30926805436611177,0.17993447993447986,0.09004399434625343,0.3410025143604931,5.0,DMFS,OOD,mainz,LH,41
5,40,0.8693329874717165,0.26760204081632655,0.153607421103911,0.4409794524769798,5.0,DMFS,OOD,mainz,LH,41
1,40,0.05791120231151581,0.10220588235294115,0.032493314851476884,0.2966426110223658,10.0,DMFS,OOD,mainz,LH,41
2,40,0.12339618802070618,0.19138755980861244,0.0834162124661193,0.40435848330650015,10.0,DMFS,OOD,mainz,LH,41
3,40,0.37636645287275317,0.3129684733068192,0.17267902990823658,0.5244695644122179,10.0,DMFS,OOD,mainz,LH,41
4,40,0.8217972147278487,0.2707981673498915,0.15485316982056918,0.4472129499370373,10.0,DMFS,OOD,mainz,LH,41
5,40,0.9906800245785916,0.37246450304259626,0.23248615757321123,0.559806497354486,10.0,DMFS,OOD,mainz,LH,41
1,40,0.09145898520946502,0.05270655270655278,0.013434825551002283,0.19487425815803538,3.0,DMFS,OOD,mainz,LH,42
2,40,0.12246584892272949,0.050657894736842124,0.012910933799163749,0.18776727635316848,3.0,DMFS,OOD,mainz,LH,42
3,40,0.14772191494703293,0.10197368421052633,0.03953356243459916,0.2493351634449511,3.0,DMFS,OOD,mainz,LH,42
4,40,0.1821270167827606,0.07894736842105254,0.026166652313847072,0.22513483835047343,3.0,DMFS,OOD,mainz,LH,42
5,40,0.30379152987152336,0.20078125000000002,0.1058507698003135,0.36170397773485163,3.0,DMFS,OOD,mainz,LH,42
1,40,0.09875867217779159,0.10683760683760701,0.0414664025795729,0.2602451144246929,5.0,DMFS,OOD,mainz,LH,42
2,40,0.13361221551895142,0.1073741050696595,0.04157451433963044,0.2620223112743355,5.0,DMFS,OOD,mainz,LH,42
3,40,0.16310696303844452,0.1291866028708134,0.055845711244062346,0.2832103751026368,5.0,DMFS,OOD,mainz,LH,42
4,40,0.20773679316043853,0.15384615384615385,0.07223889953955942,0.3107756517733492,5.0,DMFS,OOD,mainz,LH,42
5,40,0.4344682213923079,0.23317307692307687,0.1287092606141903,0.40046064111555735,5.0,DMFS,OOD,mainz,LH,42
1,40,0.13697541058063506,0.2270710059171599,0.10006921721380424,0.46698242666387924,10.0,DMFS,OOD,mainz,LH,42
2,40,0.1974134102463722,0.17152629118377993,0.0798048075478961,0.3467094804504883,10.0,DMFS,OOD,mainz,LH,42
3,40,0.27909575402736664,0.2660200765669516,0.15197835420175487,0.4402295731409054,10.0,DMFS,OOD,mainz,LH,42
4,40,0.4041766278445721,0.19171554252199396,0.08861990584334323,0.3862616366230245,10.0,DMFS,OOD,mainz,LH,42
5,40,0.8182010846564127,0.3717926916171542,0.23053789795754975,0.5616239579066937,10.0,DMFS,OOD,mainz,LH,42
1,40,0.02993580400943756,0.05197505197505192,0.013253093864668886,0.1922708535788128,3.0,DMFS,OOD,mainz,LH,43
2,40,0.039411941170692445,0.13132094943240458,0.056789929475600465,0.28751007087133085,3.0,DMFS,OOD,mainz,LH,43
3,40,0.048921233415603636,0.08120485036119707,0.026912426714714943,0.23119595822420214,3.0,DMFS,OOD,mainz,LH,43
4,40,0.07043648958206176,0.050000000000000044,0.01274447613969154,0.18545387985547312,3.0,DMFS,OOD,mainz,LH,43
5,40,0.1633456379175186,0.17500000000000004,0.08753491778014977,0.33234377364489087,3.0,DMFS,OOD,mainz,LH,43
1,40,0.045259836316108706,0.08187599364069953,0.027153977634899462,0.23284282899599196,5.0,DMFS,OOD,mainz,LH,43
2,40,0.05979311317205429,0.10518092105263155,0.0407045299525316,0.2571084756531141,5.0,DMFS,OOD,mainz,LH,43
3,40,0.07808723896741868,0.10745614035087714,0.0417331339888144,0.26151313087407924,5.0,DMFS,OOD,mainz,LH,43
4,40,0.11223695129156112,0.125,0.05402892789284475,0.2745929029164026,5.0,DMFS,OOD,mainz,LH,43
5,40,0.3483210142701864,0.31177234712718593,0.19006232681859847,0.4843166401341853,5.0,DMFS,OOD,mainz,LH,43
1,40,0.09668408036231994,0.19615384615384623,0.06940492849536273,0.48459158610285447,10.0,DMFS,OOD,mainz,LH,43
2,40,0.22460636794567107,0.17034512131286317,0.07972593504907366,0.34278466615079617,10.0,DMFS,OOD,mainz,LH,43
3,40,0.39686847031116484,0.19484471208609144,0.09000213200319995,0.39225328351054056,10.0,DMFS,OOD,mainz,LH,43
4,40,0.6233838580548763,0.2761331901181524,0.14178210268144498,0.4948864458770844,10.0,DMFS,OOD,mainz,LH,43
5,40,0.9164799683174352,0.4597797875255919,0.31209309990501066,0.637083556219125,10.0,DMFS,OOD,mainz,LH,43
1,40,0.013170211017131806,0.1110442723345949,0.04305616873204732,0.2700751974814606,3.0,DMFS,OOD,mainz,LH,44
2,40,0.019697315990924835,0.05135135135135127,0.013083245349063466,0.1902429472866748,3.0,DMFS,OOD,mainz,LH,44
3,40,0.025035321712493896,0.025000000000000022,0.003559816986270059,0.16451454088849404,3.0,DMFS,OOD,mainz,LH,44
4,40,0.03325518518686295,0.050000000000000044,0.01274447613969154,0.18545387985547312,3.0,DMFS,OOD,mainz,LH,44
5,40,0.1016102448105812,0.2564102564102566,0.14704279099588813,0.4241308803354289,3.0,DMFS,OOD,mainz,LH,44
1,40,0.01502554714679718,0.19821557752592234,0.09955548738371522,0.37210821298337216,5.0,DMFS,OOD,mainz,LH,44
2,40,0.022695611417293548,0.07778195488721806,0.025731458908869853,0.22238277560970288,5.0,DMFS,OOD,mainz,LH,44
3,40,0.029085442423820496,0.07778195488721806,0.025731458908869853,0.22238277560970288,5.0,DMFS,OOD,mainz,LH,44
4,40,0.04281162917613983,0.15073529411764708,0.07068952830121822,0.305191599983183,5.0,DMFS,OOD,mainz,LH,44
5,40,0.23235714910551905,0.23076923076923095,0.12738098194455905,0.396607864389547,5.0,DMFS,OOD,mainz,LH,44
1,40,0.030697037279605866,0.12510840510840504,0.04676703165557328,0.31131389927544484,10.0,DMFS,OOD,mainz,LH,44
2,40,0.04837837666273117,0.2212013116057232,0.0903414983237123,0.483195442225159,10.0,DMFS,OOD,mainz,LH,44
3,40,0.0798614576458931,0.2306265782828283,0.11125927961454984,0.4416512164495806,10.0,DMFS,OOD,mainz,LH,44
4,40,0.18468210548162461,0.2930603936296534,0.1671471913748903,0.4819159287054684,10.0,DMFS,OOD,mainz,LH,44
5,40,0.6469357440569461,0.38405797101449257,0.24575504543736026,0.5651054824230435,10.0,DMFS,OOD,mainz,LH,44
1,40,0.0013538735580444327,0.025000000000000022,0.003559816986270059,0.16451454088849404,3.0,DMFS,OOD,mainz,MTLR,40
2,40,0.018395449221134185,0.02631578947368418,0.003749317977098543,0.17248726805939307,3.0,DMFS,OOD,mainz,MTLR,40
3,40,0.10189815759658813,0.027027027027026973,0.0038518411859753687,0.17676962678595975,3.0,DMFS,OOD,mainz,MTLR,40
4,40,0.32278508991003035,0.20512820512820518,0.1083083994039028,0.3685640667089173,3.0,DMFS,OOD,mainz,MTLR,40
5,40,0.6082377195358276,0.20649509803921562,0.10893832916093227,0.37112259220219945,3.0,DMFS,OOD,mainz,MTLR,40
1,40,0.002528224055767059,0.07500000000000007,0.024823756400070507,0.21478243604254832,5.0,DMFS,OOD,mainz,MTLR,40
2,40,0.030142185091972352,0.081954887218045,0.027166813176290883,0.2331544846717991,5.0,DMFS,OOD,mainz,MTLR,40
3,40,0.16217159032821654,0.109697933227345,0.04262813749766803,0.26649418243290646,5.0,DMFS,OOD,mainz,MTLR,40
4,40,0.4574661359190941,0.2324234904880067,0.12828287177335684,0.39929116232160466,5.0,DMFS,OOD,mainz,MTLR,40
5,40,0.7544810727238656,0.2338573360378633,0.1289846673023306,0.40181836326136655,5.0,DMFS,OOD,mainz,MTLR,40
1,40,0.019070011377334595,0.07500000000000007,0.024823756400070507,0.21478243604254832,10.0,DMFS,OOD,mainz,MTLR,40
2,40,0.09195191264152527,0.20094007050528795,0.09366436587450466,0.4004983458956374,10.0,DMFS,OOD,mainz,MTLR,40
3,40,0.3016491398215294,0.37805403174994534,0.21264427871815494,0.6106792864882423,10.0,DMFS,OOD,mainz,MTLR,40
4,40,0.6479814052581787,0.3249841872232764,0.19588957064006807,0.5076128922993077,10.0,DMFS,OOD,mainz,MTLR,40
5,40,0.9048986628651619,0.2927913871118739,0.16556587542003331,0.4847238829580307,10.0,DMFS,OOD,mainz,MTLR,40
1,40,0.01871355026960373,0.02631578947368418,0.003749317977098543,0.17248726805939307,3.0,DMFS,OOD,mainz,MTLR,41
2,40,0.04455025047063828,0.07692307692307687,0.025477517787887205,0.21983742164602216,3.0,DMFS,OOD,mainz,MTLR,41
3,40,0.08831719160079957,0.02564102564102566,0.0036521109238626392,0.16840687765336237,3.0,DMFS,OOD,mainz,MTLR,41
4,40,0.18372683078050614,0.12967032967032965,0.0561020637235794,0.28399964595628513,3.0,DMFS,OOD,mainz,MTLR,41
5,40,0.40854520797729493,0.2329452614379084,0.12850226512311003,0.40030320869408464,3.0,DMFS,OOD,mainz,MTLR,41
1,40,0.03069489598274231,0.10464310464310467,0.04060355897081702,0.25527980760235847,5.0,DMFS,OOD,mainz,MTLR,41
2,40,0.0704935148358345,0.125,0.05402892789284475,0.2745929029164026,5.0,DMFS,OOD,mainz,MTLR,41
3,40,0.13211656212806702,0.02631578947368418,0.003749317977098543,0.17248726805939307,5.0,DMFS,OOD,mainz,MTLR,41
4,40,0.3024036332964897,0.13273983471593775,0.057419420561651724,0.2903555219781445,5.0,DMFS,OOD,mainz,MTLR,41
5,40,0.6565807327628136,0.33872207792207765,0.21238285442444782,0.511520309329519,5.0,DMFS,OOD,mainz,MTLR,41
1,40,0.09250592291355134,0.19473684210526299,0.07100599560715048,0.47107020922653464,10.0,DMFS,OOD,mainz,MTLR,41
2,40,0.2120317965745926,0.17513440860215068,0.07337036150509268,0.38520723546023483,10.0,DMFS,OOD,mainz,MTLR,41
3,40,0.35991079956293104,0.26940523591241294,0.14009761640489748,0.4794126048161368,10.0,DMFS,OOD,mainz,MTLR,41
4,40,0.6419027104973793,0.2148070396797771,0.11323664373893494,0.38529490913883946,10.0,DMFS,OOD,mainz,MTLR,41
5,40,0.9161614790558815,0.4174775766105815,0.2735220315868211,0.5990232926466776,10.0,DMFS,OOD,mainz,MTLR,41
1,40,0.014094407856464385,0.08496732026143794,0.02821026991961273,0.24083358901439522,3.0,DMFS,OOD,mainz,MTLR,42
2,40,0.031670373678207395,0.07500000000000007,0.024823756400070507,0.21478243604254832,3.0,DMFS,OOD,mainz,MTLR,42
3,40,0.07463815957307815,0.07500000000000007,0.024823756400070507,0.21478243604254832,3.0,DMFS,OOD,mainz,MTLR,42
4,40,0.16636303067207336,0.05263157894736836,0.013428820596744884,0.19444269636195433,3.0,DMFS,OOD,mainz,MTLR,42
5,40,0.4044924318790436,0.20000000000000007,0.10544880496760634,0.360355238540763,3.0,DMFS,OOD,mainz,MTLR,42
1,40,0.01761793941259384,0.11042471042471036,0.04292741044659831,0.26805652408663105,5.0,DMFS,OOD,mainz,MTLR,42
2,40,0.04351025074720383,0.10456081081081081,0.040442100272527814,0.2558080017593898,5.0,DMFS,OOD,mainz,MTLR,42
3,40,0.12374217212200164,0.20151515151515154,0.1062396068326692,0.3629380497769874,5.0,DMFS,OOD,mainz,MTLR,42
4,40,0.2908986762166023,0.07894736842105254,0.026166652313847072,0.22513483835047343,5.0,DMFS,OOD,mainz,MTLR,42
5,40,0.58056420981884,0.2272727272727273,0.12525415261621853,0.391494105395941,5.0,DMFS,OOD,mainz,MTLR,42
1,40,0.03898857533931732,0.14141414141414144,0.03947333109293372,0.43854273000672206,10.0,DMFS,OOD,mainz,MTLR,42
2,40,0.10287103950977325,0.33363796602120765,0.186667781879705,0.5495394272829491,10.0,DMFS,OOD,mainz,MTLR,42
3,40,0.32944134175777434,0.22857142857142876,0.12584752482879558,0.3939013308603716,10.0,DMFS,OOD,mainz,MTLR,42
4,40,0.6592392683029175,0.2345975232198142,0.12128075484786549,0.4246921233897746,10.0,DMFS,OOD,mainz,MTLR,42
5,40,0.9280702531337738,0.31915952058572794,0.18662375549633536,0.5110277095160298,10.0,DMFS,OOD,mainz,MTLR,42
1,40,0.007739558815956116,0.025000000000000022,0.003559816986270059,0.16451454088849404,3.0,DMFS,OOD,mainz,MTLR,43
2,40,0.038988439738750456,0.0,0.0,0.0,3.0,DMFS,OOD,mainz,MTLR,43
3,40,0.08594967871904373,0.050000000000000044,0.01274447613969154,0.18545387985547312,3.0,DMFS,OOD,mainz,MTLR,43
4,40,0.13601771146059036,0.20993589743589747,0.11083855570766021,0.37665988521677785,3.0,DMFS,OOD,mainz,MTLR,43
5,40,0.2256389930844307,0.20707472178060415,0.1092796477041671,0.37199615660985763,3.0,DMFS,OOD,mainz,MTLR,43
1,40,0.008791226148605346,0.050657894736842124,0.012910933799163749,0.18776727635316848,5.0,DMFS,OOD,mainz,MTLR,43
2,40,0.05154642760753632,0.05555555555555558,0.014190835620066511,0.2043433307254865,5.0,DMFS,OOD,mainz,MTLR,43
3,40,0.14525998383760452,0.16528625639333427,0.0776919961252398,0.3320787474934337,5.0,DMFS,OOD,mainz,MTLR,43
4,40,0.2840697646141052,0.126388888888889,0.05462765153183857,0.2774735366342498,5.0,DMFS,OOD,mainz,MTLR,43
5,40,0.5560430258512497,0.3369175627240145,0.21124186468753425,0.5090240959813666,5.0,DMFS,OOD,mainz,MTLR,43
1,40,0.01975889354944229,0.15058864265927974,0.0558898512828333,0.3707145795932586,10.0,DMFS,OOD,mainz,MTLR,43
2,40,0.10770111978054046,0.09053497942386823,0.029829852589520645,0.25723757553156945,10.0,DMFS,OOD,mainz,MTLR,43
3,40,0.3090013533830643,0.3018459990402369,0.17030930894573637,0.49918386235412404,10.0,DMFS,OOD,mainz,MTLR,43
4,40,0.5555670142173768,0.3746991188378186,0.21804049523791302,0.5919301404101058,10.0,DMFS,OOD,mainz,MTLR,43
5,40,0.8383398175239563,0.34545454545454535,0.21638790608881098,0.5212711842393666,10.0,DMFS,OOD,mainz,MTLR,43
1,40,0.005384568870067596,0.025000000000000022,0.003559816986270059,0.16451454088849404,3.0,DMFS,OOD,mainz,MTLR,44
2,40,0.018867576122283937,0.027027027027026973,0.0038518411859753687,0.17676962678595975,3.0,DMFS,OOD,mainz,MTLR,44
3,40,0.05672732442617416,0.05197505197505192,0.013253093864668886,0.1922708535788128,3.0,DMFS,OOD,mainz,MTLR,44
4,40,0.20179455280303954,0.10339912280701768,0.040083719270682217,0.252629322139036,3.0,DMFS,OOD,mainz,MTLR,44
5,40,0.4164129763841629,0.28205128205128216,0.1672397644729099,0.4511639083242691,3.0,DMFS,OOD,mainz,MTLR,44
1,40,0.007450029253959656,0.07500000000000007,0.024823756400070507,0.21478243604254832,5.0,DMFS,OOD,mainz,MTLR,44
2,40,0.026036427915096284,0.058413251961638935,0.014857501644003013,0.21495421455845942,5.0,DMFS,OOD,mainz,MTLR,44
3,40,0.08522166162729264,0.10676691729323307,0.04145008576532749,0.26002234244935085,5.0,DMFS,OOD,mainz,MTLR,44
4,40,0.34133865535259245,0.20512820512820518,0.1083083994039028,0.3685640667089173,5.0,DMFS,OOD,mainz,MTLR,44
5,40,0.7408030852675438,0.28723432136448734,0.1700417388126816,0.45944052627832144,5.0,DMFS,OOD,mainz,MTLR,44
1,40,0.046596203744411466,0.02564102564102566,0.0036521109238626392,0.16840687765336237,10.0,DMFS,OOD,mainz,MTLR,44
2,40,0.10799455493688584,0.22048872180451118,0.10747243504673598,0.42056375526947787,10.0,DMFS,OOD,mainz,MTLR,44
3,40,0.2385032817721367,0.20075692647121213,0.09252941939245563,0.4038082484240323,10.0,DMFS,OOD,mainz,MTLR,44
4,40,0.5957507774233818,0.3862433862433864,0.21856279223238562,0.6194928016353176,10.0,DMFS,OOD,mainz,MTLR,44
5,40,0.9443469249558449,0.4250167410714287,0.28488146085368093,0.598839723522673,10.0,DMFS,OOD,mainz,MTLR,44
1,40,0.18410909324884414,0.0,0.0,0.0,3.0,DMFS,OOD,mainz,PCHazard,40
2,40,0.292816099524498,0.050000000000000044,0.01274447613969154,0.18545387985547312,3.0,DMFS,OOD,mainz,PCHazard,40
3,40,0.3852693885564804,0.02564102564102566,0.0036521109238626392,0.16840687765336237,3.0,DMFS,OOD,mainz,PCHazard,40
4,40,0.48724734485149385,0.24408866995073886,0.13477128842265373,0.4177923051853507,3.0,DMFS,OOD,mainz,PCHazard,40
5,40,0.635001965612173,0.17777777777777792,0.08894964301576036,0.33721493357164845,3.0,DMFS,OOD,mainz,PCHazard,40
1,40,0.31510258466005325,0.07500000000000007,0.024823756400070507,0.21478243604254832,5.0,DMFS,OOD,mainz,PCHazard,40
2,40,0.5083122186362743,0.0797720797720799,0.026424168034658746,0.2274658884706935,5.0,DMFS,OOD,mainz,PCHazard,40
3,40,0.6576326221227646,0.109697933227345,0.04262813749766803,0.26649418243290646,5.0,DMFS,OOD,mainz,PCHazard,40
4,40,0.8174682904034853,0.18596491228070156,0.09323635865862401,0.351138594262527,5.0,DMFS,OOD,mainz,PCHazard,40
5,40,0.9422349774511531,0.28441584967320244,0.1684164233025499,0.45516330584050124,5.0,DMFS,OOD,mainz,PCHazard,40
1,40,0.6272241599857807,0.11904761904761918,0.04438864755271765,0.29801657798667003,10.0,DMFS,OOD,mainz,PCHazard,40
2,40,0.8285654783248901,0.21679276315789475,0.0964709255076237,0.4448912354995158,10.0,DMFS,OOD,mainz,PCHazard,40
3,40,0.9326865751296282,0.2923418209876544,0.1382100553017157,0.5524154373491559,10.0,DMFS,OOD,mainz,PCHazard,40
4,40,0.9732966645620763,0.3224162087284259,0.18811316444593174,0.5166225695384686,10.0,DMFS,OOD,mainz,PCHazard,40
5,40,0.9955242083882062,0.3516509090909088,0.2199375434662696,0.5304500362934681,10.0,DMFS,OOD,mainz,PCHazard,40
1,40,0.024964706599712373,0.125,0.05402892789284475,0.2745929029164025,3.0,DMFS,OOD,mainz,PCHazard,41
2,40,0.03295458406209946,0.02564102564102566,0.0036521109238626392,0.16840687765336237,3.0,DMFS,OOD,mainz,PCHazard,41
3,40,0.04237008690834045,0.05135135135135127,0.013083245349063466,0.1902429472866748,3.0,DMFS,OOD,mainz,PCHazard,41
4,40,0.06650296449661255,0.12849420849420856,0.055542963160538084,0.2817978559950284,3.0,DMFS,OOD,mainz,PCHazard,41
5,40,0.21824697256088257,0.15669515669515666,0.07360677179205644,0.316065425600897,3.0,DMFS,OOD,mainz,PCHazard,41
1,40,0.031201483309268953,0.15220779220779213,0.07137004378908607,0.30803216666609157,5.0,DMFS,OOD,mainz,PCHazard,41
2,40,0.041962483525276185,0.025000000000000022,0.003559816986270059,0.16451454088849404,5.0,DMFS,OOD,mainz,PCHazard,41
3,40,0.061767572164535524,0.10696870696870686,0.04149129078324365,0.2606877876799767,5.0,DMFS,OOD,mainz,PCHazard,41
4,40,0.2564536049962044,0.28108108108108076,0.16656551877940917,0.4499348137160344,5.0,DMFS,OOD,mainz,PCHazard,41
5,40,0.7883327480332809,0.1600678733031674,0.07514578974228758,0.32260340927040587,5.0,DMFS,OOD,mainz,PCHazard,41
1,40,0.051749230921268465,0.09937629937629933,0.031256393727997156,0.2917743165460146,10.0,DMFS,OOD,mainz,PCHazard,41
2,40,0.08884422183036804,0.21755171421376407,0.10710196960551022,0.41215118688895824,10.0,DMFS,OOD,mainz,PCHazard,41
3,40,0.20326314121484756,0.365079365079365,0.18891285789000722,0.6267547169800227,10.0,DMFS,OOD,mainz,PCHazard,41
4,40,0.7416863544844091,0.3434917305885048,0.20951937299714973,0.5291456094760347,10.0,DMFS,OOD,mainz,PCHazard,41
5,40,0.9957310549872698,0.2844391618404265,0.1610276682068459,0.47164597239928496,10.0,DMFS,OOD,mainz,PCHazard,41
1,40,0.08987842351198197,0.07778195488721806,0.025731458908869853,0.22238277560970288,3.0,DMFS,OOD,mainz,PCHazard,42
2,40,0.11848454773426056,0.10277777777777786,0.039825900092410604,0.2512940990782111,3.0,DMFS,OOD,mainz,PCHazard,42
3,40,0.1521095246076584,0.05197505197505192,0.013253093864668886,0.1922708535788128,3.0,DMFS,OOD,mainz,PCHazard,42
4,40,0.212404365837574,0.07692307692307687,0.025477517787887205,0.21983742164602216,3.0,DMFS,OOD,mainz,PCHazard,42
5,40,0.4474556244909763,0.17948717948717952,0.08989593858399603,0.33996492156887426,3.0,DMFS,OOD,mainz,PCHazard,42
1,40,0.1299465849995613,0.13673641673641668,0.059142025834928,0.2985672440903391,5.0,DMFS,OOD,mainz,PCHazard,42
2,40,0.17159094512462617,0.10277777777777786,0.039825900092410604,0.2512940990782111,5.0,DMFS,OOD,mainz,PCHazard,42
3,40,0.23678300827741622,0.12996632996633006,0.05617750654710563,0.28483999125549875,5.0,DMFS,OOD,mainz,PCHazard,42
4,40,0.3602467983961105,0.1282051282051282,0.0554698458790277,0.2809731817817728,5.0,DMFS,OOD,mainz,PCHazard,42
5,40,0.7414477114901552,0.23317307692307687,0.1287092606141903,0.40046064111555735,5.0,DMFS,OOD,mainz,PCHazard,42
1,40,0.19636889845132827,0.278725299643667,0.13348166716875143,0.5253261723655602,10.0,DMFS,OOD,mainz,PCHazard,42
2,40,0.2615564227104187,0.1330475302889096,0.05732530040186401,0.2919818551316571,10.0,DMFS,OOD,mainz,PCHazard,42
3,40,0.36442396193742754,0.12763157894736843,0.05519677825454816,0.27989993466562724,10.0,DMFS,OOD,mainz,PCHazard,42
4,40,0.5843853458762169,0.331433998100665,0.19424831823148125,0.527891970534071,10.0,DMFS,OOD,mainz,PCHazard,42
5,40,0.9298242527574203,0.36125114931128655,0.22501955151664021,0.5453316107534667,10.0,DMFS,OOD,mainz,PCHazard,42
1,40,0.057913295924663544,0.07969924812030071,0.02641236760839416,0.2271765193732277,3.0,DMFS,OOD,mainz,PCHazard,43
2,40,0.07717503756284713,0.10208494208494212,0.03955505220446842,0.24971172750657922,3.0,DMFS,OOD,mainz,PCHazard,43
3,40,0.09451803714036941,0.07500000000000007,0.024823756400070507,0.21478243604254832,3.0,DMFS,OOD,mainz,PCHazard,43
4,40,0.11474444717168808,0.07906147906147898,0.02618351384815576,0.22560131005827033,3.0,DMFS,OOD,mainz,PCHazard,43
5,40,0.18805656135082244,0.15208333333333346,0.0713372856907507,0.3077004876526559,3.0,DMFS,OOD,mainz,PCHazard,43
1,40,0.07686273455619812,0.02777777777777779,0.003960128913525485,0.18126926994545423,5.0,DMFS,OOD,mainz,PCHazard,43
2,40,0.10730689316987992,0.18421052631578927,0.09238804396794897,0.34793920917987065,5.0,DMFS,OOD,mainz,PCHazard,43
3,40,0.13434237986803055,0.10197368421052633,0.03953356243459916,0.2493351634449511,5.0,DMFS,OOD,mainz,PCHazard,43
4,40,0.17633260935544967,0.15462315462315457,0.07259592288109495,0.31227867729732284,5.0,DMFS,OOD,mainz,PCHazard,43
5,40,0.38661557231098415,0.2591280148423004,0.14844110114849418,0.4286912517197867,5.0,DMFS,OOD,mainz,PCHazard,43
1,40,0.12476624548435211,0.17777777777777792,0.073020569576289,0.3966923275093458,10.0,DMFS,OOD,mainz,PCHazard,43
2,40,0.19980305582284927,0.09067177166724683,0.029678836744587378,0.2590807978457925,10.0,DMFS,OOD,mainz,PCHazard,43
3,40,0.3616180121898651,0.22767069476347424,0.10643022835473137,0.4473870120183969,10.0,DMFS,OOD,mainz,PCHazard,43
4,40,0.6163621328771114,0.3552324784977846,0.2123034563443712,0.5538399561502706,10.0,DMFS,OOD,mainz,PCHazard,43
5,40,0.9206291360693211,0.3994134897360705,0.2610222119997615,0.5765669981669448,10.0,DMFS,OOD,mainz,PCHazard,43
1,40,0.009349313378334046,0.05197505197505192,0.013253093864668886,0.1922708535788128,3.0,DMFS,OOD,mainz,PCHazard,44
2,40,0.014918157458305359,0.02564102564102566,0.0036521109238626392,0.16840687765336237,3.0,DMFS,OOD,mainz,PCHazard,44
3,40,0.022168076038360594,0.027027027027026973,0.0038518411859753687,0.17676962678595975,3.0,DMFS,OOD,mainz,PCHazard,44
4,40,0.0432449072599411,0.18174962292609353,0.09103556259119938,0.3439601635616484,3.0,DMFS,OOD,mainz,PCHazard,44
5,40,0.10286566019058227,0.20000000000000007,0.10544880496760634,0.360355238540763,3.0,DMFS,OOD,mainz,PCHazard,44
1,40,0.01294427365064621,0.07906147906147898,0.02618351384815576,0.22560131005827033,5.0,DMFS,OOD,mainz,PCHazard,44
2,40,0.019925448298454284,0.0797720797720799,0.026424168034658746,0.2274658884706935,5.0,DMFS,OOD,mainz,PCHazard,44
3,40,0.03219717592000961,0.10405405405405399,0.04035048230311489,0.25406343196573766,5.0,DMFS,OOD,mainz,PCHazard,44
4,40,0.07602372765541077,0.18469551282051289,0.09254900670143784,0.34905725583564595,5.0,DMFS,OOD,mainz,PCHazard,44
5,40,0.31363464826717974,0.27834101382488474,0.1647050465888007,0.4463671299737608,5.0,DMFS,OOD,mainz,PCHazard,44
1,40,0.020643599331378937,0.20175438596491213,0.08382410212815017,0.44010440978589416,10.0,DMFS,OOD,mainz,PCHazard,44
2,40,0.03464355915784836,0.1849164814682055,0.08458456222843891,0.3768935819262832,10.0,DMFS,OOD,mainz,PCHazard,44
3,40,0.0651834636926651,0.13065015479876163,0.04715449518043102,0.33357789660317627,10.0,DMFS,OOD,mainz,PCHazard,44
4,40,0.15480221956968307,0.2675606641123881,0.14242442584578507,0.4679531061388663,10.0,DMFS,OOD,mainz,PCHazard,44
5,40,0.575322488437324,0.48461196001838225,0.3304446922575077,0.6655442251037582,10.0,DMFS,OOD,mainz,PCHazard,44
1,40,0.016500359773635863,0.025000000000000022,0.003559816986270059,0.16451454088849404,3.0,DMFS,OOD,mainz,PMF,40
2,40,0.037560366094112396,0.025000000000000022,0.003559816986270059,0.16451454088849404,3.0,DMFS,OOD,mainz,PMF,40
3,40,0.07051770836114883,0.05128205128205132,0.01307770119766849,0.18984233558097408,3.0,DMFS,OOD,mainz,PMF,40
4,40,0.20934347808361053,0.13203007518796994,0.05710778923512616,0.28891843421699115,3.0,DMFS,OOD,mainz,PMF,40
5,40,0.6358169719576836,0.2602952602952602,0.14932205786348562,0.4299927990017365,3.0,DMFS,OOD,mainz,PMF,40
1,40,0.020773640275001524,0.07631578947368423,0.02526257854282965,0.2183082365993967,5.0,DMFS,OOD,mainz,PMF,40
2,40,0.05747365802526474,0.07845559845559835,0.025962177616439708,0.22413387808830765,5.0,DMFS,OOD,mainz,PMF,40
3,40,0.14033162593841553,0.13520759972372853,0.05847227990378212,0.2954771722812676,5.0,DMFS,OOD,mainz,PMF,40
4,40,0.46676102131605146,0.10676691729323307,0.04145008576532749,0.26002234244935085,5.0,DMFS,OOD,mainz,PMF,40
5,40,0.8518181443214417,0.3318721719457015,0.20786821523578047,0.5023738584666291,5.0,DMFS,OOD,mainz,PMF,40
1,40,0.05993795096874237,0.13040540540540535,0.04794951850442952,0.32789146433106253,10.0,DMFS,OOD,mainz,PMF,40
2,40,0.1428922325372696,0.19412289915966385,0.08497522021572979,0.4081637383002168,10.0,DMFS,OOD,mainz,PMF,40
3,40,0.27244442105293276,0.2615478537360889,0.1250726070324064,0.4974307946696247,10.0,DMFS,OOD,mainz,PMF,40
4,40,0.572529774904251,0.23933235320499768,0.12486333884208467,0.4294084509808024,10.0,DMFS,OOD,mainz,PMF,40
5,40,0.8838504329323769,0.4388691729323305,0.2914252455298034,0.6205751382755997,10.0,DMFS,OOD,mainz,PMF,40
1,40,0.08349218219518661,0.05128205128205132,0.01307770119766849,0.18984233558097408,3.0,DMFS,OOD,mainz,PMF,41
2,40,0.10891035497188568,0.02564102564102566,0.0036521109238626392,0.16840687765336237,3.0,DMFS,OOD,mainz,PMF,41
3,40,0.1363479882478714,0.07763532763532766,0.02571020740854224,0.22177842494280775,3.0,DMFS,OOD,mainz,PMF,41
4,40,0.18539540320634842,0.07692307692307687,0.025477517787887205,0.21983742164602216,3.0,DMFS,OOD,mainz,PMF,41
5,40,0.4245377406477928,0.25749999999999995,0.14750484771762562,0.4261916500423495,3.0,DMFS,OOD,mainz,PMF,41
1,40,0.1260168045759201,0.125,0.05402892789284475,0.2745929029164026,5.0,DMFS,OOD,mainz,PMF,41
2,40,0.18837148249149321,0.081954887218045,0.027166813176290883,0.2331544846717991,5.0,DMFS,OOD,mainz,PMF,41
3,40,0.26818423718214035,0.07763532763532766,0.02571020740854224,0.22177842494280775,5.0,DMFS,OOD,mainz,PMF,41
4,40,0.39263790249824526,0.2103463203463204,0.11100328895712996,0.37749413290350586,5.0,DMFS,OOD,mainz,PMF,41
5,40,0.5890008091926575,0.23717948717948734,0.13094966782659756,0.4067991137113651,5.0,DMFS,OOD,mainz,PMF,41
1,40,0.3074513331055641,0.11888111888111874,0.04480262893813336,0.2949285696687559,10.0,DMFS,OOD,mainz,PMF,41
2,40,0.4252468451857567,0.2393092105263157,0.10873403977765239,0.47793011755715487,10.0,DMFS,OOD,mainz,PMF,41
3,40,0.5061928912997246,0.2903553353213988,0.14370613909515606,0.531534350279816,10.0,DMFS,OOD,mainz,PMF,41
4,40,0.6078738123178482,0.24492639957129136,0.12786222536044922,0.43837496468552406,10.0,DMFS,OOD,mainz,PMF,41
5,40,0.7868404850363732,0.4110588475586312,0.26920013562949263,0.5908827570596842,10.0,DMFS,OOD,mainz,PMF,41
1,40,0.05343313217163086,0.10220588235294126,0.039576510727172276,0.2501316712571918,3.0,DMFS,OOD,mainz,PMF,42
2,40,0.08193362206220627,0.07638888888888895,0.025272487305667557,0.21861563056740752,3.0,DMFS,OOD,mainz,PMF,42
3,40,0.11543928980827331,0.05128205128205132,0.01307770119766849,0.18984233558097408,3.0,DMFS,OOD,mainz,PMF,42
4,40,0.15012782365083693,0.10526315789473673,0.04086542150708805,0.25658456768820304,3.0,DMFS,OOD,mainz,PMF,42
5,40,0.2687480762600899,0.15000000000000002,0.07035183371339648,0.30376378342083554,3.0,DMFS,OOD,mainz,PMF,42
1,40,0.07965888530015945,0.13397570171763717,0.05787485311159246,0.29323564519737644,5.0,DMFS,OOD,mainz,PMF,42
2,40,0.1329009562730789,0.18078782594911613,0.09045145507624686,0.3425809843644261,5.0,DMFS,OOD,mainz,PMF,42
3,40,0.18689713180065154,0.08108108108108114,0.026894111306239643,0.2306924438419632,5.0,DMFS,OOD,mainz,PMF,42
4,40,0.2703253820538521,0.10220588235294126,0.039576510727172276,0.2501316712571918,5.0,DMFS,OOD,mainz,PMF,42
5,40,0.4597348004579544,0.22499999999999998,0.12400041339304901,0.38783213252389404,5.0,DMFS,OOD,mainz,PMF,42
1,40,0.20330608189105986,0.1953443877551022,0.09642707669394912,0.3724022708470641,10.0,DMFS,OOD,mainz,PMF,42
2,40,0.333135025203228,0.27181140084365885,0.13719242637851048,0.4943076048505397,10.0,DMFS,OOD,mainz,PMF,42
3,40,0.45030374825000763,0.2500293254358945,0.1270317162546596,0.4562941866075859,10.0,DMFS,OOD,mainz,PMF,42
4,40,0.5443008601665497,0.32588206038383527,0.18345808893893567,0.53573049886318,10.0,DMFS,OOD,mainz,PMF,42
5,40,0.6946048095822335,0.21626805833966944,0.11344460629722164,0.38931524207002155,10.0,DMFS,OOD,mainz,PMF,42
1,40,0.06771755516529084,0.1319554848966613,0.05708794015113272,0.28871093361445976,3.0,DMFS,OOD,mainz,PMF,43
2,40,0.10048624277114868,0.1313186813186813,0.056781905831285284,0.2875362569607248,3.0,DMFS,OOD,mainz,PMF,43
3,40,0.11944409161806106,0.025000000000000022,0.003559816986270059,0.16451454088849404,3.0,DMFS,OOD,mainz,PMF,43
4,40,0.1426355704665184,0.050657894736842124,0.012910933799163749,0.18776727635316848,3.0,DMFS,OOD,mainz,PMF,43
5,40,0.2200719967484474,0.15384615384615385,0.07223889953955942,0.3107756517733492,3.0,DMFS,OOD,mainz,PMF,43
1,40,0.12454302608966827,0.05347985347985351,0.013623310741042283,0.19766856343323147,5.0,DMFS,OOD,mainz,PMF,43
2,40,0.1745334595441818,0.08108108108108114,0.026894111306239643,0.2306924438419632,5.0,DMFS,OOD,mainz,PMF,43
3,40,0.21285172551870346,0.10256410256410253,0.03978213007662024,0.250585532040679,5.0,DMFS,OOD,mainz,PMF,43
4,40,0.2917234763503075,0.17993447993447986,0.09004399434625343,0.3410025143604931,5.0,DMFS,OOD,mainz,PMF,43
5,40,0.5300095766782761,0.31439568014705876,0.19185961291396547,0.4876879436320083,5.0,DMFS,OOD,mainz,PMF,43
1,40,0.1841915398836136,0.18522522522522522,0.07533380997163852,0.41476689582747683,10.0,DMFS,OOD,mainz,PMF,43
2,40,0.28001009970903395,0.13322368421052622,0.04935546630089138,0.3322658147908272,10.0,DMFS,OOD,mainz,PMF,43
3,40,0.40842767655849455,0.27412349064770714,0.1498645570446987,0.468567628157473,10.0,DMFS,OOD,mainz,PMF,43
4,40,0.49178251773118975,0.3624027789545031,0.19659202837156897,0.6035916993664332,10.0,DMFS,OOD,mainz,PMF,43
5,40,0.6831868559122085,0.34710546323449554,0.21617345563485413,0.5258650649842764,10.0,DMFS,OOD,mainz,PMF,43
1,40,0.04783727526664734,0.05128205128205132,0.01307770119766849,0.18984233558097408,3.0,DMFS,OOD,mainz,PMF,44
2,40,0.06417923122644424,0.02564102564102566,0.0036521109238626392,0.16840687765336237,3.0,DMFS,OOD,mainz,PMF,44
3,40,0.08752466887235641,0.025000000000000022,0.003559816986270059,0.16451454088849404,3.0,DMFS,OOD,mainz,PMF,44
4,40,0.1457822099328041,0.18273102110114003,0.09149458904893037,0.34580330682736593,3.0,DMFS,OOD,mainz,PMF,44
5,40,0.43547629565000534,0.20512820512820518,0.1083083994039028,0.3685640667089173,3.0,DMFS,OOD,mainz,PMF,44
1,40,0.06424072235822678,0.09999999999999998,0.0387548083597935,0.24485894550200282,5.0,DMFS,OOD,mainz,PMF,44
2,40,0.0910022348165512,0.05347985347985351,0.013623310741042283,0.19766856343323147,5.0,DMFS,OOD,mainz,PMF,44
3,40,0.12723129689693452,0.16255149236728184,0.07631198796897765,0.32728422814970015,5.0,DMFS,OOD,mainz,PMF,44
4,40,0.22453731298446655,0.21453546453546446,0.1133313076518937,0.38417428034328105,5.0,DMFS,OOD,mainz,PMF,44
5,40,0.49638100117444994,0.20078125000000002,0.1058507698003135,0.36170397773485163,5.0,DMFS,OOD,mainz,PMF,44
1,40,0.16302290707826614,0.1673469387755102,0.07683180730223627,0.34265061408025754,10.0,DMFS,OOD,mainz,PMF,44
2,40,0.24182959496974946,0.32476307476307464,0.1540252017783621,0.6022480658403656,10.0,DMFS,OOD,mainz,PMF,44
3,40,0.34629712253808975,0.1760866584395997,0.08190952334569235,0.35531271884053806,10.0,DMFS,OOD,mainz,PMF,44
4,40,0.4708415433764458,0.2860950360082306,0.16377561180809586,0.47005752506347864,10.0,DMFS,OOD,mainz,PMF,44
5,40,0.6844267830252647,0.34435261707988984,0.20761510646975034,0.53501371607382,10.0,DMFS,OOD,mainz,PMF,44
1,40,0.22116356939077378,0.025000000000000022,0.003559816986270059,0.16451454088849404,3.0,DMFS,OOD,mainz,RSF,40
2,40,0.25841501355171204,0.0,0.0,0.0,3.0,DMFS,OOD,mainz,RSF,40
3,40,0.29395385533571244,0.05270655270655278,0.013434825551002283,0.19487425815803538,3.0,DMFS,OOD,mainz,RSF,40
4,40,0.332168647646904,0.18028846153846156,0.09028793324548379,0.3414178946893749,3.0,DMFS,OOD,mainz,RSF,40
5,40,0.37969143241643905,0.23035386029411753,0.12696014991948212,0.39643273729250694,3.0,DMFS,OOD,mainz,RSF,40
1,40,0.2901798725128174,0.07500000000000007,0.024823756400070507,0.21478243604254832,5.0,DMFS,OOD,mainz,RSF,40
2,40,0.3366570398211479,0.054953560371516996,0.014005123098406624,0.202684274148057,5.0,DMFS,OOD,mainz,RSF,40
3,40,0.37839541435241697,0.1102272174378437,0.04273595372476935,0.26823277022507275,5.0,DMFS,OOD,mainz,RSF,40
4,40,0.42522592544555665,0.18104118104118094,0.0906678314976036,0.34274465397469744,5.0,DMFS,OOD,mainz,RSF,40
5,40,0.48194495365023615,0.3092979127134724,0.18869263199263986,0.4804799585483128,5.0,DMFS,OOD,mainz,RSF,40
1,40,0.3469819128513336,0.07500000000000007,0.024823756400070507,0.21478243604254832,10.0,DMFS,OOD,mainz,RSF,40
2,40,0.3984862357378006,0.19499787531111512,0.08068511400488898,0.4283781184105514,10.0,DMFS,OOD,mainz,RSF,40
3,40,0.4451914280653,0.341312358425806,0.17512607930248225,0.5956183080726183,10.0,DMFS,OOD,mainz,RSF,40
4,40,0.4957073725759983,0.3473071156729328,0.20934270556504808,0.5392741422376216,10.0,DMFS,OOD,mainz,RSF,40
5,40,0.5546645425260067,0.3454435184530541,0.21588885727675622,0.5221653761557548,10.0,DMFS,OOD,mainz,RSF,40
1,40,0.14120485186576842,0.025000000000000022,0.003559816986270059,0.16451454088849404,3.0,DMFS,OOD,mainz,RSF,41
2,40,0.1729328900575638,0.0,0.0,0.0,3.0,DMFS,OOD,mainz,RSF,41
3,40,0.19775865525007247,0.05135135135135127,0.013083245349063466,0.1902429472866748,3.0,DMFS,OOD,mainz,RSF,41
4,40,0.2300732433795929,0.18585526315789458,0.0932059254144535,0.3508673590653919,3.0,DMFS,OOD,mainz,RSF,41
5,40,0.2671223521232605,0.22960151802656548,0.12653684468845072,0.39524520251769724,3.0,DMFS,OOD,mainz,RSF,41
1,40,0.21506553292274475,0.07692307692307687,0.025477517787887205,0.21983742164602216,5.0,DMFS,OOD,mainz,RSF,41
2,40,0.2585321798920631,0.02777777777777779,0.003960128913525485,0.18126926994545423,5.0,DMFS,OOD,mainz,RSF,41
3,40,0.29168633073568345,0.10827573985468719,0.042043682674738014,0.2634269386343452,5.0,DMFS,OOD,mainz,RSF,41
4,40,0.33130262196064,0.23938879456706263,0.13236122748144208,0.4098412156096157,5.0,DMFS,OOD,mainz,RSF,41
5,40,0.37817045450210574,0.2827324478178368,0.16741905508689758,0.4526619035709283,5.0,DMFS,OOD,mainz,RSF,41
1,40,0.32619058787822724,0.17948717948717952,0.07407024743276613,0.39862204467365014,10.0,DMFS,OOD,mainz,RSF,41
2,40,0.37668410688638687,0.1501831501831502,0.05686577275534954,0.363856653597566,10.0,DMFS,OOD,mainz,RSF,41
3,40,0.42109665274620056,0.25541636167822124,0.12997120535593454,0.46460650650698254,10.0,DMFS,OOD,mainz,RSF,41
4,40,0.4713380247354507,0.3497830959164292,0.19983474695350123,0.5644371979129525,10.0,DMFS,OOD,mainz,RSF,41
5,40,0.5254725746810436,0.35174789368337733,0.22065098700580554,0.5293901960132137,10.0,DMFS,OOD,mainz,RSF,41
1,40,0.08676135689020156,0.07778195488721806,0.025731458908869853,0.22238277560970288,3.0,DMFS,OOD,mainz,RSF,42
2,40,0.1018501102924347,0.0783090783090783,0.025940173086940854,0.22353672968966753,3.0,DMFS,OOD,mainz,RSF,42
3,40,0.11095781475305558,0.05128205128205132,0.01307770119766849,0.18984233558097408,3.0,DMFS,OOD,mainz,RSF,42
4,40,0.12145337164402008,0.20000000000000018,0.10544880496760645,0.3603552385407631,3.0,DMFS,OOD,mainz,RSF,42
5,40,0.14038239866495134,0.07763532763532766,0.02571020740854224,0.22177842494280775,3.0,DMFS,OOD,mainz,RSF,42
1,40,0.13330170661211013,0.07778195488721806,0.025731458908869853,0.22238277560970288,5.0,DMFS,OOD,mainz,RSF,42
2,40,0.15340614765882493,0.1573111573111573,0.07392342140424513,0.3171308771371647,5.0,DMFS,OOD,mainz,RSF,42
3,40,0.16686402410268783,0.1829721362229102,0.09156504244042973,0.34639067280914626,5.0,DMFS,OOD,mainz,RSF,42
4,40,0.18143118619918824,0.10256410256410253,0.03978213007662024,0.250585532040679,5.0,DMFS,OOD,mainz,RSF,42
5,40,0.20663946717977524,0.20303605313092976,0.10703653377897593,0.36551863243642724,5.0,DMFS,OOD,mainz,RSF,42
1,40,0.2931780844926834,0.1279461279461278,0.04865055771524451,0.31326223961293054,10.0,DMFS,OOD,mainz,RSF,42
2,40,0.3287100255489349,0.2063593004769475,0.10017846888949056,0.39713039209589573,10.0,DMFS,OOD,mainz,RSF,42
3,40,0.3524775430560112,0.2657349017705555,0.14348467143085653,0.45990667909905913,10.0,DMFS,OOD,mainz,RSF,42
4,40,0.3809371396899223,0.41381818181818186,0.2617071195885309,0.6094751537273042,10.0,DMFS,OOD,mainz,RSF,42
5,40,0.4211429119110107,0.1970172684458399,0.09743869200017119,0.3747676986336237,10.0,DMFS,OOD,mainz,RSF,42
1,40,0.09755782932043075,0.025000000000000022,0.003559816986270059,0.16451454088849404,3.0,DMFS,OOD,mainz,RSF,43
2,40,0.12149771600961685,0.0,0.0,0.0,3.0,DMFS,OOD,mainz,RSF,43
3,40,0.1437436744570732,0.054826254826254806,0.013994880167837453,0.2019566727162988,3.0,DMFS,OOD,mainz,RSF,43
4,40,0.17245822995901108,0.12996632996633006,0.05617750654710563,0.28483999125549875,3.0,DMFS,OOD,mainz,RSF,43
5,40,0.2142740622162819,0.28198529411764717,0.16695646442971313,0.4515938883571843,3.0,DMFS,OOD,mainz,RSF,43
1,40,0.19693490415811538,0.07500000000000007,0.024823756400070507,0.21478243604254832,5.0,DMFS,OOD,mainz,RSF,43
2,40,0.24380942434072495,0.05608974358974361,0.014234204135511463,0.20738664077083435,5.0,DMFS,OOD,mainz,RSF,43
3,40,0.2836624771356583,0.08120485036119707,0.026912426714714943,0.23119595822420214,5.0,DMFS,OOD,mainz,RSF,43
4,40,0.3359871402382851,0.18490829346092508,0.09262549832957723,0.3495290377170336,5.0,DMFS,OOD,mainz,RSF,43
5,40,0.405364902317524,0.3339843749999999,0.2091517356919005,0.5054017341110641,5.0,DMFS,OOD,mainz,RSF,43
1,40,0.24967240840196608,0.12125000000000008,0.044877752487056166,0.3050090781394883,10.0,DMFS,OOD,mainz,RSF,43
2,40,0.30644335597753525,0.19093406593406592,0.06953808179641308,0.46358344328485557,10.0,DMFS,OOD,mainz,RSF,43
3,40,0.3499972954392433,0.2649638802889577,0.13762210760239701,0.4727192686302649,10.0,DMFS,OOD,mainz,RSF,43
4,40,0.4048044666647911,0.31733215614794563,0.17754402958797377,0.5255393899336704,10.0,DMFS,OOD,mainz,RSF,43
5,40,0.476501490175724,0.39771792763157876,0.2603419601542709,0.5736419033856721,10.0,DMFS,OOD,mainz,RSF,43
1,40,0.13016345649957656,0.025000000000000022,0.003559816986270059,0.16451454088849404,3.0,DMFS,OOD,mainz,RSF,44
2,40,0.15228773802518844,0.02631578947368418,0.003749317977098543,0.17248726805939307,3.0,DMFS,OOD,mainz,RSF,44
3,40,0.17247198075056075,0.07692307692307687,0.025477517787887205,0.21983742164602216,3.0,DMFS,OOD,mainz,RSF,44
4,40,0.20432499200105667,0.13237639553429015,0.05732825323464541,0.2893211402465644,3.0,DMFS,OOD,mainz,RSF,44
5,40,0.2521647781133652,0.22960151802656548,0.12653684468845072,0.39524520251769724,3.0,DMFS,OOD,mainz,RSF,44
1,40,0.1960029810667038,0.025000000000000022,0.003559816986270059,0.16451454088849404,5.0,DMFS,OOD,mainz,RSF,44
2,40,0.22703728675842286,0.05270655270655278,0.013434825551002283,0.19487425815803538,5.0,DMFS,OOD,mainz,RSF,44
3,40,0.2527019441127777,0.19093286835222312,0.09589059394055899,0.35938007018758344,5.0,DMFS,OOD,mainz,RSF,44
4,40,0.2936804175376892,0.20745920745920732,0.10954310951732837,0.3724706013979763,5.0,DMFS,OOD,mainz,RSF,44
5,40,0.3520592853426933,0.25711574952561667,0.1471992688113396,0.42579965131190933,5.0,DMFS,OOD,mainz,RSF,44
1,40,0.25382493287324903,0.0859375,0.019607720087231773,0.33484443564336264,10.0,DMFS,OOD,mainz,RSF,44
2,40,0.2884142369031906,0.18128654970760227,0.07516869324335296,0.4006947197409533,10.0,DMFS,OOD,mainz,RSF,44
3,40,0.3187509015202522,0.2861538461538461,0.1527818298499365,0.4960837164325713,10.0,DMFS,OOD,mainz,RSF,44
4,40,0.3615328952670097,0.4287579992164031,0.26801255213123965,0.6339360665177041,10.0,DMFS,OOD,mainz,RSF,44
5,40,0.424193175137043,0.29667257528011204,0.17505876912478646,0.4746031153099308,10.0,DMFS,OOD,mainz,RSF,44
