time,brier,brier_KM_reference,scenario,setting,dataset,model,seed
1.4,0.051327987026170654,0.05350984949938318,DMFS,InD,nki,TabSurv_M,40
1.6,0.057956030972621295,0.05908220411439684,DMFS,InD,nki,TabSurv_M,40
1.8,0.06309552675073678,0.06457440357911699,DMFS,InD,nki,TabSurv_M,40
2.0,0.06987547228419219,0.07002324030611443,DMFS,InD,nki,TabSurv_M,40
2.2,0.08913384633409518,0.09111415777433904,DMFS,InD,nki,TabSurv_M,40
2.4,0.10515301239448345,0.11106061565796588,DMFS,InD,nki,TabSurv_M,40
2.6,0.10690972909360483,0.11106061565796588,DMFS,InD,nki,TabSurv_M,40
2.8,0.12007401689232933,0.12067220353676411,DMFS,InD,nki,TabSurv_M,40
3.0,0.12265917129529502,0.12067220353676411,DMFS,InD,nki,TabSurv_M,40
3.2,0.12822015895077424,0.12534881802206263,DMFS,InD,nki,TabSurv_M,40
3.4,0.13623958192789148,0.14319407960258643,DMFS,InD,nki,TabSurv_M,40
3.6,0.14864928852380385,0.15969375688004894,DMFS,InD,nki,TabSurv_M,40
3.8,0.15907118111218144,0.16747111976329376,DMFS,InD,nki,TabSurv_M,40
4.0,0.1624269171820397,0.17122849537576496,DMFS,InD,nki,TabSurv_M,40
4.2,0.16342361502335198,0.17489833376880193,DMFS,InD,nki,TabSurv_M,40
4.4,0.16709212264034196,0.17848063494240468,DMFS,InD,nki,TabSurv_M,40
4.6,0.16952180617717952,0.18197539889657333,DMFS,InD,nki,TabSurv_M,40
4.8,0.17962556896163023,0.19193446744247408,DMFS,InD,nki,TabSurv_M,40
5.0,0.18243796571279686,0.19510701452030163,DMFS,InD,nki,TabSurv_M,40
5.2,0.1828687000525637,0.19819044002678093,DMFS,InD,nki,TabSurv_M,40
5.4,0.18049915272198983,0.19819044002678082,DMFS,InD,nki,TabSurv_M,40
5.6,0.1832613502964225,0.19819044002678085,DMFS,InD,nki,TabSurv_M,40
5.8,0.18353423302395283,0.1981904400267809,DMFS,InD,nki,TabSurv_M,40
6.0,0.1844566291701286,0.19819044002678088,DMFS,InD,nki,TabSurv_M,40
6.2,0.18804081544521983,0.19819044002678093,DMFS,InD,nki,TabSurv_M,40
6.4,0.19370497065553643,0.20573453455393415,DMFS,InD,nki,TabSurv_M,40
6.6,0.199764872493524,0.20934804280822616,DMFS,InD,nki,TabSurv_M,40
6.8,0.20349538988940133,0.21285052239213278,DMFS,InD,nki,TabSurv_M,40
7.0,0.20532192511894606,0.21285052239213278,DMFS,InD,nki,TabSurv_M,40
7.2,0.20705450896150507,0.21285052239213273,DMFS,InD,nki,TabSurv_M,40
7.4,0.2060948552341768,0.21285052239213273,DMFS,InD,nki,TabSurv_M,40
7.6,0.21283266864939338,0.22075009126549677,DMFS,InD,nki,TabSurv_M,40
7.8,0.21550539991964618,0.22075009126549672,DMFS,InD,nki,TabSurv_M,40
8.0,0.21850464652709856,0.22075009126549672,DMFS,InD,nki,TabSurv_M,40
8.2,0.21969686476353303,0.22075009126549677,DMFS,InD,nki,TabSurv_M,40
8.4,0.22593258329607568,0.22075009126549672,DMFS,InD,nki,TabSurv_M,40
8.6,0.23227374251592234,0.2250015999787586,DMFS,InD,nki,TabSurv_M,40
8.8,0.23984102830113924,0.22500159997875854,DMFS,InD,nki,TabSurv_M,40
9.0,0.2452707149625128,0.22907275782833594,DMFS,InD,nki,TabSurv_M,40
9.2,0.2471019891929779,0.23278295620970918,DMFS,InD,nki,TabSurv_M,40
9.4,0.2555694922620226,0.23278295620970918,DMFS,InD,nki,TabSurv_M,40
9.6,0.2563305624418197,0.2364254016686079,DMFS,InD,nki,TabSurv_M,40
9.8,0.2618237467646828,0.2364254016686079,DMFS,InD,nki,TabSurv_M,40
10.0,0.26676298324890885,0.23642540166860787,DMFS,InD,nki,TabSurv_M,40
1.2,0.04286178584096306,0.04259807700109538,DMFS,InD,nki,TabSurv_M,41
1.4,0.049176088119506106,0.04835895979552924,DMFS,InD,nki,TabSurv_M,41
1.6,0.06024618061185203,0.059637307801533535,DMFS,InD,nki,TabSurv_M,41
1.8,0.07545419824659683,0.07594628585338148,DMFS,InD,nki,TabSurv_M,41
2.0,0.08931489441450317,0.09655564120248288,DMFS,InD,nki,TabSurv_M,41
2.2,0.09713742845970967,0.1064429398023127,DMFS,InD,nki,TabSurv_M,41
2.4,0.12271383348106694,0.13412937485996784,DMFS,InD,nki,TabSurv_M,41
2.6,0.12124049644640529,0.13412937485996784,DMFS,InD,nki,TabSurv_M,41
2.8,0.12461181749596198,0.13848865303041125,DMFS,InD,nki,TabSurv_M,41
3.0,0.1277857766551554,0.14276434914515787,DMFS,InD,nki,TabSurv_M,41
3.2,0.13637587684171054,0.15106499520756073,DMFS,InD,nki,TabSurv_M,41
3.4,0.15069635393947828,0.17035392438887387,DMFS,InD,nki,TabSurv_M,41
3.6,0.15903055937146293,0.1809242972293003,DMFS,InD,nki,TabSurv_M,41
3.8,0.16268690895645915,0.1843089167594673,DMFS,InD,nki,TabSurv_M,41
4.0,0.1611466220018732,0.1843089167594673,DMFS,InD,nki,TabSurv_M,41
4.2,0.16051660996082323,0.1876085193750663,DMFS,InD,nki,TabSurv_M,41
4.4,0.16344287972585067,0.19085092704418966,DMFS,InD,nki,TabSurv_M,41
4.6,0.16236140054700363,0.19085092704418966,DMFS,InD,nki,TabSurv_M,41
4.8,0.16736210857165817,0.19707619743895477,DMFS,InD,nki,TabSurv_M,41
5.0,0.1763351817214906,0.20597668831145932,DMFS,InD,nki,TabSurv_M,41
5.2,0.1761616015631806,0.20597668831145927,DMFS,InD,nki,TabSurv_M,41
5.4,0.1760604507837685,0.20597668831145927,DMFS,InD,nki,TabSurv_M,41
5.6,0.17567825412781285,0.20597668831145938,DMFS,InD,nki,TabSurv_M,41
5.8,0.1765522615432008,0.20597668831145927,DMFS,InD,nki,TabSurv_M,41
6.0,0.17795686930700566,0.20597668831145927,DMFS,InD,nki,TabSurv_M,41
6.2,0.18311682298713022,0.20915565170194778,DMFS,InD,nki,TabSurv_M,41
6.4,0.18617357253204658,0.21242703466505555,DMFS,InD,nki,TabSurv_M,41
6.6,0.19371934968657692,0.21563669671049138,DMFS,InD,nki,TabSurv_M,41
6.8,0.18833587327453843,0.2156366967104914,DMFS,InD,nki,TabSurv_M,41
7.0,0.1930613280493942,0.21898579783837882,DMFS,InD,nki,TabSurv_M,41
7.2,0.19109349202614873,0.21898579783837877,DMFS,InD,nki,TabSurv_M,41
7.4,0.1923673942153113,0.21898579783837882,DMFS,InD,nki,TabSurv_M,41
7.6,0.19933637817084077,0.2224570540151901,DMFS,InD,nki,TabSurv_M,41
7.8,0.20195632813788275,0.22245705401519014,DMFS,InD,nki,TabSurv_M,41
8.0,0.20575469411051034,0.22245705401519017,DMFS,InD,nki,TabSurv_M,41
8.2,0.21149964938372828,0.2259115187637875,DMFS,InD,nki,TabSurv_M,41
8.4,0.21101396693964372,0.22924030957687025,DMFS,InD,nki,TabSurv_M,41
8.6,0.21749959125952012,0.2292403095768702,DMFS,InD,nki,TabSurv_M,41
8.8,0.2211684876560655,0.2292403095768702,DMFS,InD,nki,TabSurv_M,41
9.0,0.22826905097412925,0.23260029078127914,DMFS,InD,nki,TabSurv_M,41
9.2,0.23291186141611817,0.23260029078127914,DMFS,InD,nki,TabSurv_M,41
9.4,0.23847197711494966,0.23260029078127914,DMFS,InD,nki,TabSurv_M,41
9.6,0.24457927865982895,0.2326002907812792,DMFS,InD,nki,TabSurv_M,41
9.8,0.2509360284580768,0.2326002907812792,DMFS,InD,nki,TabSurv_M,41
10.0,0.25486761886932086,0.2326002907812792,DMFS,InD,nki,TabSurv_M,41
1.4,0.04041225827350244,0.041909997470062396,DMFS,InD,nki,TabSurv_M,42
1.6,0.05258047459245081,0.05322998582180807,DMFS,InD,nki,TabSurv_M,42
1.8,0.06279404826944747,0.06423340255523695,DMFS,InD,nki,TabSurv_M,42
2.0,0.06964483219710024,0.08014495587103644,DMFS,InD,nki,TabSurv_M,42
2.2,0.08493932403319487,0.1004259470821394,DMFS,InD,nki,TabSurv_M,42
2.4,0.11544780355702888,0.13319458297793085,DMFS,InD,nki,TabSurv_M,42
2.6,0.11798628271246363,0.1375454986343606,DMFS,InD,nki,TabSurv_M,42
2.8,0.13511574740370244,0.1541233661526573,DMFS,InD,nki,TabSurv_M,42
3.0,0.13596897918246956,0.15806138425537583,DMFS,InD,nki,TabSurv_M,42
3.2,0.13917435730369354,0.16191682284735215,DMFS,InD,nki,TabSurv_M,42
3.4,0.14161168674546679,0.1694098684775575,DMFS,InD,nki,TabSurv_M,42
3.6,0.14541571683022148,0.17659842511123935,DMFS,InD,nki,TabSurv_M,42
3.8,0.14943213466340893,0.18009582947561958,DMFS,InD,nki,TabSurv_M,42
4.0,0.15122951717037414,0.1835078662983356,DMFS,InD,nki,TabSurv_M,42
4.2,0.1528751309376457,0.18683453557938737,DMFS,InD,nki,TabSurv_M,42
4.4,0.1557591604714548,0.19010389208675313,DMFS,InD,nki,TabSurv_M,42
4.6,0.1591114169161488,0.19328637680753,DMFS,InD,nki,TabSurv_M,42
4.8,0.1696163168349819,0.2051475978247485,DMFS,InD,nki,TabSurv_M,42
5.0,0.17486374093421686,0.21060682505682626,DMFS,InD,nki,TabSurv_M,42
5.2,0.17527754866809858,0.21060682505682632,DMFS,InD,nki,TabSurv_M,42
5.4,0.17462301843742836,0.21060682505682626,DMFS,InD,nki,TabSurv_M,42
5.6,0.17975866559270653,0.21347133045145364,DMFS,InD,nki,TabSurv_M,42
5.8,0.18001506804602188,0.21347133045145367,DMFS,InD,nki,TabSurv_M,42
6.0,0.1792291559880847,0.21347133045145364,DMFS,InD,nki,TabSurv_M,42
6.2,0.18055727893121065,0.21347133045145364,DMFS,InD,nki,TabSurv_M,42
6.4,0.182899694559502,0.21347133045145367,DMFS,InD,nki,TabSurv_M,42
6.6,0.1869088153385609,0.2167797705281272,DMFS,InD,nki,TabSurv_M,42
6.8,0.1832715361503457,0.2167797705281272,DMFS,InD,nki,TabSurv_M,42
7.0,0.18656082665681345,0.22005563950257007,DMFS,InD,nki,TabSurv_M,42
7.2,0.184706849082366,0.22005563950257012,DMFS,InD,nki,TabSurv_M,42
7.4,0.18722587014400646,0.22005563950257007,DMFS,InD,nki,TabSurv_M,42
7.6,0.19419418263710853,0.22665247589187376,DMFS,InD,nki,TabSurv_M,42
7.8,0.19787434718914715,0.22665247589187376,DMFS,InD,nki,TabSurv_M,42
8.0,0.19967884590801907,0.22665247589187382,DMFS,InD,nki,TabSurv_M,42
8.2,0.20092779750906192,0.22665247589187376,DMFS,InD,nki,TabSurv_M,42
8.4,0.20405867183413826,0.22665247589187382,DMFS,InD,nki,TabSurv_M,42
8.6,0.2079435992595255,0.22665247589187376,DMFS,InD,nki,TabSurv_M,42
8.8,0.21345242680756088,0.22665247589187376,DMFS,InD,nki,TabSurv_M,42
9.0,0.216575465071484,0.22665247589187376,DMFS,InD,nki,TabSurv_M,42
9.2,0.21580205542295267,0.23087523350355532,DMFS,InD,nki,TabSurv_M,42
9.4,0.2251831322500002,0.23087523350355527,DMFS,InD,nki,TabSurv_M,42
9.6,0.22824863572400536,0.2349387665143401,DMFS,InD,nki,TabSurv_M,42
9.8,0.2386891634873746,0.2349387665143401,DMFS,InD,nki,TabSurv_M,42
10.0,0.24594005818992107,0.23493876651434015,DMFS,InD,nki,TabSurv_M,42
1.2,0.05243046285884255,0.05379212020865602,DMFS,InD,nki,TabSurv_M,43
1.4,0.06659167599449096,0.07035994053659492,DMFS,InD,nki,TabSurv_M,43
1.6,0.07717263081911578,0.08099921843009487,DMFS,InD,nki,TabSurv_M,43
1.8,0.0959776730008491,0.10130352863679253,DMFS,InD,nki,TabSurv_M,43
2.0,0.11258790892249282,0.12044182381283859,DMFS,InD,nki,TabSurv_M,43
2.2,0.13248351493100116,0.1427366525967233,DMFS,InD,nki,TabSurv_M,43
2.4,0.14453271406548046,0.15515858398860233,DMFS,InD,nki,TabSurv_M,43
2.6,0.14175255365557055,0.15515858398860233,DMFS,InD,nki,TabSurv_M,43
2.8,0.15243124897001176,0.16681630586388554,DMFS,InD,nki,TabSurv_M,43
3.0,0.15490006680052565,0.17053238881862529,DMFS,InD,nki,TabSurv_M,43
3.2,0.1612811484640599,0.17770981822257279,DMFS,InD,nki,TabSurv_M,43
3.4,0.16803222889499922,0.18457633698864753,DMFS,InD,nki,TabSurv_M,43
3.6,0.1653301745021171,0.18789512682374127,DMFS,InD,nki,TabSurv_M,43
3.8,0.16553323210031987,0.1911275341770616,DMFS,InD,nki,TabSurv_M,43
4.0,0.1635679282714321,0.1911275341770616,DMFS,InD,nki,TabSurv_M,43
4.2,0.16203536037267438,0.1911275341770616,DMFS,InD,nki,TabSurv_M,43
4.4,0.16441765834235014,0.19427355904860852,DMFS,InD,nki,TabSurv_M,43
4.6,0.16781858029043534,0.19733320143838207,DMFS,InD,nki,TabSurv_M,43
4.8,0.17025585647604385,0.2003064613463823,DMFS,InD,nki,TabSurv_M,43
5.0,0.17902762722217824,0.20604441190428716,DMFS,InD,nki,TabSurv_M,43
5.2,0.17978031322718596,0.2060444119042871,DMFS,InD,nki,TabSurv_M,43
5.4,0.17885233808506767,0.20604441190428716,DMFS,InD,nki,TabSurv_M,43
5.6,0.1810204025660108,0.2060444119042871,DMFS,InD,nki,TabSurv_M,43
5.8,0.18301970366705772,0.20604441190428716,DMFS,InD,nki,TabSurv_M,43
6.0,0.185299979307034,0.2060444119042871,DMFS,InD,nki,TabSurv_M,43
6.2,0.19408264425552618,0.20947549679337066,DMFS,InD,nki,TabSurv_M,43
6.4,0.19438127182252388,0.21297081677839916,DMFS,InD,nki,TabSurv_M,43
6.6,0.20297943774445795,0.21635083381407383,DMFS,InD,nki,TabSurv_M,43
6.8,0.21228792650363504,0.21956911738135299,DMFS,InD,nki,TabSurv_M,43
7.0,0.2140668573086185,0.21956911738135299,DMFS,InD,nki,TabSurv_M,43
7.2,0.2185891881827254,0.21956911738135299,DMFS,InD,nki,TabSurv_M,43
7.4,0.22106576308584738,0.21956911738135299,DMFS,InD,nki,TabSurv_M,43
7.6,0.21646956036079992,0.2232460458137063,DMFS,InD,nki,TabSurv_M,43
7.8,0.2220242056094354,0.22324604581370636,DMFS,InD,nki,TabSurv_M,43
8.0,0.2229076892778695,0.2232460458137063,DMFS,InD,nki,TabSurv_M,43
8.2,0.22786713357790425,0.2268578137276002,DMFS,InD,nki,TabSurv_M,43
8.4,0.23479845398076088,0.2268578137276002,DMFS,InD,nki,TabSurv_M,43
8.6,0.23694717583643055,0.23045000266467747,DMFS,InD,nki,TabSurv_M,43
8.8,0.24296956820336124,0.23045000266467747,DMFS,InD,nki,TabSurv_M,43
9.0,0.2379574636683018,0.23414613143739232,DMFS,InD,nki,TabSurv_M,43
9.2,0.243272973149777,0.23414613143739232,DMFS,InD,nki,TabSurv_M,43
9.4,0.24443392477526324,0.23414613143739232,DMFS,InD,nki,TabSurv_M,43
9.6,0.24512915478737538,0.23414613143739232,DMFS,InD,nki,TabSurv_M,43
9.8,0.25836816654858535,0.23414613143739227,DMFS,InD,nki,TabSurv_M,43
10.0,0.2545413059220487,0.23414613143739227,DMFS,InD,nki,TabSurv_M,43
1.2,0.037055738552206216,0.03675605501237372,DMFS,InD,nki,TabSurv_M,44
1.4,0.04320355820183438,0.04259807700109537,DMFS,InD,nki,TabSurv_M,44
1.6,0.0545968842249531,0.05403870339567529,DMFS,InD,nki,TabSurv_M,44
1.8,0.07583260114874571,0.07594628585338149,DMFS,InD,nki,TabSurv_M,44
2.0,0.10169821867522788,0.10657597657169549,DMFS,InD,nki,TabSurv_M,44
2.2,0.10612660862845165,0.11142806632948773,DMFS,InD,nki,TabSurv_M,44
2.4,0.13108962266219892,0.14305490758156297,DMFS,InD,nki,TabSurv_M,44
2.6,0.12902587086301326,0.14305490758156297,DMFS,InD,nki,TabSurv_M,44
2.8,0.13866598985213247,0.1556428959970574,DMFS,InD,nki,TabSurv_M,44
3.0,0.1366890920778474,0.1556428959970574,DMFS,InD,nki,TabSurv_M,44
3.2,0.13870379005027317,0.15966379589296048,DMFS,InD,nki,TabSurv_M,44
3.4,0.14997102976131416,0.17120120685288426,DMFS,InD,nki,TabSurv_M,44
3.6,0.1543337055876822,0.17490291049618514,DMFS,InD,nki,TabSurv_M,44
3.8,0.159041127131067,0.17851556307359745,DMFS,InD,nki,TabSurv_M,44
4.0,0.16029484292059598,0.18203916458512137,DMFS,InD,nki,TabSurv_M,44
4.2,0.15938611786645707,0.18203916458512137,DMFS,InD,nki,TabSurv_M,44
4.4,0.15881942319781744,0.18203916458512137,DMFS,InD,nki,TabSurv_M,44
4.6,0.1614020438273828,0.18547371503075677,DMFS,InD,nki,TabSurv_M,44
4.8,0.168324914855129,0.19210459535183966,DMFS,InD,nki,TabSurv_M,44
5.0,0.17546401723310434,0.19845947689543042,DMFS,InD,nki,TabSurv_M,44
5.2,0.17462177131298814,0.20158470825722138,DMFS,InD,nki,TabSurv_M,44
5.4,0.17357025061589784,0.20158470825722138,DMFS,InD,nki,TabSurv_M,44
5.6,0.17534081511232974,0.20158470825722144,DMFS,InD,nki,TabSurv_M,44
5.8,0.17596639994099877,0.20158470825722138,DMFS,InD,nki,TabSurv_M,44
6.0,0.17868139574581093,0.20158470825722144,DMFS,InD,nki,TabSurv_M,44
6.2,0.18444462603636883,0.20515834203659708,DMFS,InD,nki,TabSurv_M,44
6.4,0.18536918464185487,0.20884720833395823,DMFS,InD,nki,TabSurv_M,44
6.6,0.19080206307450284,0.212513878120241,DMFS,InD,nki,TabSurv_M,44
6.8,0.19308072898100953,0.2160555569127529,DMFS,InD,nki,TabSurv_M,44
7.0,0.19666375280638207,0.21946703607551896,DMFS,InD,nki,TabSurv_M,44
7.2,0.19368800796252056,0.21946703607551896,DMFS,InD,nki,TabSurv_M,44
7.4,0.18733943066944425,0.21946703607551896,DMFS,InD,nki,TabSurv_M,44
7.6,0.19324946221624123,0.22649401258537488,DMFS,InD,nki,TabSurv_M,44
7.8,0.19649062906831932,0.22649401258537488,DMFS,InD,nki,TabSurv_M,44
8.0,0.19964699248555834,0.22649401258537488,DMFS,InD,nki,TabSurv_M,44
8.2,0.2082257295141153,0.22976679763596355,DMFS,InD,nki,TabSurv_M,44
8.4,0.21256749240058284,0.22976679763596358,DMFS,InD,nki,TabSurv_M,44
8.6,0.21308288449240087,0.23289794427169425,DMFS,InD,nki,TabSurv_M,44
8.8,0.2172012191573734,0.23289794427169422,DMFS,InD,nki,TabSurv_M,44
9.0,0.21240218671495797,0.23875582367320783,DMFS,InD,nki,TabSurv_M,44
9.2,0.21602363709491446,0.23875582367320783,DMFS,InD,nki,TabSurv_M,44
9.4,0.2205763611590697,0.23875582367320783,DMFS,InD,nki,TabSurv_M,44
9.6,0.22886230995243234,0.23875582367320777,DMFS,InD,nki,TabSurv_M,44
9.8,0.23351535564507783,0.23875582367320777,DMFS,InD,nki,TabSurv_M,44
10.0,0.22908884038932548,0.23875582367320783,DMFS,InD,nki,TabSurv_M,44
1.4,0.05289842014209767,0.05350984949938318,DMFS,InD,nki,DeepHS,40
1.6,0.0580795670294479,0.05908220411439684,DMFS,InD,nki,DeepHS,40
1.8,0.06437036547837052,0.06457440357911699,DMFS,InD,nki,DeepHS,40
2.0,0.06977634253455724,0.07002324030611443,DMFS,InD,nki,DeepHS,40
2.2,0.0928625268618324,0.09111415777433904,DMFS,InD,nki,DeepHS,40
2.4,0.10918174011833481,0.11106061565796588,DMFS,InD,nki,DeepHS,40
2.6,0.10907612833349076,0.11106061565796588,DMFS,InD,nki,DeepHS,40
2.8,0.1204346156879617,0.12067220353676411,DMFS,InD,nki,DeepHS,40
3.0,0.1204346156879617,0.12067220353676411,DMFS,InD,nki,DeepHS,40
3.2,0.12532687835060963,0.12534881802206263,DMFS,InD,nki,DeepHS,40
3.4,0.140904318990576,0.14319407960258643,DMFS,InD,nki,DeepHS,40
3.6,0.1557442283314272,0.15969375688004894,DMFS,InD,nki,DeepHS,40
3.8,0.16621180238457584,0.16747111976329376,DMFS,InD,nki,DeepHS,40
4.0,0.17215239236129237,0.17122849537576496,DMFS,InD,nki,DeepHS,40
4.2,0.17006307290703676,0.17489833376880193,DMFS,InD,nki,DeepHS,40
4.4,0.1729726700236473,0.17848063494240468,DMFS,InD,nki,DeepHS,40
4.6,0.17588887534767406,0.18197539889657333,DMFS,InD,nki,DeepHS,40
4.8,0.18695899031150542,0.19193446744247408,DMFS,InD,nki,DeepHS,40
5.0,0.1892335762253448,0.19510701452030163,DMFS,InD,nki,DeepHS,40
5.2,0.19033313716524541,0.19819044002678093,DMFS,InD,nki,DeepHS,40
5.4,0.18674652005275255,0.19819044002678082,DMFS,InD,nki,DeepHS,40
5.6,0.18793687775427617,0.19819044002678085,DMFS,InD,nki,DeepHS,40
5.8,0.18743288494993435,0.1981904400267809,DMFS,InD,nki,DeepHS,40
6.0,0.18771042657847647,0.19819044002678088,DMFS,InD,nki,DeepHS,40
6.2,0.1914114819152632,0.19819044002678093,DMFS,InD,nki,DeepHS,40
6.4,0.19929900444690138,0.20573453455393415,DMFS,InD,nki,DeepHS,40
6.6,0.20215229104123686,0.20934804280822616,DMFS,InD,nki,DeepHS,40
6.8,0.20366587017579532,0.21285052239213278,DMFS,InD,nki,DeepHS,40
7.0,0.2040769869580415,0.21285052239213278,DMFS,InD,nki,DeepHS,40
7.2,0.20437335688275954,0.21285052239213273,DMFS,InD,nki,DeepHS,40
7.4,0.20416910150171272,0.21285052239213273,DMFS,InD,nki,DeepHS,40
7.6,0.20840256450439795,0.22075009126549677,DMFS,InD,nki,DeepHS,40
7.8,0.20927660802847053,0.22075009126549672,DMFS,InD,nki,DeepHS,40
8.0,0.2070425786343934,0.22075009126549672,DMFS,InD,nki,DeepHS,40
8.2,0.21653800382519747,0.22075009126549677,DMFS,InD,nki,DeepHS,40
8.4,0.214211486502735,0.22075009126549672,DMFS,InD,nki,DeepHS,40
8.6,0.2146600979479464,0.2250015999787586,DMFS,InD,nki,DeepHS,40
8.8,0.21529046899359564,0.22500159997875854,DMFS,InD,nki,DeepHS,40
9.0,0.2209248414893814,0.22907275782833594,DMFS,InD,nki,DeepHS,40
9.2,0.2241798940882255,0.23278295620970918,DMFS,InD,nki,DeepHS,40
9.4,0.22798023168082976,0.23278295620970918,DMFS,InD,nki,DeepHS,40
9.6,0.22768696325231702,0.2364254016686079,DMFS,InD,nki,DeepHS,40
9.8,0.22768696325231702,0.2364254016686079,DMFS,InD,nki,DeepHS,40
10.0,0.2250941015683155,0.23642540166860787,DMFS,InD,nki,DeepHS,40
1.2,0.042784014654118636,0.04259807700109538,DMFS,InD,nki,DeepHS,41
1.4,0.04900470313991416,0.04835895979552924,DMFS,InD,nki,DeepHS,41
1.6,0.059797618368739626,0.059637307801533535,DMFS,InD,nki,DeepHS,41
1.8,0.07496806347684962,0.07594628585338148,DMFS,InD,nki,DeepHS,41
2.0,0.09093125768579158,0.09655564120248288,DMFS,InD,nki,DeepHS,41
2.2,0.09918380939402405,0.1064429398023127,DMFS,InD,nki,DeepHS,41
2.4,0.12663747246753526,0.13412937485996784,DMFS,InD,nki,DeepHS,41
2.6,0.12663747246753526,0.13412937485996784,DMFS,InD,nki,DeepHS,41
2.8,0.13192821881155758,0.13848865303041125,DMFS,InD,nki,DeepHS,41
3.0,0.13724624612353348,0.14276434914515787,DMFS,InD,nki,DeepHS,41
3.2,0.14921928894995692,0.15106499520756073,DMFS,InD,nki,DeepHS,41
3.4,0.1743858304565276,0.17035392438887387,DMFS,InD,nki,DeepHS,41
3.6,0.18942730766952393,0.1809242972293003,DMFS,InD,nki,DeepHS,41
3.8,0.19530884718061728,0.1843089167594673,DMFS,InD,nki,DeepHS,41
4.0,0.1781569635472413,0.1843089167594673,DMFS,InD,nki,DeepHS,41
4.2,0.18064544923495185,0.1876085193750663,DMFS,InD,nki,DeepHS,41
4.4,0.18445819612069725,0.19085092704418966,DMFS,InD,nki,DeepHS,41
4.6,0.18445819612069725,0.19085092704418966,DMFS,InD,nki,DeepHS,41
4.8,0.19031036276304653,0.19707619743895477,DMFS,InD,nki,DeepHS,41
5.0,0.20047810610311717,0.20597668831145932,DMFS,InD,nki,DeepHS,41
5.2,0.20095600026610008,0.20597668831145927,DMFS,InD,nki,DeepHS,41
5.4,0.20130413839980563,0.20597668831145927,DMFS,InD,nki,DeepHS,41
5.6,0.20077321566687173,0.20597668831145938,DMFS,InD,nki,DeepHS,41
5.8,0.20073052720160578,0.20597668831145927,DMFS,InD,nki,DeepHS,41
6.0,0.20447686460066686,0.20597668831145927,DMFS,InD,nki,DeepHS,41
6.2,0.20803937523045857,0.20915565170194778,DMFS,InD,nki,DeepHS,41
6.4,0.21390223865568983,0.21242703466505555,DMFS,InD,nki,DeepHS,41
6.6,0.21489722943082779,0.21563669671049138,DMFS,InD,nki,DeepHS,41
6.8,0.21581125312074056,0.2156366967104914,DMFS,InD,nki,DeepHS,41
7.0,0.2183668891057947,0.21898579783837882,DMFS,InD,nki,DeepHS,41
7.2,0.216903765404901,0.21898579783837877,DMFS,InD,nki,DeepHS,41
7.4,0.218065655800512,0.21898579783837882,DMFS,InD,nki,DeepHS,41
7.6,0.22225878848919942,0.2224570540151901,DMFS,InD,nki,DeepHS,41
7.8,0.22276411091228515,0.22245705401519014,DMFS,InD,nki,DeepHS,41
8.0,0.22864889840534192,0.22245705401519017,DMFS,InD,nki,DeepHS,41
8.2,0.2286128906826876,0.2259115187637875,DMFS,InD,nki,DeepHS,41
8.4,0.23049505602349657,0.22924030957687025,DMFS,InD,nki,DeepHS,41
8.6,0.23282239647969352,0.2292403095768702,DMFS,InD,nki,DeepHS,41
8.8,0.23282239647969352,0.2292403095768702,DMFS,InD,nki,DeepHS,41
9.0,0.23654726407046497,0.23260029078127914,DMFS,InD,nki,DeepHS,41
9.2,0.23681472184915534,0.23260029078127914,DMFS,InD,nki,DeepHS,41
9.4,0.2361053671157844,0.23260029078127914,DMFS,InD,nki,DeepHS,41
9.6,0.23558409015290457,0.2326002907812792,DMFS,InD,nki,DeepHS,41
9.8,0.23533011519172797,0.2326002907812792,DMFS,InD,nki,DeepHS,41
10.0,0.2425037490607262,0.2326002907812792,DMFS,InD,nki,DeepHS,41
1.4,0.04597842629046185,0.041909997470062396,DMFS,InD,nki,DeepHS,42
1.6,0.05848378062601763,0.05322998582180807,DMFS,InD,nki,DeepHS,42
1.8,0.08226415900290132,0.06423340255523695,DMFS,InD,nki,DeepHS,42
2.0,0.09977976189944772,0.08014495587103644,DMFS,InD,nki,DeepHS,42
2.2,0.11966350159693043,0.1004259470821394,DMFS,InD,nki,DeepHS,42
2.4,0.15550011200532696,0.13319458297793085,DMFS,InD,nki,DeepHS,42
2.6,0.16183554428819527,0.1375454986343606,DMFS,InD,nki,DeepHS,42
2.8,0.1835493027786925,0.1541233661526573,DMFS,InD,nki,DeepHS,42
3.0,0.18892410045488162,0.15806138425537583,DMFS,InD,nki,DeepHS,42
3.2,0.19277493547507074,0.16191682284735215,DMFS,InD,nki,DeepHS,42
3.4,0.201633396986053,0.1694098684775575,DMFS,InD,nki,DeepHS,42
3.6,0.21483698227023554,0.17659842511123935,DMFS,InD,nki,DeepHS,42
3.8,0.22024519344024168,0.18009582947561958,DMFS,InD,nki,DeepHS,42
4.0,0.223886137452089,0.1835078662983356,DMFS,InD,nki,DeepHS,42
4.2,0.23003772578279955,0.18683453557938737,DMFS,InD,nki,DeepHS,42
4.4,0.23591419009484613,0.19010389208675313,DMFS,InD,nki,DeepHS,42
4.6,0.24160002272219888,0.19328637680753,DMFS,InD,nki,DeepHS,42
4.8,0.2614010874986709,0.2051475978247485,DMFS,InD,nki,DeepHS,42
5.0,0.2705278200925288,0.21060682505682626,DMFS,InD,nki,DeepHS,42
5.2,0.26988655755433205,0.21060682505682632,DMFS,InD,nki,DeepHS,42
5.4,0.2649050164275356,0.21060682505682626,DMFS,InD,nki,DeepHS,42
5.6,0.272282989856057,0.21347133045145364,DMFS,InD,nki,DeepHS,42
5.8,0.27172780564764426,0.21347133045145367,DMFS,InD,nki,DeepHS,42
6.0,0.2710082969576183,0.21347133045145364,DMFS,InD,nki,DeepHS,42
6.2,0.27124657547408143,0.21347133045145364,DMFS,InD,nki,DeepHS,42
6.4,0.26958892066154816,0.21347133045145367,DMFS,InD,nki,DeepHS,42
6.6,0.27249379358514353,0.2167797705281272,DMFS,InD,nki,DeepHS,42
6.8,0.2731397524842061,0.2167797705281272,DMFS,InD,nki,DeepHS,42
7.0,0.27577136783147205,0.22005563950257007,DMFS,InD,nki,DeepHS,42
7.2,0.2706037282197385,0.22005563950257012,DMFS,InD,nki,DeepHS,42
7.4,0.26977310525026854,0.22005563950257007,DMFS,InD,nki,DeepHS,42
7.6,0.28803299684381206,0.22665247589187376,DMFS,InD,nki,DeepHS,42
7.8,0.28815819157984046,0.22665247589187376,DMFS,InD,nki,DeepHS,42
8.0,0.2889356039733927,0.22665247589187382,DMFS,InD,nki,DeepHS,42
8.2,0.29027062954309324,0.22665247589187376,DMFS,InD,nki,DeepHS,42
8.4,0.2905599201222568,0.22665247589187382,DMFS,InD,nki,DeepHS,42
8.6,0.29254425194516454,0.22665247589187376,DMFS,InD,nki,DeepHS,42
8.8,0.40935455277691946,0.22665247589187376,DMFS,InD,nki,DeepHS,42
9.0,0.4093503047241701,0.22665247589187376,DMFS,InD,nki,DeepHS,42
9.2,0.40331373168956264,0.23087523350355532,DMFS,InD,nki,DeepHS,42
9.4,0.3989009908934553,0.23087523350355527,DMFS,InD,nki,DeepHS,42
9.6,0.38549794852755187,0.2349387665143401,DMFS,InD,nki,DeepHS,42
9.8,0.3852859125113866,0.2349387665143401,DMFS,InD,nki,DeepHS,42
10.0,0.3817885191326614,0.23493876651434015,DMFS,InD,nki,DeepHS,42
1.2,0.06870406467192655,0.05379212020865602,DMFS,InD,nki,DeepHS,43
1.4,0.08323699710733648,0.07035994053659492,DMFS,InD,nki,DeepHS,43
1.6,0.09158613919701122,0.08099921843009487,DMFS,InD,nki,DeepHS,43
1.8,0.10992453035055087,0.10130352863679253,DMFS,InD,nki,DeepHS,43
2.0,0.1294664809399208,0.12044182381283859,DMFS,InD,nki,DeepHS,43
2.2,0.15937429338183345,0.1427366525967233,DMFS,InD,nki,DeepHS,43
2.4,0.1682701785064352,0.15515858398860233,DMFS,InD,nki,DeepHS,43
2.6,0.1682701785064352,0.15515858398860233,DMFS,InD,nki,DeepHS,43
2.8,0.17855471016089627,0.16681630586388554,DMFS,InD,nki,DeepHS,43
3.0,0.18244513417591654,0.17053238881862529,DMFS,InD,nki,DeepHS,43
3.2,0.18760417698027415,0.17770981822257279,DMFS,InD,nki,DeepHS,43
3.4,0.1952245923143338,0.18457633698864753,DMFS,InD,nki,DeepHS,43
3.6,0.19968960635503613,0.18789512682374127,DMFS,InD,nki,DeepHS,43
3.8,0.20002571478503478,0.1911275341770616,DMFS,InD,nki,DeepHS,43
4.0,0.20002571478503478,0.1911275341770616,DMFS,InD,nki,DeepHS,43
4.2,0.2077898158940525,0.1911275341770616,DMFS,InD,nki,DeepHS,43
4.4,0.20754632464292816,0.19427355904860852,DMFS,InD,nki,DeepHS,43
4.6,0.21016969616728778,0.19733320143838207,DMFS,InD,nki,DeepHS,43
4.8,0.21215592796837832,0.2003064613463823,DMFS,InD,nki,DeepHS,43
5.0,0.21854148839808799,0.20604441190428716,DMFS,InD,nki,DeepHS,43
5.2,0.21875399894817713,0.2060444119042871,DMFS,InD,nki,DeepHS,43
5.4,0.22168452920371448,0.20604441190428716,DMFS,InD,nki,DeepHS,43
5.6,0.2237851455623056,0.2060444119042871,DMFS,InD,nki,DeepHS,43
5.8,0.22567583425201426,0.20604441190428716,DMFS,InD,nki,DeepHS,43
6.0,0.2259221143761246,0.2060444119042871,DMFS,InD,nki,DeepHS,43
6.2,0.23435022735481364,0.20947549679337066,DMFS,InD,nki,DeepHS,43
6.4,0.23504894474651,0.21297081677839916,DMFS,InD,nki,DeepHS,43
6.6,0.2391375996254907,0.21635083381407383,DMFS,InD,nki,DeepHS,43
6.8,0.24337072307396398,0.21956911738135299,DMFS,InD,nki,DeepHS,43
7.0,0.24502225743347364,0.21956911738135299,DMFS,InD,nki,DeepHS,43
7.2,0.24604420338105495,0.21956911738135299,DMFS,InD,nki,DeepHS,43
7.4,0.24522201219072057,0.21956911738135299,DMFS,InD,nki,DeepHS,43
7.6,0.2396186626630124,0.2232460458137063,DMFS,InD,nki,DeepHS,43
7.8,0.24041361324363458,0.22324604581370636,DMFS,InD,nki,DeepHS,43
8.0,0.237549927888489,0.2232460458137063,DMFS,InD,nki,DeepHS,43
8.2,0.24233795052230037,0.2268578137276002,DMFS,InD,nki,DeepHS,43
8.4,0.2435943665106392,0.2268578137276002,DMFS,InD,nki,DeepHS,43
8.6,0.24141368728339793,0.23045000266467747,DMFS,InD,nki,DeepHS,43
8.8,0.24245250204210156,0.23045000266467747,DMFS,InD,nki,DeepHS,43
9.0,0.23595045994071828,0.23414613143739232,DMFS,InD,nki,DeepHS,43
9.2,0.23595045994071828,0.23414613143739232,DMFS,InD,nki,DeepHS,43
9.4,0.23222648629631992,0.23414613143739232,DMFS,InD,nki,DeepHS,43
9.6,0.23262212284456646,0.23414613143739232,DMFS,InD,nki,DeepHS,43
9.8,0.23265389291765776,0.23414613143739227,DMFS,InD,nki,DeepHS,43
10.0,0.2307227226391074,0.23414613143739227,DMFS,InD,nki,DeepHS,43
1.2,0.03762572486307887,0.03675605501237372,DMFS,InD,nki,DeepHS,44
1.4,0.04290345192333612,0.04259807700109537,DMFS,InD,nki,DeepHS,44
1.6,0.05429358822902972,0.05403870339567529,DMFS,InD,nki,DeepHS,44
1.8,0.10395370990020922,0.07594628585338149,DMFS,InD,nki,DeepHS,44
2.0,0.11697895709762145,0.10657597657169549,DMFS,InD,nki,DeepHS,44
2.2,0.12254250544063128,0.11142806632948773,DMFS,InD,nki,DeepHS,44
2.4,0.13962460517537506,0.14305490758156297,DMFS,InD,nki,DeepHS,44
2.6,0.13970313597350872,0.14305490758156297,DMFS,InD,nki,DeepHS,44
2.8,0.15446219845892545,0.1556428959970574,DMFS,InD,nki,DeepHS,44
3.0,0.15446219845892545,0.1556428959970574,DMFS,InD,nki,DeepHS,44
3.2,0.15825284357728941,0.15966379589296048,DMFS,InD,nki,DeepHS,44
3.4,0.16780327036355694,0.17120120685288426,DMFS,InD,nki,DeepHS,44
3.6,0.18576436340803376,0.17490291049618514,DMFS,InD,nki,DeepHS,44
3.8,0.1911424117240569,0.17851556307359745,DMFS,InD,nki,DeepHS,44
4.0,0.1954346241889287,0.18203916458512137,DMFS,InD,nki,DeepHS,44
4.2,0.1954346241889287,0.18203916458512137,DMFS,InD,nki,DeepHS,44
4.4,0.1954346241889287,0.18203916458512137,DMFS,InD,nki,DeepHS,44
4.6,0.1994276897530001,0.18547371503075677,DMFS,InD,nki,DeepHS,44
4.8,0.20731152931801594,0.19210459535183966,DMFS,InD,nki,DeepHS,44
5.0,0.21680173200292555,0.19845947689543042,DMFS,InD,nki,DeepHS,44
5.2,0.21536564129842306,0.20158470825722138,DMFS,InD,nki,DeepHS,44
5.4,0.21369327003294897,0.20158470825722138,DMFS,InD,nki,DeepHS,44
5.6,0.21592182109178557,0.20158470825722144,DMFS,InD,nki,DeepHS,44
5.8,0.21378590480283996,0.20158470825722138,DMFS,InD,nki,DeepHS,44
6.0,0.21627841329668462,0.20158470825722144,DMFS,InD,nki,DeepHS,44
6.2,0.2243563107183034,0.20515834203659708,DMFS,InD,nki,DeepHS,44
6.4,0.22945504486834264,0.20884720833395823,DMFS,InD,nki,DeepHS,44
6.6,0.23504373881578738,0.212513878120241,DMFS,InD,nki,DeepHS,44
6.8,0.24179548429711853,0.2160555569127529,DMFS,InD,nki,DeepHS,44
7.0,0.25071663755801527,0.21946703607551896,DMFS,InD,nki,DeepHS,44
7.2,0.25172887464907723,0.21946703607551896,DMFS,InD,nki,DeepHS,44
7.4,0.2516907970156697,0.21946703607551896,DMFS,InD,nki,DeepHS,44
7.6,0.2550783014452023,0.22649401258537488,DMFS,InD,nki,DeepHS,44
7.8,0.2568045699599081,0.22649401258537488,DMFS,InD,nki,DeepHS,44
8.0,0.25803004257335205,0.22649401258537488,DMFS,InD,nki,DeepHS,44
8.2,0.2634816990804832,0.22976679763596355,DMFS,InD,nki,DeepHS,44
8.4,0.2649269871151646,0.22976679763596358,DMFS,InD,nki,DeepHS,44
8.6,0.27389182836004516,0.23289794427169425,DMFS,InD,nki,DeepHS,44
8.8,0.2734317387493775,0.23289794427169422,DMFS,InD,nki,DeepHS,44
9.0,0.2595315192656024,0.23875582367320783,DMFS,InD,nki,DeepHS,44
9.2,0.2608983688904958,0.23875582367320783,DMFS,InD,nki,DeepHS,44
9.4,0.2613664510979479,0.23875582367320783,DMFS,InD,nki,DeepHS,44
9.6,0.2638836865313399,0.23875582367320777,DMFS,InD,nki,DeepHS,44
9.8,0.2638836865313399,0.23875582367320777,DMFS,InD,nki,DeepHS,44
10.0,0.2612744537929358,0.23875582367320783,DMFS,InD,nki,DeepHS,44
1.4,0.05464408544739032,0.05350984949938318,DMFS,InD,nki,DeepSurv,40
1.6,0.05991872542890762,0.05908220411439684,DMFS,InD,nki,DeepSurv,40
1.8,0.06207613844672295,0.06457440357911699,DMFS,InD,nki,DeepSurv,40
2.0,0.06795578246611556,0.07002324030611443,DMFS,InD,nki,DeepSurv,40
2.2,0.09053982537773084,0.09111415777433904,DMFS,InD,nki,DeepSurv,40
2.4,0.11631918187929732,0.11106061565796588,DMFS,InD,nki,DeepSurv,40
2.6,0.11637473887613711,0.11106061565796588,DMFS,InD,nki,DeepSurv,40
2.8,0.1333596001263762,0.12067220353676411,DMFS,InD,nki,DeepSurv,40
3.0,0.13734048295762313,0.12067220353676411,DMFS,InD,nki,DeepSurv,40
3.2,0.1477160166822049,0.12534881802206263,DMFS,InD,nki,DeepSurv,40
3.4,0.14226538187660043,0.14319407960258643,DMFS,InD,nki,DeepSurv,40
3.6,0.16196942131193162,0.15969375688004894,DMFS,InD,nki,DeepSurv,40
3.8,0.16835861267078636,0.16747111976329376,DMFS,InD,nki,DeepSurv,40
4.0,0.17410611743579718,0.17122849537576496,DMFS,InD,nki,DeepSurv,40
4.2,0.18021629519830243,0.17489833376880193,DMFS,InD,nki,DeepSurv,40
4.4,0.18594521590798974,0.17848063494240468,DMFS,InD,nki,DeepSurv,40
4.6,0.19387368936448426,0.18197539889657333,DMFS,InD,nki,DeepSurv,40
4.8,0.21764014708229268,0.19193446744247408,DMFS,InD,nki,DeepSurv,40
5.0,0.2252257165088681,0.19510701452030163,DMFS,InD,nki,DeepSurv,40
5.2,0.22724696246030512,0.19819044002678093,DMFS,InD,nki,DeepSurv,40
5.4,0.22877965200878386,0.19819044002678082,DMFS,InD,nki,DeepSurv,40
5.6,0.23078677061683467,0.19819044002678085,DMFS,InD,nki,DeepSurv,40
5.8,0.23241035428540888,0.1981904400267809,DMFS,InD,nki,DeepSurv,40
6.0,0.22631938629918857,0.19819044002678088,DMFS,InD,nki,DeepSurv,40
6.2,0.22929574655863974,0.19819044002678093,DMFS,InD,nki,DeepSurv,40
6.4,0.24039760079728006,0.20573453455393415,DMFS,InD,nki,DeepSurv,40
6.6,0.24511827509307488,0.20934804280822616,DMFS,InD,nki,DeepSurv,40
6.8,0.24606237832695807,0.21285052239213278,DMFS,InD,nki,DeepSurv,40
7.0,0.2491884847769561,0.21285052239213278,DMFS,InD,nki,DeepSurv,40
7.2,0.2515278359358029,0.21285052239213273,DMFS,InD,nki,DeepSurv,40
7.4,0.2553323320520927,0.21285052239213273,DMFS,InD,nki,DeepSurv,40
7.6,0.28207260313663823,0.22075009126549677,DMFS,InD,nki,DeepSurv,40
7.8,0.28444710393240885,0.22075009126549672,DMFS,InD,nki,DeepSurv,40
8.0,0.2877891802678071,0.22075009126549672,DMFS,InD,nki,DeepSurv,40
8.2,0.28947825400365823,0.22075009126549677,DMFS,InD,nki,DeepSurv,40
8.4,0.29158404007354916,0.22075009126549672,DMFS,InD,nki,DeepSurv,40
8.6,0.3022865406779196,0.2250015999787586,DMFS,InD,nki,DeepSurv,40
8.8,0.30432936625532364,0.22500159997875854,DMFS,InD,nki,DeepSurv,40
9.0,0.31862648167130453,0.22907275782833594,DMFS,InD,nki,DeepSurv,40
9.2,0.3166203856632968,0.23278295620970918,DMFS,InD,nki,DeepSurv,40
9.4,0.3225363803536171,0.23278295620970918,DMFS,InD,nki,DeepSurv,40
9.6,0.314452424778105,0.2364254016686079,DMFS,InD,nki,DeepSurv,40
9.8,0.314452424778105,0.2364254016686079,DMFS,InD,nki,DeepSurv,40
10.0,0.31985619508050345,0.23642540166860787,DMFS,InD,nki,DeepSurv,40
1.2,0.044040552335267234,0.04259807700109538,DMFS,InD,nki,DeepSurv,41
1.4,0.04997554075480435,0.04835895979552924,DMFS,InD,nki,DeepSurv,41
1.6,0.061546442382557534,0.059637307801533535,DMFS,InD,nki,DeepSurv,41
1.8,0.07797914313334188,0.07594628585338148,DMFS,InD,nki,DeepSurv,41
2.0,0.10018890070652764,0.09655564120248288,DMFS,InD,nki,DeepSurv,41
2.2,0.10648961349485764,0.1064429398023127,DMFS,InD,nki,DeepSurv,41
2.4,0.13551973765293074,0.13412937485996784,DMFS,InD,nki,DeepSurv,41
2.6,0.13317487069606138,0.13412937485996784,DMFS,InD,nki,DeepSurv,41
2.8,0.13682404749016394,0.13848865303041125,DMFS,InD,nki,DeepSurv,41
3.0,0.14220860262413307,0.14276434914515787,DMFS,InD,nki,DeepSurv,41
3.2,0.1507505736222732,0.15106499520756073,DMFS,InD,nki,DeepSurv,41
3.4,0.171299278347056,0.17035392438887387,DMFS,InD,nki,DeepSurv,41
3.6,0.18440513312392146,0.1809242972293003,DMFS,InD,nki,DeepSurv,41
3.8,0.19063170770899046,0.1843089167594673,DMFS,InD,nki,DeepSurv,41
4.0,0.1875371516580604,0.1843089167594673,DMFS,InD,nki,DeepSurv,41
4.2,0.18260220145329029,0.1876085193750663,DMFS,InD,nki,DeepSurv,41
4.4,0.18865721314724251,0.19085092704418966,DMFS,InD,nki,DeepSurv,41
4.6,0.18541715602102607,0.19085092704418966,DMFS,InD,nki,DeepSurv,41
4.8,0.18811895073339566,0.19707619743895477,DMFS,InD,nki,DeepSurv,41
5.0,0.20443383795839404,0.20597668831145932,DMFS,InD,nki,DeepSurv,41
5.2,0.2052266955415571,0.20597668831145927,DMFS,InD,nki,DeepSurv,41
5.4,0.20577276803977615,0.20597668831145927,DMFS,InD,nki,DeepSurv,41
5.6,0.20660775138359622,0.20597668831145938,DMFS,InD,nki,DeepSurv,41
5.8,0.20796805506786784,0.20597668831145927,DMFS,InD,nki,DeepSurv,41
6.0,0.20822825382342275,0.20597668831145927,DMFS,InD,nki,DeepSurv,41
6.2,0.20976976667825067,0.20915565170194778,DMFS,InD,nki,DeepSurv,41
6.4,0.21390818153849475,0.21242703466505555,DMFS,InD,nki,DeepSurv,41
6.6,0.2206439841764965,0.21563669671049138,DMFS,InD,nki,DeepSurv,41
6.8,0.21284319182026837,0.2156366967104914,DMFS,InD,nki,DeepSurv,41
7.0,0.22061936335133847,0.21898579783837882,DMFS,InD,nki,DeepSurv,41
7.2,0.21593393487532414,0.21898579783837877,DMFS,InD,nki,DeepSurv,41
7.4,0.21689866719000434,0.21898579783837882,DMFS,InD,nki,DeepSurv,41
7.6,0.231569505703655,0.2224570540151901,DMFS,InD,nki,DeepSurv,41
7.8,0.23301694313143848,0.22245705401519014,DMFS,InD,nki,DeepSurv,41
8.0,0.2344743596425884,0.22245705401519017,DMFS,InD,nki,DeepSurv,41
8.2,0.23908161222338,0.2259115187637875,DMFS,InD,nki,DeepSurv,41
8.4,0.2389578378311854,0.22924030957687025,DMFS,InD,nki,DeepSurv,41
8.6,0.24521517399802875,0.2292403095768702,DMFS,InD,nki,DeepSurv,41
8.8,0.24521517399802875,0.2292403095768702,DMFS,InD,nki,DeepSurv,41
9.0,0.2609178824254476,0.23260029078127914,DMFS,InD,nki,DeepSurv,41
9.2,0.26008557715310987,0.23260029078127914,DMFS,InD,nki,DeepSurv,41
9.4,0.2623899706264353,0.23260029078127914,DMFS,InD,nki,DeepSurv,41
9.6,0.2669023407478327,0.2326002907812792,DMFS,InD,nki,DeepSurv,41
9.8,0.25989415439625796,0.2326002907812792,DMFS,InD,nki,DeepSurv,41
10.0,0.270386680303646,0.2326002907812792,DMFS,InD,nki,DeepSurv,41
1.4,0.04216890006890471,0.041909997470062396,DMFS,InD,nki,DeepSurv,42
1.6,0.05474564826256969,0.05322998582180807,DMFS,InD,nki,DeepSurv,42
1.8,0.06387847725346445,0.06423340255523695,DMFS,InD,nki,DeepSurv,42
2.0,0.08061679240675486,0.08014495587103644,DMFS,InD,nki,DeepSurv,42
2.2,0.10203145207321256,0.1004259470821394,DMFS,InD,nki,DeepSurv,42
2.4,0.1416234202552874,0.13319458297793085,DMFS,InD,nki,DeepSurv,42
2.6,0.14804886494719996,0.1375454986343606,DMFS,InD,nki,DeepSurv,42
2.8,0.1736878474415345,0.1541233661526573,DMFS,InD,nki,DeepSurv,42
3.0,0.1794475707462392,0.15806138425537583,DMFS,InD,nki,DeepSurv,42
3.2,0.18315813162831668,0.16191682284735215,DMFS,InD,nki,DeepSurv,42
3.4,0.19067631239685304,0.1694098684775575,DMFS,InD,nki,DeepSurv,42
3.6,0.2035634492739064,0.17659842511123935,DMFS,InD,nki,DeepSurv,42
3.8,0.21009521779250195,0.18009582947561958,DMFS,InD,nki,DeepSurv,42
4.0,0.21662496525275002,0.1835078662983356,DMFS,InD,nki,DeepSurv,42
4.2,0.2231379648746478,0.18683453557938737,DMFS,InD,nki,DeepSurv,42
4.4,0.2297276369232692,0.19010389208675313,DMFS,InD,nki,DeepSurv,42
4.6,0.236316381893441,0.19328637680753,DMFS,InD,nki,DeepSurv,42
4.8,0.26236516268975113,0.2051475978247485,DMFS,InD,nki,DeepSurv,42
5.0,0.2687175296595979,0.21060682505682626,DMFS,InD,nki,DeepSurv,42
5.2,0.26609412667430743,0.21060682505682632,DMFS,InD,nki,DeepSurv,42
5.4,0.2658890750004908,0.21060682505682626,DMFS,InD,nki,DeepSurv,42
5.6,0.26448160078366667,0.21347133045145364,DMFS,InD,nki,DeepSurv,42
5.8,0.26470187917787447,0.21347133045145367,DMFS,InD,nki,DeepSurv,42
6.0,0.26504393816901367,0.21347133045145364,DMFS,InD,nki,DeepSurv,42
6.2,0.26134886747077074,0.21347133045145364,DMFS,InD,nki,DeepSurv,42
6.4,0.2598255840482818,0.21347133045145367,DMFS,InD,nki,DeepSurv,42
6.6,0.26907070955839896,0.2167797705281272,DMFS,InD,nki,DeepSurv,42
6.8,0.2705387325901791,0.2167797705281272,DMFS,InD,nki,DeepSurv,42
7.0,0.2794982481350003,0.22005563950257007,DMFS,InD,nki,DeepSurv,42
7.2,0.28159021849799837,0.22005563950257012,DMFS,InD,nki,DeepSurv,42
7.4,0.2821722794600055,0.22005563950257007,DMFS,InD,nki,DeepSurv,42
7.6,0.30167215572686173,0.22665247589187376,DMFS,InD,nki,DeepSurv,42
7.8,0.30363940500955067,0.22665247589187376,DMFS,InD,nki,DeepSurv,42
8.0,0.2990172910448639,0.22665247589187382,DMFS,InD,nki,DeepSurv,42
8.2,0.3051040310566869,0.22665247589187376,DMFS,InD,nki,DeepSurv,42
8.4,0.3093132791009034,0.22665247589187382,DMFS,InD,nki,DeepSurv,42
8.6,0.323767706210059,0.22665247589187376,DMFS,InD,nki,DeepSurv,42
8.8,0.3255063334044582,0.22665247589187376,DMFS,InD,nki,DeepSurv,42
9.0,0.34383432416528487,0.22665247589187376,DMFS,InD,nki,DeepSurv,42
9.2,0.3418349965837796,0.23087523350355532,DMFS,InD,nki,DeepSurv,42
9.4,0.3450429727233213,0.23087523350355527,DMFS,InD,nki,DeepSurv,42
9.6,0.32757545428949275,0.2349387665143401,DMFS,InD,nki,DeepSurv,42
9.8,0.33011538356764436,0.2349387665143401,DMFS,InD,nki,DeepSurv,42
10.0,0.32215086560486056,0.23493876651434015,DMFS,InD,nki,DeepSurv,42
1.2,0.05704124825857328,0.05379212020865602,DMFS,InD,nki,DeepSurv,43
1.4,0.07613115401097324,0.07035994053659492,DMFS,InD,nki,DeepSurv,43
1.6,0.08887309103465116,0.08099921843009487,DMFS,InD,nki,DeepSurv,43
1.8,0.11435665068747373,0.10130352863679253,DMFS,InD,nki,DeepSurv,43
2.0,0.1399605306286021,0.12044182381283859,DMFS,InD,nki,DeepSurv,43
2.2,0.17203764332159768,0.1427366525967233,DMFS,InD,nki,DeepSurv,43
2.4,0.19026132117383762,0.15515858398860233,DMFS,InD,nki,DeepSurv,43
2.6,0.1895520249469037,0.15515858398860233,DMFS,InD,nki,DeepSurv,43
2.8,0.20797997231198728,0.16681630586388554,DMFS,InD,nki,DeepSurv,43
3.0,0.21331130403223061,0.17053238881862529,DMFS,InD,nki,DeepSurv,43
3.2,0.22475436963630205,0.17770981822257279,DMFS,InD,nki,DeepSurv,43
3.4,0.23655616342270544,0.18457633698864753,DMFS,InD,nki,DeepSurv,43
3.6,0.24047886024132836,0.18789512682374127,DMFS,InD,nki,DeepSurv,43
3.8,0.23628480190791618,0.1911275341770616,DMFS,InD,nki,DeepSurv,43
4.0,0.23361261432819633,0.1911275341770616,DMFS,InD,nki,DeepSurv,43
4.2,0.2303650251851852,0.1911275341770616,DMFS,InD,nki,DeepSurv,43
4.4,0.23653261417056076,0.19427355904860852,DMFS,InD,nki,DeepSurv,43
4.6,0.23900339152148736,0.19733320143838207,DMFS,InD,nki,DeepSurv,43
4.8,0.2402085209538331,0.2003064613463823,DMFS,InD,nki,DeepSurv,43
5.0,0.24363157830997206,0.20604441190428716,DMFS,InD,nki,DeepSurv,43
5.2,0.2387934102180341,0.2060444119042871,DMFS,InD,nki,DeepSurv,43
5.4,0.24179069813362428,0.20604441190428716,DMFS,InD,nki,DeepSurv,43
5.6,0.24402752493151744,0.2060444119042871,DMFS,InD,nki,DeepSurv,43
5.8,0.2469804834359815,0.20604441190428716,DMFS,InD,nki,DeepSurv,43
6.0,0.24898504742761754,0.2060444119042871,DMFS,InD,nki,DeepSurv,43
6.2,0.2563788158333543,0.20947549679337066,DMFS,InD,nki,DeepSurv,43
6.4,0.25651978146852983,0.21297081677839916,DMFS,InD,nki,DeepSurv,43
6.6,0.2661111315760654,0.21635083381407383,DMFS,InD,nki,DeepSurv,43
6.8,0.2750583622436551,0.21956911738135299,DMFS,InD,nki,DeepSurv,43
7.0,0.277937559220669,0.21956911738135299,DMFS,InD,nki,DeepSurv,43
7.2,0.2804365414100003,0.21956911738135299,DMFS,InD,nki,DeepSurv,43
7.4,0.27279748865290454,0.21956911738135299,DMFS,InD,nki,DeepSurv,43
7.6,0.2522298883263324,0.2232460458137063,DMFS,InD,nki,DeepSurv,43
7.8,0.25402890787321,0.22324604581370636,DMFS,InD,nki,DeepSurv,43
8.0,0.24353827673503342,0.2232460458137063,DMFS,InD,nki,DeepSurv,43
8.2,0.2549371512238047,0.2268578137276002,DMFS,InD,nki,DeepSurv,43
8.4,0.25575139471305525,0.2268578137276002,DMFS,InD,nki,DeepSurv,43
8.6,0.2529943324983578,0.23045000266467747,DMFS,InD,nki,DeepSurv,43
8.8,0.2543304663911877,0.23045000266467747,DMFS,InD,nki,DeepSurv,43
9.0,0.2645236462533481,0.23414613143739232,DMFS,InD,nki,DeepSurv,43
9.2,0.2645236462533481,0.23414613143739232,DMFS,InD,nki,DeepSurv,43
9.4,0.2687636364930027,0.23414613143739232,DMFS,InD,nki,DeepSurv,43
9.6,0.26397301463742506,0.23414613143739232,DMFS,InD,nki,DeepSurv,43
9.8,0.26759780181785653,0.23414613143739227,DMFS,InD,nki,DeepSurv,43
10.0,0.2458649043362627,0.23414613143739227,DMFS,InD,nki,DeepSurv,43
1.2,0.03792326220398131,0.03675605501237372,DMFS,InD,nki,DeepSurv,44
1.4,0.044386746084301064,0.04259807700109537,DMFS,InD,nki,DeepSurv,44
1.6,0.05701571814239433,0.05403870339567529,DMFS,InD,nki,DeepSurv,44
1.8,0.07749345886371115,0.07594628585338149,DMFS,InD,nki,DeepSurv,44
2.0,0.11200128494716491,0.10657597657169549,DMFS,InD,nki,DeepSurv,44
2.2,0.11654290642202916,0.11142806632948773,DMFS,InD,nki,DeepSurv,44
2.4,0.1535883644816914,0.14305490758156297,DMFS,InD,nki,DeepSurv,44
2.6,0.15360635445630394,0.14305490758156297,DMFS,InD,nki,DeepSurv,44
2.8,0.1673597640523137,0.1556428959970574,DMFS,InD,nki,DeepSurv,44
3.0,0.1673597640523137,0.1556428959970574,DMFS,InD,nki,DeepSurv,44
3.2,0.17026445838570767,0.15966379589296048,DMFS,InD,nki,DeepSurv,44
3.4,0.1856257398935353,0.17120120685288426,DMFS,InD,nki,DeepSurv,44
3.6,0.19230558208596105,0.17490291049618514,DMFS,InD,nki,DeepSurv,44
3.8,0.19482383883393678,0.17851556307359745,DMFS,InD,nki,DeepSurv,44
4.0,0.20113270109364573,0.18203916458512137,DMFS,InD,nki,DeepSurv,44
4.2,0.1973159828148437,0.18203916458512137,DMFS,InD,nki,DeepSurv,44
4.4,0.19364853639914129,0.18203916458512137,DMFS,InD,nki,DeepSurv,44
4.6,0.20015187584318267,0.18547371503075677,DMFS,InD,nki,DeepSurv,44
4.8,0.20370790982888104,0.19210459535183966,DMFS,InD,nki,DeepSurv,44
5.0,0.21723075908780903,0.19845947689543042,DMFS,InD,nki,DeepSurv,44
5.2,0.22003442366714418,0.20158470825722138,DMFS,InD,nki,DeepSurv,44
5.4,0.22021229605659048,0.20158470825722138,DMFS,InD,nki,DeepSurv,44
5.6,0.22097215947134363,0.20158470825722144,DMFS,InD,nki,DeepSurv,44
5.8,0.2199074029838144,0.20158470825722138,DMFS,InD,nki,DeepSurv,44
6.0,0.22070848688662154,0.20158470825722144,DMFS,InD,nki,DeepSurv,44
6.2,0.22947525587651557,0.20515834203659708,DMFS,InD,nki,DeepSurv,44
6.4,0.23782292619810316,0.20884720833395823,DMFS,InD,nki,DeepSurv,44
6.6,0.24708527645035624,0.212513878120241,DMFS,InD,nki,DeepSurv,44
6.8,0.2529360596650735,0.2160555569127529,DMFS,InD,nki,DeepSurv,44
7.0,0.26244870069959575,0.21946703607551896,DMFS,InD,nki,DeepSurv,44
7.2,0.2632322217211227,0.21946703607551896,DMFS,InD,nki,DeepSurv,44
7.4,0.2509555037050093,0.21946703607551896,DMFS,InD,nki,DeepSurv,44
7.6,0.26284890352477913,0.22649401258537488,DMFS,InD,nki,DeepSurv,44
7.8,0.26303423953259264,0.22649401258537488,DMFS,InD,nki,DeepSurv,44
8.0,0.26322583877266675,0.22649401258537488,DMFS,InD,nki,DeepSurv,44
8.2,0.2742507589896288,0.22976679763596355,DMFS,InD,nki,DeepSurv,44
8.4,0.2635374103396938,0.22976679763596358,DMFS,InD,nki,DeepSurv,44
8.6,0.2697104010576819,0.23289794427169425,DMFS,InD,nki,DeepSurv,44
8.8,0.270046488246816,0.23289794427169422,DMFS,InD,nki,DeepSurv,44
9.0,0.27972629013031103,0.23875582367320783,DMFS,InD,nki,DeepSurv,44
9.2,0.27999839674071275,0.23875582367320783,DMFS,InD,nki,DeepSurv,44
9.4,0.2805609959413048,0.23875582367320783,DMFS,InD,nki,DeepSurv,44
9.6,0.26999911314253816,0.23875582367320777,DMFS,InD,nki,DeepSurv,44
9.8,0.26999911314253816,0.23875582367320777,DMFS,InD,nki,DeepSurv,44
10.0,0.26832821839526816,0.23875582367320783,DMFS,InD,nki,DeepSurv,44
1.4,0.057305045103637854,0.05350984949938318,DMFS,InD,nki,ENCox,40
1.6,0.0671861222418707,0.05908220411439684,DMFS,InD,nki,ENCox,40
1.8,0.07456597363101593,0.06457440357911699,DMFS,InD,nki,ENCox,40
2.0,0.09007208579468398,0.07002324030611443,DMFS,InD,nki,ENCox,40
2.2,0.11720052071794948,0.09111415777433904,DMFS,InD,nki,ENCox,40
2.4,0.1613525742667945,0.11106061565796588,DMFS,InD,nki,ENCox,40
2.6,0.15559324558072188,0.11106061565796588,DMFS,InD,nki,ENCox,40
2.8,0.17578118082899388,0.12067220353676411,DMFS,InD,nki,ENCox,40
3.0,0.18620674491885855,0.12067220353676411,DMFS,InD,nki,ENCox,40
3.2,0.20333003892850426,0.12534881802206263,DMFS,InD,nki,ENCox,40
3.4,0.20085540697541746,0.14319407960258643,DMFS,InD,nki,ENCox,40
3.6,0.21017773400088044,0.15969375688004894,DMFS,InD,nki,ENCox,40
3.8,0.22156992868807807,0.16747111976329376,DMFS,InD,nki,ENCox,40
4.0,0.225504416266007,0.17122849537576496,DMFS,InD,nki,ENCox,40
4.2,0.22171515013847123,0.17489833376880193,DMFS,InD,nki,ENCox,40
4.4,0.22630742289407074,0.17848063494240468,DMFS,InD,nki,ENCox,40
4.6,0.23031044927345165,0.18197539889657333,DMFS,InD,nki,ENCox,40
4.8,0.2615740339926782,0.19193446744247408,DMFS,InD,nki,ENCox,40
5.0,0.27402379757618706,0.19510701452030163,DMFS,InD,nki,ENCox,40
5.2,0.2745605850365157,0.19819044002678093,DMFS,InD,nki,ENCox,40
5.4,0.27317317665357027,0.19819044002678082,DMFS,InD,nki,ENCox,40
5.6,0.27777416546839084,0.19819044002678085,DMFS,InD,nki,ENCox,40
5.8,0.2811200201837849,0.1981904400267809,DMFS,InD,nki,ENCox,40
6.0,0.28232904773594153,0.19819044002678088,DMFS,InD,nki,ENCox,40
6.2,0.28874323929971835,0.19819044002678093,DMFS,InD,nki,ENCox,40
6.4,0.2886252744802585,0.20573453455393415,DMFS,InD,nki,ENCox,40
6.6,0.2935447580973539,0.20934804280822616,DMFS,InD,nki,ENCox,40
6.8,0.2863536394217494,0.21285052239213278,DMFS,InD,nki,ENCox,40
7.0,0.29036096549533486,0.21285052239213278,DMFS,InD,nki,ENCox,40
7.2,0.287116351624656,0.21285052239213273,DMFS,InD,nki,ENCox,40
7.4,0.2860290220799153,0.21285052239213273,DMFS,InD,nki,ENCox,40
7.6,0.3110937030721394,0.22075009126549677,DMFS,InD,nki,ENCox,40
7.8,0.3142483862677846,0.22075009126549672,DMFS,InD,nki,ENCox,40
8.0,0.31874084684448434,0.22075009126549672,DMFS,InD,nki,ENCox,40
8.2,0.33028290872953453,0.22075009126549677,DMFS,InD,nki,ENCox,40
8.4,0.3335645980142479,0.22075009126549672,DMFS,InD,nki,ENCox,40
8.6,0.34280166630258957,0.2250015999787586,DMFS,InD,nki,ENCox,40
8.8,0.3467962117555949,0.22500159997875854,DMFS,InD,nki,ENCox,40
9.0,0.3374263460385415,0.22907275782833594,DMFS,InD,nki,ENCox,40
9.2,0.32844700149194794,0.23278295620970918,DMFS,InD,nki,ENCox,40
9.4,0.3267820265124557,0.23278295620970918,DMFS,InD,nki,ENCox,40
9.6,0.31766775243562434,0.2364254016686079,DMFS,InD,nki,ENCox,40
9.8,0.31766775243562434,0.2364254016686079,DMFS,InD,nki,ENCox,40
10.0,0.30291591784489047,0.23642540166860787,DMFS,InD,nki,ENCox,40
1.2,0.04255962781930691,0.04259807700109538,DMFS,InD,nki,ENCox,41
1.4,0.04900167860945312,0.04835895979552924,DMFS,InD,nki,ENCox,41
1.6,0.05933596381099353,0.059637307801533535,DMFS,InD,nki,ENCox,41
1.8,0.07511556377263766,0.07594628585338148,DMFS,InD,nki,ENCox,41
2.0,0.09480626507725656,0.09655564120248288,DMFS,InD,nki,ENCox,41
2.2,0.10500033671561351,0.1064429398023127,DMFS,InD,nki,ENCox,41
2.4,0.13003717238806467,0.13412937485996784,DMFS,InD,nki,ENCox,41
2.6,0.13014057622651282,0.13412937485996784,DMFS,InD,nki,ENCox,41
2.8,0.13493585548605505,0.13848865303041125,DMFS,InD,nki,ENCox,41
3.0,0.13849549007172435,0.14276434914515787,DMFS,InD,nki,ENCox,41
3.2,0.14702222899018366,0.15106499520756073,DMFS,InD,nki,ENCox,41
3.4,0.16531843966851217,0.17035392438887387,DMFS,InD,nki,ENCox,41
3.6,0.175503468971217,0.1809242972293003,DMFS,InD,nki,ENCox,41
3.8,0.1799392492587126,0.1843089167594673,DMFS,InD,nki,ENCox,41
4.0,0.17924845753828927,0.1843089167594673,DMFS,InD,nki,ENCox,41
4.2,0.17952579085536063,0.1876085193750663,DMFS,InD,nki,ENCox,41
4.4,0.18285468422552031,0.19085092704418966,DMFS,InD,nki,ENCox,41
4.6,0.18205906543945813,0.19085092704418966,DMFS,InD,nki,ENCox,41
4.8,0.1872359010458589,0.19707619743895477,DMFS,InD,nki,ENCox,41
5.0,0.19712326689884097,0.20597668831145932,DMFS,InD,nki,ENCox,41
5.2,0.1973942280688207,0.20597668831145927,DMFS,InD,nki,ENCox,41
5.4,0.1976208604485809,0.20597668831145927,DMFS,InD,nki,ENCox,41
5.6,0.19793483247338664,0.20597668831145938,DMFS,InD,nki,ENCox,41
5.8,0.19846332731550143,0.20597668831145927,DMFS,InD,nki,ENCox,41
6.0,0.19877325111018534,0.20597668831145927,DMFS,InD,nki,ENCox,41
6.2,0.20108245723850926,0.20915565170194778,DMFS,InD,nki,ENCox,41
6.4,0.20448281752597067,0.21242703466505555,DMFS,InD,nki,ENCox,41
6.6,0.20757866154328722,0.21563669671049138,DMFS,InD,nki,ENCox,41
6.8,0.20787782209498107,0.2156366967104914,DMFS,InD,nki,ENCox,41
7.0,0.21159927923769004,0.21898579783837882,DMFS,InD,nki,ENCox,41
7.2,0.21070856206218677,0.21898579783837877,DMFS,InD,nki,ENCox,41
7.4,0.2107859091918783,0.21898579783837882,DMFS,InD,nki,ENCox,41
7.6,0.2164665247346084,0.2224570540151901,DMFS,InD,nki,ENCox,41
7.8,0.21705638645050634,0.22245705401519014,DMFS,InD,nki,ENCox,41
8.0,0.2174666989083863,0.22245705401519017,DMFS,InD,nki,ENCox,41
8.2,0.2230537706272468,0.2259115187637875,DMFS,InD,nki,ENCox,41
8.4,0.22602877329823362,0.22924030957687025,DMFS,InD,nki,ENCox,41
8.6,0.22853652293305826,0.2292403095768702,DMFS,InD,nki,ENCox,41
8.8,0.22853652293305826,0.2292403095768702,DMFS,InD,nki,ENCox,41
9.0,0.23423201414182912,0.23260029078127914,DMFS,InD,nki,ENCox,41
9.2,0.23378105561122742,0.23260029078127914,DMFS,InD,nki,ENCox,41
9.4,0.2343936719886548,0.23260029078127914,DMFS,InD,nki,ENCox,41
9.6,0.2381413435633483,0.2326002907812792,DMFS,InD,nki,ENCox,41
9.8,0.23719900227004692,0.2326002907812792,DMFS,InD,nki,ENCox,41
10.0,0.23868543505711665,0.2326002907812792,DMFS,InD,nki,ENCox,41
1.4,0.043169451306657614,0.041909997470062396,DMFS,InD,nki,ENCox,42
1.6,0.05559182064010132,0.05322998582180807,DMFS,InD,nki,ENCox,42
1.8,0.06661520972095158,0.06423340255523695,DMFS,InD,nki,ENCox,42
2.0,0.08182139883909503,0.08014495587103644,DMFS,InD,nki,ENCox,42
2.2,0.09951517730041526,0.1004259470821394,DMFS,InD,nki,ENCox,42
2.4,0.1306274096452073,0.13319458297793085,DMFS,InD,nki,ENCox,42
2.6,0.13701558209585088,0.1375454986343606,DMFS,InD,nki,ENCox,42
2.8,0.16178196763325112,0.1541233661526573,DMFS,InD,nki,ENCox,42
3.0,0.16712136211886586,0.15806138425537583,DMFS,InD,nki,ENCox,42
3.2,0.16836913306138884,0.16191682284735215,DMFS,InD,nki,ENCox,42
3.4,0.16970884549676166,0.1694098684775575,DMFS,InD,nki,ENCox,42
3.6,0.18148914845740277,0.17659842511123935,DMFS,InD,nki,ENCox,42
3.8,0.18798424975942823,0.18009582947561958,DMFS,InD,nki,ENCox,42
4.0,0.19388705479552606,0.1835078662983356,DMFS,InD,nki,ENCox,42
4.2,0.19481308590239585,0.18683453557938737,DMFS,InD,nki,ENCox,42
4.4,0.20128968344957193,0.19010389208675313,DMFS,InD,nki,ENCox,42
4.6,0.20754302872118252,0.19328637680753,DMFS,InD,nki,ENCox,42
4.8,0.229474191369139,0.2051475978247485,DMFS,InD,nki,ENCox,42
5.0,0.23548057660749833,0.21060682505682626,DMFS,InD,nki,ENCox,42
5.2,0.22995346396071342,0.21060682505682632,DMFS,InD,nki,ENCox,42
5.4,0.22965070898738266,0.21060682505682626,DMFS,InD,nki,ENCox,42
5.6,0.23597696425481968,0.21347133045145364,DMFS,InD,nki,ENCox,42
5.8,0.23646110850073504,0.21347133045145367,DMFS,InD,nki,ENCox,42
6.0,0.23703790876427497,0.21347133045145364,DMFS,InD,nki,ENCox,42
6.2,0.23202719911244554,0.21347133045145364,DMFS,InD,nki,ENCox,42
6.4,0.22720318068047982,0.21347133045145367,DMFS,InD,nki,ENCox,42
6.6,0.2342344586297555,0.2167797705281272,DMFS,InD,nki,ENCox,42
6.8,0.2321933345328148,0.2167797705281272,DMFS,InD,nki,ENCox,42
7.0,0.23968172453526213,0.22005563950257007,DMFS,InD,nki,ENCox,42
7.2,0.24273784018449787,0.22005563950257012,DMFS,InD,nki,ENCox,42
7.4,0.2435991132269802,0.22005563950257007,DMFS,InD,nki,ENCox,42
7.6,0.25301139377047194,0.22665247589187376,DMFS,InD,nki,ENCox,42
7.8,0.25305570186031456,0.22665247589187376,DMFS,InD,nki,ENCox,42
8.0,0.2440214010346326,0.22665247589187382,DMFS,InD,nki,ENCox,42
8.2,0.24451533843130444,0.22665247589187376,DMFS,InD,nki,ENCox,42
8.4,0.24635366132330194,0.22665247589187382,DMFS,InD,nki,ENCox,42
8.6,0.2535355457385142,0.22665247589187376,DMFS,InD,nki,ENCox,42
8.8,0.25442005961746317,0.22665247589187376,DMFS,InD,nki,ENCox,42
9.0,0.27198277803388854,0.22665247589187376,DMFS,InD,nki,ENCox,42
9.2,0.2550903141546311,0.23087523350355532,DMFS,InD,nki,ENCox,42
9.4,0.25781563589146456,0.23087523350355527,DMFS,InD,nki,ENCox,42
9.6,0.2437971868684302,0.2349387665143401,DMFS,InD,nki,ENCox,42
9.8,0.2467193980447197,0.2349387665143401,DMFS,InD,nki,ENCox,42
10.0,0.23267734242104537,0.23493876651434015,DMFS,InD,nki,ENCox,42
1.2,0.05373455546576582,0.05379212020865602,DMFS,InD,nki,ENCox,43
1.4,0.07011909086101786,0.07035994053659492,DMFS,InD,nki,ENCox,43
1.6,0.08196597183918768,0.08099921843009487,DMFS,InD,nki,ENCox,43
1.8,0.10476444094624353,0.10130352863679253,DMFS,InD,nki,ENCox,43
2.0,0.12528827467811704,0.12044182381283859,DMFS,InD,nki,ENCox,43
2.2,0.15097242113283502,0.1427366525967233,DMFS,InD,nki,ENCox,43
2.4,0.16162115139345107,0.15515858398860233,DMFS,InD,nki,ENCox,43
2.6,0.15923704936155514,0.15515858398860233,DMFS,InD,nki,ENCox,43
2.8,0.17109776702668691,0.16681630586388554,DMFS,InD,nki,ENCox,43
3.0,0.1735546487939784,0.17053238881862529,DMFS,InD,nki,ENCox,43
3.2,0.18053139216527275,0.17770981822257279,DMFS,InD,nki,ENCox,43
3.4,0.18770995253468778,0.18457633698864753,DMFS,InD,nki,ENCox,43
3.6,0.18964761576620356,0.18789512682374127,DMFS,InD,nki,ENCox,43
3.8,0.19203511899042874,0.1911275341770616,DMFS,InD,nki,ENCox,43
4.0,0.19038102458437317,0.1911275341770616,DMFS,InD,nki,ENCox,43
4.2,0.1891006094877473,0.1911275341770616,DMFS,InD,nki,ENCox,43
4.4,0.19216846402948534,0.19427355904860852,DMFS,InD,nki,ENCox,43
4.6,0.1939762027529238,0.19733320143838207,DMFS,InD,nki,ENCox,43
4.8,0.19459375676358656,0.2003064613463823,DMFS,InD,nki,ENCox,43
5.0,0.19993292151436765,0.20604441190428716,DMFS,InD,nki,ENCox,43
5.2,0.19991069983094648,0.2060444119042871,DMFS,InD,nki,ENCox,43
5.4,0.19988488587594017,0.20604441190428716,DMFS,InD,nki,ENCox,43
5.6,0.20029832046283072,0.2060444119042871,DMFS,InD,nki,ENCox,43
5.8,0.2003129633165171,0.20604441190428716,DMFS,InD,nki,ENCox,43
6.0,0.20031350897261602,0.2060444119042871,DMFS,InD,nki,ENCox,43
6.2,0.20482139000199032,0.20947549679337066,DMFS,InD,nki,ENCox,43
6.4,0.20688602499276118,0.21297081677839916,DMFS,InD,nki,ENCox,43
6.6,0.21042265946967253,0.21635083381407383,DMFS,InD,nki,ENCox,43
6.8,0.21517036077914678,0.21956911738135299,DMFS,InD,nki,ENCox,43
7.0,0.21503669775837678,0.21956911738135299,DMFS,InD,nki,ENCox,43
7.2,0.21553438204020026,0.21956911738135299,DMFS,InD,nki,ENCox,43
7.4,0.21592450994162835,0.21956911738135299,DMFS,InD,nki,ENCox,43
7.6,0.21797712352231996,0.2232460458137063,DMFS,InD,nki,ENCox,43
7.8,0.21845418376524967,0.22324604581370636,DMFS,InD,nki,ENCox,43
8.0,0.21827286312648386,0.2232460458137063,DMFS,InD,nki,ENCox,43
8.2,0.2223373164794676,0.2268578137276002,DMFS,InD,nki,ENCox,43
8.4,0.22300636647802224,0.2268578137276002,DMFS,InD,nki,ENCox,43
8.6,0.22664938047311364,0.23045000266467747,DMFS,InD,nki,ENCox,43
8.8,0.2267257586127879,0.23045000266467747,DMFS,InD,nki,ENCox,43
9.0,0.2277353513659599,0.23414613143739232,DMFS,InD,nki,ENCox,43
9.2,0.2277353513659599,0.23414613143739232,DMFS,InD,nki,ENCox,43
9.4,0.22718805656998656,0.23414613143739232,DMFS,InD,nki,ENCox,43
9.6,0.22672292793662013,0.23414613143739232,DMFS,InD,nki,ENCox,43
9.8,0.22751502610682714,0.23414613143739227,DMFS,InD,nki,ENCox,43
10.0,0.22564730987157633,0.23414613143739227,DMFS,InD,nki,ENCox,43
1.2,0.039083708761346966,0.03675605501237372,DMFS,InD,nki,ENCox,44
1.4,0.05063816376402831,0.04259807700109537,DMFS,InD,nki,ENCox,44
1.6,0.06489978453069815,0.05403870339567529,DMFS,InD,nki,ENCox,44
1.8,0.08794861477918997,0.07594628585338149,DMFS,InD,nki,ENCox,44
2.0,0.11550997141615005,0.10657597657169549,DMFS,InD,nki,ENCox,44
2.2,0.12450173934527946,0.11142806632948773,DMFS,InD,nki,ENCox,44
2.4,0.14440123013653644,0.14305490758156297,DMFS,InD,nki,ENCox,44
2.6,0.14351637145441073,0.14305490758156297,DMFS,InD,nki,ENCox,44
2.8,0.15003210172243278,0.1556428959970574,DMFS,InD,nki,ENCox,44
3.0,0.15003210172243278,0.1556428959970574,DMFS,InD,nki,ENCox,44
3.2,0.1548339966851615,0.15966379589296048,DMFS,InD,nki,ENCox,44
3.4,0.16941919965877483,0.17120120685288426,DMFS,InD,nki,ENCox,44
3.6,0.17615669782482501,0.17490291049618514,DMFS,InD,nki,ENCox,44
3.8,0.18282438529678754,0.17851556307359745,DMFS,InD,nki,ENCox,44
4.0,0.18773717777708615,0.18203916458512137,DMFS,InD,nki,ENCox,44
4.2,0.1887196185473266,0.18203916458512137,DMFS,InD,nki,ENCox,44
4.4,0.19052658872174896,0.18203916458512137,DMFS,InD,nki,ENCox,44
4.6,0.19610212978539165,0.18547371503075677,DMFS,InD,nki,ENCox,44
4.8,0.2091287352058945,0.19210459535183966,DMFS,InD,nki,ENCox,44
5.0,0.21742835831246593,0.19845947689543042,DMFS,InD,nki,ENCox,44
5.2,0.22033536403727877,0.20158470825722138,DMFS,InD,nki,ENCox,44
5.4,0.21679860175800442,0.20158470825722138,DMFS,InD,nki,ENCox,44
5.6,0.2192713323173591,0.20158470825722144,DMFS,InD,nki,ENCox,44
5.8,0.21891576040632305,0.20158470825722138,DMFS,InD,nki,ENCox,44
6.0,0.2214955236458313,0.20158470825722144,DMFS,InD,nki,ENCox,44
6.2,0.23102303745266575,0.20515834203659708,DMFS,InD,nki,ENCox,44
6.4,0.23317851980686521,0.20884720833395823,DMFS,InD,nki,ENCox,44
6.6,0.23931721289339541,0.212513878120241,DMFS,InD,nki,ENCox,44
6.8,0.23647584150421155,0.2160555569127529,DMFS,InD,nki,ENCox,44
7.0,0.2413855102654216,0.21946703607551896,DMFS,InD,nki,ENCox,44
7.2,0.23605697834374878,0.21946703607551896,DMFS,InD,nki,ENCox,44
7.4,0.23030467977082889,0.21946703607551896,DMFS,InD,nki,ENCox,44
7.6,0.24372639142690328,0.22649401258537488,DMFS,InD,nki,ENCox,44
7.8,0.24490382988307796,0.22649401258537488,DMFS,InD,nki,ENCox,44
8.0,0.24614434646526745,0.22649401258537488,DMFS,InD,nki,ENCox,44
8.2,0.2552867185431941,0.22976679763596355,DMFS,InD,nki,ENCox,44
8.4,0.2553547138083594,0.22976679763596358,DMFS,InD,nki,ENCox,44
8.6,0.2595558276021872,0.23289794427169425,DMFS,InD,nki,ENCox,44
8.8,0.26127156953444397,0.23289794427169422,DMFS,InD,nki,ENCox,44
9.0,0.23059895506627917,0.23875582367320783,DMFS,InD,nki,ENCox,44
9.2,0.2274890319249728,0.23875582367320783,DMFS,InD,nki,ENCox,44
9.4,0.22853680790440417,0.23875582367320783,DMFS,InD,nki,ENCox,44
9.6,0.22866660809135103,0.23875582367320777,DMFS,InD,nki,ENCox,44
9.8,0.22866660809135103,0.23875582367320777,DMFS,InD,nki,ENCox,44
10.0,0.2237556079651022,0.23875582367320783,DMFS,InD,nki,ENCox,44
1.4,0.1427562171180517,0.05350984949938318,DMFS,InD,nki,LH,40
1.6,0.14238254848971849,0.05908220411439684,DMFS,InD,nki,LH,40
1.8,0.14618278056603995,0.06457440357911699,DMFS,InD,nki,LH,40
2.0,0.14841002906516523,0.07002324030611443,DMFS,InD,nki,LH,40
2.2,0.38405113803673074,0.09111415777433904,DMFS,InD,nki,LH,40
2.4,0.37057646243077463,0.11106061565796588,DMFS,InD,nki,LH,40
2.6,0.3671985733181681,0.11106061565796588,DMFS,InD,nki,LH,40
2.8,0.3670257221917145,0.12067220353676411,DMFS,InD,nki,LH,40
3.0,0.3670257221917145,0.12067220353676411,DMFS,InD,nki,LH,40
3.2,0.3666249436517815,0.12534881802206263,DMFS,InD,nki,LH,40
3.4,0.3570152870447168,0.14319407960258643,DMFS,InD,nki,LH,40
3.6,0.3501778972107168,0.15969375688004894,DMFS,InD,nki,LH,40
3.8,0.3464455542165654,0.16747111976329376,DMFS,InD,nki,LH,40
4.0,0.3486106842033493,0.17122849537576496,DMFS,InD,nki,LH,40
4.2,0.3988325809081301,0.17489833376880193,DMFS,InD,nki,LH,40
4.4,0.3967839845573443,0.17848063494240468,DMFS,InD,nki,LH,40
4.6,0.3913623147346533,0.18197539889657333,DMFS,InD,nki,LH,40
4.8,0.379265396653814,0.19193446744247408,DMFS,InD,nki,LH,40
5.0,0.37533904529380013,0.19510701452030163,DMFS,InD,nki,LH,40
5.2,0.3710824038642353,0.19819044002678093,DMFS,InD,nki,LH,40
5.4,0.37037623133768194,0.19819044002678082,DMFS,InD,nki,LH,40
5.6,0.3778049134618725,0.19819044002678085,DMFS,InD,nki,LH,40
5.8,0.37659482573907577,0.1981904400267809,DMFS,InD,nki,LH,40
6.0,0.37805386784830924,0.19819044002678088,DMFS,InD,nki,LH,40
6.2,0.5107310550239005,0.19819044002678093,DMFS,InD,nki,LH,40
6.4,0.4941796056605193,0.20573453455393415,DMFS,InD,nki,LH,40
6.6,0.4917416929067745,0.20934804280822616,DMFS,InD,nki,LH,40
6.8,0.48146724410355296,0.21285052239213278,DMFS,InD,nki,LH,40
7.0,0.4813429142868488,0.21285052239213278,DMFS,InD,nki,LH,40
7.2,0.48284197319070826,0.21285052239213273,DMFS,InD,nki,LH,40
7.4,0.47581491586946145,0.21285052239213273,DMFS,InD,nki,LH,40
7.6,0.4724993438950486,0.22075009126549677,DMFS,InD,nki,LH,40
7.8,0.4713175110699096,0.22075009126549672,DMFS,InD,nki,LH,40
8.0,0.47337976497012624,0.22075009126549672,DMFS,InD,nki,LH,40
8.2,0.5387556186750213,0.22075009126549677,DMFS,InD,nki,LH,40
8.4,0.5428155034103811,0.22075009126549672,DMFS,InD,nki,LH,40
8.6,0.5270539630375177,0.2250015999787586,DMFS,InD,nki,LH,40
8.8,0.5296701348531478,0.22500159997875854,DMFS,InD,nki,LH,40
9.0,0.5159698056637391,0.22907275782833594,DMFS,InD,nki,LH,40
9.2,0.5032713501509232,0.23278295620970918,DMFS,InD,nki,LH,40
9.4,0.4993060566344883,0.23278295620970918,DMFS,InD,nki,LH,40
9.6,0.4890309398134156,0.2364254016686079,DMFS,InD,nki,LH,40
9.8,0.4890309398134156,0.2364254016686079,DMFS,InD,nki,LH,40
10.0,0.4876658769122173,0.23642540166860787,DMFS,InD,nki,LH,40
1.2,0.04324313479999349,0.04259807700109538,DMFS,InD,nki,LH,41
1.4,0.04921315272518305,0.04835895979552924,DMFS,InD,nki,LH,41
1.6,0.061032868437663534,0.059637307801533535,DMFS,InD,nki,LH,41
1.8,0.07916317314474726,0.07594628585338148,DMFS,InD,nki,LH,41
2.0,0.10599843903429425,0.09655564120248288,DMFS,InD,nki,LH,41
2.2,0.10452776580888923,0.1064429398023127,DMFS,InD,nki,LH,41
2.4,0.1368142130296713,0.13412937485996784,DMFS,InD,nki,LH,41
2.6,0.1368142130296713,0.13412937485996784,DMFS,InD,nki,LH,41
2.8,0.14298276880807056,0.13848865303041125,DMFS,InD,nki,LH,41
3.0,0.1489762945695134,0.14276434914515787,DMFS,InD,nki,LH,41
3.2,0.16079140702951622,0.15106499520756073,DMFS,InD,nki,LH,41
3.4,0.1860089780142276,0.17035392438887387,DMFS,InD,nki,LH,41
3.6,0.1954320427824263,0.1809242972293003,DMFS,InD,nki,LH,41
3.8,0.20079745006454722,0.1843089167594673,DMFS,InD,nki,LH,41
4.0,0.20897417931650586,0.1843089167594673,DMFS,InD,nki,LH,41
4.2,0.2026597314045496,0.1876085193750663,DMFS,InD,nki,LH,41
4.4,0.20859604188424924,0.19085092704418966,DMFS,InD,nki,LH,41
4.6,0.20859604188424924,0.19085092704418966,DMFS,InD,nki,LH,41
4.8,0.2203052902444785,0.19707619743895477,DMFS,InD,nki,LH,41
5.0,0.23657061500708226,0.20597668831145932,DMFS,InD,nki,LH,41
5.2,0.2376734469251617,0.20597668831145927,DMFS,InD,nki,LH,41
5.4,0.23824404784405367,0.20597668831145927,DMFS,InD,nki,LH,41
5.6,0.23897343089820292,0.20597668831145938,DMFS,InD,nki,LH,41
5.8,0.2401846183653765,0.20597668831145927,DMFS,InD,nki,LH,41
6.0,0.2406628723614319,0.20597668831145927,DMFS,InD,nki,LH,41
6.2,0.2487050582309874,0.20915565170194778,DMFS,InD,nki,LH,41
6.4,0.2566559681682664,0.21242703466505555,DMFS,InD,nki,LH,41
6.6,0.2663797951920028,0.21563669671049138,DMFS,InD,nki,LH,41
6.8,0.24864937999199554,0.2156366967104914,DMFS,InD,nki,LH,41
7.0,0.25011862434353205,0.21898579783837882,DMFS,InD,nki,LH,41
7.2,0.2479089736562507,0.21898579783837877,DMFS,InD,nki,LH,41
7.4,0.2494238875370467,0.21898579783837882,DMFS,InD,nki,LH,41
7.6,0.2648551610209944,0.2224570540151901,DMFS,InD,nki,LH,41
7.8,0.26674221936575804,0.22245705401519014,DMFS,InD,nki,LH,41
8.0,0.29798264722672074,0.22245705401519017,DMFS,InD,nki,LH,41
8.2,0.30304350257912294,0.2259115187637875,DMFS,InD,nki,LH,41
8.4,0.3062248475458388,0.22924030957687025,DMFS,InD,nki,LH,41
8.6,0.31242381798134616,0.2292403095768702,DMFS,InD,nki,LH,41
8.8,0.31242381798134616,0.2292403095768702,DMFS,InD,nki,LH,41
9.0,0.3191946700928693,0.23260029078127914,DMFS,InD,nki,LH,41
9.2,0.32158567222932405,0.23260029078127914,DMFS,InD,nki,LH,41
9.4,0.32516178442040056,0.23260029078127914,DMFS,InD,nki,LH,41
9.6,0.3287282392566131,0.2326002907812792,DMFS,InD,nki,LH,41
9.8,0.33202376269662914,0.2326002907812792,DMFS,InD,nki,LH,41
10.0,0.35294307492386934,0.2326002907812792,DMFS,InD,nki,LH,41
1.4,0.051975384803345584,0.041909997470062396,DMFS,InD,nki,LH,42
1.6,0.06199745370755039,0.05322998582180807,DMFS,InD,nki,LH,42
1.8,0.10124625550586415,0.06423340255523695,DMFS,InD,nki,LH,42
2.0,0.10279374259563741,0.08014495587103644,DMFS,InD,nki,LH,42
2.2,0.10018098979500642,0.1004259470821394,DMFS,InD,nki,LH,42
2.4,0.11002989191568557,0.13319458297793085,DMFS,InD,nki,LH,42
2.6,0.11492160509770144,0.1375454986343606,DMFS,InD,nki,LH,42
2.8,0.13414594815795036,0.1541233661526573,DMFS,InD,nki,LH,42
3.0,0.13728172651263887,0.15806138425537583,DMFS,InD,nki,LH,42
3.2,0.14229618576899858,0.16191682284735215,DMFS,InD,nki,LH,42
3.4,0.14540554026225044,0.1694098684775575,DMFS,InD,nki,LH,42
3.6,0.15389108761772774,0.17659842511123935,DMFS,InD,nki,LH,42
3.8,0.15886816303844156,0.18009582947561958,DMFS,InD,nki,LH,42
4.0,0.16326212535275567,0.1835078662983356,DMFS,InD,nki,LH,42
4.2,0.1587388823010923,0.18683453557938737,DMFS,InD,nki,LH,42
4.4,0.16367164910381388,0.19010389208675313,DMFS,InD,nki,LH,42
4.6,0.16870901235412497,0.19328637680753,DMFS,InD,nki,LH,42
4.8,0.1838000472106756,0.2051475978247485,DMFS,InD,nki,LH,42
5.0,0.18867652012348252,0.21060682505682626,DMFS,InD,nki,LH,42
5.2,0.1898063085071609,0.21060682505682632,DMFS,InD,nki,LH,42
5.4,0.2019133765723519,0.21060682505682626,DMFS,InD,nki,LH,42
5.6,0.20739275495431278,0.21347133045145364,DMFS,InD,nki,LH,42
5.8,0.20882768112143793,0.21347133045145367,DMFS,InD,nki,LH,42
6.0,0.21067686805931088,0.21347133045145364,DMFS,InD,nki,LH,42
6.2,0.2139214990218365,0.21347133045145364,DMFS,InD,nki,LH,42
6.4,0.21569756474562407,0.21347133045145367,DMFS,InD,nki,LH,42
6.6,0.22280141769095066,0.2167797705281272,DMFS,InD,nki,LH,42
6.8,0.2169546245161606,0.2167797705281272,DMFS,InD,nki,LH,42
7.0,0.22160575315730932,0.22005563950257007,DMFS,InD,nki,LH,42
7.2,0.2532837054704141,0.22005563950257012,DMFS,InD,nki,LH,42
7.4,0.25476535629580077,0.22005563950257007,DMFS,InD,nki,LH,42
7.6,0.25023715712556427,0.22665247589187376,DMFS,InD,nki,LH,42
7.8,0.25415525810874917,0.22665247589187376,DMFS,InD,nki,LH,42
8.0,0.24708074267681943,0.22665247589187382,DMFS,InD,nki,LH,42
8.2,0.24946557793348437,0.22665247589187376,DMFS,InD,nki,LH,42
8.4,0.2569616549269421,0.22665247589187382,DMFS,InD,nki,LH,42
8.6,0.2614167683976694,0.22665247589187376,DMFS,InD,nki,LH,42
8.8,0.3033431198109571,0.22665247589187376,DMFS,InD,nki,LH,42
9.0,0.2917096711119086,0.22665247589187376,DMFS,InD,nki,LH,42
9.2,0.2721383509132841,0.23087523350355532,DMFS,InD,nki,LH,42
9.4,0.2757466714302961,0.23087523350355527,DMFS,InD,nki,LH,42
9.6,0.2606636921328233,0.2349387665143401,DMFS,InD,nki,LH,42
9.8,0.26378739519394534,0.2349387665143401,DMFS,InD,nki,LH,42
10.0,0.24149371101560377,0.23493876651434015,DMFS,InD,nki,LH,42
1.2,0.0550965127561867,0.05379212020865602,DMFS,InD,nki,LH,43
1.4,0.07254016847542066,0.07035994053659492,DMFS,InD,nki,LH,43
1.6,0.08452551510255549,0.08099921843009487,DMFS,InD,nki,LH,43
1.8,0.10855672248304966,0.10130352863679253,DMFS,InD,nki,LH,43
2.0,0.1313605324227894,0.12044182381283859,DMFS,InD,nki,LH,43
2.2,0.14899975069973942,0.1427366525967233,DMFS,InD,nki,LH,43
2.4,0.16502802444386394,0.15515858398860233,DMFS,InD,nki,LH,43
2.6,0.16502802444386394,0.15515858398860233,DMFS,InD,nki,LH,43
2.8,0.18060040234057867,0.16681630586388554,DMFS,InD,nki,LH,43
3.0,0.18613128522218061,0.17053238881862529,DMFS,InD,nki,LH,43
3.2,0.19581227679513263,0.17770981822257279,DMFS,InD,nki,LH,43
3.4,0.20728167086606106,0.18457633698864753,DMFS,InD,nki,LH,43
3.6,0.2123020033090215,0.18789512682374127,DMFS,InD,nki,LH,43
3.8,0.21784228165913624,0.1911275341770616,DMFS,InD,nki,LH,43
4.0,0.21784228165913624,0.1911275341770616,DMFS,InD,nki,LH,43
4.2,0.23962022272633088,0.1911275341770616,DMFS,InD,nki,LH,43
4.4,0.23894906390741083,0.19427355904860852,DMFS,InD,nki,LH,43
4.6,0.24476717812526916,0.19733320143838207,DMFS,InD,nki,LH,43
4.8,0.2503377358012591,0.2003064613463823,DMFS,InD,nki,LH,43
5.0,0.2590506529886067,0.20604441190428716,DMFS,InD,nki,LH,43
5.2,0.25988464312379084,0.2060444119042871,DMFS,InD,nki,LH,43
5.4,0.26270313064424383,0.20604441190428716,DMFS,InD,nki,LH,43
5.6,0.2653160700481155,0.2060444119042871,DMFS,InD,nki,LH,43
5.8,0.2688420847022098,0.20604441190428716,DMFS,InD,nki,LH,43
6.0,0.27127347866482365,0.2060444119042871,DMFS,InD,nki,LH,43
6.2,0.2654543451269963,0.20947549679337066,DMFS,InD,nki,LH,43
6.4,0.25544753149603017,0.21297081677839916,DMFS,InD,nki,LH,43
6.6,0.2622399320232537,0.21635083381407383,DMFS,InD,nki,LH,43
6.8,0.2700141824629453,0.21956911738135299,DMFS,InD,nki,LH,43
7.0,0.2705533512381175,0.21956911738135299,DMFS,InD,nki,LH,43
7.2,0.2751897932541717,0.21956911738135299,DMFS,InD,nki,LH,43
7.4,0.26378885731600943,0.21956911738135299,DMFS,InD,nki,LH,43
7.6,0.2521825337407119,0.2232460458137063,DMFS,InD,nki,LH,43
7.8,0.25543066783576923,0.22324604581370636,DMFS,InD,nki,LH,43
8.0,0.24598266737491511,0.2232460458137063,DMFS,InD,nki,LH,43
8.2,0.2373082722599377,0.2268578137276002,DMFS,InD,nki,LH,43
8.4,0.2390781894521942,0.2268578137276002,DMFS,InD,nki,LH,43
8.6,0.24223823386904106,0.23045000266467747,DMFS,InD,nki,LH,43
8.8,0.24468584287515735,0.23045000266467747,DMFS,InD,nki,LH,43
9.0,0.22911127726658162,0.23414613143739232,DMFS,InD,nki,LH,43
9.2,0.22911127726658162,0.23414613143739232,DMFS,InD,nki,LH,43
9.4,0.23780927921678546,0.23414613143739232,DMFS,InD,nki,LH,43
9.6,0.24244593320671265,0.23414613143739232,DMFS,InD,nki,LH,43
9.8,0.23893858596909787,0.23414613143739227,DMFS,InD,nki,LH,43
10.0,0.22978514146986156,0.23414613143739227,DMFS,InD,nki,LH,43
1.2,0.03743244076448069,0.03675605501237372,DMFS,InD,nki,LH,44
1.4,0.04363055693333503,0.04259807700109537,DMFS,InD,nki,LH,44
1.6,0.056138244641709835,0.05403870339567529,DMFS,InD,nki,LH,44
1.8,0.09138896650179688,0.07594628585338149,DMFS,InD,nki,LH,44
2.0,0.1134366082648464,0.10657597657169549,DMFS,InD,nki,LH,44
2.2,0.11979164598340919,0.11142806632948773,DMFS,InD,nki,LH,44
2.4,0.1563755973075112,0.14305490758156297,DMFS,InD,nki,LH,44
2.6,0.1564177184449548,0.14305490758156297,DMFS,InD,nki,LH,44
2.8,0.1748442782303099,0.1556428959970574,DMFS,InD,nki,LH,44
3.0,0.1748442782303099,0.1556428959970574,DMFS,InD,nki,LH,44
3.2,0.17434327803523125,0.15966379589296048,DMFS,InD,nki,LH,44
3.4,0.1933297509979698,0.17120120685288426,DMFS,InD,nki,LH,44
3.6,0.18474913911531118,0.17490291049618514,DMFS,InD,nki,LH,44
3.8,0.19131114562321744,0.17851556307359745,DMFS,InD,nki,LH,44
4.0,0.19745177349690674,0.18203916458512137,DMFS,InD,nki,LH,44
4.2,0.19745177349690674,0.18203916458512137,DMFS,InD,nki,LH,44
4.4,0.19745177349690674,0.18203916458512137,DMFS,InD,nki,LH,44
4.6,0.20364498798978498,0.18547371503075677,DMFS,InD,nki,LH,44
4.8,0.21642245486008668,0.19210459535183966,DMFS,InD,nki,LH,44
5.0,0.2299005981673797,0.19845947689543042,DMFS,InD,nki,LH,44
5.2,0.2071700511354329,0.20158470825722138,DMFS,InD,nki,LH,44
5.4,0.20874507045404317,0.20158470825722138,DMFS,InD,nki,LH,44
5.6,0.21078380484115158,0.20158470825722144,DMFS,InD,nki,LH,44
5.8,0.20539164758928358,0.20158470825722138,DMFS,InD,nki,LH,44
6.0,0.20744782825714547,0.20158470825722144,DMFS,InD,nki,LH,44
6.2,0.21751804809942551,0.20515834203659708,DMFS,InD,nki,LH,44
6.4,0.22683409624589063,0.20884720833395823,DMFS,InD,nki,LH,44
6.6,0.23492904040561804,0.212513878120241,DMFS,InD,nki,LH,44
6.8,0.22982252163401812,0.2160555569127529,DMFS,InD,nki,LH,44
7.0,0.24519421863443425,0.21946703607551896,DMFS,InD,nki,LH,44
7.2,0.2484913848673987,0.21946703607551896,DMFS,InD,nki,LH,44
7.4,0.2309440785411999,0.21946703607551896,DMFS,InD,nki,LH,44
7.6,0.24050294853653517,0.22649401258537488,DMFS,InD,nki,LH,44
7.8,0.24153433275410094,0.22649401258537488,DMFS,InD,nki,LH,44
8.0,0.24260039134200576,0.22649401258537488,DMFS,InD,nki,LH,44
8.2,0.25311977672209685,0.22976679763596355,DMFS,InD,nki,LH,44
8.4,0.2541624322907612,0.22976679763596358,DMFS,InD,nki,LH,44
8.6,0.2654346224904359,0.23289794427169425,DMFS,InD,nki,LH,44
8.8,0.2672400016729927,0.23289794427169422,DMFS,InD,nki,LH,44
9.0,0.26388419311616157,0.23875582367320783,DMFS,InD,nki,LH,44
9.2,0.2581091141816993,0.23875582367320783,DMFS,InD,nki,LH,44
9.4,0.25962944891729467,0.23875582367320783,DMFS,InD,nki,LH,44
9.6,0.2633725453599475,0.23875582367320777,DMFS,InD,nki,LH,44
9.8,0.2633725453599475,0.23875582367320777,DMFS,InD,nki,LH,44
10.0,0.2633412848343722,0.23875582367320783,DMFS,InD,nki,LH,44
1.4,0.05031951120129922,0.05350984949938318,DMFS,InD,nki,MTLR,40
1.6,0.05503517589643001,0.05908220411439684,DMFS,InD,nki,MTLR,40
1.8,0.05999828406668954,0.06457440357911699,DMFS,InD,nki,MTLR,40
2.0,0.061960651943330246,0.07002324030611443,DMFS,InD,nki,MTLR,40
2.2,0.13701525162452993,0.09111415777433904,DMFS,InD,nki,MTLR,40
2.4,0.1464191648438224,0.11106061565796588,DMFS,InD,nki,MTLR,40
2.6,0.1412565907948345,0.11106061565796588,DMFS,InD,nki,MTLR,40
2.8,0.15050038419091777,0.12067220353676411,DMFS,InD,nki,MTLR,40
3.0,0.15050038419091777,0.12067220353676411,DMFS,InD,nki,MTLR,40
3.2,0.15334508733175908,0.12534881802206263,DMFS,InD,nki,MTLR,40
3.4,0.15747280590863771,0.14319407960258643,DMFS,InD,nki,MTLR,40
3.6,0.17161480926940337,0.15969375688004894,DMFS,InD,nki,MTLR,40
3.8,0.17996841627164498,0.16747111976329376,DMFS,InD,nki,MTLR,40
4.0,0.18621571808418605,0.17122849537576496,DMFS,InD,nki,MTLR,40
4.2,0.19769669444064636,0.17489833376880193,DMFS,InD,nki,MTLR,40
4.4,0.20247526754001965,0.17848063494240468,DMFS,InD,nki,MTLR,40
4.6,0.20551425271113605,0.18197539889657333,DMFS,InD,nki,MTLR,40
4.8,0.21122004114588303,0.19193446744247408,DMFS,InD,nki,MTLR,40
5.0,0.21068737430856688,0.19510701452030163,DMFS,InD,nki,MTLR,40
5.2,0.20969711568912866,0.19819044002678093,DMFS,InD,nki,MTLR,40
5.4,0.20711769726536938,0.19819044002678082,DMFS,InD,nki,MTLR,40
5.6,0.21017592970240612,0.19819044002678085,DMFS,InD,nki,MTLR,40
5.8,0.20953432070097197,0.1981904400267809,DMFS,InD,nki,MTLR,40
6.0,0.20825486509030272,0.19819044002678088,DMFS,InD,nki,MTLR,40
6.2,0.24360608675657353,0.19819044002678093,DMFS,InD,nki,MTLR,40
6.4,0.24524296106197235,0.20573453455393415,DMFS,InD,nki,MTLR,40
6.6,0.2554908650961759,0.20934804280822616,DMFS,InD,nki,MTLR,40
6.8,0.2587957258627352,0.21285052239213278,DMFS,InD,nki,MTLR,40
7.0,0.2580596340096792,0.21285052239213278,DMFS,InD,nki,MTLR,40
7.2,0.26268658875460893,0.21285052239213273,DMFS,InD,nki,MTLR,40
7.4,0.258518090154619,0.21285052239213273,DMFS,InD,nki,MTLR,40
7.6,0.26330752902940935,0.22075009126549677,DMFS,InD,nki,MTLR,40
7.8,0.2676690221444635,0.22075009126549672,DMFS,InD,nki,MTLR,40
8.0,0.27337685138984263,0.22075009126549672,DMFS,InD,nki,MTLR,40
8.2,0.28061760497985133,0.22075009126549677,DMFS,InD,nki,MTLR,40
8.4,0.284240983130471,0.22075009126549672,DMFS,InD,nki,MTLR,40
8.6,0.2824565356346467,0.2250015999787586,DMFS,InD,nki,MTLR,40
8.8,0.286297111967044,0.22500159997875854,DMFS,InD,nki,MTLR,40
9.0,0.30098027675980843,0.22907275782833594,DMFS,InD,nki,MTLR,40
9.2,0.2894107127698049,0.23278295620970918,DMFS,InD,nki,MTLR,40
9.4,0.2966456256654058,0.23278295620970918,DMFS,InD,nki,MTLR,40
9.6,0.2896572534584003,0.2364254016686079,DMFS,InD,nki,MTLR,40
9.8,0.2896572534584003,0.2364254016686079,DMFS,InD,nki,MTLR,40
10.0,0.2887249548188538,0.23642540166860787,DMFS,InD,nki,MTLR,40
1.2,0.049874456163126225,0.04259807700109538,DMFS,InD,nki,MTLR,41
1.4,0.05565244007156689,0.04835895979552924,DMFS,InD,nki,MTLR,41
1.6,0.06584615853835599,0.059637307801533535,DMFS,InD,nki,MTLR,41
1.8,0.0790253954545761,0.07594628585338148,DMFS,InD,nki,MTLR,41
2.0,0.11073205839925249,0.09655564120248288,DMFS,InD,nki,MTLR,41
2.2,0.11690529329705494,0.1064429398023127,DMFS,InD,nki,MTLR,41
2.4,0.146460436263483,0.13412937485996784,DMFS,InD,nki,MTLR,41
2.6,0.146460436263483,0.13412937485996784,DMFS,InD,nki,MTLR,41
2.8,0.14993964954448274,0.13848865303041125,DMFS,InD,nki,MTLR,41
3.0,0.15577660126615114,0.14276434914515787,DMFS,InD,nki,MTLR,41
3.2,0.16426019093380156,0.15106499520756073,DMFS,InD,nki,MTLR,41
3.4,0.18546938589132766,0.17035392438887387,DMFS,InD,nki,MTLR,41
3.6,0.1919591624033968,0.1809242972293003,DMFS,InD,nki,MTLR,41
3.8,0.1972314011763965,0.1843089167594673,DMFS,InD,nki,MTLR,41
4.0,0.2039689299422472,0.1843089167594673,DMFS,InD,nki,MTLR,41
4.2,0.19909736947340265,0.1876085193750663,DMFS,InD,nki,MTLR,41
4.4,0.2023393499330341,0.19085092704418966,DMFS,InD,nki,MTLR,41
4.6,0.2023393499330341,0.19085092704418966,DMFS,InD,nki,MTLR,41
4.8,0.20592057607783049,0.19707619743895477,DMFS,InD,nki,MTLR,41
5.0,0.22368678428962419,0.20597668831145932,DMFS,InD,nki,MTLR,41
5.2,0.22475084460246642,0.20597668831145927,DMFS,InD,nki,MTLR,41
5.4,0.22530245253423065,0.20597668831145927,DMFS,InD,nki,MTLR,41
5.6,0.22561176575984176,0.20597668831145938,DMFS,InD,nki,MTLR,41
5.8,0.226649174855988,0.20597668831145927,DMFS,InD,nki,MTLR,41
6.0,0.2323342588554577,0.20597668831145927,DMFS,InD,nki,MTLR,41
6.2,0.23898564423395435,0.20915565170194778,DMFS,InD,nki,MTLR,41
6.4,0.24680607730641285,0.21242703466505555,DMFS,InD,nki,MTLR,41
6.6,0.2533599773933964,0.21563669671049138,DMFS,InD,nki,MTLR,41
6.8,0.24503290814143935,0.2156366967104914,DMFS,InD,nki,MTLR,41
7.0,0.2515460916099711,0.21898579783837882,DMFS,InD,nki,MTLR,41
7.2,0.24859331996372308,0.21898579783837877,DMFS,InD,nki,MTLR,41
7.4,0.24991796303689914,0.21898579783837882,DMFS,InD,nki,MTLR,41
7.6,0.2643974114121998,0.2224570540151901,DMFS,InD,nki,MTLR,41
7.8,0.2657590803787001,0.22245705401519014,DMFS,InD,nki,MTLR,41
8.0,0.271051272738772,0.22245705401519017,DMFS,InD,nki,MTLR,41
8.2,0.2788710779575255,0.2259115187637875,DMFS,InD,nki,MTLR,41
8.4,0.28341371280725436,0.22924030957687025,DMFS,InD,nki,MTLR,41
8.6,0.28818666571350915,0.2292403095768702,DMFS,InD,nki,MTLR,41
8.8,0.28818666571350915,0.2292403095768702,DMFS,InD,nki,MTLR,41
9.0,0.300929174069304,0.23260029078127914,DMFS,InD,nki,MTLR,41
9.2,0.2978434248876427,0.23260029078127914,DMFS,InD,nki,MTLR,41
9.4,0.30084394268757436,0.23260029078127914,DMFS,InD,nki,MTLR,41
9.6,0.30327359173224466,0.2326002907812792,DMFS,InD,nki,MTLR,41
9.8,0.3032465090871588,0.2326002907812792,DMFS,InD,nki,MTLR,41
10.0,0.3135636174655841,0.2326002907812792,DMFS,InD,nki,MTLR,41
1.4,0.044694991252843805,0.041909997470062396,DMFS,InD,nki,MTLR,42
1.6,0.05442262770178603,0.05322998582180807,DMFS,InD,nki,MTLR,42
1.8,0.09374443720062407,0.06423340255523695,DMFS,InD,nki,MTLR,42
2.0,0.0933047071268996,0.08014495587103644,DMFS,InD,nki,MTLR,42
2.2,0.09520953600011495,0.1004259470821394,DMFS,InD,nki,MTLR,42
2.4,0.10959747752283706,0.13319458297793085,DMFS,InD,nki,MTLR,42
2.6,0.11509803856463471,0.1375454986343606,DMFS,InD,nki,MTLR,42
2.8,0.13873476986223815,0.1541233661526573,DMFS,InD,nki,MTLR,42
3.0,0.14017277610240197,0.15806138425537583,DMFS,InD,nki,MTLR,42
3.2,0.14626685649027282,0.16191682284735215,DMFS,InD,nki,MTLR,42
3.4,0.15269767190191913,0.1694098684775575,DMFS,InD,nki,MTLR,42
3.6,0.17609691783085543,0.17659842511123935,DMFS,InD,nki,MTLR,42
3.8,0.18249748266837534,0.18009582947561958,DMFS,InD,nki,MTLR,42
4.0,0.1875547789183404,0.1835078662983356,DMFS,InD,nki,MTLR,42
4.2,0.19046237769470656,0.18683453557938737,DMFS,InD,nki,MTLR,42
4.4,0.1969171802560597,0.19010389208675313,DMFS,InD,nki,MTLR,42
4.6,0.20333905189095852,0.19328637680753,DMFS,InD,nki,MTLR,42
4.8,0.21804590543798424,0.2051475978247485,DMFS,InD,nki,MTLR,42
5.0,0.2279551183231201,0.21060682505682626,DMFS,InD,nki,MTLR,42
5.2,0.23000027885316002,0.21060682505682632,DMFS,InD,nki,MTLR,42
5.4,0.28071711716388686,0.21060682505682626,DMFS,InD,nki,MTLR,42
5.6,0.28000187979569213,0.21347133045145364,DMFS,InD,nki,MTLR,42
5.8,0.280721097593731,0.21347133045145367,DMFS,InD,nki,MTLR,42
6.0,0.2845681922511748,0.21347133045145364,DMFS,InD,nki,MTLR,42
6.2,0.2857948593124034,0.21347133045145364,DMFS,InD,nki,MTLR,42
6.4,0.28828409076936834,0.21347133045145367,DMFS,InD,nki,MTLR,42
6.6,0.2992211350023285,0.2167797705281272,DMFS,InD,nki,MTLR,42
6.8,0.3020206960311892,0.2167797705281272,DMFS,InD,nki,MTLR,42
7.0,0.3053653886441203,0.22005563950257007,DMFS,InD,nki,MTLR,42
7.2,0.3493989640852786,0.22005563950257012,DMFS,InD,nki,MTLR,42
7.4,0.3521087410670939,0.22005563950257007,DMFS,InD,nki,MTLR,42
7.6,0.34786566605907127,0.22665247589187376,DMFS,InD,nki,MTLR,42
7.8,0.3578203290970514,0.22665247589187376,DMFS,InD,nki,MTLR,42
8.0,0.35437903224923245,0.22665247589187382,DMFS,InD,nki,MTLR,42
8.2,0.3547488942710058,0.22665247589187376,DMFS,InD,nki,MTLR,42
8.4,0.3624365165283968,0.22665247589187382,DMFS,InD,nki,MTLR,42
8.6,0.3674103519131255,0.22665247589187376,DMFS,InD,nki,MTLR,42
8.8,0.4003710612810532,0.22665247589187376,DMFS,InD,nki,MTLR,42
9.0,0.39458665735924764,0.22665247589187376,DMFS,InD,nki,MTLR,42
9.2,0.38826095709603237,0.23087523350355532,DMFS,InD,nki,MTLR,42
9.4,0.39430665392055847,0.23087523350355527,DMFS,InD,nki,MTLR,42
9.6,0.3780357080111726,0.2349387665143401,DMFS,InD,nki,MTLR,42
9.8,0.38231833696399437,0.2349387665143401,DMFS,InD,nki,MTLR,42
10.0,0.35402916827233233,0.23493876651434015,DMFS,InD,nki,MTLR,42
1.2,0.054800676118433936,0.05379212020865602,DMFS,InD,nki,MTLR,43
1.4,0.07187667902105639,0.07035994053659492,DMFS,InD,nki,MTLR,43
1.6,0.0841820300339261,0.08099921843009487,DMFS,InD,nki,MTLR,43
1.8,0.10529326326353099,0.10130352863679253,DMFS,InD,nki,MTLR,43
2.0,0.1295798037968124,0.12044182381283859,DMFS,InD,nki,MTLR,43
2.2,0.14936090914902905,0.1427366525967233,DMFS,InD,nki,MTLR,43
2.4,0.16302151947103888,0.15515858398860233,DMFS,InD,nki,MTLR,43
2.6,0.16302151947103888,0.15515858398860233,DMFS,InD,nki,MTLR,43
2.8,0.17248963086373706,0.16681630586388554,DMFS,InD,nki,MTLR,43
3.0,0.17615923012134455,0.17053238881862529,DMFS,InD,nki,MTLR,43
3.2,0.18898872411199358,0.17770981822257279,DMFS,InD,nki,MTLR,43
3.4,0.20110707809036338,0.18457633698864753,DMFS,InD,nki,MTLR,43
3.6,0.2056400096719968,0.18789512682374127,DMFS,InD,nki,MTLR,43
3.8,0.20969040322900553,0.1911275341770616,DMFS,InD,nki,MTLR,43
4.0,0.20969040322900553,0.1911275341770616,DMFS,InD,nki,MTLR,43
4.2,0.2123937240879162,0.1911275341770616,DMFS,InD,nki,MTLR,43
4.4,0.21676757267141483,0.19427355904860852,DMFS,InD,nki,MTLR,43
4.6,0.22043837900859606,0.19733320143838207,DMFS,InD,nki,MTLR,43
4.8,0.21791131546763864,0.2003064613463823,DMFS,InD,nki,MTLR,43
5.0,0.2265849961722523,0.20604441190428716,DMFS,InD,nki,MTLR,43
5.2,0.22764613119588292,0.2060444119042871,DMFS,InD,nki,MTLR,43
5.4,0.23084134142476756,0.20604441190428716,DMFS,InD,nki,MTLR,43
5.6,0.23329036178334048,0.2060444119042871,DMFS,InD,nki,MTLR,43
5.8,0.2366019222931169,0.20604441190428716,DMFS,InD,nki,MTLR,43
6.0,0.23722676239009277,0.2060444119042871,DMFS,InD,nki,MTLR,43
6.2,0.2584533944034996,0.20947549679337066,DMFS,InD,nki,MTLR,43
6.4,0.24892845958686188,0.21297081677839916,DMFS,InD,nki,MTLR,43
6.6,0.25658065349894343,0.21635083381407383,DMFS,InD,nki,MTLR,43
6.8,0.26708562042364237,0.21956911738135299,DMFS,InD,nki,MTLR,43
7.0,0.26650950459589834,0.21956911738135299,DMFS,InD,nki,MTLR,43
7.2,0.2709567624075863,0.21956911738135299,DMFS,InD,nki,MTLR,43
7.4,0.26700991846678346,0.21956911738135299,DMFS,InD,nki,MTLR,43
7.6,0.2530487416235955,0.2232460458137063,DMFS,InD,nki,MTLR,43
7.8,0.25622208950543723,0.22324604581370636,DMFS,InD,nki,MTLR,43
8.0,0.2555711112381823,0.2232460458137063,DMFS,InD,nki,MTLR,43
8.2,0.2679452460578692,0.2268578137276002,DMFS,InD,nki,MTLR,43
8.4,0.2701268167926444,0.2268578137276002,DMFS,InD,nki,MTLR,43
8.6,0.27399557847036526,0.23045000266467747,DMFS,InD,nki,MTLR,43
8.8,0.2764132038308476,0.23045000266467747,DMFS,InD,nki,MTLR,43
9.0,0.25795742602995086,0.23414613143739232,DMFS,InD,nki,MTLR,43
9.2,0.25795742602995086,0.23414613143739232,DMFS,InD,nki,MTLR,43
9.4,0.2579328831483322,0.23414613143739232,DMFS,InD,nki,MTLR,43
9.6,0.26077794502574314,0.23414613143739232,DMFS,InD,nki,MTLR,43
9.8,0.26112196052327014,0.23414613143739227,DMFS,InD,nki,MTLR,43
10.0,0.2423147330823912,0.23414613143739227,DMFS,InD,nki,MTLR,43
1.2,0.04000244617064419,0.03675605501237372,DMFS,InD,nki,MTLR,44
1.4,0.045487514631582474,0.04259807700109537,DMFS,InD,nki,MTLR,44
1.6,0.05682251322403207,0.05403870339567529,DMFS,InD,nki,MTLR,44
1.8,0.11266143628178119,0.07594628585338149,DMFS,InD,nki,MTLR,44
2.0,0.13470855890220665,0.10657597657169549,DMFS,InD,nki,MTLR,44
2.2,0.13988490761492461,0.11142806632948773,DMFS,InD,nki,MTLR,44
2.4,0.1684877068745861,0.14305490758156297,DMFS,InD,nki,MTLR,44
2.6,0.16881350929273192,0.14305490758156297,DMFS,InD,nki,MTLR,44
2.8,0.18108864115134357,0.1556428959970574,DMFS,InD,nki,MTLR,44
3.0,0.18108864115134357,0.1556428959970574,DMFS,InD,nki,MTLR,44
3.2,0.1870660797608319,0.15966379589296048,DMFS,InD,nki,MTLR,44
3.4,0.1933661797119591,0.17120120685288426,DMFS,InD,nki,MTLR,44
3.6,0.2272939444221221,0.17490291049618514,DMFS,InD,nki,MTLR,44
3.8,0.23286817219244194,0.17851556307359745,DMFS,InD,nki,MTLR,44
4.0,0.231349432384872,0.18203916458512137,DMFS,InD,nki,MTLR,44
4.2,0.231349432384872,0.18203916458512137,DMFS,InD,nki,MTLR,44
4.4,0.231349432384872,0.18203916458512137,DMFS,InD,nki,MTLR,44
4.6,0.22935660323318832,0.18547371503075677,DMFS,InD,nki,MTLR,44
4.8,0.22378694284520248,0.19210459535183966,DMFS,InD,nki,MTLR,44
5.0,0.22806830909109305,0.19845947689543042,DMFS,InD,nki,MTLR,44
5.2,0.2486250300535721,0.20158470825722138,DMFS,InD,nki,MTLR,44
5.4,0.24695820248049588,0.20158470825722138,DMFS,InD,nki,MTLR,44
5.6,0.25261666220516993,0.20158470825722144,DMFS,InD,nki,MTLR,44
5.8,0.2540473331225333,0.20158470825722138,DMFS,InD,nki,MTLR,44
6.0,0.2601318181612403,0.20158470825722144,DMFS,InD,nki,MTLR,44
6.2,0.2538378645412971,0.20515834203659708,DMFS,InD,nki,MTLR,44
6.4,0.25310215013847326,0.20884720833395823,DMFS,InD,nki,MTLR,44
6.6,0.2665285337026232,0.212513878120241,DMFS,InD,nki,MTLR,44
6.8,0.26667314475719117,0.2160555569127529,DMFS,InD,nki,MTLR,44
7.0,0.2842288727428146,0.21946703607551896,DMFS,InD,nki,MTLR,44
7.2,0.2895633764856867,0.21946703607551896,DMFS,InD,nki,MTLR,44
7.4,0.2615831904609888,0.21946703607551896,DMFS,InD,nki,MTLR,44
7.6,0.2641679966280927,0.22649401258537488,DMFS,InD,nki,MTLR,44
7.8,0.2670901619673448,0.22649401258537488,DMFS,InD,nki,MTLR,44
8.0,0.2697209948035352,0.22649401258537488,DMFS,InD,nki,MTLR,44
8.2,0.2785220232186241,0.22976679763596355,DMFS,InD,nki,MTLR,44
8.4,0.28158432887195084,0.22976679763596358,DMFS,InD,nki,MTLR,44
8.6,0.3010423758448354,0.23289794427169425,DMFS,InD,nki,MTLR,44
8.8,0.29514499908043773,0.23289794427169422,DMFS,InD,nki,MTLR,44
9.0,0.27029819056350574,0.23875582367320783,DMFS,InD,nki,MTLR,44
9.2,0.26856063041075334,0.23875582367320783,DMFS,InD,nki,MTLR,44
9.4,0.2694032562414379,0.23875582367320783,DMFS,InD,nki,MTLR,44
9.6,0.27305975295973306,0.23875582367320777,DMFS,InD,nki,MTLR,44
9.8,0.27305975295973306,0.23875582367320777,DMFS,InD,nki,MTLR,44
10.0,0.26885775715551985,0.23875582367320783,DMFS,InD,nki,MTLR,44
1.4,0.0567279046673287,0.05350984949938318,DMFS,InD,nki,PCHazard,40
1.6,0.06305858987090367,0.05908220411439684,DMFS,InD,nki,PCHazard,40
1.8,0.06938927507447865,0.06457440357911699,DMFS,InD,nki,PCHazard,40
2.0,0.14924203587013463,0.07002324030611443,DMFS,InD,nki,PCHazard,40
2.2,0.15829103577331552,0.09111415777433904,DMFS,InD,nki,PCHazard,40
2.4,0.1624487229817187,0.11106061565796588,DMFS,InD,nki,PCHazard,40
2.6,0.15781943677448124,0.11106061565796588,DMFS,InD,nki,PCHazard,40
2.8,0.1664097475690092,0.12067220353676411,DMFS,InD,nki,PCHazard,40
3.0,0.1664097475690092,0.12067220353676411,DMFS,InD,nki,PCHazard,40
3.2,0.17007970843421596,0.12534881802206263,DMFS,InD,nki,PCHazard,40
3.4,0.17662335953784716,0.14319407960258643,DMFS,InD,nki,PCHazard,40
3.6,0.18017655970000193,0.15969375688004894,DMFS,InD,nki,PCHazard,40
3.8,0.308563650088238,0.16747111976329376,DMFS,InD,nki,PCHazard,40
4.0,0.309710987580853,0.17122849537576496,DMFS,InD,nki,PCHazard,40
4.2,0.3035071393753271,0.17489833376880193,DMFS,InD,nki,PCHazard,40
4.4,0.30175567536503445,0.17848063494240468,DMFS,InD,nki,PCHazard,40
4.6,0.2990501282420497,0.18197539889657333,DMFS,InD,nki,PCHazard,40
4.8,0.29658300222994916,0.19193446744247408,DMFS,InD,nki,PCHazard,40
5.0,0.29609165286607436,0.19510701452030163,DMFS,InD,nki,PCHazard,40
5.2,0.28958442702724607,0.19819044002678093,DMFS,InD,nki,PCHazard,40
5.4,0.2866703286569693,0.19819044002678082,DMFS,InD,nki,PCHazard,40
5.6,0.3528001010069046,0.19819044002678085,DMFS,InD,nki,PCHazard,40
5.8,0.35155559321030133,0.1981904400267809,DMFS,InD,nki,PCHazard,40
6.0,0.3520738470482761,0.19819044002678088,DMFS,InD,nki,PCHazard,40
6.2,0.3500629868976105,0.19819044002678093,DMFS,InD,nki,PCHazard,40
6.4,0.34460941589391575,0.20573453455393415,DMFS,InD,nki,PCHazard,40
6.6,0.3448237303909601,0.20934804280822616,DMFS,InD,nki,PCHazard,40
6.8,0.3387663306846248,0.21285052239213278,DMFS,InD,nki,PCHazard,40
7.0,0.3381313970479657,0.21285052239213278,DMFS,InD,nki,PCHazard,40
7.2,0.33717806908558756,0.21285052239213273,DMFS,InD,nki,PCHazard,40
7.4,0.4196562049240861,0.21285052239213273,DMFS,InD,nki,PCHazard,40
7.6,0.4118362334288812,0.22075009126549677,DMFS,InD,nki,PCHazard,40
7.8,0.4086635290513387,0.22075009126549672,DMFS,InD,nki,PCHazard,40
8.0,0.40933947134943127,0.22075009126549672,DMFS,InD,nki,PCHazard,40
8.2,0.4104963496662565,0.22075009126549677,DMFS,InD,nki,PCHazard,40
8.4,0.4138426153573073,0.22075009126549672,DMFS,InD,nki,PCHazard,40
8.6,0.4008266561113881,0.2250015999787586,DMFS,InD,nki,PCHazard,40
8.8,0.4041711659965282,0.22500159997875854,DMFS,InD,nki,PCHazard,40
9.0,0.3956848096748806,0.22907275782833594,DMFS,InD,nki,PCHazard,40
9.2,0.437885174521566,0.23278295620970918,DMFS,InD,nki,PCHazard,40
9.4,0.4403774511607764,0.23278295620970918,DMFS,InD,nki,PCHazard,40
9.6,0.4272794373670262,0.2364254016686079,DMFS,InD,nki,PCHazard,40
9.8,0.4272794373670262,0.2364254016686079,DMFS,InD,nki,PCHazard,40
10.0,0.4267226667236865,0.23642540166860787,DMFS,InD,nki,PCHazard,40
1.2,0.0445859872611465,0.04259807700109538,DMFS,InD,nki,PCHazard,41
1.4,0.050955414012738856,0.04835895979552924,DMFS,InD,nki,PCHazard,41
1.6,0.06369426751592358,0.059637307801533535,DMFS,InD,nki,PCHazard,41
1.8,0.07540428143062479,0.07594628585338148,DMFS,InD,nki,PCHazard,41
2.0,0.096134363067819,0.09655564120248288,DMFS,InD,nki,PCHazard,41
2.2,0.10658967403129183,0.1064429398023127,DMFS,InD,nki,PCHazard,41
2.4,0.14012203722648345,0.13412937485996784,DMFS,InD,nki,PCHazard,41
2.6,0.14012203722648345,0.13412937485996784,DMFS,InD,nki,PCHazard,41
2.8,0.14616086912365506,0.13848865303041125,DMFS,InD,nki,PCHazard,41
3.0,0.1517125229297886,0.14276434914515787,DMFS,InD,nki,PCHazard,41
3.2,0.16379800831773772,0.15106499520756073,DMFS,InD,nki,PCHazard,41
3.4,0.18703731832040163,0.17035392438887387,DMFS,InD,nki,PCHazard,41
3.6,0.1854393408582403,0.1809242972293003,DMFS,InD,nki,PCHazard,41
3.8,0.19125833148752916,0.1843089167594673,DMFS,InD,nki,PCHazard,41
4.0,0.19125833148752916,0.1843089167594673,DMFS,InD,nki,PCHazard,41
4.2,0.18335103390226143,0.1876085193750663,DMFS,InD,nki,PCHazard,41
4.4,0.189530322935567,0.19085092704418966,DMFS,InD,nki,PCHazard,41
4.6,0.189530322935567,0.19085092704418966,DMFS,InD,nki,PCHazard,41
4.8,0.20176428097095434,0.19707619743895477,DMFS,InD,nki,PCHazard,41
5.0,0.22060812278354858,0.20597668831145932,DMFS,InD,nki,PCHazard,41
5.2,0.22128915427312915,0.20597668831145927,DMFS,InD,nki,PCHazard,41
5.4,0.23471015147282398,0.20597668831145927,DMFS,InD,nki,PCHazard,41
5.6,0.23512334565172463,0.20597668831145938,DMFS,InD,nki,PCHazard,41
5.8,0.2367404854940694,0.20597668831145927,DMFS,InD,nki,PCHazard,41
6.0,0.23817273550819706,0.20597668831145927,DMFS,InD,nki,PCHazard,41
6.2,0.24755801253065385,0.20915565170194778,DMFS,InD,nki,PCHazard,41
6.4,0.2570651922530921,0.21242703466505555,DMFS,InD,nki,PCHazard,41
6.6,0.2667111446191502,0.21563669671049138,DMFS,InD,nki,PCHazard,41
6.8,0.2565547313301907,0.2156366967104914,DMFS,InD,nki,PCHazard,41
7.0,0.263826285496267,0.21898579783837882,DMFS,InD,nki,PCHazard,41
7.2,0.2758098658613761,0.21898579783837877,DMFS,InD,nki,PCHazard,41
7.4,0.277413679580404,0.21898579783837882,DMFS,InD,nki,PCHazard,41
7.6,0.29482009278608373,0.2224570540151901,DMFS,InD,nki,PCHazard,41
7.8,0.2970058850808832,0.22245705401519014,DMFS,InD,nki,PCHazard,41
8.0,0.2992901470605008,0.22245705401519017,DMFS,InD,nki,PCHazard,41
8.2,0.3127299608057025,0.2259115187637875,DMFS,InD,nki,PCHazard,41
8.4,0.3181928733178872,0.22924030957687025,DMFS,InD,nki,PCHazard,41
8.6,0.32365680226278043,0.2292403095768702,DMFS,InD,nki,PCHazard,41
8.8,0.32365680226278043,0.2292403095768702,DMFS,InD,nki,PCHazard,41
9.0,0.3303086800403641,0.23260029078127914,DMFS,InD,nki,PCHazard,41
9.2,0.3282897069933107,0.23260029078127914,DMFS,InD,nki,PCHazard,41
9.4,0.33206507499679994,0.23260029078127914,DMFS,InD,nki,PCHazard,41
9.6,0.3277864435633525,0.2326002907812792,DMFS,InD,nki,PCHazard,41
9.8,0.32277922333367565,0.2326002907812792,DMFS,InD,nki,PCHazard,41
10.0,0.32940369975935413,0.2326002907812792,DMFS,InD,nki,PCHazard,41
1.4,0.04383116883116883,0.041909997470062396,DMFS,InD,nki,PCHazard,42
1.6,0.09272487475873302,0.05322998582180807,DMFS,InD,nki,PCHazard,42
1.8,0.09901074982681546,0.06423340255523695,DMFS,InD,nki,PCHazard,42
2.0,0.10269487350245676,0.08014495587103644,DMFS,InD,nki,PCHazard,42
2.2,0.10156624540555663,0.1004259470821394,DMFS,InD,nki,PCHazard,42
2.4,0.12137495597451257,0.13319458297793085,DMFS,InD,nki,PCHazard,42
2.6,0.12661653936045952,0.1375454986343606,DMFS,InD,nki,PCHazard,42
2.8,0.14755918651671557,0.1541233661526573,DMFS,InD,nki,PCHazard,42
3.0,0.1479056449371247,0.15806138425537583,DMFS,InD,nki,PCHazard,42
3.2,0.16943635327455944,0.16191682284735215,DMFS,InD,nki,PCHazard,42
3.4,0.17017395031217317,0.1694098684775575,DMFS,InD,nki,PCHazard,42
3.6,0.1794253574651172,0.17659842511123935,DMFS,InD,nki,PCHazard,42
3.8,0.18374457722548493,0.18009582947561958,DMFS,InD,nki,PCHazard,42
4.0,0.18770302132602837,0.1835078662983356,DMFS,InD,nki,PCHazard,42
4.2,0.1801568839530384,0.18683453557938737,DMFS,InD,nki,PCHazard,42
4.4,0.18456128596318683,0.19010389208675313,DMFS,InD,nki,PCHazard,42
4.6,0.18866050003299603,0.19328637680753,DMFS,InD,nki,PCHazard,42
4.8,0.21404973683244366,0.2051475978247485,DMFS,InD,nki,PCHazard,42
5.0,0.2177045414165352,0.21060682505682626,DMFS,InD,nki,PCHazard,42
5.2,0.22007951951129595,0.21060682505682632,DMFS,InD,nki,PCHazard,42
5.4,0.2165137629845529,0.21060682505682626,DMFS,InD,nki,PCHazard,42
5.6,0.22218958963069194,0.21347133045145364,DMFS,InD,nki,PCHazard,42
5.8,0.22404070748892518,0.21347133045145367,DMFS,InD,nki,PCHazard,42
6.0,0.2265620606571125,0.21347133045145364,DMFS,InD,nki,PCHazard,42
6.2,0.22987525608725332,0.21347133045145364,DMFS,InD,nki,PCHazard,42
6.4,0.2573003501915343,0.21347133045145367,DMFS,InD,nki,PCHazard,42
6.6,0.26540208832956425,0.2167797705281272,DMFS,InD,nki,PCHazard,42
6.8,0.25850203081872686,0.2167797705281272,DMFS,InD,nki,PCHazard,42
7.0,0.2568452554998114,0.22005563950257007,DMFS,InD,nki,PCHazard,42
7.2,0.26194739747677415,0.22005563950257012,DMFS,InD,nki,PCHazard,42
7.4,0.2636361397141668,0.22005563950257007,DMFS,InD,nki,PCHazard,42
7.6,0.2635276050449747,0.22665247589187376,DMFS,InD,nki,PCHazard,42
7.8,0.26707417636922093,0.22665247589187376,DMFS,InD,nki,PCHazard,42
8.0,0.2863888211764611,0.22665247589187382,DMFS,InD,nki,PCHazard,42
8.2,0.29074116833101876,0.22665247589187376,DMFS,InD,nki,PCHazard,42
8.4,0.3013682704072694,0.22665247589187382,DMFS,InD,nki,PCHazard,42
8.6,0.3062776369810405,0.22665247589187376,DMFS,InD,nki,PCHazard,42
8.8,0.30736995409091394,0.22665247589187376,DMFS,InD,nki,PCHazard,42
9.0,0.29783802829084954,0.22665247589187376,DMFS,InD,nki,PCHazard,42
9.2,0.29059726973596395,0.23087523350355532,DMFS,InD,nki,PCHazard,42
9.4,0.29434927497772784,0.23087523350355527,DMFS,InD,nki,PCHazard,42
9.6,0.31246808089702455,0.2349387665143401,DMFS,InD,nki,PCHazard,42
9.8,0.31745167949056363,0.2349387665143401,DMFS,InD,nki,PCHazard,42
10.0,0.2862321389438022,0.23493876651434015,DMFS,InD,nki,PCHazard,42
1.2,0.05704641350210969,0.05379212020865602,DMFS,InD,nki,PCHazard,43
1.4,0.07616033755274262,0.07035994053659492,DMFS,InD,nki,PCHazard,43
1.6,0.08890295358649788,0.08099921843009487,DMFS,InD,nki,PCHazard,43
1.8,0.11438818565400843,0.10130352863679253,DMFS,InD,nki,PCHazard,43
2.0,0.12644107863023438,0.12044182381283859,DMFS,InD,nki,PCHazard,43
2.2,0.14105692654545607,0.1427366525967233,DMFS,InD,nki,PCHazard,43
2.4,0.15553927629860548,0.15515858398860233,DMFS,InD,nki,PCHazard,43
2.6,0.15553927629860548,0.15515858398860233,DMFS,InD,nki,PCHazard,43
2.8,0.16912458868262292,0.16681630586388554,DMFS,InD,nki,PCHazard,43
3.0,0.17437799703155257,0.17053238881862529,DMFS,InD,nki,PCHazard,43
3.2,0.18420537217681965,0.17770981822257279,DMFS,InD,nki,PCHazard,43
3.4,0.19477858338855453,0.18457633698864753,DMFS,InD,nki,PCHazard,43
3.6,0.19470058253204794,0.18789512682374127,DMFS,InD,nki,PCHazard,43
3.8,0.20490836667181664,0.1911275341770616,DMFS,InD,nki,PCHazard,43
4.0,0.20490836667181664,0.1911275341770616,DMFS,InD,nki,PCHazard,43
4.2,0.20490836667181664,0.1911275341770616,DMFS,InD,nki,PCHazard,43
4.4,0.20877537558228249,0.19427355904860852,DMFS,InD,nki,PCHazard,43
4.6,0.21401782770839528,0.19733320143838207,DMFS,InD,nki,PCHazard,43
4.8,0.21933005257075272,0.2003064613463823,DMFS,InD,nki,PCHazard,43
5.0,0.22818098359113853,0.20604441190428716,DMFS,InD,nki,PCHazard,43
5.2,0.2289775171725222,0.2060444119042871,DMFS,InD,nki,PCHazard,43
5.4,0.23214301086736092,0.20604441190428716,DMFS,InD,nki,PCHazard,43
5.6,0.24003707623902368,0.2060444119042871,DMFS,InD,nki,PCHazard,43
5.8,0.2449069839739067,0.20604441190428716,DMFS,InD,nki,PCHazard,43
6.0,0.24877051198245645,0.2060444119042871,DMFS,InD,nki,PCHazard,43
6.2,0.2532433851809853,0.20947549679337066,DMFS,InD,nki,PCHazard,43
6.4,0.2521166196648582,0.21297081677839916,DMFS,InD,nki,PCHazard,43
6.6,0.25627412058100296,0.21635083381407383,DMFS,InD,nki,PCHazard,43
6.8,0.263224237790081,0.21956911738135299,DMFS,InD,nki,PCHazard,43
7.0,0.26528575633093254,0.21956911738135299,DMFS,InD,nki,PCHazard,43
7.2,0.26967652031560424,0.21956911738135299,DMFS,InD,nki,PCHazard,43
7.4,0.2507012049141829,0.21956911738135299,DMFS,InD,nki,PCHazard,43
7.6,0.23104260050588313,0.2232460458137063,DMFS,InD,nki,PCHazard,43
7.8,0.2345806836647652,0.22324604581370636,DMFS,InD,nki,PCHazard,43
8.0,0.2250956051516173,0.2232460458137063,DMFS,InD,nki,PCHazard,43
8.2,0.23325832996543844,0.2268578137276002,DMFS,InD,nki,PCHazard,43
8.4,0.23458920230295172,0.2268578137276002,DMFS,InD,nki,PCHazard,43
8.6,0.23358412651738725,0.23045000266467747,DMFS,InD,nki,PCHazard,43
8.8,0.23533996391704828,0.23045000266467747,DMFS,InD,nki,PCHazard,43
9.0,0.23746483535563695,0.23414613143739232,DMFS,InD,nki,PCHazard,43
9.2,0.2282253161091267,0.23414613143739232,DMFS,InD,nki,PCHazard,43
9.4,0.2366784047583314,0.23414613143739232,DMFS,InD,nki,PCHazard,43
9.6,0.2411266467055678,0.23414613143739232,DMFS,InD,nki,PCHazard,43
9.8,0.24654090176520657,0.23414613143739227,DMFS,InD,nki,PCHazard,43
10.0,0.2273996188634188,0.23414613143739227,DMFS,InD,nki,PCHazard,43
1.2,0.038216560509554146,0.03675605501237372,DMFS,InD,nki,PCHazard,44
1.4,0.0445859872611465,0.04259807700109537,DMFS,InD,nki,PCHazard,44
1.6,0.06245833990978798,0.05403870339567529,DMFS,InD,nki,PCHazard,44
1.8,0.08327405702242449,0.07594628585338149,DMFS,InD,nki,PCHazard,44
2.0,0.1126402324693581,0.10657597657169549,DMFS,InD,nki,PCHazard,44
2.2,0.11856863703456655,0.11142806632948773,DMFS,InD,nki,PCHazard,44
2.4,0.15093132442793636,0.14305490758156297,DMFS,InD,nki,PCHazard,44
2.6,0.15095814288317788,0.14305490758156297,DMFS,InD,nki,PCHazard,44
2.8,0.16723977608689428,0.1556428959970574,DMFS,InD,nki,PCHazard,44
3.0,0.16723977608689428,0.1556428959970574,DMFS,InD,nki,PCHazard,44
3.2,0.16016537571863063,0.15966379589296048,DMFS,InD,nki,PCHazard,44
3.4,0.17827239601506314,0.17120120685288426,DMFS,InD,nki,PCHazard,44
3.6,0.18503605728619182,0.17490291049618514,DMFS,InD,nki,PCHazard,44
3.8,0.19139410401152102,0.17851556307359745,DMFS,InD,nki,PCHazard,44
4.0,0.19729659863537496,0.18203916458512137,DMFS,InD,nki,PCHazard,44
4.2,0.19729659863537496,0.18203916458512137,DMFS,InD,nki,PCHazard,44
4.4,0.19729659863537496,0.18203916458512137,DMFS,InD,nki,PCHazard,44
4.6,0.20346072340274324,0.18547371503075677,DMFS,InD,nki,PCHazard,44
4.8,0.20113640749128744,0.19210459535183966,DMFS,InD,nki,PCHazard,44
5.0,0.21541429993420563,0.19845947689543042,DMFS,InD,nki,PCHazard,44
5.2,0.2096734245823783,0.20158470825722138,DMFS,InD,nki,PCHazard,44
5.4,0.21081953811755155,0.20158470825722138,DMFS,InD,nki,PCHazard,44
5.6,0.2121289617046938,0.20158470825722144,DMFS,InD,nki,PCHazard,44
5.8,0.20993157772548007,0.20158470825722138,DMFS,InD,nki,PCHazard,44
6.0,0.21127909371874237,0.20158470825722144,DMFS,InD,nki,PCHazard,44
6.2,0.2320396149806007,0.20515834203659708,DMFS,InD,nki,PCHazard,44
6.4,0.2417910942806678,0.20884720833395823,DMFS,InD,nki,PCHazard,44
6.6,0.25086438869126726,0.212513878120241,DMFS,InD,nki,PCHazard,44
6.8,0.24507736815748835,0.2160555569127529,DMFS,InD,nki,PCHazard,44
7.0,0.24804996334723722,0.21946703607551896,DMFS,InD,nki,PCHazard,44
7.2,0.2511158775879034,0.21946703607551896,DMFS,InD,nki,PCHazard,44
7.4,0.23425191294278416,0.21946703607551896,DMFS,InD,nki,PCHazard,44
7.6,0.23625749094814358,0.22649401258537488,DMFS,InD,nki,PCHazard,44
7.8,0.23643462346124067,0.22649401258537488,DMFS,InD,nki,PCHazard,44
8.0,0.23754074193518138,0.22649401258537488,DMFS,InD,nki,PCHazard,44
8.2,0.24790215213383107,0.22976679763596355,DMFS,InD,nki,PCHazard,44
8.4,0.2490670652582292,0.22976679763596358,DMFS,InD,nki,PCHazard,44
8.6,0.2616596512434587,0.23289794427169425,DMFS,InD,nki,PCHazard,44
8.8,0.26283107758678137,0.23289794427169422,DMFS,InD,nki,PCHazard,44
9.0,0.2608641636079808,0.23875582367320783,DMFS,InD,nki,PCHazard,44
9.2,0.2559378934343847,0.23875582367320783,DMFS,InD,nki,PCHazard,44
9.4,0.24941014906035747,0.23875582367320783,DMFS,InD,nki,PCHazard,44
9.6,0.2525171074643458,0.23875582367320777,DMFS,InD,nki,PCHazard,44
9.8,0.2525171074643458,0.23875582367320777,DMFS,InD,nki,PCHazard,44
10.0,0.2563740304751323,0.23875582367320783,DMFS,InD,nki,PCHazard,44
1.4,0.05446896641324985,0.05350984949938318,DMFS,InD,nki,PMF,40
1.6,0.060253071134798386,0.05908220411439684,DMFS,InD,nki,PMF,40
1.8,0.06626532309425064,0.06457440357911699,DMFS,InD,nki,PMF,40
2.0,0.07247370611923575,0.07002324030611443,DMFS,InD,nki,PMF,40
2.2,0.13061199828120837,0.09111415777433904,DMFS,InD,nki,PMF,40
2.4,0.1377536233155573,0.11106061565796588,DMFS,InD,nki,PMF,40
2.6,0.13247137984530127,0.11106061565796588,DMFS,InD,nki,PMF,40
2.8,0.138261120124998,0.12067220353676411,DMFS,InD,nki,PMF,40
3.0,0.138261120124998,0.12067220353676411,DMFS,InD,nki,PMF,40
3.2,0.14313085395532743,0.12534881802206263,DMFS,InD,nki,PMF,40
3.4,0.1532377066377649,0.14319407960258643,DMFS,InD,nki,PMF,40
3.6,0.16913141912205049,0.15969375688004894,DMFS,InD,nki,PMF,40
3.8,0.18125950659475815,0.16747111976329376,DMFS,InD,nki,PMF,40
4.0,0.1860570210138015,0.17122849537576496,DMFS,InD,nki,PMF,40
4.2,0.21772571341427063,0.17489833376880193,DMFS,InD,nki,PMF,40
4.4,0.22398369845603475,0.17848063494240468,DMFS,InD,nki,PMF,40
4.6,0.22337012178376053,0.18197539889657333,DMFS,InD,nki,PMF,40
4.8,0.23031940544942323,0.19193446744247408,DMFS,InD,nki,PMF,40
5.0,0.23378132753175773,0.19510701452030163,DMFS,InD,nki,PMF,40
5.2,0.2347077699890523,0.19819044002678093,DMFS,InD,nki,PMF,40
5.4,0.23240551158124195,0.19819044002678082,DMFS,InD,nki,PMF,40
5.6,0.23682751396350046,0.19819044002678085,DMFS,InD,nki,PMF,40
5.8,0.23201152910955006,0.1981904400267809,DMFS,InD,nki,PMF,40
6.0,0.22858655654248183,0.19819044002678088,DMFS,InD,nki,PMF,40
6.2,0.2733675671388876,0.19819044002678093,DMFS,InD,nki,PMF,40
6.4,0.27305099567764957,0.20573453455393415,DMFS,InD,nki,PMF,40
6.6,0.2801639878209487,0.20934804280822616,DMFS,InD,nki,PMF,40
6.8,0.2792179933167289,0.21285052239213278,DMFS,InD,nki,PMF,40
7.0,0.2784966080298821,0.21285052239213278,DMFS,InD,nki,PMF,40
7.2,0.27892256662379616,0.21285052239213273,DMFS,InD,nki,PMF,40
7.4,0.27089901194541666,0.21285052239213273,DMFS,InD,nki,PMF,40
7.6,0.2719823062634619,0.22075009126549677,DMFS,InD,nki,PMF,40
7.8,0.27602161031598965,0.22075009126549672,DMFS,InD,nki,PMF,40
8.0,0.2779397496401841,0.22075009126549672,DMFS,InD,nki,PMF,40
8.2,0.2745723504713692,0.22075009126549677,DMFS,InD,nki,PMF,40
8.4,0.27761779331062497,0.22075009126549672,DMFS,InD,nki,PMF,40
8.6,0.28882887944858987,0.2250015999787586,DMFS,InD,nki,PMF,40
8.8,0.29217267737549635,0.22500159997875854,DMFS,InD,nki,PMF,40
9.0,0.28447949817684337,0.22907275782833594,DMFS,InD,nki,PMF,40
9.2,0.28295422901459755,0.23278295620970918,DMFS,InD,nki,PMF,40
9.4,0.2760234707288499,0.23278295620970918,DMFS,InD,nki,PMF,40
9.6,0.278807471527432,0.2364254016686079,DMFS,InD,nki,PMF,40
9.8,0.278807471527432,0.2364254016686079,DMFS,InD,nki,PMF,40
10.0,0.2759598439090527,0.23642540166860787,DMFS,InD,nki,PMF,40
1.2,0.04419837725324582,0.04259807700109538,DMFS,InD,nki,PMF,41
1.4,0.04962438016874361,0.04835895979552924,DMFS,InD,nki,PMF,41
1.6,0.060336822293468775,0.059637307801533535,DMFS,InD,nki,PMF,41
1.8,0.07585795000034878,0.07594628585338148,DMFS,InD,nki,PMF,41
2.0,0.11159169481533197,0.09655564120248288,DMFS,InD,nki,PMF,41
2.2,0.11107626229518006,0.1064429398023127,DMFS,InD,nki,PMF,41
2.4,0.12929839971978208,0.13412937485996784,DMFS,InD,nki,PMF,41
2.6,0.12929839971978208,0.13412937485996784,DMFS,InD,nki,PMF,41
2.8,0.13401066062395012,0.13848865303041125,DMFS,InD,nki,PMF,41
3.0,0.13895709065496992,0.14276434914515787,DMFS,InD,nki,PMF,41
3.2,0.15020925742857144,0.15106499520756073,DMFS,InD,nki,PMF,41
3.4,0.16873690983626116,0.17035392438887387,DMFS,InD,nki,PMF,41
3.6,0.17400382815120943,0.1809242972293003,DMFS,InD,nki,PMF,41
3.8,0.17944500649758766,0.1843089167594673,DMFS,InD,nki,PMF,41
4.0,0.17573839163754496,0.1843089167594673,DMFS,InD,nki,PMF,41
4.2,0.17572116835572787,0.1876085193750663,DMFS,InD,nki,PMF,41
4.4,0.1786388342603706,0.19085092704418966,DMFS,InD,nki,PMF,41
4.6,0.1786388342603706,0.19085092704418966,DMFS,InD,nki,PMF,41
4.8,0.18372187248865807,0.19707619743895477,DMFS,InD,nki,PMF,41
5.0,0.1924644058700043,0.20597668831145932,DMFS,InD,nki,PMF,41
5.2,0.19365522160115772,0.20597668831145927,DMFS,InD,nki,PMF,41
5.4,0.1944118480659641,0.20597668831145927,DMFS,InD,nki,PMF,41
5.6,0.19400870374866827,0.20597668831145938,DMFS,InD,nki,PMF,41
5.8,0.1952674986045871,0.20597668831145927,DMFS,InD,nki,PMF,41
6.0,0.21669680787798246,0.20597668831145927,DMFS,InD,nki,PMF,41
6.2,0.2202041428806883,0.20915565170194778,DMFS,InD,nki,PMF,41
6.4,0.2238333864319224,0.21242703466505555,DMFS,InD,nki,PMF,41
6.6,0.22845561135086623,0.21563669671049138,DMFS,InD,nki,PMF,41
6.8,0.2193361136330021,0.2156366967104914,DMFS,InD,nki,PMF,41
7.0,0.22161530219432918,0.21898579783837882,DMFS,InD,nki,PMF,41
7.2,0.21769261192830194,0.21898579783837877,DMFS,InD,nki,PMF,41
7.4,0.2182891699058985,0.21898579783837882,DMFS,InD,nki,PMF,41
7.6,0.22654958522620444,0.2224570540151901,DMFS,InD,nki,PMF,41
7.8,0.22633275418076337,0.22245705401519014,DMFS,InD,nki,PMF,41
8.0,0.2530568257949152,0.22245705401519017,DMFS,InD,nki,PMF,41
8.2,0.255253598312998,0.2259115187637875,DMFS,InD,nki,PMF,41
8.4,0.2556038118542129,0.22924030957687025,DMFS,InD,nki,PMF,41
8.6,0.2606911665568138,0.2292403095768702,DMFS,InD,nki,PMF,41
8.8,0.2606911665568138,0.2292403095768702,DMFS,InD,nki,PMF,41
9.0,0.26112428353968165,0.23260029078127914,DMFS,InD,nki,PMF,41
9.2,0.26095460998873954,0.23260029078127914,DMFS,InD,nki,PMF,41
9.4,0.26193229925190364,0.23260029078127914,DMFS,InD,nki,PMF,41
9.6,0.26120229830677183,0.2326002907812792,DMFS,InD,nki,PMF,41
9.8,0.2594372748361831,0.2326002907812792,DMFS,InD,nki,PMF,41
10.0,0.2660023670888908,0.2326002907812792,DMFS,InD,nki,PMF,41
1.4,0.04381477344275179,0.041909997470062396,DMFS,InD,nki,PMF,42
1.6,0.05532104570493179,0.05322998582180807,DMFS,InD,nki,PMF,42
1.8,0.07412939946432691,0.06423340255523695,DMFS,InD,nki,PMF,42
2.0,0.08120544755092987,0.08014495587103644,DMFS,InD,nki,PMF,42
2.2,0.09077140927105656,0.1004259470821394,DMFS,InD,nki,PMF,42
2.4,0.1171442745206132,0.13319458297793085,DMFS,InD,nki,PMF,42
2.6,0.12210086367784453,0.1375454986343606,DMFS,InD,nki,PMF,42
2.8,0.14409544243917433,0.1541233661526573,DMFS,InD,nki,PMF,42
3.0,0.14568222434862138,0.15806138425537583,DMFS,InD,nki,PMF,42
3.2,0.1510303620082639,0.16191682284735215,DMFS,InD,nki,PMF,42
3.4,0.1578433950794919,0.1694098684775575,DMFS,InD,nki,PMF,42
3.6,0.16946828846557474,0.17659842511123935,DMFS,InD,nki,PMF,42
3.8,0.17502875892838066,0.18009582947561958,DMFS,InD,nki,PMF,42
4.0,0.17961181909419807,0.1835078662983356,DMFS,InD,nki,PMF,42
4.2,0.1830601933229252,0.18683453557938737,DMFS,InD,nki,PMF,42
4.4,0.18695446648786848,0.19010389208675313,DMFS,InD,nki,PMF,42
4.6,0.19278945111023166,0.19328637680753,DMFS,InD,nki,PMF,42
4.8,0.21027746929676172,0.2051475978247485,DMFS,InD,nki,PMF,42
5.0,0.22045001718650986,0.21060682505682626,DMFS,InD,nki,PMF,42
5.2,0.22072163470925005,0.21060682505682632,DMFS,InD,nki,PMF,42
5.4,0.23027906527033987,0.21060682505682626,DMFS,InD,nki,PMF,42
5.6,0.22538611141997036,0.21347133045145364,DMFS,InD,nki,PMF,42
5.8,0.22578433387380564,0.21347133045145367,DMFS,InD,nki,PMF,42
6.0,0.2275224279803299,0.21347133045145364,DMFS,InD,nki,PMF,42
6.2,0.22817227597491777,0.21347133045145364,DMFS,InD,nki,PMF,42
6.4,0.22638281596527055,0.21347133045145367,DMFS,InD,nki,PMF,42
6.6,0.23404116273292205,0.2167797705281272,DMFS,InD,nki,PMF,42
6.8,0.23170813928162123,0.2167797705281272,DMFS,InD,nki,PMF,42
7.0,0.23651960270729674,0.22005563950257007,DMFS,InD,nki,PMF,42
7.2,0.24860166947161852,0.22005563950257012,DMFS,InD,nki,PMF,42
7.4,0.2496045497925623,0.22005563950257007,DMFS,InD,nki,PMF,42
7.6,0.2561130012186625,0.22665247589187376,DMFS,InD,nki,PMF,42
7.8,0.25975538612203863,0.22665247589187376,DMFS,InD,nki,PMF,42
8.0,0.2570660574253412,0.22665247589187382,DMFS,InD,nki,PMF,42
8.2,0.25882901003228087,0.22665247589187376,DMFS,InD,nki,PMF,42
8.4,0.2619908733809805,0.22665247589187382,DMFS,InD,nki,PMF,42
8.6,0.2666999896547946,0.22665247589187376,DMFS,InD,nki,PMF,42
8.8,0.303582735504362,0.22665247589187376,DMFS,InD,nki,PMF,42
9.0,0.2996661890670442,0.22665247589187376,DMFS,InD,nki,PMF,42
9.2,0.2901808356994314,0.23087523350355532,DMFS,InD,nki,PMF,42
9.4,0.29428654002309046,0.23087523350355527,DMFS,InD,nki,PMF,42
9.6,0.2858827699461503,0.2349387665143401,DMFS,InD,nki,PMF,42
9.8,0.2873722372582307,0.2349387665143401,DMFS,InD,nki,PMF,42
10.0,0.275886889325827,0.23493876651434015,DMFS,InD,nki,PMF,42
1.2,0.05553963875222236,0.05379212020865602,DMFS,InD,nki,PMF,43
1.4,0.07237707062869063,0.07035994053659492,DMFS,InD,nki,PMF,43
1.6,0.0805762274431773,0.08099921843009487,DMFS,InD,nki,PMF,43
1.8,0.1036321786001532,0.10130352863679253,DMFS,InD,nki,PMF,43
2.0,0.12709695758390582,0.12044182381283859,DMFS,InD,nki,PMF,43
2.2,0.1398142117782298,0.1427366525967233,DMFS,InD,nki,PMF,43
2.4,0.15426924952296486,0.15515858398860233,DMFS,InD,nki,PMF,43
2.6,0.15426924952296486,0.15515858398860233,DMFS,InD,nki,PMF,43
2.8,0.17079579304075562,0.16681630586388554,DMFS,InD,nki,PMF,43
3.0,0.1758297965273689,0.17053238881862529,DMFS,InD,nki,PMF,43
3.2,0.1831106278777958,0.17770981822257279,DMFS,InD,nki,PMF,43
3.4,0.19257353411850445,0.18457633698864753,DMFS,InD,nki,PMF,43
3.6,0.19793207383785072,0.18789512682374127,DMFS,InD,nki,PMF,43
3.8,0.20399349754783308,0.1911275341770616,DMFS,InD,nki,PMF,43
4.0,0.20399349754783308,0.1911275341770616,DMFS,InD,nki,PMF,43
4.2,0.23683766135548812,0.1911275341770616,DMFS,InD,nki,PMF,43
4.4,0.23741825601044902,0.19427355904860852,DMFS,InD,nki,PMF,43
4.6,0.240200177791046,0.19733320143838207,DMFS,InD,nki,PMF,43
4.8,0.2365125023383703,0.2003064613463823,DMFS,InD,nki,PMF,43
5.0,0.24432428705276482,0.20604441190428716,DMFS,InD,nki,PMF,43
5.2,0.24586747965397754,0.2060444119042871,DMFS,InD,nki,PMF,43
5.4,0.2506515730690316,0.20604441190428716,DMFS,InD,nki,PMF,43
5.6,0.2541197791062678,0.2060444119042871,DMFS,InD,nki,PMF,43
5.8,0.259079318893062,0.20604441190428716,DMFS,InD,nki,PMF,43
6.0,0.26135491014420037,0.2060444119042871,DMFS,InD,nki,PMF,43
6.2,0.2650914656930917,0.20947549679337066,DMFS,InD,nki,PMF,43
6.4,0.2521576050164467,0.21297081677839916,DMFS,InD,nki,PMF,43
6.6,0.25500064202529155,0.21635083381407383,DMFS,InD,nki,PMF,43
6.8,0.262192429773636,0.21956911738135299,DMFS,InD,nki,PMF,43
7.0,0.26162583575356724,0.21956911738135299,DMFS,InD,nki,PMF,43
7.2,0.2648681580394773,0.21956911738135299,DMFS,InD,nki,PMF,43
7.4,0.254053353645319,0.21956911738135299,DMFS,InD,nki,PMF,43
7.6,0.24327970203078308,0.2232460458137063,DMFS,InD,nki,PMF,43
7.8,0.24659166971037322,0.22324604581370636,DMFS,InD,nki,PMF,43
8.0,0.24698118916023204,0.2232460458137063,DMFS,InD,nki,PMF,43
8.2,0.2506784030098423,0.2268578137276002,DMFS,InD,nki,PMF,43
8.4,0.2522143315397198,0.2268578137276002,DMFS,InD,nki,PMF,43
8.6,0.24703796357112787,0.23045000266467747,DMFS,InD,nki,PMF,43
8.8,0.2495651975613929,0.23045000266467747,DMFS,InD,nki,PMF,43
9.0,0.244468304614967,0.23414613143739232,DMFS,InD,nki,PMF,43
9.2,0.244468304614967,0.23414613143739232,DMFS,InD,nki,PMF,43
9.4,0.2430246865755712,0.23414613143739232,DMFS,InD,nki,PMF,43
9.6,0.2460029230590039,0.23414613143739232,DMFS,InD,nki,PMF,43
9.8,0.24598127159322752,0.23414613143739227,DMFS,InD,nki,PMF,43
10.0,0.23378022305783303,0.23414613143739227,DMFS,InD,nki,PMF,43
1.2,0.03709017356134671,0.03675605501237372,DMFS,InD,nki,PMF,44
1.4,0.04263782158423528,0.04259807700109537,DMFS,InD,nki,PMF,44
1.6,0.054318913597454645,0.05403870339567529,DMFS,InD,nki,PMF,44
1.8,0.11235551700762594,0.07594628585338149,DMFS,InD,nki,PMF,44
2.0,0.12633703452394643,0.10657597657169549,DMFS,InD,nki,PMF,44
2.2,0.13231592822219235,0.11142806632948773,DMFS,InD,nki,PMF,44
2.4,0.15215084739631987,0.14305490758156297,DMFS,InD,nki,PMF,44
2.6,0.1516917991528247,0.14305490758156297,DMFS,InD,nki,PMF,44
2.8,0.16586602403756562,0.1556428959970574,DMFS,InD,nki,PMF,44
3.0,0.16586602403756562,0.1556428959970574,DMFS,InD,nki,PMF,44
3.2,0.16728229310526013,0.15966379589296048,DMFS,InD,nki,PMF,44
3.4,0.181838520372824,0.17120120685288426,DMFS,InD,nki,PMF,44
3.6,0.18463702674297439,0.17490291049618514,DMFS,InD,nki,PMF,44
3.8,0.19034688645223283,0.17851556307359745,DMFS,InD,nki,PMF,44
4.0,0.19647536775472885,0.18203916458512137,DMFS,InD,nki,PMF,44
4.2,0.19647536775472885,0.18203916458512137,DMFS,InD,nki,PMF,44
4.4,0.19647536775472885,0.18203916458512137,DMFS,InD,nki,PMF,44
4.6,0.20082634353330936,0.18547371503075677,DMFS,InD,nki,PMF,44
4.8,0.20699044019788376,0.19210459535183966,DMFS,InD,nki,PMF,44
5.0,0.2190215712321674,0.19845947689543042,DMFS,InD,nki,PMF,44
5.2,0.22770135117424356,0.20158470825722138,DMFS,InD,nki,PMF,44
5.4,0.22667607884756258,0.20158470825722138,DMFS,InD,nki,PMF,44
5.6,0.2297757262853203,0.20158470825722144,DMFS,InD,nki,PMF,44
5.8,0.22691551661284065,0.20158470825722138,DMFS,InD,nki,PMF,44
6.0,0.2309281245572336,0.20158470825722144,DMFS,InD,nki,PMF,44
6.2,0.2295880107519761,0.20515834203659708,DMFS,InD,nki,PMF,44
6.4,0.2351939584506054,0.20884720833395823,DMFS,InD,nki,PMF,44
6.6,0.24130333327788628,0.212513878120241,DMFS,InD,nki,PMF,44
6.8,0.24593387811820308,0.2160555569127529,DMFS,InD,nki,PMF,44
7.0,0.2576242240999235,0.21946703607551896,DMFS,InD,nki,PMF,44
7.2,0.26212689720842486,0.21946703607551896,DMFS,InD,nki,PMF,44
7.4,0.24964743850255341,0.21946703607551896,DMFS,InD,nki,PMF,44
7.6,0.25209126783032987,0.22649401258537488,DMFS,InD,nki,PMF,44
7.8,0.25394237813505455,0.22649401258537488,DMFS,InD,nki,PMF,44
8.0,0.25542936011001344,0.22649401258537488,DMFS,InD,nki,PMF,44
8.2,0.2595213999100887,0.22976679763596355,DMFS,InD,nki,PMF,44
8.4,0.2610907521432787,0.22976679763596358,DMFS,InD,nki,PMF,44
8.6,0.29668603270880184,0.23289794427169425,DMFS,InD,nki,PMF,44
8.8,0.295460988702568,0.23289794427169422,DMFS,InD,nki,PMF,44
9.0,0.2835569420531345,0.23875582367320783,DMFS,InD,nki,PMF,44
9.2,0.28463358215020096,0.23875582367320783,DMFS,InD,nki,PMF,44
9.4,0.2876696241385126,0.23875582367320783,DMFS,InD,nki,PMF,44
9.6,0.28876158224114057,0.23875582367320777,DMFS,InD,nki,PMF,44
9.8,0.28876158224114057,0.23875582367320777,DMFS,InD,nki,PMF,44
10.0,0.28528876935323744,0.23875582367320783,DMFS,InD,nki,PMF,44
1.4,0.05405013468571009,0.05350984949938318,DMFS,InD,nki,RSF,40
1.6,0.06120713914505389,0.05908220411439684,DMFS,InD,nki,RSF,40
1.8,0.06879520009532647,0.06457440357911699,DMFS,InD,nki,RSF,40
2.0,0.07749812472517517,0.07002324030611443,DMFS,InD,nki,RSF,40
2.2,0.09988507521385184,0.09111415777433904,DMFS,InD,nki,RSF,40
2.4,0.1202808737004748,0.11106061565796588,DMFS,InD,nki,RSF,40
2.6,0.11976999538903002,0.11106061565796588,DMFS,InD,nki,RSF,40
2.8,0.12931718102425233,0.12067220353676411,DMFS,InD,nki,RSF,40
3.0,0.1326821689964823,0.12067220353676411,DMFS,InD,nki,RSF,40
3.2,0.13926915307660823,0.12534881802206263,DMFS,InD,nki,RSF,40
3.4,0.15016065693446323,0.14319407960258643,DMFS,InD,nki,RSF,40
3.6,0.15888942243267773,0.15969375688004894,DMFS,InD,nki,RSF,40
3.8,0.16383564084082983,0.16747111976329376,DMFS,InD,nki,RSF,40
4.0,0.16603786164928508,0.17122849537576496,DMFS,InD,nki,RSF,40
4.2,0.16742737468307495,0.17489833376880193,DMFS,InD,nki,RSF,40
4.4,0.16943893226394852,0.17848063494240468,DMFS,InD,nki,RSF,40
4.6,0.17346300265135217,0.18197539889657333,DMFS,InD,nki,RSF,40
4.8,0.18201186247420056,0.19193446744247408,DMFS,InD,nki,RSF,40
5.0,0.18608785469348738,0.19510701452030163,DMFS,InD,nki,RSF,40
5.2,0.18689397382776057,0.19819044002678093,DMFS,InD,nki,RSF,40
5.4,0.18613158163597018,0.19819044002678082,DMFS,InD,nki,RSF,40
5.6,0.1865736387131683,0.19819044002678085,DMFS,InD,nki,RSF,40
5.8,0.18613664003708086,0.1981904400267809,DMFS,InD,nki,RSF,40
6.0,0.1867180094128232,0.19819044002678088,DMFS,InD,nki,RSF,40
6.2,0.18730011500123672,0.19819044002678093,DMFS,InD,nki,RSF,40
6.4,0.19190016852800593,0.20573453455393415,DMFS,InD,nki,RSF,40
6.6,0.19610655008553818,0.20934804280822616,DMFS,InD,nki,RSF,40
6.8,0.19928576556569194,0.21285052239213278,DMFS,InD,nki,RSF,40
7.0,0.2017928644741282,0.21285052239213278,DMFS,InD,nki,RSF,40
7.2,0.20238940828084556,0.21285052239213273,DMFS,InD,nki,RSF,40
7.4,0.19998915840474135,0.21285052239213273,DMFS,InD,nki,RSF,40
7.6,0.20543198505084687,0.22075009126549677,DMFS,InD,nki,RSF,40
7.8,0.20565978843679317,0.22075009126549672,DMFS,InD,nki,RSF,40
8.0,0.20550671522416364,0.22075009126549672,DMFS,InD,nki,RSF,40
8.2,0.20776205713372536,0.22075009126549677,DMFS,InD,nki,RSF,40
8.4,0.2082864195343725,0.22075009126549672,DMFS,InD,nki,RSF,40
8.6,0.21381606198060815,0.2250015999787586,DMFS,InD,nki,RSF,40
8.8,0.21442602319273746,0.22500159997875854,DMFS,InD,nki,RSF,40
9.0,0.21372166296715003,0.22907275782833594,DMFS,InD,nki,RSF,40
9.2,0.21478653637047396,0.23278295620970918,DMFS,InD,nki,RSF,40
9.4,0.21627619902184345,0.23278295620970918,DMFS,InD,nki,RSF,40
9.6,0.2183682330281716,0.2364254016686079,DMFS,InD,nki,RSF,40
9.8,0.2183682330281716,0.2364254016686079,DMFS,InD,nki,RSF,40
10.0,0.21793712508096572,0.23642540166860787,DMFS,InD,nki,RSF,40
1.2,0.04172538514768551,0.04259807700109538,DMFS,InD,nki,RSF,41
1.4,0.0483257553690367,0.04835895979552924,DMFS,InD,nki,RSF,41
1.6,0.058559666348775366,0.059637307801533535,DMFS,InD,nki,RSF,41
1.8,0.07350173067294934,0.07594628585338148,DMFS,InD,nki,RSF,41
2.0,0.09218207621645198,0.09655564120248288,DMFS,InD,nki,RSF,41
2.2,0.101853828084614,0.1064429398023127,DMFS,InD,nki,RSF,41
2.4,0.12587926529930138,0.13412937485996784,DMFS,InD,nki,RSF,41
2.6,0.12585647015067877,0.13412937485996784,DMFS,InD,nki,RSF,41
2.8,0.1303779163042758,0.13848865303041125,DMFS,InD,nki,RSF,41
3.0,0.13391452801576698,0.14276434914515787,DMFS,InD,nki,RSF,41
3.2,0.14204518824372048,0.15106499520756073,DMFS,InD,nki,RSF,41
3.4,0.15884837612790076,0.17035392438887387,DMFS,InD,nki,RSF,41
3.6,0.1684601588829815,0.1809242972293003,DMFS,InD,nki,RSF,41
3.8,0.17264755535894802,0.1843089167594673,DMFS,InD,nki,RSF,41
4.0,0.17214047349528377,0.1843089167594673,DMFS,InD,nki,RSF,41
4.2,0.17427596385633543,0.1876085193750663,DMFS,InD,nki,RSF,41
4.4,0.17734900309268586,0.19085092704418966,DMFS,InD,nki,RSF,41
4.6,0.1767643670453099,0.19085092704418966,DMFS,InD,nki,RSF,41
4.8,0.1820120207538693,0.19707619743895477,DMFS,InD,nki,RSF,41
5.0,0.1913218619031351,0.20597668831145932,DMFS,InD,nki,RSF,41
5.2,0.1917038897089119,0.20597668831145927,DMFS,InD,nki,RSF,41
5.4,0.19211041873951112,0.20597668831145927,DMFS,InD,nki,RSF,41
5.6,0.19221529098033766,0.20597668831145938,DMFS,InD,nki,RSF,41
5.8,0.192821606232156,0.20597668831145927,DMFS,InD,nki,RSF,41
6.0,0.19284659660333395,0.20597668831145927,DMFS,InD,nki,RSF,41
6.2,0.19543170858325606,0.20915565170194778,DMFS,InD,nki,RSF,41
6.4,0.1993592293721254,0.21242703466505555,DMFS,InD,nki,RSF,41
6.6,0.20364862290767655,0.21563669671049138,DMFS,InD,nki,RSF,41
6.8,0.20349874098340326,0.2156366967104914,DMFS,InD,nki,RSF,41
7.0,0.20793554580645418,0.21898579783837882,DMFS,InD,nki,RSF,41
7.2,0.20742122146612899,0.21898579783837877,DMFS,InD,nki,RSF,41
7.4,0.20723157443215445,0.21898579783837882,DMFS,InD,nki,RSF,41
7.6,0.21079847539787214,0.2224570540151901,DMFS,InD,nki,RSF,41
7.8,0.21137823798271035,0.22245705401519014,DMFS,InD,nki,RSF,41
8.0,0.2119123787158172,0.22245705401519017,DMFS,InD,nki,RSF,41
8.2,0.2165592096303552,0.2259115187637875,DMFS,InD,nki,RSF,41
8.4,0.219165212623885,0.22924030957687025,DMFS,InD,nki,RSF,41
8.6,0.22050100247712598,0.2292403095768702,DMFS,InD,nki,RSF,41
8.8,0.22050100247712598,0.2292403095768702,DMFS,InD,nki,RSF,41
9.0,0.22349317404136665,0.23260029078127914,DMFS,InD,nki,RSF,41
9.2,0.22249849636493266,0.23260029078127914,DMFS,InD,nki,RSF,41
9.4,0.223618731757234,0.23260029078127914,DMFS,InD,nki,RSF,41
9.6,0.22653471485761684,0.2326002907812792,DMFS,InD,nki,RSF,41
9.8,0.22667672839920083,0.2326002907812792,DMFS,InD,nki,RSF,41
10.0,0.22619966979278877,0.2326002907812792,DMFS,InD,nki,RSF,41
1.4,0.041177191571292474,0.041909997470062396,DMFS,InD,nki,RSF,42
1.6,0.05261769344620999,0.05322998582180807,DMFS,InD,nki,RSF,42
1.8,0.06264050131149823,0.06423340255523695,DMFS,InD,nki,RSF,42
2.0,0.07780353781512109,0.08014495587103644,DMFS,InD,nki,RSF,42
2.2,0.09738482430856252,0.1004259470821394,DMFS,InD,nki,RSF,42
2.4,0.13134567637020755,0.13319458297793085,DMFS,InD,nki,RSF,42
2.6,0.13670564343553704,0.1375454986343606,DMFS,InD,nki,RSF,42
2.8,0.1576538655716927,0.1541233661526573,DMFS,InD,nki,RSF,42
3.0,0.16220426481873587,0.15806138425537583,DMFS,InD,nki,RSF,42
3.2,0.16493202950582847,0.16191682284735215,DMFS,InD,nki,RSF,42
3.4,0.16876124080632063,0.1694098684775575,DMFS,InD,nki,RSF,42
3.6,0.17865751140840463,0.17659842511123935,DMFS,InD,nki,RSF,42
3.8,0.1838560683438542,0.18009582947561958,DMFS,InD,nki,RSF,42
4.0,0.18907069561377074,0.1835078662983356,DMFS,InD,nki,RSF,42
4.2,0.1937507192234698,0.18683453557938737,DMFS,InD,nki,RSF,42
4.4,0.1988108996028775,0.19010389208675313,DMFS,InD,nki,RSF,42
4.6,0.20390614790313194,0.19328637680753,DMFS,InD,nki,RSF,42
4.8,0.22251619735234868,0.2051475978247485,DMFS,InD,nki,RSF,42
5.0,0.22824244138695066,0.21060682505682626,DMFS,InD,nki,RSF,42
5.2,0.22402551748965616,0.21060682505682632,DMFS,InD,nki,RSF,42
5.4,0.2237985098555016,0.21060682505682626,DMFS,InD,nki,RSF,42
5.6,0.22786766541209716,0.21347133045145364,DMFS,InD,nki,RSF,42
5.8,0.2278878150851698,0.21347133045145367,DMFS,InD,nki,RSF,42
6.0,0.22812167724477325,0.21347133045145364,DMFS,InD,nki,RSF,42
6.2,0.22318344360434555,0.21347133045145364,DMFS,InD,nki,RSF,42
6.4,0.21894653731236685,0.21347133045145367,DMFS,InD,nki,RSF,42
6.6,0.22479690502156496,0.2167797705281272,DMFS,InD,nki,RSF,42
6.8,0.22144073916062043,0.2167797705281272,DMFS,InD,nki,RSF,42
7.0,0.22679712293641469,0.22005563950257007,DMFS,InD,nki,RSF,42
7.2,0.22727785850500068,0.22005563950257012,DMFS,InD,nki,RSF,42
7.4,0.22737697886134364,0.22005563950257007,DMFS,InD,nki,RSF,42
7.6,0.23863182405722205,0.22665247589187376,DMFS,InD,nki,RSF,42
7.8,0.23890186605752456,0.22665247589187376,DMFS,InD,nki,RSF,42
8.0,0.23892549805917587,0.22665247589187382,DMFS,InD,nki,RSF,42
8.2,0.23418598610631322,0.22665247589187376,DMFS,InD,nki,RSF,42
8.4,0.23492365600373327,0.22665247589187382,DMFS,InD,nki,RSF,42
8.6,0.23131289767298177,0.22665247589187376,DMFS,InD,nki,RSF,42
8.8,0.2312825551537915,0.22665247589187376,DMFS,InD,nki,RSF,42
9.0,0.2274796057392104,0.22665247589187376,DMFS,InD,nki,RSF,42
9.2,0.23200200531893717,0.23087523350355532,DMFS,InD,nki,RSF,42
9.4,0.23249841945871413,0.23087523350355527,DMFS,InD,nki,RSF,42
9.6,0.23547824105427345,0.2349387665143401,DMFS,InD,nki,RSF,42
9.8,0.2359778682742335,0.2349387665143401,DMFS,InD,nki,RSF,42
10.0,0.23382588864541792,0.23493876651434015,DMFS,InD,nki,RSF,42
1.2,0.053540017045002775,0.05379212020865602,DMFS,InD,nki,RSF,43
1.4,0.06933958988804599,0.07035994053659492,DMFS,InD,nki,RSF,43
1.6,0.08101313189767326,0.08099921843009487,DMFS,InD,nki,RSF,43
1.8,0.10332984605170317,0.10130352863679253,DMFS,InD,nki,RSF,43
2.0,0.12269662689011902,0.12044182381283859,DMFS,InD,nki,RSF,43
2.2,0.14745159551763853,0.1427366525967233,DMFS,InD,nki,RSF,43
2.4,0.1574906054462805,0.15515858398860233,DMFS,InD,nki,RSF,43
2.6,0.15480142123540047,0.15515858398860233,DMFS,InD,nki,RSF,43
2.8,0.16628182763163907,0.16681630586388554,DMFS,InD,nki,RSF,43
3.0,0.16777676693144,0.17053238881862529,DMFS,InD,nki,RSF,43
3.2,0.17401109592307556,0.17770981822257279,DMFS,InD,nki,RSF,43
3.4,0.18035550497180872,0.18457633698864753,DMFS,InD,nki,RSF,43
3.6,0.18214678661723438,0.18789512682374127,DMFS,InD,nki,RSF,43
3.8,0.1838326850667081,0.1911275341770616,DMFS,InD,nki,RSF,43
4.0,0.18193872538911307,0.1911275341770616,DMFS,InD,nki,RSF,43
4.2,0.18020992006864572,0.1911275341770616,DMFS,InD,nki,RSF,43
4.4,0.18315609871133468,0.19427355904860852,DMFS,InD,nki,RSF,43
4.6,0.1847621475179459,0.19733320143838207,DMFS,InD,nki,RSF,43
4.8,0.18550798225050963,0.2003064613463823,DMFS,InD,nki,RSF,43
5.0,0.1920342508960935,0.20604441190428716,DMFS,InD,nki,RSF,43
5.2,0.19194607872558672,0.2060444119042871,DMFS,InD,nki,RSF,43
5.4,0.19170752284056847,0.20604441190428716,DMFS,InD,nki,RSF,43
5.6,0.19220556445081036,0.2060444119042871,DMFS,InD,nki,RSF,43
5.8,0.1928404094266923,0.20604441190428716,DMFS,InD,nki,RSF,43
6.0,0.19295545000426922,0.2060444119042871,DMFS,InD,nki,RSF,43
6.2,0.19851864829626983,0.20947549679337066,DMFS,InD,nki,RSF,43
6.4,0.20073950580305824,0.21297081677839916,DMFS,InD,nki,RSF,43
6.6,0.20559252173320292,0.21635083381407383,DMFS,InD,nki,RSF,43
6.8,0.21108975055662,0.21956911738135299,DMFS,InD,nki,RSF,43
7.0,0.21111435232890904,0.21956911738135299,DMFS,InD,nki,RSF,43
7.2,0.21245867228601467,0.21956911738135299,DMFS,InD,nki,RSF,43
7.4,0.21233253860920157,0.21956911738135299,DMFS,InD,nki,RSF,43
7.6,0.21116540265863132,0.2232460458137063,DMFS,InD,nki,RSF,43
7.8,0.21123354273559497,0.22324604581370636,DMFS,InD,nki,RSF,43
8.0,0.2107749730868766,0.2232460458137063,DMFS,InD,nki,RSF,43
8.2,0.2163907549887044,0.2268578137276002,DMFS,InD,nki,RSF,43
8.4,0.2169287380363686,0.2268578137276002,DMFS,InD,nki,RSF,43
8.6,0.21678422180347434,0.23045000266467747,DMFS,InD,nki,RSF,43
8.8,0.21689779550822658,0.23045000266467747,DMFS,InD,nki,RSF,43
9.0,0.21501566535004385,0.23414613143739232,DMFS,InD,nki,RSF,43
9.2,0.21501566535004385,0.23414613143739232,DMFS,InD,nki,RSF,43
9.4,0.2142527002024744,0.23414613143739232,DMFS,InD,nki,RSF,43
9.6,0.2133910226455728,0.23414613143739232,DMFS,InD,nki,RSF,43
9.8,0.21392102560467546,0.23414613143739227,DMFS,InD,nki,RSF,43
10.0,0.2094360361583539,0.23414613143739227,DMFS,InD,nki,RSF,43
1.2,0.03749719589834804,0.03675605501237372,DMFS,InD,nki,RSF,44
1.4,0.04562473858921105,0.04259807700109537,DMFS,InD,nki,RSF,44
1.6,0.056595996723309304,0.05403870339567529,DMFS,InD,nki,RSF,44
1.8,0.07541409473062032,0.07594628585338149,DMFS,InD,nki,RSF,44
2.0,0.10181789829265131,0.10657597657169549,DMFS,InD,nki,RSF,44
2.2,0.10621435691358065,0.11142806632948773,DMFS,InD,nki,RSF,44
2.4,0.1327313499618175,0.14305490758156297,DMFS,InD,nki,RSF,44
2.6,0.13245084838163335,0.14305490758156297,DMFS,InD,nki,RSF,44
2.8,0.14335944763816916,0.1556428959970574,DMFS,InD,nki,RSF,44
3.0,0.14335944763816916,0.1556428959970574,DMFS,InD,nki,RSF,44
3.2,0.14657501979197055,0.15966379589296048,DMFS,InD,nki,RSF,44
3.4,0.15803292634611532,0.17120120685288426,DMFS,InD,nki,RSF,44
3.6,0.16233302134537916,0.17490291049618514,DMFS,InD,nki,RSF,44
3.8,0.1647549068491619,0.17851556307359745,DMFS,InD,nki,RSF,44
4.0,0.1684364482597958,0.18203916458512137,DMFS,InD,nki,RSF,44
4.2,0.16671780048965137,0.18203916458512137,DMFS,InD,nki,RSF,44
4.4,0.16547190528940317,0.18203916458512137,DMFS,InD,nki,RSF,44
4.6,0.16951885008420176,0.18547371503075677,DMFS,InD,nki,RSF,44
4.8,0.17607419538387897,0.19210459535183966,DMFS,InD,nki,RSF,44
5.0,0.18423769858163727,0.19845947689543042,DMFS,InD,nki,RSF,44
5.2,0.1866929279357232,0.20158470825722138,DMFS,InD,nki,RSF,44
5.4,0.18629594578541223,0.20158470825722138,DMFS,InD,nki,RSF,44
5.6,0.18676033740778047,0.20158470825722144,DMFS,InD,nki,RSF,44
5.8,0.18631966120979176,0.20158470825722138,DMFS,InD,nki,RSF,44
6.0,0.18715446237892946,0.20158470825722144,DMFS,InD,nki,RSF,44
6.2,0.19197374131139924,0.20515834203659708,DMFS,InD,nki,RSF,44
6.4,0.19661314376871203,0.20884720833395823,DMFS,InD,nki,RSF,44
6.6,0.20182169337766598,0.212513878120241,DMFS,InD,nki,RSF,44
6.8,0.20732122981740497,0.2160555569127529,DMFS,InD,nki,RSF,44
7.0,0.2124062067045011,0.21946703607551896,DMFS,InD,nki,RSF,44
7.2,0.21209990128320672,0.21946703607551896,DMFS,InD,nki,RSF,44
7.4,0.21051556993744577,0.21946703607551896,DMFS,InD,nki,RSF,44
7.6,0.22004236959502627,0.22649401258537488,DMFS,InD,nki,RSF,44
7.8,0.2204836019869024,0.22649401258537488,DMFS,InD,nki,RSF,44
8.0,0.2208714466875902,0.22649401258537488,DMFS,InD,nki,RSF,44
8.2,0.22801671367148452,0.22976679763596355,DMFS,InD,nki,RSF,44
8.4,0.22206586440219223,0.22976679763596358,DMFS,InD,nki,RSF,44
8.6,0.22513986507943845,0.23289794427169425,DMFS,InD,nki,RSF,44
8.8,0.2252085334667004,0.23289794427169422,DMFS,InD,nki,RSF,44
9.0,0.23353246427587412,0.23875582367320783,DMFS,InD,nki,RSF,44
9.2,0.23344817761421005,0.23875582367320783,DMFS,InD,nki,RSF,44
9.4,0.23368622605395178,0.23875582367320783,DMFS,InD,nki,RSF,44
9.6,0.22688324047053196,0.23875582367320777,DMFS,InD,nki,RSF,44
9.8,0.22688324047053196,0.23875582367320777,DMFS,InD,nki,RSF,44
10.0,0.22536072055034637,0.23875582367320783,DMFS,InD,nki,RSF,44
0.8,0.03279366475050453,0.03385657125269314,DMFS,OOD,hel,TabSurv_M,40
1.0,0.03263989798000376,0.03385657125269314,DMFS,OOD,hel,TabSurv_M,40
1.2,0.032897763871893304,0.033856571252693146,DMFS,OOD,hel,TabSurv_M,40
1.4,0.04100061965811673,0.04216028791594427,DMFS,OOD,hel,TabSurv_M,40
1.6,0.057464545619025705,0.05827978917355894,DMFS,OOD,hel,TabSurv_M,40
1.8,0.07223148750039203,0.08123921088776187,DMFS,OOD,hel,TabSurv_M,40
2.0,0.07254237442392528,0.08123921088776187,DMFS,OOD,hel,TabSurv_M,40
2.2,0.08926102255498373,0.09594688235606234,DMFS,OOD,hel,TabSurv_M,40
2.4,0.0962617000825643,0.10308492769968362,DMFS,OOD,hel,TabSurv_M,40
2.6,0.1170221473909502,0.12994394481152421,DMFS,OOD,hel,TabSurv_M,40
2.8,0.11731989065375331,0.12994394481152421,DMFS,OOD,hel,TabSurv_M,40
3.0,0.12356854581828335,0.13630360444897846,DMFS,OOD,hel,TabSurv_M,40
3.2,0.1302701017219777,0.1430086555413299,DMFS,OOD,hel,TabSurv_M,40
3.4,0.13431490762374482,0.15049553302289784,DMFS,OOD,hel,TabSurv_M,40
3.6,0.1363157395343499,0.1504955330228978,DMFS,OOD,hel,TabSurv_M,40
3.8,0.13740048909680283,0.15049553302289784,DMFS,OOD,hel,TabSurv_M,40
4.0,0.13809607080394765,0.15049553302289784,DMFS,OOD,hel,TabSurv_M,40
4.2,0.13982662002577564,0.15049553302289784,DMFS,OOD,hel,TabSurv_M,40
4.4,0.15875180583125917,0.1693032445055604,DMFS,OOD,hel,TabSurv_M,40
4.6,0.1617118726491708,0.1693032445055604,DMFS,OOD,hel,TabSurv_M,40
4.8,0.1630412659081404,0.17850566592009098,DMFS,OOD,hel,TabSurv_M,40
0.8,0.03204171097247907,0.03385657125269314,DMFS,OOD,hel,TabSurv_M,41
1.0,0.03202084868582514,0.03385657125269314,DMFS,OOD,hel,TabSurv_M,41
1.2,0.0322086837009448,0.033856571252693146,DMFS,OOD,hel,TabSurv_M,41
1.4,0.03936811746300106,0.04216028791594427,DMFS,OOD,hel,TabSurv_M,41
1.6,0.054846817689886425,0.05827978917355894,DMFS,OOD,hel,TabSurv_M,41
1.8,0.0720784916860062,0.08123921088776187,DMFS,OOD,hel,TabSurv_M,41
2.0,0.071664713899958,0.08123921088776187,DMFS,OOD,hel,TabSurv_M,41
2.2,0.0872124598535368,0.09594688235606234,DMFS,OOD,hel,TabSurv_M,41
2.4,0.09380612347922043,0.10308492769968362,DMFS,OOD,hel,TabSurv_M,41
2.6,0.11670110878293936,0.12994394481152421,DMFS,OOD,hel,TabSurv_M,41
2.8,0.11580059908947482,0.12994394481152421,DMFS,OOD,hel,TabSurv_M,41
3.0,0.1222871687229917,0.13630360444897846,DMFS,OOD,hel,TabSurv_M,41
3.2,0.13037484228363116,0.1430086555413299,DMFS,OOD,hel,TabSurv_M,41
3.4,0.13388008286446185,0.15049553302289784,DMFS,OOD,hel,TabSurv_M,41
3.6,0.13511367483321762,0.1504955330228978,DMFS,OOD,hel,TabSurv_M,41
3.8,0.13505702177546738,0.15049553302289784,DMFS,OOD,hel,TabSurv_M,41
4.0,0.13524539424051954,0.15049553302289784,DMFS,OOD,hel,TabSurv_M,41
4.2,0.13625036101084176,0.15049553302289784,DMFS,OOD,hel,TabSurv_M,41
4.4,0.15568774168970131,0.1693032445055604,DMFS,OOD,hel,TabSurv_M,41
4.6,0.15756823600554326,0.1693032445055604,DMFS,OOD,hel,TabSurv_M,41
4.8,0.16244321781575902,0.17850566592009098,DMFS,OOD,hel,TabSurv_M,41
0.8,0.032295967673622986,0.03385657125269314,DMFS,OOD,hel,TabSurv_M,42
1.0,0.03219086041540113,0.03385657125269314,DMFS,OOD,hel,TabSurv_M,42
1.2,0.03227633652210175,0.033856571252693146,DMFS,OOD,hel,TabSurv_M,42
1.4,0.04007706076424378,0.04216028791594427,DMFS,OOD,hel,TabSurv_M,42
1.6,0.05605054244023336,0.05827978917355894,DMFS,OOD,hel,TabSurv_M,42
1.8,0.07560472636682238,0.08123921088776187,DMFS,OOD,hel,TabSurv_M,42
2.0,0.07534841682487739,0.08123921088776187,DMFS,OOD,hel,TabSurv_M,42
2.2,0.09147399867357493,0.09594688235606234,DMFS,OOD,hel,TabSurv_M,42
2.4,0.09857228035908398,0.10308492769968362,DMFS,OOD,hel,TabSurv_M,42
2.6,0.12245165629145001,0.12994394481152421,DMFS,OOD,hel,TabSurv_M,42
2.8,0.12174492800733827,0.12994394481152421,DMFS,OOD,hel,TabSurv_M,42
3.0,0.12801901889548378,0.13630360444897846,DMFS,OOD,hel,TabSurv_M,42
3.2,0.13515311625946136,0.1430086555413299,DMFS,OOD,hel,TabSurv_M,42
3.4,0.14028688883478127,0.15049553302289784,DMFS,OOD,hel,TabSurv_M,42
3.6,0.14117094725193197,0.1504955330228978,DMFS,OOD,hel,TabSurv_M,42
3.8,0.1413377524453137,0.15049553302289784,DMFS,OOD,hel,TabSurv_M,42
4.0,0.14145177381333812,0.15049553302289784,DMFS,OOD,hel,TabSurv_M,42
4.2,0.14228283822543686,0.15049553302289784,DMFS,OOD,hel,TabSurv_M,42
4.4,0.15900235789896455,0.1693032445055604,DMFS,OOD,hel,TabSurv_M,42
4.6,0.16055629217994255,0.1693032445055604,DMFS,OOD,hel,TabSurv_M,42
4.8,0.16642391275033358,0.17850566592009098,DMFS,OOD,hel,TabSurv_M,42
0.8,0.03267980244644135,0.03385657125269314,DMFS,OOD,hel,TabSurv_M,43
1.0,0.03254596240246636,0.03385657125269314,DMFS,OOD,hel,TabSurv_M,43
1.2,0.032537413075994726,0.033856571252693146,DMFS,OOD,hel,TabSurv_M,43
1.4,0.04027984565557479,0.04216028791594427,DMFS,OOD,hel,TabSurv_M,43
1.6,0.05685407740386943,0.05827978917355894,DMFS,OOD,hel,TabSurv_M,43
1.8,0.07517729122810278,0.08123921088776187,DMFS,OOD,hel,TabSurv_M,43
2.0,0.0743820701799087,0.08123921088776187,DMFS,OOD,hel,TabSurv_M,43
2.2,0.09145275642989678,0.09594688235606234,DMFS,OOD,hel,TabSurv_M,43
2.4,0.09764465815876171,0.10308492769968362,DMFS,OOD,hel,TabSurv_M,43
2.6,0.12182242411905168,0.12994394481152421,DMFS,OOD,hel,TabSurv_M,43
2.8,0.12031516534119999,0.12994394481152421,DMFS,OOD,hel,TabSurv_M,43
3.0,0.1255668851513722,0.13630360444897846,DMFS,OOD,hel,TabSurv_M,43
3.2,0.1334050754628172,0.1430086555413299,DMFS,OOD,hel,TabSurv_M,43
3.4,0.1359185585475504,0.15049553302289784,DMFS,OOD,hel,TabSurv_M,43
3.6,0.13522833118827574,0.1504955330228978,DMFS,OOD,hel,TabSurv_M,43
3.8,0.13378237767941714,0.15049553302289784,DMFS,OOD,hel,TabSurv_M,43
4.0,0.13263836939440138,0.15049553302289784,DMFS,OOD,hel,TabSurv_M,43
4.2,0.13206276715859686,0.15049553302289784,DMFS,OOD,hel,TabSurv_M,43
4.4,0.15423641526065443,0.1693032445055604,DMFS,OOD,hel,TabSurv_M,43
4.6,0.1541950332963866,0.1693032445055604,DMFS,OOD,hel,TabSurv_M,43
4.8,0.15988448378953424,0.17850566592009098,DMFS,OOD,hel,TabSurv_M,43
0.8,0.032403717490794286,0.03385657125269314,DMFS,OOD,hel,TabSurv_M,44
1.0,0.03263274188480909,0.03385657125269314,DMFS,OOD,hel,TabSurv_M,44
1.2,0.03308273032654263,0.033856571252693146,DMFS,OOD,hel,TabSurv_M,44
1.4,0.040838810605398686,0.04216028791594427,DMFS,OOD,hel,TabSurv_M,44
1.6,0.05702549566615517,0.05827978917355894,DMFS,OOD,hel,TabSurv_M,44
1.8,0.0735832638578363,0.08123921088776187,DMFS,OOD,hel,TabSurv_M,44
2.0,0.07344479776699754,0.08123921088776187,DMFS,OOD,hel,TabSurv_M,44
2.2,0.08943759522160004,0.09594688235606234,DMFS,OOD,hel,TabSurv_M,44
2.4,0.09597027983878598,0.10308492769968362,DMFS,OOD,hel,TabSurv_M,44
2.6,0.11747413241362639,0.12994394481152421,DMFS,OOD,hel,TabSurv_M,44
2.8,0.11662742893869384,0.12994394481152421,DMFS,OOD,hel,TabSurv_M,44
3.0,0.12340613184805989,0.13630360444897846,DMFS,OOD,hel,TabSurv_M,44
3.2,0.13120640782891943,0.1430086555413299,DMFS,OOD,hel,TabSurv_M,44
3.4,0.13302530540063326,0.15049553302289784,DMFS,OOD,hel,TabSurv_M,44
3.6,0.1345871968195406,0.1504955330228978,DMFS,OOD,hel,TabSurv_M,44
3.8,0.1343611438185975,0.15049553302289784,DMFS,OOD,hel,TabSurv_M,44
4.0,0.1346057674348856,0.15049553302289784,DMFS,OOD,hel,TabSurv_M,44
4.2,0.1356601314665089,0.15049553302289784,DMFS,OOD,hel,TabSurv_M,44
4.4,0.15216735154447666,0.1693032445055604,DMFS,OOD,hel,TabSurv_M,44
4.6,0.15404868799113136,0.1693032445055604,DMFS,OOD,hel,TabSurv_M,44
4.8,0.16239736361022916,0.17850566592009098,DMFS,OOD,hel,TabSurv_M,44
0.8,0.033928442581787996,0.03385657125269314,DMFS,OOD,hel,DeepHS,40
1.0,0.033928442581787996,0.03385657125269314,DMFS,OOD,hel,DeepHS,40
1.2,0.03365358302761241,0.033856571252693146,DMFS,OOD,hel,DeepHS,40
1.4,0.04261873867887975,0.04216028791594427,DMFS,OOD,hel,DeepHS,40
1.6,0.05791741467320238,0.05827978917355894,DMFS,OOD,hel,DeepHS,40
1.8,0.078414402993166,0.08123921088776187,DMFS,OOD,hel,DeepHS,40
2.0,0.07844453053121729,0.08123921088776187,DMFS,OOD,hel,DeepHS,40
2.2,0.10224762586867048,0.09594688235606234,DMFS,OOD,hel,DeepHS,40
2.4,0.10764496217919524,0.10308492769968362,DMFS,OOD,hel,DeepHS,40
2.6,0.1292226501690425,0.12994394481152421,DMFS,OOD,hel,DeepHS,40
2.8,0.1292226501690425,0.12994394481152421,DMFS,OOD,hel,DeepHS,40
3.0,0.13661502793056474,0.13630360444897846,DMFS,OOD,hel,DeepHS,40
3.2,0.1468066357118666,0.1430086555413299,DMFS,OOD,hel,DeepHS,40
3.4,0.1541669983898648,0.15049553302289784,DMFS,OOD,hel,DeepHS,40
3.6,0.15774164888732295,0.1504955330228978,DMFS,OOD,hel,DeepHS,40
3.8,0.1604086979418152,0.15049553302289784,DMFS,OOD,hel,DeepHS,40
4.0,0.1604086979418152,0.15049553302289784,DMFS,OOD,hel,DeepHS,40
4.2,0.16802733161487246,0.15049553302289784,DMFS,OOD,hel,DeepHS,40
4.4,0.18700625228648785,0.1693032445055604,DMFS,OOD,hel,DeepHS,40
4.6,0.18970170225255456,0.1693032445055604,DMFS,OOD,hel,DeepHS,40
4.8,0.19215468576484948,0.17850566592009098,DMFS,OOD,hel,DeepHS,40
0.8,0.03441069323519558,0.03385657125269314,DMFS,OOD,hel,DeepHS,41
1.0,0.03441069323519558,0.03385657125269314,DMFS,OOD,hel,DeepHS,41
1.2,0.034429965919459335,0.033856571252693146,DMFS,OOD,hel,DeepHS,41
1.4,0.041534107354971685,0.04216028791594427,DMFS,OOD,hel,DeepHS,41
1.6,0.05779088213050285,0.05827978917355894,DMFS,OOD,hel,DeepHS,41
1.8,0.08314815964620006,0.08123921088776187,DMFS,OOD,hel,DeepHS,41
2.0,0.08351712643768515,0.08123921088776187,DMFS,OOD,hel,DeepHS,41
2.2,0.09589601858529861,0.09594688235606234,DMFS,OOD,hel,DeepHS,41
2.4,0.10212714348271856,0.10308492769968362,DMFS,OOD,hel,DeepHS,41
2.6,0.12679377188533017,0.12994394481152421,DMFS,OOD,hel,DeepHS,41
2.8,0.12679377188533017,0.12994394481152421,DMFS,OOD,hel,DeepHS,41
3.0,0.13347068733654383,0.13630360444897846,DMFS,OOD,hel,DeepHS,41
3.2,0.14148782127634518,0.1430086555413299,DMFS,OOD,hel,DeepHS,41
3.4,0.14785952594506205,0.15049553302289784,DMFS,OOD,hel,DeepHS,41
3.6,0.1487316859844835,0.1504955330228978,DMFS,OOD,hel,DeepHS,41
3.8,0.14886922822372356,0.15049553302289784,DMFS,OOD,hel,DeepHS,41
4.0,0.1570209825521905,0.15049553302289784,DMFS,OOD,hel,DeepHS,41
4.2,0.15767500464382828,0.15049553302289784,DMFS,OOD,hel,DeepHS,41
4.4,0.17569870836322202,0.1693032445055604,DMFS,OOD,hel,DeepHS,41
4.6,0.17724892175114423,0.1693032445055604,DMFS,OOD,hel,DeepHS,41
4.8,0.18065244920267254,0.17850566592009098,DMFS,OOD,hel,DeepHS,41
0.8,0.03401588448164987,0.03385657125269314,DMFS,OOD,hel,DeepHS,42
1.0,0.03401588448164987,0.03385657125269314,DMFS,OOD,hel,DeepHS,42
1.2,0.034043437980374805,0.033856571252693146,DMFS,OOD,hel,DeepHS,42
1.4,0.04279099604610374,0.04216028791594427,DMFS,OOD,hel,DeepHS,42
1.6,0.05874118862877159,0.05827978917355894,DMFS,OOD,hel,DeepHS,42
1.8,0.09170768266302273,0.08123921088776187,DMFS,OOD,hel,DeepHS,42
2.0,0.0917710503961382,0.08123921088776187,DMFS,OOD,hel,DeepHS,42
2.2,0.10561345541149722,0.09594688235606234,DMFS,OOD,hel,DeepHS,42
2.4,0.11162310238772362,0.10308492769968362,DMFS,OOD,hel,DeepHS,42
2.6,0.14536704819102456,0.12994394481152421,DMFS,OOD,hel,DeepHS,42
2.8,0.14536704819102456,0.12994394481152421,DMFS,OOD,hel,DeepHS,42
3.0,0.15459501533287245,0.13630360444897846,DMFS,OOD,hel,DeepHS,42
3.2,0.1609240196527034,0.1430086555413299,DMFS,OOD,hel,DeepHS,42
3.4,0.16978605757008794,0.15049553302289784,DMFS,OOD,hel,DeepHS,42
3.6,0.16572610718999625,0.1504955330228978,DMFS,OOD,hel,DeepHS,42
3.8,0.16345354650481364,0.15049553302289784,DMFS,OOD,hel,DeepHS,42
4.0,0.16345354650481364,0.15049553302289784,DMFS,OOD,hel,DeepHS,42
4.2,0.1631023008025124,0.15049553302289784,DMFS,OOD,hel,DeepHS,42
4.4,0.18088667125008848,0.1693032445055604,DMFS,OOD,hel,DeepHS,42
4.6,0.17847132567208224,0.1693032445055604,DMFS,OOD,hel,DeepHS,42
4.8,0.19071075669010074,0.17850566592009098,DMFS,OOD,hel,DeepHS,42
0.8,0.03778995267125136,0.03385657125269314,DMFS,OOD,hel,DeepHS,43
1.0,0.03778995267125136,0.03385657125269314,DMFS,OOD,hel,DeepHS,43
1.2,0.03780339448771396,0.033856571252693146,DMFS,OOD,hel,DeepHS,43
1.4,0.04524944735026619,0.04216028791594427,DMFS,OOD,hel,DeepHS,43
1.6,0.0600749322432594,0.05827978917355894,DMFS,OOD,hel,DeepHS,43
1.8,0.07632993539557285,0.08123921088776187,DMFS,OOD,hel,DeepHS,43
2.0,0.07637222350880472,0.08123921088776187,DMFS,OOD,hel,DeepHS,43
2.2,0.10444403510252155,0.09594688235606234,DMFS,OOD,hel,DeepHS,43
2.4,0.11003311061761364,0.10308492769968362,DMFS,OOD,hel,DeepHS,43
2.6,0.12589535246725686,0.12994394481152421,DMFS,OOD,hel,DeepHS,43
2.8,0.12589535246725686,0.12994394481152421,DMFS,OOD,hel,DeepHS,43
3.0,0.13306591329458603,0.13630360444897846,DMFS,OOD,hel,DeepHS,43
3.2,0.14119797888585794,0.1430086555413299,DMFS,OOD,hel,DeepHS,43
3.4,0.13881582312258522,0.15049553302289784,DMFS,OOD,hel,DeepHS,43
3.6,0.13853077647929285,0.1504955330228978,DMFS,OOD,hel,DeepHS,43
3.8,0.1336199434633782,0.15049553302289784,DMFS,OOD,hel,DeepHS,43
4.0,0.1336199434633782,0.15049553302289784,DMFS,OOD,hel,DeepHS,43
4.2,0.1508682906362143,0.15049553302289784,DMFS,OOD,hel,DeepHS,43
4.4,0.16390755496958292,0.1693032445055604,DMFS,OOD,hel,DeepHS,43
4.6,0.16522415920437084,0.1693032445055604,DMFS,OOD,hel,DeepHS,43
4.8,0.1710337153907533,0.17850566592009098,DMFS,OOD,hel,DeepHS,43
0.8,0.033930155942646756,0.03385657125269314,DMFS,OOD,hel,DeepHS,44
1.0,0.033930155942646756,0.03385657125269314,DMFS,OOD,hel,DeepHS,44
1.2,0.03388344053417701,0.033856571252693146,DMFS,OOD,hel,DeepHS,44
1.4,0.04159509867222361,0.04216028791594427,DMFS,OOD,hel,DeepHS,44
1.6,0.057349630090685735,0.05827978917355894,DMFS,OOD,hel,DeepHS,44
1.8,0.08737284720999869,0.08123921088776187,DMFS,OOD,hel,DeepHS,44
2.0,0.08764967221388342,0.08123921088776187,DMFS,OOD,hel,DeepHS,44
2.2,0.102744286239912,0.09594688235606234,DMFS,OOD,hel,DeepHS,44
2.4,0.10782692500074958,0.10308492769968362,DMFS,OOD,hel,DeepHS,44
2.6,0.1292013459613055,0.12994394481152421,DMFS,OOD,hel,DeepHS,44
2.8,0.1292013459613055,0.12994394481152421,DMFS,OOD,hel,DeepHS,44
3.0,0.1328384986493327,0.13630360444897846,DMFS,OOD,hel,DeepHS,44
3.2,0.14184842582564275,0.1430086555413299,DMFS,OOD,hel,DeepHS,44
3.4,0.14068530419566858,0.15049553302289784,DMFS,OOD,hel,DeepHS,44
3.6,0.1496737711256199,0.1504955330228978,DMFS,OOD,hel,DeepHS,44
3.8,0.14982272225477916,0.15049553302289784,DMFS,OOD,hel,DeepHS,44
4.0,0.14982272225477916,0.15049553302289784,DMFS,OOD,hel,DeepHS,44
4.2,0.1505149867603179,0.15049553302289784,DMFS,OOD,hel,DeepHS,44
4.4,0.16151884134942426,0.1693032445055604,DMFS,OOD,hel,DeepHS,44
4.6,0.1627309152013566,0.1693032445055604,DMFS,OOD,hel,DeepHS,44
4.8,0.1742010833750666,0.17850566592009098,DMFS,OOD,hel,DeepHS,44
0.8,0.03462130071393799,0.03385657125269314,DMFS,OOD,hel,DeepSurv,40
1.0,0.03319799571622048,0.03385657125269314,DMFS,OOD,hel,DeepSurv,40
1.2,0.03154583701437785,0.033856571252693146,DMFS,OOD,hel,DeepSurv,40
1.4,0.03986865647469071,0.04216028791594427,DMFS,OOD,hel,DeepSurv,40
1.6,0.05647616616035301,0.05827978917355894,DMFS,OOD,hel,DeepSurv,40
1.8,0.07768438374461781,0.08123921088776187,DMFS,OOD,hel,DeepSurv,40
2.0,0.07421701022361918,0.08123921088776187,DMFS,OOD,hel,DeepSurv,40
2.2,0.08891236863819056,0.09594688235606234,DMFS,OOD,hel,DeepSurv,40
2.4,0.09585850927372405,0.10308492769968362,DMFS,OOD,hel,DeepSurv,40
2.6,0.13195618461167102,0.12994394481152421,DMFS,OOD,hel,DeepSurv,40
2.8,0.1335337948634377,0.12994394481152421,DMFS,OOD,hel,DeepSurv,40
3.0,0.14513127201841078,0.13630360444897846,DMFS,OOD,hel,DeepSurv,40
3.2,0.15840634396985884,0.1430086555413299,DMFS,OOD,hel,DeepSurv,40
3.4,0.16785359664670751,0.15049553302289784,DMFS,OOD,hel,DeepSurv,40
3.6,0.17252740506601,0.1504955330228978,DMFS,OOD,hel,DeepSurv,40
3.8,0.173386129252981,0.15049553302289784,DMFS,OOD,hel,DeepSurv,40
4.0,0.173386129252981,0.15049553302289784,DMFS,OOD,hel,DeepSurv,40
4.2,0.17441024186299192,0.15049553302289784,DMFS,OOD,hel,DeepSurv,40
4.4,0.19330382291213669,0.1693032445055604,DMFS,OOD,hel,DeepSurv,40
4.6,0.20038024387060882,0.1693032445055604,DMFS,OOD,hel,DeepSurv,40
4.8,0.218107032869304,0.17850566592009098,DMFS,OOD,hel,DeepSurv,40
0.8,0.03342791091359278,0.03385657125269314,DMFS,OOD,hel,DeepSurv,41
1.0,0.03265895364441423,0.03385657125269314,DMFS,OOD,hel,DeepSurv,41
1.2,0.03197718914944235,0.033856571252693146,DMFS,OOD,hel,DeepSurv,41
1.4,0.03953786518281045,0.04216028791594427,DMFS,OOD,hel,DeepSurv,41
1.6,0.05748393322210114,0.05827978917355894,DMFS,OOD,hel,DeepSurv,41
1.8,0.07792622831564332,0.08123921088776187,DMFS,OOD,hel,DeepSurv,41
2.0,0.07629135907930512,0.08123921088776187,DMFS,OOD,hel,DeepSurv,41
2.2,0.09483861370284748,0.09594688235606234,DMFS,OOD,hel,DeepSurv,41
2.4,0.10522879853987249,0.10308492769968362,DMFS,OOD,hel,DeepSurv,41
2.6,0.12973301908189572,0.12994394481152421,DMFS,OOD,hel,DeepSurv,41
2.8,0.13124563177498497,0.12994394481152421,DMFS,OOD,hel,DeepSurv,41
3.0,0.139957430055279,0.13630360444897846,DMFS,OOD,hel,DeepSurv,41
3.2,0.15495364748576687,0.1430086555413299,DMFS,OOD,hel,DeepSurv,41
3.4,0.15065943584693592,0.15049553302289784,DMFS,OOD,hel,DeepSurv,41
3.6,0.15754109041222367,0.1504955330228978,DMFS,OOD,hel,DeepSurv,41
3.8,0.15103729227598128,0.15049553302289784,DMFS,OOD,hel,DeepSurv,41
4.0,0.1543941276387197,0.15049553302289784,DMFS,OOD,hel,DeepSurv,41
4.2,0.1552167456518138,0.15049553302289784,DMFS,OOD,hel,DeepSurv,41
4.4,0.16171639622091108,0.1693032445055604,DMFS,OOD,hel,DeepSurv,41
4.6,0.16679577830042103,0.1693032445055604,DMFS,OOD,hel,DeepSurv,41
4.8,0.18001408861257184,0.17850566592009098,DMFS,OOD,hel,DeepSurv,41
0.8,0.03492672328966163,0.03385657125269314,DMFS,OOD,hel,DeepSurv,42
1.0,0.03492672328966163,0.03385657125269314,DMFS,OOD,hel,DeepSurv,42
1.2,0.034926740675050104,0.033856571252693146,DMFS,OOD,hel,DeepSurv,42
1.4,0.043768107204853496,0.04216028791594427,DMFS,OOD,hel,DeepSurv,42
1.6,0.06176626290177054,0.05827978917355894,DMFS,OOD,hel,DeepSurv,42
1.8,0.08726123144241257,0.08123921088776187,DMFS,OOD,hel,DeepSurv,42
2.0,0.08622807475585813,0.08123921088776187,DMFS,OOD,hel,DeepSurv,42
2.2,0.10335945535285174,0.09594688235606234,DMFS,OOD,hel,DeepSurv,42
2.4,0.11139211067967167,0.10308492769968362,DMFS,OOD,hel,DeepSurv,42
2.6,0.14562893844579616,0.12994394481152421,DMFS,OOD,hel,DeepSurv,42
2.8,0.14562893844579616,0.12994394481152421,DMFS,OOD,hel,DeepSurv,42
3.0,0.1549327266417546,0.13630360444897846,DMFS,OOD,hel,DeepSurv,42
3.2,0.16315485953079945,0.1430086555413299,DMFS,OOD,hel,DeepSurv,42
3.4,0.16186845798767888,0.15049553302289784,DMFS,OOD,hel,DeepSurv,42
3.6,0.16200875506468945,0.1504955330228978,DMFS,OOD,hel,DeepSurv,42
3.8,0.1606505572089732,0.15049553302289784,DMFS,OOD,hel,DeepSurv,42
4.0,0.1606505572089732,0.15049553302289784,DMFS,OOD,hel,DeepSurv,42
4.2,0.16066618162950896,0.15049553302289784,DMFS,OOD,hel,DeepSurv,42
4.4,0.1898684126978765,0.1693032445055604,DMFS,OOD,hel,DeepSurv,42
4.6,0.18989963724476502,0.1693032445055604,DMFS,OOD,hel,DeepSurv,42
4.8,0.20629137977118336,0.17850566592009098,DMFS,OOD,hel,DeepSurv,42
0.8,0.03507239627923644,0.03385657125269314,DMFS,OOD,hel,DeepSurv,43
1.0,0.034822921581545624,0.03385657125269314,DMFS,OOD,hel,DeepSurv,43
1.2,0.03357529807076541,0.033856571252693146,DMFS,OOD,hel,DeepSurv,43
1.4,0.04047888735997013,0.04216028791594427,DMFS,OOD,hel,DeepSurv,43
1.6,0.05851446214727701,0.05827978917355894,DMFS,OOD,hel,DeepSurv,43
1.8,0.08131341468526021,0.08123921088776187,DMFS,OOD,hel,DeepSurv,43
2.0,0.07892910517745517,0.08123921088776187,DMFS,OOD,hel,DeepSurv,43
2.2,0.10586183708812984,0.09594688235606234,DMFS,OOD,hel,DeepSurv,43
2.4,0.11717079069052219,0.10308492769968362,DMFS,OOD,hel,DeepSurv,43
2.6,0.15357969360823287,0.12994394481152421,DMFS,OOD,hel,DeepSurv,43
2.8,0.15330650151441358,0.12994394481152421,DMFS,OOD,hel,DeepSurv,43
3.0,0.1625523867561851,0.13630360444897846,DMFS,OOD,hel,DeepSurv,43
3.2,0.17428059516571845,0.1430086555413299,DMFS,OOD,hel,DeepSurv,43
3.4,0.16468216287827683,0.15049553302289784,DMFS,OOD,hel,DeepSurv,43
3.6,0.16472668118235478,0.1504955330228978,DMFS,OOD,hel,DeepSurv,43
3.8,0.14959653346146215,0.15049553302289784,DMFS,OOD,hel,DeepSurv,43
4.0,0.14817505567089267,0.15049553302289784,DMFS,OOD,hel,DeepSurv,43
4.2,0.1467418580044975,0.15049553302289784,DMFS,OOD,hel,DeepSurv,43
4.4,0.1777063573799738,0.1693032445055604,DMFS,OOD,hel,DeepSurv,43
4.6,0.1767300468251748,0.1693032445055604,DMFS,OOD,hel,DeepSurv,43
4.8,0.1901889473072532,0.17850566592009098,DMFS,OOD,hel,DeepSurv,43
0.8,0.03437883709658318,0.03385657125269314,DMFS,OOD,hel,DeepSurv,44
1.0,0.03393540717576366,0.03385657125269314,DMFS,OOD,hel,DeepSurv,44
1.2,0.03314070317539228,0.033856571252693146,DMFS,OOD,hel,DeepSurv,44
1.4,0.04148575946029015,0.04216028791594427,DMFS,OOD,hel,DeepSurv,44
1.6,0.059429092452954545,0.05827978917355894,DMFS,OOD,hel,DeepSurv,44
1.8,0.07851364632832106,0.08123921088776187,DMFS,OOD,hel,DeepSurv,44
2.0,0.07775605706115944,0.08123921088776187,DMFS,OOD,hel,DeepSurv,44
2.2,0.09571010338680884,0.09594688235606234,DMFS,OOD,hel,DeepSurv,44
2.4,0.10450802185391636,0.10308492769968362,DMFS,OOD,hel,DeepSurv,44
2.6,0.13244321194735623,0.12994394481152421,DMFS,OOD,hel,DeepSurv,44
2.8,0.13094633575178688,0.12994394481152421,DMFS,OOD,hel,DeepSurv,44
3.0,0.13997890824856704,0.13630360444897846,DMFS,OOD,hel,DeepSurv,44
3.2,0.14990280704896852,0.1430086555413299,DMFS,OOD,hel,DeepSurv,44
3.4,0.14500279921446338,0.15049553302289784,DMFS,OOD,hel,DeepSurv,44
3.6,0.14645249506893232,0.1504955330228978,DMFS,OOD,hel,DeepSurv,44
3.8,0.14171724077060546,0.15049553302289784,DMFS,OOD,hel,DeepSurv,44
4.0,0.14171724077060546,0.15049553302289784,DMFS,OOD,hel,DeepSurv,44
4.2,0.14151041988693594,0.15049553302289784,DMFS,OOD,hel,DeepSurv,44
4.4,0.16978074598991172,0.1693032445055604,DMFS,OOD,hel,DeepSurv,44
4.6,0.1707047791394177,0.1693032445055604,DMFS,OOD,hel,DeepSurv,44
4.8,0.18599984538268313,0.17850566592009098,DMFS,OOD,hel,DeepSurv,44
0.8,0.035046358184355496,0.03385657125269314,DMFS,OOD,hel,ENCox,40
1.0,0.035249017188934424,0.03385657125269314,DMFS,OOD,hel,ENCox,40
1.2,0.03759049305529479,0.033856571252693146,DMFS,OOD,hel,ENCox,40
1.4,0.047510647604332865,0.04216028791594427,DMFS,OOD,hel,ENCox,40
1.6,0.07020886086271401,0.05827978917355894,DMFS,OOD,hel,ENCox,40
1.8,0.0887005503467256,0.08123921088776187,DMFS,OOD,hel,ENCox,40
2.0,0.09773648375449842,0.08123921088776187,DMFS,OOD,hel,ENCox,40
2.2,0.137902555262565,0.09594688235606234,DMFS,OOD,hel,ENCox,40
2.4,0.1657029519614013,0.10308492769968362,DMFS,OOD,hel,ENCox,40
2.6,0.18673822234425894,0.12994394481152421,DMFS,OOD,hel,ENCox,40
2.8,0.19563640521356393,0.12994394481152421,DMFS,OOD,hel,ENCox,40
3.0,0.2109474389361196,0.13630360444897846,DMFS,OOD,hel,ENCox,40
3.2,0.2308760380114394,0.1430086555413299,DMFS,OOD,hel,ENCox,40
3.4,0.24985725144449117,0.15049553302289784,DMFS,OOD,hel,ENCox,40
3.6,0.263142997246575,0.1504955330228978,DMFS,OOD,hel,ENCox,40
3.8,0.27635250624236507,0.15049553302289784,DMFS,OOD,hel,ENCox,40
4.0,0.27635250624236507,0.15049553302289784,DMFS,OOD,hel,ENCox,40
4.2,0.27981904875154096,0.15049553302289784,DMFS,OOD,hel,ENCox,40
4.4,0.2823793319428106,0.1693032445055604,DMFS,OOD,hel,ENCox,40
4.6,0.30021659953742696,0.1693032445055604,DMFS,OOD,hel,ENCox,40
4.8,0.3106283262066626,0.17850566592009098,DMFS,OOD,hel,ENCox,40
0.8,0.03379052557447047,0.03385657125269314,DMFS,OOD,hel,ENCox,41
1.0,0.03364782113936649,0.03385657125269314,DMFS,OOD,hel,ENCox,41
1.2,0.033845650386768525,0.033856571252693146,DMFS,OOD,hel,ENCox,41
1.4,0.04232203867397197,0.04216028791594427,DMFS,OOD,hel,ENCox,41
1.6,0.05809344888863643,0.05827978917355894,DMFS,OOD,hel,ENCox,41
1.8,0.07874059550118605,0.08123921088776187,DMFS,OOD,hel,ENCox,41
2.0,0.07891193406649458,0.08123921088776187,DMFS,OOD,hel,ENCox,41
2.2,0.09543079059821852,0.09594688235606234,DMFS,OOD,hel,ENCox,41
2.4,0.10201668769840816,0.10308492769968362,DMFS,OOD,hel,ENCox,41
2.6,0.12226791936317702,0.12994394481152421,DMFS,OOD,hel,ENCox,41
2.8,0.1227494063335976,0.12994394481152421,DMFS,OOD,hel,ENCox,41
3.0,0.12787319740325997,0.13630360444897846,DMFS,OOD,hel,ENCox,41
3.2,0.13616422577970846,0.1430086555413299,DMFS,OOD,hel,ENCox,41
3.4,0.1416876967955101,0.15049553302289784,DMFS,OOD,hel,ENCox,41
3.6,0.14333888198570485,0.1504955330228978,DMFS,OOD,hel,ENCox,41
3.8,0.1433684340660224,0.15049553302289784,DMFS,OOD,hel,ENCox,41
4.0,0.14438912194258813,0.15049553302289784,DMFS,OOD,hel,ENCox,41
4.2,0.14483343566730414,0.15049553302289784,DMFS,OOD,hel,ENCox,41
4.4,0.16088403776606897,0.1693032445055604,DMFS,OOD,hel,ENCox,41
4.6,0.1625575331156793,0.1693032445055604,DMFS,OOD,hel,ENCox,41
4.8,0.17160623722466223,0.17850566592009098,DMFS,OOD,hel,ENCox,41
0.8,0.035081022005158294,0.03385657125269314,DMFS,OOD,hel,ENCox,42
1.0,0.035081022005158294,0.03385657125269314,DMFS,OOD,hel,ENCox,42
1.2,0.03508269727234304,0.033856571252693146,DMFS,OOD,hel,ENCox,42
1.4,0.04400516069857719,0.04216028791594427,DMFS,OOD,hel,ENCox,42
1.6,0.061465193368209985,0.05827978917355894,DMFS,OOD,hel,ENCox,42
1.8,0.08868880599303877,0.08123921088776187,DMFS,OOD,hel,ENCox,42
2.0,0.08990380658723458,0.08123921088776187,DMFS,OOD,hel,ENCox,42
2.2,0.10971648928421791,0.09594688235606234,DMFS,OOD,hel,ENCox,42
2.4,0.12018708964469074,0.10308492769968362,DMFS,OOD,hel,ENCox,42
2.6,0.14818400350678126,0.12994394481152421,DMFS,OOD,hel,ENCox,42
2.8,0.14818400350678126,0.12994394481152421,DMFS,OOD,hel,ENCox,42
3.0,0.15696932209172745,0.13630360444897846,DMFS,OOD,hel,ENCox,42
3.2,0.1677587504653132,0.1430086555413299,DMFS,OOD,hel,ENCox,42
3.4,0.17655381297713682,0.15049553302289784,DMFS,OOD,hel,ENCox,42
3.6,0.18066754323519055,0.1504955330228978,DMFS,OOD,hel,ENCox,42
3.8,0.18257376220604005,0.15049553302289784,DMFS,OOD,hel,ENCox,42
4.0,0.18257376220604005,0.15049553302289784,DMFS,OOD,hel,ENCox,42
4.2,0.1834054282540592,0.15049553302289784,DMFS,OOD,hel,ENCox,42
4.4,0.18589608353362042,0.1693032445055604,DMFS,OOD,hel,ENCox,42
4.6,0.1871584721322333,0.1693032445055604,DMFS,OOD,hel,ENCox,42
4.8,0.2028183721279646,0.17850566592009098,DMFS,OOD,hel,ENCox,42
0.8,0.03426916782464254,0.03385657125269314,DMFS,OOD,hel,ENCox,43
1.0,0.03378695934513363,0.03385657125269314,DMFS,OOD,hel,ENCox,43
1.2,0.0336433779183809,0.033856571252693146,DMFS,OOD,hel,ENCox,43
1.4,0.04157294582150514,0.04216028791594427,DMFS,OOD,hel,ENCox,43
1.6,0.057922215884218343,0.05827978917355894,DMFS,OOD,hel,ENCox,43
1.8,0.08129312966794708,0.08123921088776187,DMFS,OOD,hel,ENCox,43
2.0,0.08017809730314795,0.08123921088776187,DMFS,OOD,hel,ENCox,43
2.2,0.09514173044397187,0.09594688235606234,DMFS,OOD,hel,ENCox,43
2.4,0.10082646444088744,0.10308492769968362,DMFS,OOD,hel,ENCox,43
2.6,0.1275873674806195,0.12994394481152421,DMFS,OOD,hel,ENCox,43
2.8,0.1264252980975953,0.12994394481152421,DMFS,OOD,hel,ENCox,43
3.0,0.13200886344774046,0.13630360444897846,DMFS,OOD,hel,ENCox,43
3.2,0.13791108435033314,0.1430086555413299,DMFS,OOD,hel,ENCox,43
3.4,0.1443082439872547,0.15049553302289784,DMFS,OOD,hel,ENCox,43
3.6,0.14418161420052375,0.1504955330228978,DMFS,OOD,hel,ENCox,43
3.8,0.14385733356413172,0.15049553302289784,DMFS,OOD,hel,ENCox,43
4.0,0.14398911663745292,0.15049553302289784,DMFS,OOD,hel,ENCox,43
4.2,0.14491632756910677,0.15049553302289784,DMFS,OOD,hel,ENCox,43
4.4,0.16514991195481404,0.1693032445055604,DMFS,OOD,hel,ENCox,43
4.6,0.1662876525396367,0.1693032445055604,DMFS,OOD,hel,ENCox,43
4.8,0.1734338843829514,0.17850566592009098,DMFS,OOD,hel,ENCox,43
0.8,0.0338803353489042,0.03385657125269314,DMFS,OOD,hel,ENCox,44
1.0,0.03365774494968777,0.03385657125269314,DMFS,OOD,hel,ENCox,44
1.2,0.03495529898492061,0.033856571252693146,DMFS,OOD,hel,ENCox,44
1.4,0.04823967942041458,0.04216028791594427,DMFS,OOD,hel,ENCox,44
1.6,0.06787677168666333,0.05827978917355894,DMFS,OOD,hel,ENCox,44
1.8,0.09158747981446004,0.08123921088776187,DMFS,OOD,hel,ENCox,44
2.0,0.0973170017100113,0.08123921088776187,DMFS,OOD,hel,ENCox,44
2.2,0.10921196286038815,0.09594688235606234,DMFS,OOD,hel,ENCox,44
2.4,0.11449906311304077,0.10308492769968362,DMFS,OOD,hel,ENCox,44
2.6,0.14187530507176357,0.12994394481152421,DMFS,OOD,hel,ENCox,44
2.8,0.1434176590226758,0.12994394481152421,DMFS,OOD,hel,ENCox,44
3.0,0.14964609389229003,0.13630360444897846,DMFS,OOD,hel,ENCox,44
3.2,0.1629592945913492,0.1430086555413299,DMFS,OOD,hel,ENCox,44
3.4,0.16848852333556347,0.15049553302289784,DMFS,OOD,hel,ENCox,44
3.6,0.17544336029064553,0.1504955330228978,DMFS,OOD,hel,ENCox,44
3.8,0.1830603112121697,0.15049553302289784,DMFS,OOD,hel,ENCox,44
4.0,0.1830603112121697,0.15049553302289784,DMFS,OOD,hel,ENCox,44
4.2,0.1883886671437235,0.15049553302289784,DMFS,OOD,hel,ENCox,44
4.4,0.19233595348128377,0.1693032445055604,DMFS,OOD,hel,ENCox,44
4.6,0.1961560620114228,0.1693032445055604,DMFS,OOD,hel,ENCox,44
4.8,0.20850575750468045,0.17850566592009098,DMFS,OOD,hel,ENCox,44
0.8,0.15211793172593283,0.03385657125269314,DMFS,OOD,hel,LH,40
1.0,0.15211793172593283,0.03385657125269314,DMFS,OOD,hel,LH,40
1.2,0.15218291507171142,0.033856571252693146,DMFS,OOD,hel,LH,40
1.4,0.1591452705346927,0.04216028791594427,DMFS,OOD,hel,LH,40
1.6,0.1616033730239571,0.05827978917355894,DMFS,OOD,hel,LH,40
1.8,0.1716492506785811,0.08123921088776187,DMFS,OOD,hel,LH,40
2.0,0.17229596674361608,0.08123921088776187,DMFS,OOD,hel,LH,40
2.2,0.4292380505866418,0.09594688235606234,DMFS,OOD,hel,LH,40
2.4,0.424259396698609,0.10308492769968362,DMFS,OOD,hel,LH,40
2.6,0.40305490256522997,0.12994394481152421,DMFS,OOD,hel,LH,40
2.8,0.40305490256522997,0.12994394481152421,DMFS,OOD,hel,LH,40
3.0,0.39956698725937906,0.13630360444897846,DMFS,OOD,hel,LH,40
3.2,0.39810361481938034,0.1430086555413299,DMFS,OOD,hel,LH,40
3.4,0.3921039075257915,0.15049553302289784,DMFS,OOD,hel,LH,40
3.6,0.4050173762764218,0.1504955330228978,DMFS,OOD,hel,LH,40
3.8,0.40811998729539384,0.15049553302289784,DMFS,OOD,hel,LH,40
4.0,0.40811998729539384,0.15049553302289784,DMFS,OOD,hel,LH,40
4.2,0.5189216003909957,0.15049553302289784,DMFS,OOD,hel,LH,40
4.4,0.5015039488814158,0.1693032445055604,DMFS,OOD,hel,LH,40
4.6,0.5127376410513692,0.1693032445055604,DMFS,OOD,hel,LH,40
4.8,0.49865497023835165,0.17850566592009098,DMFS,OOD,hel,LH,40
0.8,0.035117923077029545,0.03385657125269314,DMFS,OOD,hel,LH,41
1.0,0.035117923077029545,0.03385657125269314,DMFS,OOD,hel,LH,41
1.2,0.035119281688458334,0.033856571252693146,DMFS,OOD,hel,LH,41
1.4,0.04371293721780319,0.04216028791594427,DMFS,OOD,hel,LH,41
1.6,0.06105499461633017,0.05827978917355894,DMFS,OOD,hel,LH,41
1.8,0.0854533961156329,0.08123921088776187,DMFS,OOD,hel,LH,41
2.0,0.09785198899886201,0.08123921088776187,DMFS,OOD,hel,LH,41
2.2,0.11521568445197396,0.09594688235606234,DMFS,OOD,hel,LH,41
2.4,0.12309590251726145,0.10308492769968362,DMFS,OOD,hel,LH,41
2.6,0.15018556560513857,0.12994394481152421,DMFS,OOD,hel,LH,41
2.8,0.15018556560513857,0.12994394481152421,DMFS,OOD,hel,LH,41
3.0,0.1586673199465948,0.13630360444897846,DMFS,OOD,hel,LH,41
3.2,0.17100441365651434,0.1430086555413299,DMFS,OOD,hel,LH,41
3.4,0.16866858448320632,0.15049553302289784,DMFS,OOD,hel,LH,41
3.6,0.17234753349423343,0.1504955330228978,DMFS,OOD,hel,LH,41
3.8,0.17192092919213828,0.15049553302289784,DMFS,OOD,hel,LH,41
4.0,0.2544228902741783,0.15049553302289784,DMFS,OOD,hel,LH,41
4.2,0.257487661351147,0.15049553302289784,DMFS,OOD,hel,LH,41
4.4,0.28594637304058884,0.1693032445055604,DMFS,OOD,hel,LH,41
4.6,0.2929491132803978,0.1693032445055604,DMFS,OOD,hel,LH,41
4.8,0.283936600529526,0.17850566592009098,DMFS,OOD,hel,LH,41
0.8,0.03931933585578139,0.03385657125269314,DMFS,OOD,hel,LH,42
1.0,0.03931933585578139,0.03385657125269314,DMFS,OOD,hel,LH,42
1.2,0.03918866904265093,0.033856571252693146,DMFS,OOD,hel,LH,42
1.4,0.04560659318659701,0.04216028791594427,DMFS,OOD,hel,LH,42
1.6,0.057788882889623396,0.05827978917355894,DMFS,OOD,hel,LH,42
1.8,0.08946213828018593,0.08123921088776187,DMFS,OOD,hel,LH,42
2.0,0.08982622183146383,0.08123921088776187,DMFS,OOD,hel,LH,42
2.2,0.10297195529038355,0.09594688235606234,DMFS,OOD,hel,LH,42
2.4,0.10872044603339062,0.10308492769968362,DMFS,OOD,hel,LH,42
2.6,0.1343233378164739,0.12994394481152421,DMFS,OOD,hel,LH,42
2.8,0.1343233378164739,0.12994394481152421,DMFS,OOD,hel,LH,42
3.0,0.14148401551892084,0.13630360444897846,DMFS,OOD,hel,LH,42
3.2,0.14950384318930454,0.1430086555413299,DMFS,OOD,hel,LH,42
3.4,0.14022145038507858,0.15049553302289784,DMFS,OOD,hel,LH,42
3.6,0.16196360749230826,0.1504955330228978,DMFS,OOD,hel,LH,42
3.8,0.1539149469643351,0.15049553302289784,DMFS,OOD,hel,LH,42
4.0,0.1539149469643351,0.15049553302289784,DMFS,OOD,hel,LH,42
4.2,0.15492987022522833,0.15049553302289784,DMFS,OOD,hel,LH,42
4.4,0.18080382191432465,0.1693032445055604,DMFS,OOD,hel,LH,42
4.6,0.1830266419664887,0.1693032445055604,DMFS,OOD,hel,LH,42
4.8,0.1938145069512096,0.17850566592009098,DMFS,OOD,hel,LH,42
0.8,0.03462775766063522,0.03385657125269314,DMFS,OOD,hel,LH,43
1.0,0.03462775766063522,0.03385657125269314,DMFS,OOD,hel,LH,43
1.2,0.03463510300762876,0.033856571252693146,DMFS,OOD,hel,LH,43
1.4,0.04291239824862079,0.04216028791594427,DMFS,OOD,hel,LH,43
1.6,0.05993034427455861,0.05827978917355894,DMFS,OOD,hel,LH,43
1.8,0.08457862849865898,0.08123921088776187,DMFS,OOD,hel,LH,43
2.0,0.08457689512002288,0.08123921088776187,DMFS,OOD,hel,LH,43
2.2,0.10486628330595815,0.09594688235606234,DMFS,OOD,hel,LH,43
2.4,0.11268094523155925,0.10308492769968362,DMFS,OOD,hel,LH,43
2.6,0.1346663403540655,0.12994394481152421,DMFS,OOD,hel,LH,43
2.8,0.1346663403540655,0.12994394481152421,DMFS,OOD,hel,LH,43
3.0,0.14268296514506232,0.13630360444897846,DMFS,OOD,hel,LH,43
3.2,0.15385564090187498,0.1430086555413299,DMFS,OOD,hel,LH,43
3.4,0.1513334224267935,0.15049553302289784,DMFS,OOD,hel,LH,43
3.6,0.15312369552489905,0.1504955330228978,DMFS,OOD,hel,LH,43
3.8,0.14479504990709943,0.15049553302289784,DMFS,OOD,hel,LH,43
4.0,0.14479504990709943,0.15049553302289784,DMFS,OOD,hel,LH,43
4.2,0.14896252706762436,0.15049553302289784,DMFS,OOD,hel,LH,43
4.4,0.17565811370453463,0.1693032445055604,DMFS,OOD,hel,LH,43
4.6,0.17729203155849152,0.1693032445055604,DMFS,OOD,hel,LH,43
4.8,0.18682102588341265,0.17850566592009098,DMFS,OOD,hel,LH,43
0.8,0.03412498781447044,0.03385657125269314,DMFS,OOD,hel,LH,44
1.0,0.03412498781447044,0.03385657125269314,DMFS,OOD,hel,LH,44
1.2,0.03412026999445311,0.033856571252693146,DMFS,OOD,hel,LH,44
1.4,0.04304908096754827,0.04216028791594427,DMFS,OOD,hel,LH,44
1.6,0.06045816011941798,0.05827978917355894,DMFS,OOD,hel,LH,44
1.8,0.08191054450351662,0.08123921088776187,DMFS,OOD,hel,LH,44
2.0,0.08193274650876445,0.08123921088776187,DMFS,OOD,hel,LH,44
2.2,0.09944882938326348,0.09594688235606234,DMFS,OOD,hel,LH,44
2.4,0.10810705715832775,0.10308492769968362,DMFS,OOD,hel,LH,44
2.6,0.1421238899356114,0.12994394481152421,DMFS,OOD,hel,LH,44
2.8,0.1421238899356114,0.12994394481152421,DMFS,OOD,hel,LH,44
3.0,0.15107265920794252,0.13630360444897846,DMFS,OOD,hel,LH,44
3.2,0.16086073208904247,0.1430086555413299,DMFS,OOD,hel,LH,44
3.4,0.16940683598835227,0.15049553302289784,DMFS,OOD,hel,LH,44
3.6,0.17907751654456308,0.1504955330228978,DMFS,OOD,hel,LH,44
3.8,0.1677565792689598,0.15049553302289784,DMFS,OOD,hel,LH,44
4.0,0.1677565792689598,0.15049553302289784,DMFS,OOD,hel,LH,44
4.2,0.16829604119085764,0.15049553302289784,DMFS,OOD,hel,LH,44
4.4,0.168789656447811,0.1693032445055604,DMFS,OOD,hel,LH,44
4.6,0.16939182562493618,0.1693032445055604,DMFS,OOD,hel,LH,44
4.8,0.18590492882160814,0.17850566592009098,DMFS,OOD,hel,LH,44
0.8,0.03637682035478061,0.03385657125269314,DMFS,OOD,hel,MTLR,40
1.0,0.03637682035478061,0.03385657125269314,DMFS,OOD,hel,MTLR,40
1.2,0.03608413440496922,0.033856571252693146,DMFS,OOD,hel,MTLR,40
1.4,0.04403880696023744,0.04216028791594427,DMFS,OOD,hel,MTLR,40
1.6,0.0607812086000729,0.05827978917355894,DMFS,OOD,hel,MTLR,40
1.8,0.08297470567835755,0.08123921088776187,DMFS,OOD,hel,MTLR,40
2.0,0.08302630257360692,0.08123921088776187,DMFS,OOD,hel,MTLR,40
2.2,0.13236044086087312,0.09594688235606234,DMFS,OOD,hel,MTLR,40
2.4,0.13561257512725883,0.10308492769968362,DMFS,OOD,hel,MTLR,40
2.6,0.14553013932911307,0.12994394481152421,DMFS,OOD,hel,MTLR,40
2.8,0.14553013932911307,0.12994394481152421,DMFS,OOD,hel,MTLR,40
3.0,0.14774610403278943,0.13630360444897846,DMFS,OOD,hel,MTLR,40
3.2,0.16188418814460223,0.1430086555413299,DMFS,OOD,hel,MTLR,40
3.4,0.163158374319903,0.15049553302289784,DMFS,OOD,hel,MTLR,40
3.6,0.1704370037682651,0.1504955330228978,DMFS,OOD,hel,MTLR,40
3.8,0.17452497121847346,0.15049553302289784,DMFS,OOD,hel,MTLR,40
4.0,0.17452497121847346,0.15049553302289784,DMFS,OOD,hel,MTLR,40
4.2,0.20907625308499544,0.15049553302289784,DMFS,OOD,hel,MTLR,40
4.4,0.22241885031433012,0.1693032445055604,DMFS,OOD,hel,MTLR,40
4.6,0.22780054140954617,0.1693032445055604,DMFS,OOD,hel,MTLR,40
4.8,0.22246062022974503,0.17850566592009098,DMFS,OOD,hel,MTLR,40
0.8,0.03912565411351638,0.03385657125269314,DMFS,OOD,hel,MTLR,41
1.0,0.03912565411351638,0.03385657125269314,DMFS,OOD,hel,MTLR,41
1.2,0.0391894778012078,0.033856571252693146,DMFS,OOD,hel,MTLR,41
1.4,0.046046454365489986,0.04216028791594427,DMFS,OOD,hel,MTLR,41
1.6,0.0636470935028181,0.05827978917355894,DMFS,OOD,hel,MTLR,41
1.8,0.0807836297079203,0.08123921088776187,DMFS,OOD,hel,MTLR,41
2.0,0.0915973413325167,0.08123921088776187,DMFS,OOD,hel,MTLR,41
2.2,0.10813512864387016,0.09594688235606234,DMFS,OOD,hel,MTLR,41
2.4,0.11432115682259103,0.10308492769968362,DMFS,OOD,hel,MTLR,41
2.6,0.132355190395437,0.12994394481152421,DMFS,OOD,hel,MTLR,41
2.8,0.132355190395437,0.12994394481152421,DMFS,OOD,hel,MTLR,41
3.0,0.13973158877709507,0.13630360444897846,DMFS,OOD,hel,MTLR,41
3.2,0.1506266055114876,0.1430086555413299,DMFS,OOD,hel,MTLR,41
3.4,0.1522608458419442,0.15049553302289784,DMFS,OOD,hel,MTLR,41
3.6,0.15554879246942938,0.1504955330228978,DMFS,OOD,hel,MTLR,41
3.8,0.15649062766956176,0.15049553302289784,DMFS,OOD,hel,MTLR,41
4.0,0.2005481683511399,0.15049553302289784,DMFS,OOD,hel,MTLR,41
4.2,0.2026774975318462,0.15049553302289784,DMFS,OOD,hel,MTLR,41
4.4,0.23104160261327425,0.1693032445055604,DMFS,OOD,hel,MTLR,41
4.6,0.23589338342427865,0.1693032445055604,DMFS,OOD,hel,MTLR,41
4.8,0.22948624787616892,0.17850566592009098,DMFS,OOD,hel,MTLR,41
0.8,0.033925757788556624,0.03385657125269314,DMFS,OOD,hel,MTLR,42
1.0,0.033925757788556624,0.03385657125269314,DMFS,OOD,hel,MTLR,42
1.2,0.033907977232171184,0.033856571252693146,DMFS,OOD,hel,MTLR,42
1.4,0.041619810299110514,0.04216028791594427,DMFS,OOD,hel,MTLR,42
1.6,0.058302004699909746,0.05827978917355894,DMFS,OOD,hel,MTLR,42
1.8,0.0937801297156681,0.08123921088776187,DMFS,OOD,hel,MTLR,42
2.0,0.09417187090752777,0.08123921088776187,DMFS,OOD,hel,MTLR,42
2.2,0.11239356399803742,0.09594688235606234,DMFS,OOD,hel,MTLR,42
2.4,0.12036084949687308,0.10308492769968362,DMFS,OOD,hel,MTLR,42
2.6,0.1457931283771977,0.12994394481152421,DMFS,OOD,hel,MTLR,42
2.8,0.1457931283771977,0.12994394481152421,DMFS,OOD,hel,MTLR,42
3.0,0.1507142077289074,0.13630360444897846,DMFS,OOD,hel,MTLR,42
3.2,0.1612528085197138,0.1430086555413299,DMFS,OOD,hel,MTLR,42
3.4,0.15911827677408763,0.15049553302289784,DMFS,OOD,hel,MTLR,42
3.6,0.1837468282558793,0.1504955330228978,DMFS,OOD,hel,MTLR,42
3.8,0.18079104380535319,0.15049553302289784,DMFS,OOD,hel,MTLR,42
4.0,0.18079104380535319,0.15049553302289784,DMFS,OOD,hel,MTLR,42
4.2,0.18202925462169442,0.15049553302289784,DMFS,OOD,hel,MTLR,42
4.4,0.1857886928941082,0.1693032445055604,DMFS,OOD,hel,MTLR,42
4.6,0.18857610933013644,0.1693032445055604,DMFS,OOD,hel,MTLR,42
4.8,0.20073138515116073,0.17850566592009098,DMFS,OOD,hel,MTLR,42
0.8,0.03317072050256704,0.03385657125269314,DMFS,OOD,hel,MTLR,43
1.0,0.03317072050256704,0.03385657125269314,DMFS,OOD,hel,MTLR,43
1.2,0.03316570152184951,0.033856571252693146,DMFS,OOD,hel,MTLR,43
1.4,0.04135191238185848,0.04216028791594427,DMFS,OOD,hel,MTLR,43
1.6,0.058372570668341395,0.05827978917355894,DMFS,OOD,hel,MTLR,43
1.8,0.08172612942462665,0.08123921088776187,DMFS,OOD,hel,MTLR,43
2.0,0.0817541605327341,0.08123921088776187,DMFS,OOD,hel,MTLR,43
2.2,0.0960227889729529,0.09594688235606234,DMFS,OOD,hel,MTLR,43
2.4,0.10118291753027964,0.10308492769968362,DMFS,OOD,hel,MTLR,43
2.6,0.1327733263760183,0.12994394481152421,DMFS,OOD,hel,MTLR,43
2.8,0.1327733263760183,0.12994394481152421,DMFS,OOD,hel,MTLR,43
3.0,0.14098210782066936,0.13630360444897846,DMFS,OOD,hel,MTLR,43
3.2,0.14948364628939062,0.1430086555413299,DMFS,OOD,hel,MTLR,43
3.4,0.15569104472085735,0.15049553302289784,DMFS,OOD,hel,MTLR,43
3.6,0.15669579865115335,0.1504955330228978,DMFS,OOD,hel,MTLR,43
3.8,0.15644722266784267,0.15049553302289784,DMFS,OOD,hel,MTLR,43
4.0,0.15644722266784267,0.15049553302289784,DMFS,OOD,hel,MTLR,43
4.2,0.16828496203751586,0.15049553302289784,DMFS,OOD,hel,MTLR,43
4.4,0.18585924103053889,0.1693032445055604,DMFS,OOD,hel,MTLR,43
4.6,0.18934443790532862,0.1693032445055604,DMFS,OOD,hel,MTLR,43
4.8,0.18864236161313214,0.17850566592009098,DMFS,OOD,hel,MTLR,43
0.8,0.03551721281446627,0.03385657125269314,DMFS,OOD,hel,MTLR,44
1.0,0.03551721281446627,0.03385657125269314,DMFS,OOD,hel,MTLR,44
1.2,0.035546754692788424,0.033856571252693146,DMFS,OOD,hel,MTLR,44
1.4,0.04418330060871743,0.04216028791594427,DMFS,OOD,hel,MTLR,44
1.6,0.06184879212095784,0.05827978917355894,DMFS,OOD,hel,MTLR,44
1.8,0.09727530806513977,0.08123921088776187,DMFS,OOD,hel,MTLR,44
2.0,0.09760424215893541,0.08123921088776187,DMFS,OOD,hel,MTLR,44
2.2,0.11267410619300382,0.09594688235606234,DMFS,OOD,hel,MTLR,44
2.4,0.11843216141094841,0.10308492769968362,DMFS,OOD,hel,MTLR,44
2.6,0.1338672770629635,0.12994394481152421,DMFS,OOD,hel,MTLR,44
2.8,0.1338672770629635,0.12994394481152421,DMFS,OOD,hel,MTLR,44
3.0,0.142323437694156,0.13630360444897846,DMFS,OOD,hel,MTLR,44
3.2,0.1498390922179777,0.1430086555413299,DMFS,OOD,hel,MTLR,44
3.4,0.15351637188436384,0.15049553302289784,DMFS,OOD,hel,MTLR,44
3.6,0.21549219820662466,0.1504955330228978,DMFS,OOD,hel,MTLR,44
3.8,0.2180061202993112,0.15049553302289784,DMFS,OOD,hel,MTLR,44
4.0,0.2180061202993112,0.15049553302289784,DMFS,OOD,hel,MTLR,44
4.2,0.2204806625901093,0.15049553302289784,DMFS,OOD,hel,MTLR,44
4.4,0.2199345397205376,0.1693032445055604,DMFS,OOD,hel,MTLR,44
4.6,0.2249779997081062,0.1693032445055604,DMFS,OOD,hel,MTLR,44
4.8,0.24121411992572755,0.17850566592009098,DMFS,OOD,hel,MTLR,44
0.8,0.03508771929824561,0.03385657125269314,DMFS,OOD,hel,PCHazard,40
1.0,0.03508771929824561,0.03385657125269314,DMFS,OOD,hel,PCHazard,40
1.2,0.03508771929824561,0.033856571252693146,DMFS,OOD,hel,PCHazard,40
1.4,0.044105591080505005,0.04216028791594427,DMFS,OOD,hel,PCHazard,40
1.6,0.06214133464502377,0.05827978917355894,DMFS,OOD,hel,PCHazard,40
1.8,0.08919494999180193,0.08123921088776187,DMFS,OOD,hel,PCHazard,40
2.0,0.16543748220858173,0.08123921088776187,DMFS,OOD,hel,PCHazard,40
2.2,0.17325502551407287,0.09594688235606234,DMFS,OOD,hel,PCHazard,40
2.4,0.17317192700857076,0.10308492769968362,DMFS,OOD,hel,PCHazard,40
2.6,0.17862574856339966,0.12994394481152421,DMFS,OOD,hel,PCHazard,40
2.8,0.17862574856339966,0.12994394481152421,DMFS,OOD,hel,PCHazard,40
3.0,0.17930732576260622,0.13630360444897846,DMFS,OOD,hel,PCHazard,40
3.2,0.18747874991544358,0.1430086555413299,DMFS,OOD,hel,PCHazard,40
3.4,0.1882289441391766,0.15049553302289784,DMFS,OOD,hel,PCHazard,40
3.6,0.1957478393363111,0.1504955330228978,DMFS,OOD,hel,PCHazard,40
3.8,0.39658761324707864,0.15049553302289784,DMFS,OOD,hel,PCHazard,40
4.0,0.39658761324707864,0.15049553302289784,DMFS,OOD,hel,PCHazard,40
4.2,0.40163375489602304,0.15049553302289784,DMFS,OOD,hel,PCHazard,40
4.4,0.39473451742473153,0.1693032445055604,DMFS,OOD,hel,PCHazard,40
4.6,0.40791980659303195,0.1693032445055604,DMFS,OOD,hel,PCHazard,40
4.8,0.394758317287232,0.17850566592009098,DMFS,OOD,hel,PCHazard,40
0.8,0.03508771929824561,0.03385657125269314,DMFS,OOD,hel,PCHazard,41
1.0,0.03508771929824561,0.03385657125269314,DMFS,OOD,hel,PCHazard,41
1.2,0.03508771929824561,0.033856571252693146,DMFS,OOD,hel,PCHazard,41
1.4,0.044105591080505005,0.04216028791594427,DMFS,OOD,hel,PCHazard,41
1.6,0.06214133464502377,0.05827978917355894,DMFS,OOD,hel,PCHazard,41
1.8,0.0883785313391394,0.08123921088776187,DMFS,OOD,hel,PCHazard,41
2.0,0.0885986610196379,0.08123921088776187,DMFS,OOD,hel,PCHazard,41
2.2,0.10595421071449711,0.09594688235606234,DMFS,OOD,hel,PCHazard,41
2.4,0.11454295784398891,0.10308492769968362,DMFS,OOD,hel,PCHazard,41
2.6,0.1451119487706952,0.12994394481152421,DMFS,OOD,hel,PCHazard,41
2.8,0.1451119487706952,0.12994394481152421,DMFS,OOD,hel,PCHazard,41
3.0,0.15297710692628622,0.13630360444897846,DMFS,OOD,hel,PCHazard,41
3.2,0.16455719455122325,0.1430086555413299,DMFS,OOD,hel,PCHazard,41
3.4,0.16109760796492834,0.15049553302289784,DMFS,OOD,hel,PCHazard,41
3.6,0.21917756480215342,0.1504955330228978,DMFS,OOD,hel,PCHazard,41
3.8,0.21572536798236305,0.15049553302289784,DMFS,OOD,hel,PCHazard,41
4.0,0.21572536798236305,0.15049553302289784,DMFS,OOD,hel,PCHazard,41
4.2,0.21804670403199822,0.15049553302289784,DMFS,OOD,hel,PCHazard,41
4.4,0.24494394905124592,0.1693032445055604,DMFS,OOD,hel,PCHazard,41
4.6,0.25028104891512115,0.1693032445055604,DMFS,OOD,hel,PCHazard,41
4.8,0.24398562014864922,0.17850566592009098,DMFS,OOD,hel,PCHazard,41
0.8,0.03508771929824561,0.03385657125269314,DMFS,OOD,hel,PCHazard,42
1.0,0.03508771929824561,0.03385657125269314,DMFS,OOD,hel,PCHazard,42
1.2,0.03508771929824561,0.033856571252693146,DMFS,OOD,hel,PCHazard,42
1.4,0.044105591080505005,0.04216028791594427,DMFS,OOD,hel,PCHazard,42
1.6,0.09317145513416838,0.05827978917355894,DMFS,OOD,hel,PCHazard,42
1.8,0.10246483018324125,0.08123921088776187,DMFS,OOD,hel,PCHazard,42
2.0,0.10287944673971221,0.08123921088776187,DMFS,OOD,hel,PCHazard,42
2.2,0.11719017751928486,0.09594688235606234,DMFS,OOD,hel,PCHazard,42
2.4,0.12197956092315926,0.10308492769968362,DMFS,OOD,hel,PCHazard,42
2.6,0.14325605679679473,0.12994394481152421,DMFS,OOD,hel,PCHazard,42
2.8,0.14325605679679473,0.12994394481152421,DMFS,OOD,hel,PCHazard,42
3.0,0.1503815145882413,0.13630360444897846,DMFS,OOD,hel,PCHazard,42
3.2,0.19854174587782586,0.1430086555413299,DMFS,OOD,hel,PCHazard,42
3.4,0.18435971004686866,0.15049553302289784,DMFS,OOD,hel,PCHazard,42
3.6,0.19107395260188878,0.1504955330228978,DMFS,OOD,hel,PCHazard,42
3.8,0.1847792334011155,0.15049553302289784,DMFS,OOD,hel,PCHazard,42
4.0,0.1847792334011155,0.15049553302289784,DMFS,OOD,hel,PCHazard,42
4.2,0.18622895501414483,0.15049553302289784,DMFS,OOD,hel,PCHazard,42
4.4,0.21114515523716793,0.1693032445055604,DMFS,OOD,hel,PCHazard,42
4.6,0.21475987505127966,0.1693032445055604,DMFS,OOD,hel,PCHazard,42
4.8,0.23613476950743312,0.17850566592009098,DMFS,OOD,hel,PCHazard,42
0.8,0.03508771929824561,0.03385657125269314,DMFS,OOD,hel,PCHazard,43
1.0,0.03508771929824561,0.03385657125269314,DMFS,OOD,hel,PCHazard,43
1.2,0.03508771929824561,0.033856571252693146,DMFS,OOD,hel,PCHazard,43
1.4,0.044105591080505005,0.04216028791594427,DMFS,OOD,hel,PCHazard,43
1.6,0.06214133464502377,0.05827978917355894,DMFS,OOD,hel,PCHazard,43
1.8,0.08919494999180193,0.08123921088776187,DMFS,OOD,hel,PCHazard,43
2.0,0.08956226326827954,0.08123921088776187,DMFS,OOD,hel,PCHazard,43
2.2,0.10571538457776382,0.09594688235606234,DMFS,OOD,hel,PCHazard,43
2.4,0.11289629035440887,0.10308492769968362,DMFS,OOD,hel,PCHazard,43
2.6,0.14126023326432235,0.12994394481152421,DMFS,OOD,hel,PCHazard,43
2.8,0.14126023326432235,0.12994394481152421,DMFS,OOD,hel,PCHazard,43
3.0,0.1493459368476981,0.13630360444897846,DMFS,OOD,hel,PCHazard,43
3.2,0.15985392841362636,0.1430086555413299,DMFS,OOD,hel,PCHazard,43
3.4,0.15089746207604302,0.15049553302289784,DMFS,OOD,hel,PCHazard,43
3.6,0.15240081736011024,0.1504955330228978,DMFS,OOD,hel,PCHazard,43
3.8,0.1467637083486911,0.15049553302289784,DMFS,OOD,hel,PCHazard,43
4.0,0.1467637083486911,0.15049553302289784,DMFS,OOD,hel,PCHazard,43
4.2,0.14730350586167998,0.15049553302289784,DMFS,OOD,hel,PCHazard,43
4.4,0.17127472325565687,0.1693032445055604,DMFS,OOD,hel,PCHazard,43
4.6,0.17293141408357054,0.1693032445055604,DMFS,OOD,hel,PCHazard,43
4.8,0.1787243181005791,0.17850566592009098,DMFS,OOD,hel,PCHazard,43
0.8,0.03508771929824561,0.03385657125269314,DMFS,OOD,hel,PCHazard,44
1.0,0.03508771929824561,0.03385657125269314,DMFS,OOD,hel,PCHazard,44
1.2,0.03508771929824561,0.033856571252693146,DMFS,OOD,hel,PCHazard,44
1.4,0.044105591080505005,0.04216028791594427,DMFS,OOD,hel,PCHazard,44
1.6,0.05781867870365088,0.05827978917355894,DMFS,OOD,hel,PCHazard,44
1.8,0.0781704293952263,0.08123921088776187,DMFS,OOD,hel,PCHazard,44
2.0,0.07820853640555223,0.08123921088776187,DMFS,OOD,hel,PCHazard,44
2.2,0.09515853932475479,0.09594688235606234,DMFS,OOD,hel,PCHazard,44
2.4,0.103005906928531,0.10308492769968362,DMFS,OOD,hel,PCHazard,44
2.6,0.13517325652904122,0.12994394481152421,DMFS,OOD,hel,PCHazard,44
2.8,0.13517325652904122,0.12994394481152421,DMFS,OOD,hel,PCHazard,44
3.0,0.14428228100255597,0.13630360444897846,DMFS,OOD,hel,PCHazard,44
3.2,0.1624268186872239,0.1430086555413299,DMFS,OOD,hel,PCHazard,44
3.4,0.163754829512095,0.15049553302289784,DMFS,OOD,hel,PCHazard,44
3.6,0.16730644260736227,0.1504955330228978,DMFS,OOD,hel,PCHazard,44
3.8,0.16110598651844182,0.15049553302289784,DMFS,OOD,hel,PCHazard,44
4.0,0.16110598651844182,0.15049553302289784,DMFS,OOD,hel,PCHazard,44
4.2,0.1616246457075543,0.15049553302289784,DMFS,OOD,hel,PCHazard,44
4.4,0.16940826230413225,0.1693032445055604,DMFS,OOD,hel,PCHazard,44
4.6,0.17009746271019968,0.1693032445055604,DMFS,OOD,hel,PCHazard,44
4.8,0.20011716522673195,0.17850566592009098,DMFS,OOD,hel,PCHazard,44
0.8,0.034230009446921034,0.03385657125269314,DMFS,OOD,hel,PMF,40
1.0,0.034230009446921034,0.03385657125269314,DMFS,OOD,hel,PMF,40
1.2,0.03423112246263454,0.033856571252693146,DMFS,OOD,hel,PMF,40
1.4,0.04252278656436233,0.04216028791594427,DMFS,OOD,hel,PMF,40
1.6,0.05929839108933283,0.05827978917355894,DMFS,OOD,hel,PMF,40
1.8,0.0845196234221119,0.08123921088776187,DMFS,OOD,hel,PMF,40
2.0,0.08452654861183667,0.08123921088776187,DMFS,OOD,hel,PMF,40
2.2,0.12399586091456423,0.09594688235606234,DMFS,OOD,hel,PMF,40
2.4,0.12779949245806946,0.10308492769968362,DMFS,OOD,hel,PMF,40
2.6,0.15111403096386633,0.12994394481152421,DMFS,OOD,hel,PMF,40
2.8,0.15111403096386633,0.12994394481152421,DMFS,OOD,hel,PMF,40
3.0,0.15801861863353303,0.13630360444897846,DMFS,OOD,hel,PMF,40
3.2,0.1696857910444075,0.1430086555413299,DMFS,OOD,hel,PMF,40
3.4,0.16272539566387192,0.15049553302289784,DMFS,OOD,hel,PMF,40
3.6,0.1693571162540839,0.1504955330228978,DMFS,OOD,hel,PMF,40
3.8,0.16214936486798326,0.15049553302289784,DMFS,OOD,hel,PMF,40
4.0,0.16214936486798326,0.15049553302289784,DMFS,OOD,hel,PMF,40
4.2,0.23865781311214962,0.15049553302289784,DMFS,OOD,hel,PMF,40
4.4,0.24584007753365858,0.1693032445055604,DMFS,OOD,hel,PMF,40
4.6,0.2524267961704246,0.1693032445055604,DMFS,OOD,hel,PMF,40
4.8,0.24536032553947704,0.17850566592009098,DMFS,OOD,hel,PMF,40
0.8,0.03575075452918174,0.03385657125269314,DMFS,OOD,hel,PMF,41
1.0,0.03575075452918174,0.03385657125269314,DMFS,OOD,hel,PMF,41
1.2,0.03577342278461141,0.033856571252693146,DMFS,OOD,hel,PMF,41
1.4,0.04350758198832744,0.04216028791594427,DMFS,OOD,hel,PMF,41
1.6,0.05960454516947362,0.05827978917355894,DMFS,OOD,hel,PMF,41
1.8,0.08328931361637386,0.08123921088776187,DMFS,OOD,hel,PMF,41
2.0,0.10555734162022205,0.08123921088776187,DMFS,OOD,hel,PMF,41
2.2,0.11953791713604625,0.09594688235606234,DMFS,OOD,hel,PMF,41
2.4,0.12467825425005044,0.10308492769968362,DMFS,OOD,hel,PMF,41
2.6,0.13126678339396577,0.12994394481152421,DMFS,OOD,hel,PMF,41
2.8,0.13126678339396577,0.12994394481152421,DMFS,OOD,hel,PMF,41
3.0,0.13786729492855973,0.13630360444897846,DMFS,OOD,hel,PMF,41
3.2,0.14634175303683697,0.1430086555413299,DMFS,OOD,hel,PMF,41
3.4,0.14904484829322318,0.15049553302289784,DMFS,OOD,hel,PMF,41
3.6,0.15244500759205137,0.1504955330228978,DMFS,OOD,hel,PMF,41
3.8,0.15090589163965806,0.15049553302289784,DMFS,OOD,hel,PMF,41
4.0,0.18918175888510372,0.15049553302289784,DMFS,OOD,hel,PMF,41
4.2,0.19091184948183584,0.15049553302289784,DMFS,OOD,hel,PMF,41
4.4,0.2003361331255603,0.1693032445055604,DMFS,OOD,hel,PMF,41
4.6,0.20423002538291923,0.1693032445055604,DMFS,OOD,hel,PMF,41
4.8,0.20209849831555557,0.17850566592009098,DMFS,OOD,hel,PMF,41
0.8,0.03463415860633276,0.03385657125269314,DMFS,OOD,hel,PMF,42
1.0,0.03463415860633276,0.03385657125269314,DMFS,OOD,hel,PMF,42
1.2,0.0345756566723463,0.033856571252693146,DMFS,OOD,hel,PMF,42
1.4,0.04283559465917896,0.04216028791594427,DMFS,OOD,hel,PMF,42
1.6,0.05939208013752025,0.05827978917355894,DMFS,OOD,hel,PMF,42
1.8,0.08492456968006663,0.08123921088776187,DMFS,OOD,hel,PMF,42
2.0,0.0851014663448843,0.08123921088776187,DMFS,OOD,hel,PMF,42
2.2,0.09991590046059812,0.09594688235606234,DMFS,OOD,hel,PMF,42
2.4,0.1047272920284199,0.10308492769968362,DMFS,OOD,hel,PMF,42
2.6,0.13128167576651992,0.12994394481152421,DMFS,OOD,hel,PMF,42
2.8,0.13128167576651992,0.12994394481152421,DMFS,OOD,hel,PMF,42
3.0,0.13873058298294594,0.13630360444897846,DMFS,OOD,hel,PMF,42
3.2,0.14839299111410678,0.1430086555413299,DMFS,OOD,hel,PMF,42
3.4,0.14272192305193146,0.15049553302289784,DMFS,OOD,hel,PMF,42
3.6,0.15508858149412966,0.1504955330228978,DMFS,OOD,hel,PMF,42
3.8,0.14672870364996757,0.15049553302289784,DMFS,OOD,hel,PMF,42
4.0,0.14672870364996757,0.15049553302289784,DMFS,OOD,hel,PMF,42
4.2,0.14716576435027892,0.15049553302289784,DMFS,OOD,hel,PMF,42
4.4,0.1693639486908415,0.1693032445055604,DMFS,OOD,hel,PMF,42
4.6,0.1705438982090891,0.1693032445055604,DMFS,OOD,hel,PMF,42
4.8,0.178090986241904,0.17850566592009098,DMFS,OOD,hel,PMF,42
0.8,0.03510680045260831,0.03385657125269314,DMFS,OOD,hel,PMF,43
1.0,0.03510680045260831,0.03385657125269314,DMFS,OOD,hel,PMF,43
1.2,0.03511345400586661,0.033856571252693146,DMFS,OOD,hel,PMF,43
1.4,0.04339274485902161,0.04216028791594427,DMFS,OOD,hel,PMF,43
1.6,0.05904083053247626,0.05827978917355894,DMFS,OOD,hel,PMF,43
1.8,0.08466056413774928,0.08123921088776187,DMFS,OOD,hel,PMF,43
2.0,0.08462938767186641,0.08123921088776187,DMFS,OOD,hel,PMF,43
2.2,0.09887767541909945,0.09594688235606234,DMFS,OOD,hel,PMF,43
2.4,0.10588496403875948,0.10308492769968362,DMFS,OOD,hel,PMF,43
2.6,0.12810598581462176,0.12994394481152421,DMFS,OOD,hel,PMF,43
2.8,0.12810598581462176,0.12994394481152421,DMFS,OOD,hel,PMF,43
3.0,0.13627932482171046,0.13630360444897846,DMFS,OOD,hel,PMF,43
3.2,0.14537599929616726,0.1430086555413299,DMFS,OOD,hel,PMF,43
3.4,0.1427720067533157,0.15049553302289784,DMFS,OOD,hel,PMF,43
3.6,0.14348228673913382,0.1504955330228978,DMFS,OOD,hel,PMF,43
3.8,0.13520762694861774,0.15049553302289784,DMFS,OOD,hel,PMF,43
4.0,0.13520762694861774,0.15049553302289784,DMFS,OOD,hel,PMF,43
4.2,0.15364275438200944,0.15049553302289784,DMFS,OOD,hel,PMF,43
4.4,0.17920340413972508,0.1693032445055604,DMFS,OOD,hel,PMF,43
4.6,0.1816798634729704,0.1693032445055604,DMFS,OOD,hel,PMF,43
4.8,0.17632640982310635,0.17850566592009098,DMFS,OOD,hel,PMF,43
0.8,0.033737903066420126,0.03385657125269314,DMFS,OOD,hel,PMF,44
1.0,0.033737903066420126,0.03385657125269314,DMFS,OOD,hel,PMF,44
1.2,0.03373632248259049,0.033856571252693146,DMFS,OOD,hel,PMF,44
1.4,0.041276208868141984,0.04216028791594427,DMFS,OOD,hel,PMF,44
1.6,0.05744148274452292,0.05827978917355894,DMFS,OOD,hel,PMF,44
1.8,0.09929016207048533,0.08123921088776187,DMFS,OOD,hel,PMF,44
2.0,0.09971492578022505,0.08123921088776187,DMFS,OOD,hel,PMF,44
2.2,0.11551579322261131,0.09594688235606234,DMFS,OOD,hel,PMF,44
2.4,0.12204173976944979,0.10308492769968362,DMFS,OOD,hel,PMF,44
2.6,0.1330674383339786,0.12994394481152421,DMFS,OOD,hel,PMF,44
2.8,0.1330674383339786,0.12994394481152421,DMFS,OOD,hel,PMF,44
3.0,0.13746096145982928,0.13630360444897846,DMFS,OOD,hel,PMF,44
3.2,0.14688310022103113,0.1430086555413299,DMFS,OOD,hel,PMF,44
3.4,0.14593721888923222,0.15049553302289784,DMFS,OOD,hel,PMF,44
3.6,0.1603025132450381,0.1504955330228978,DMFS,OOD,hel,PMF,44
3.8,0.157938518339567,0.15049553302289784,DMFS,OOD,hel,PMF,44
4.0,0.157938518339567,0.15049553302289784,DMFS,OOD,hel,PMF,44
4.2,0.1591765587883794,0.15049553302289784,DMFS,OOD,hel,PMF,44
4.4,0.16107436972481728,0.1693032445055604,DMFS,OOD,hel,PMF,44
4.6,0.16326698979885834,0.1693032445055604,DMFS,OOD,hel,PMF,44
4.8,0.17910427402115198,0.17850566592009098,DMFS,OOD,hel,PMF,44
0.8,0.03412053165689826,0.03385657125269314,DMFS,OOD,hel,RSF,40
1.0,0.03360960583972414,0.03385657125269314,DMFS,OOD,hel,RSF,40
1.2,0.03627603400350668,0.033856571252693146,DMFS,OOD,hel,RSF,40
1.4,0.044407559802160275,0.04216028791594427,DMFS,OOD,hel,RSF,40
1.6,0.061030056405985036,0.05827978917355894,DMFS,OOD,hel,RSF,40
1.8,0.08185220435951224,0.08123921088776187,DMFS,OOD,hel,RSF,40
2.0,0.08687716081308021,0.08123921088776187,DMFS,OOD,hel,RSF,40
2.2,0.10688323531794722,0.09594688235606234,DMFS,OOD,hel,RSF,40
2.4,0.12063143152358341,0.10308492769968362,DMFS,OOD,hel,RSF,40
2.6,0.13504598698814885,0.12994394481152421,DMFS,OOD,hel,RSF,40
2.8,0.13793954699139552,0.12994394481152421,DMFS,OOD,hel,RSF,40
3.0,0.14497451450675586,0.13630360444897846,DMFS,OOD,hel,RSF,40
3.2,0.15444083937483552,0.1430086555413299,DMFS,OOD,hel,RSF,40
3.4,0.16005124639855206,0.15049553302289784,DMFS,OOD,hel,RSF,40
3.6,0.16328615484780903,0.1504955330228978,DMFS,OOD,hel,RSF,40
3.8,0.1645686025936964,0.15049553302289784,DMFS,OOD,hel,RSF,40
4.0,0.1645686025936964,0.15049553302289784,DMFS,OOD,hel,RSF,40
4.2,0.16561918662465555,0.15049553302289784,DMFS,OOD,hel,RSF,40
4.4,0.17443364103323913,0.1693032445055604,DMFS,OOD,hel,RSF,40
4.6,0.18057885225190565,0.1693032445055604,DMFS,OOD,hel,RSF,40
4.8,0.19102536416971577,0.17850566592009098,DMFS,OOD,hel,RSF,40
0.8,0.033565906398041336,0.03385657125269314,DMFS,OOD,hel,RSF,41
1.0,0.03334633112568653,0.03385657125269314,DMFS,OOD,hel,RSF,41
1.2,0.03361326875019623,0.033856571252693146,DMFS,OOD,hel,RSF,41
1.4,0.041971368213139106,0.04216028791594427,DMFS,OOD,hel,RSF,41
1.6,0.057201250830901273,0.05827978917355894,DMFS,OOD,hel,RSF,41
1.8,0.07825303003981035,0.08123921088776187,DMFS,OOD,hel,RSF,41
2.0,0.07846155798953014,0.08123921088776187,DMFS,OOD,hel,RSF,41
2.2,0.09518228325364976,0.09594688235606234,DMFS,OOD,hel,RSF,41
2.4,0.10194633203617756,0.10308492769968362,DMFS,OOD,hel,RSF,41
2.6,0.12395717037310595,0.12994394481152421,DMFS,OOD,hel,RSF,41
2.8,0.12468439910213822,0.12994394481152421,DMFS,OOD,hel,RSF,41
3.0,0.12924565573659474,0.13630360444897846,DMFS,OOD,hel,RSF,41
3.2,0.1374902608614885,0.1430086555413299,DMFS,OOD,hel,RSF,41
3.4,0.14240316226253832,0.15049553302289784,DMFS,OOD,hel,RSF,41
3.6,0.14489568411123135,0.1504955330228978,DMFS,OOD,hel,RSF,41
3.8,0.14524835483250745,0.15049553302289784,DMFS,OOD,hel,RSF,41
4.0,0.14627238122409775,0.15049553302289784,DMFS,OOD,hel,RSF,41
4.2,0.14677613286241403,0.15049553302289784,DMFS,OOD,hel,RSF,41
4.4,0.1634137291970391,0.1693032445055604,DMFS,OOD,hel,RSF,41
4.6,0.16588272111803773,0.1693032445055604,DMFS,OOD,hel,RSF,41
4.8,0.172796475415545,0.17850566592009098,DMFS,OOD,hel,RSF,41
0.8,0.03372326168240799,0.03385657125269314,DMFS,OOD,hel,RSF,42
1.0,0.03372326168240799,0.03385657125269314,DMFS,OOD,hel,RSF,42
1.2,0.033721080900232396,0.033856571252693146,DMFS,OOD,hel,RSF,42
1.4,0.041907974702498116,0.04216028791594427,DMFS,OOD,hel,RSF,42
1.6,0.058376984134436226,0.05827978917355894,DMFS,OOD,hel,RSF,42
1.8,0.08134212844477155,0.08123921088776187,DMFS,OOD,hel,RSF,42
2.0,0.08077062177761281,0.08123921088776187,DMFS,OOD,hel,RSF,42
2.2,0.09552830321243225,0.09594688235606234,DMFS,OOD,hel,RSF,42
2.4,0.10221635192666513,0.10308492769968362,DMFS,OOD,hel,RSF,42
2.6,0.1294961451497594,0.12994394481152421,DMFS,OOD,hel,RSF,42
2.8,0.1294961451497594,0.12994394481152421,DMFS,OOD,hel,RSF,42
3.0,0.136558720499106,0.13630360444897846,DMFS,OOD,hel,RSF,42
3.2,0.143248016340381,0.1430086555413299,DMFS,OOD,hel,RSF,42
3.4,0.1482539191992751,0.15049553302289784,DMFS,OOD,hel,RSF,42
3.6,0.14842135021759723,0.1504955330228978,DMFS,OOD,hel,RSF,42
3.8,0.1488066505340132,0.15049553302289784,DMFS,OOD,hel,RSF,42
4.0,0.1488066505340132,0.15049553302289784,DMFS,OOD,hel,RSF,42
4.2,0.14890457674599908,0.15049553302289784,DMFS,OOD,hel,RSF,42
4.4,0.16861741685016324,0.1693032445055604,DMFS,OOD,hel,RSF,42
4.6,0.16879563559638366,0.1693032445055604,DMFS,OOD,hel,RSF,42
4.8,0.18117680226635333,0.17850566592009098,DMFS,OOD,hel,RSF,42
0.8,0.03418435342447649,0.03385657125269314,DMFS,OOD,hel,RSF,43
1.0,0.03363619007350229,0.03385657125269314,DMFS,OOD,hel,RSF,43
1.2,0.03356680175436123,0.033856571252693146,DMFS,OOD,hel,RSF,43
1.4,0.041394117205907986,0.04216028791594427,DMFS,OOD,hel,RSF,43
1.6,0.057708923391960425,0.05827978917355894,DMFS,OOD,hel,RSF,43
1.8,0.0803994543090416,0.08123921088776187,DMFS,OOD,hel,RSF,43
2.0,0.0792773724376262,0.08123921088776187,DMFS,OOD,hel,RSF,43
2.2,0.09466198246422493,0.09594688235606234,DMFS,OOD,hel,RSF,43
2.4,0.09993436293854636,0.10308492769968362,DMFS,OOD,hel,RSF,43
2.6,0.12480884483706786,0.12994394481152421,DMFS,OOD,hel,RSF,43
2.8,0.12376689299150577,0.12994394481152421,DMFS,OOD,hel,RSF,43
3.0,0.12812372399449967,0.13630360444897846,DMFS,OOD,hel,RSF,43
3.2,0.1345946745004437,0.1430086555413299,DMFS,OOD,hel,RSF,43
3.4,0.13900768735848595,0.15049553302289784,DMFS,OOD,hel,RSF,43
3.6,0.1399492752994077,0.1504955330228978,DMFS,OOD,hel,RSF,43
3.8,0.14015507394377932,0.15049553302289784,DMFS,OOD,hel,RSF,43
4.0,0.14052354436981318,0.15049553302289784,DMFS,OOD,hel,RSF,43
4.2,0.14164751654569147,0.15049553302289784,DMFS,OOD,hel,RSF,43
4.4,0.16153794544045152,0.1693032445055604,DMFS,OOD,hel,RSF,43
4.6,0.16325110132200815,0.1693032445055604,DMFS,OOD,hel,RSF,43
4.8,0.16951696927400176,0.17850566592009098,DMFS,OOD,hel,RSF,43
0.8,0.03355810779571722,0.03385657125269314,DMFS,OOD,hel,RSF,44
1.0,0.033392151409965314,0.03385657125269314,DMFS,OOD,hel,RSF,44
1.2,0.03405490448542319,0.033856571252693146,DMFS,OOD,hel,RSF,44
1.4,0.044202415843285825,0.04216028791594427,DMFS,OOD,hel,RSF,44
1.6,0.059283890364631456,0.05827978917355894,DMFS,OOD,hel,RSF,44
1.8,0.07841711724762199,0.08123921088776187,DMFS,OOD,hel,RSF,44
2.0,0.08032963798254884,0.08123921088776187,DMFS,OOD,hel,RSF,44
2.2,0.09501845755735962,0.09594688235606234,DMFS,OOD,hel,RSF,44
2.4,0.09992915294432622,0.10308492769968362,DMFS,OOD,hel,RSF,44
2.6,0.12127111062911085,0.12994394481152421,DMFS,OOD,hel,RSF,44
2.8,0.12133082594537556,0.12994394481152421,DMFS,OOD,hel,RSF,44
3.0,0.12625134005206418,0.13630360444897846,DMFS,OOD,hel,RSF,44
3.2,0.13390153719910777,0.1430086555413299,DMFS,OOD,hel,RSF,44
3.4,0.13947048370406182,0.15049553302289784,DMFS,OOD,hel,RSF,44
3.6,0.1406588354095382,0.1504955330228978,DMFS,OOD,hel,RSF,44
3.8,0.1414039902171425,0.15049553302289784,DMFS,OOD,hel,RSF,44
4.0,0.1414039902171425,0.15049553302289784,DMFS,OOD,hel,RSF,44
4.2,0.14220878976616444,0.15049553302289784,DMFS,OOD,hel,RSF,44
4.4,0.15898334756789315,0.1693032445055604,DMFS,OOD,hel,RSF,44
4.6,0.16011447472017826,0.1693032445055604,DMFS,OOD,hel,RSF,44
4.8,0.16953838978690353,0.17850566592009098,DMFS,OOD,hel,RSF,44
1.0,0.022517282381245226,0.02237889507322989,DMFS,OOD,unt,TabSurv_M,40
1.2,0.02319622723670443,0.02237889507322988,DMFS,OOD,unt,TabSurv_M,40
1.4,0.02438357639735501,0.02237889507322988,DMFS,OOD,unt,TabSurv_M,40
1.6,0.03235588473608471,0.029896337830976845,DMFS,OOD,unt,TabSurv_M,40
1.8,0.03974425974981435,0.03728752391620587,DMFS,OOD,unt,TabSurv_M,40
2.0,0.06101363317882291,0.05870376930895111,DMFS,OOD,unt,TabSurv_M,40
2.2,0.06302492787841565,0.05870376930895111,DMFS,OOD,unt,TabSurv_M,40
2.4,0.06932845347211099,0.06570770279609531,DMFS,OOD,unt,TabSurv_M,40
2.6,0.07808998124793047,0.07270150305920588,DMFS,OOD,unt,TabSurv_M,40
2.8,0.08963250575662113,0.0862832847804993,DMFS,OOD,unt,TabSurv_M,40
3.0,0.10537983950236675,0.09938309000070505,DMFS,OOD,unt,TabSurv_M,40
3.2,0.11647811913736278,0.11809182376596689,DMFS,OOD,unt,TabSurv_M,40
3.4,0.11713292388656855,0.11809182376596689,DMFS,OOD,unt,TabSurv_M,40
3.6,0.1189661276607334,0.1241096843433087,DMFS,OOD,unt,TabSurv_M,40
3.8,0.12022176639935521,0.12410968434330873,DMFS,OOD,unt,TabSurv_M,40
4.0,0.12098938413849515,0.12410968434330873,DMFS,OOD,unt,TabSurv_M,40
4.2,0.12214412202585839,0.1241096843433087,DMFS,OOD,unt,TabSurv_M,40
4.4,0.12365425126264495,0.1241096843433087,DMFS,OOD,unt,TabSurv_M,40
4.6,0.1290866172605034,0.13041458024538316,DMFS,OOD,unt,TabSurv_M,40
4.8,0.13433601421126026,0.13662270654053285,DMFS,OOD,unt,TabSurv_M,40
5.0,0.14156084673167746,0.14266538862677788,DMFS,OOD,unt,TabSurv_M,40
5.2,0.14572046071113545,0.14854262650411817,DMFS,OOD,unt,TabSurv_M,40
5.4,0.14730095773979857,0.1485426265041182,DMFS,OOD,unt,TabSurv_M,40
5.6,0.14905116463780207,0.14854262650411817,DMFS,OOD,unt,TabSurv_M,40
5.8,0.15083997318159462,0.14854262650411817,DMFS,OOD,unt,TabSurv_M,40
6.0,0.16524034386009387,0.16038161224586733,DMFS,OOD,unt,TabSurv_M,40
6.2,0.16732757405197685,0.1603816122458673,DMFS,OOD,unt,TabSurv_M,40
6.4,0.1670211092286309,0.16038161224586736,DMFS,OOD,unt,TabSurv_M,40
6.6,0.1751896560408763,0.16641490591537295,DMFS,OOD,unt,TabSurv_M,40
6.8,0.1767280330305226,0.16641490591537295,DMFS,OOD,unt,TabSurv_M,40
7.0,0.18596963469624084,0.17239049200909776,DMFS,OOD,unt,TabSurv_M,40
7.2,0.18721490981813074,0.17239049200909778,DMFS,OOD,unt,TabSurv_M,40
7.4,0.19307783558806707,0.17239049200909776,DMFS,OOD,unt,TabSurv_M,40
7.6,0.1962922653944711,0.17239049200909776,DMFS,OOD,unt,TabSurv_M,40
7.8,0.20270098795069294,0.17239049200909776,DMFS,OOD,unt,TabSurv_M,40
8.0,0.20680343208353047,0.17239049200909776,DMFS,OOD,unt,TabSurv_M,40
8.2,0.2114104336164677,0.17239049200909776,DMFS,OOD,unt,TabSurv_M,40
8.4,0.2177241267069441,0.17239049200909776,DMFS,OOD,unt,TabSurv_M,40
8.6,0.2195164764429822,0.17239049200909776,DMFS,OOD,unt,TabSurv_M,40
8.8,0.22675093685486922,0.17239049200909776,DMFS,OOD,unt,TabSurv_M,40
9.0,0.23539822494727605,0.17239049200909776,DMFS,OOD,unt,TabSurv_M,40
9.2,0.24591312291993578,0.17239049200909776,DMFS,OOD,unt,TabSurv_M,40
9.4,0.2541664371978994,0.17239049200909776,DMFS,OOD,unt,TabSurv_M,40
9.6,0.26693249795852486,0.17239049200909776,DMFS,OOD,unt,TabSurv_M,40
9.8,0.2746618319053103,0.17239049200909776,DMFS,OOD,unt,TabSurv_M,40
10.0,0.27821681608166,0.17239049200909773,DMFS,OOD,unt,TabSurv_M,40
1.0,0.023294325698337358,0.02237889507322989,DMFS,OOD,unt,TabSurv_M,41
1.2,0.02395505631325017,0.02237889507322988,DMFS,OOD,unt,TabSurv_M,41
1.4,0.024821929203257112,0.02237889507322988,DMFS,OOD,unt,TabSurv_M,41
1.6,0.03251597214784147,0.029896337830976845,DMFS,OOD,unt,TabSurv_M,41
1.8,0.04006125498875735,0.03728752391620587,DMFS,OOD,unt,TabSurv_M,41
2.0,0.060383927033866136,0.05870376930895111,DMFS,OOD,unt,TabSurv_M,41
2.2,0.061237533585248895,0.05870376930895111,DMFS,OOD,unt,TabSurv_M,41
2.4,0.0682300749892569,0.06570770279609531,DMFS,OOD,unt,TabSurv_M,41
2.6,0.07623151785827381,0.07270150305920588,DMFS,OOD,unt,TabSurv_M,41
2.8,0.08890661456027882,0.0862832847804993,DMFS,OOD,unt,TabSurv_M,41
3.0,0.10368458895791774,0.09938309000070505,DMFS,OOD,unt,TabSurv_M,41
3.2,0.11916768482385691,0.11809182376596689,DMFS,OOD,unt,TabSurv_M,41
3.4,0.11973395617025645,0.11809182376596689,DMFS,OOD,unt,TabSurv_M,41
3.6,0.12225954797331168,0.1241096843433087,DMFS,OOD,unt,TabSurv_M,41
3.8,0.12327496946704894,0.12410968434330873,DMFS,OOD,unt,TabSurv_M,41
4.0,0.12419983256452041,0.12410968434330873,DMFS,OOD,unt,TabSurv_M,41
4.2,0.12530904362403003,0.1241096843433087,DMFS,OOD,unt,TabSurv_M,41
4.4,0.12701870626957043,0.1241096843433087,DMFS,OOD,unt,TabSurv_M,41
4.6,0.13328433116976388,0.13041458024538316,DMFS,OOD,unt,TabSurv_M,41
4.8,0.14014024203170977,0.13662270654053285,DMFS,OOD,unt,TabSurv_M,41
5.0,0.14691659303879068,0.14266538862677788,DMFS,OOD,unt,TabSurv_M,41
5.2,0.1514043343354186,0.14854262650411817,DMFS,OOD,unt,TabSurv_M,41
5.4,0.15311975813573342,0.1485426265041182,DMFS,OOD,unt,TabSurv_M,41
5.6,0.15522664985522433,0.14854262650411817,DMFS,OOD,unt,TabSurv_M,41
5.8,0.15759716539517832,0.14854262650411817,DMFS,OOD,unt,TabSurv_M,41
6.0,0.16974928291895816,0.16038161224586733,DMFS,OOD,unt,TabSurv_M,41
6.2,0.17263094914061533,0.1603816122458673,DMFS,OOD,unt,TabSurv_M,41
6.4,0.17465487785926273,0.16038161224586736,DMFS,OOD,unt,TabSurv_M,41
6.6,0.183134264815132,0.16641490591537295,DMFS,OOD,unt,TabSurv_M,41
6.8,0.18598300181984884,0.16641490591537295,DMFS,OOD,unt,TabSurv_M,41
7.0,0.19381536911894875,0.17239049200909776,DMFS,OOD,unt,TabSurv_M,41
7.2,0.19673654687416298,0.17239049200909778,DMFS,OOD,unt,TabSurv_M,41
7.4,0.20321690303345083,0.17239049200909776,DMFS,OOD,unt,TabSurv_M,41
7.6,0.2073677157708441,0.17239049200909776,DMFS,OOD,unt,TabSurv_M,41
7.8,0.21371541413213785,0.17239049200909776,DMFS,OOD,unt,TabSurv_M,41
8.0,0.21854299802302005,0.17239049200909776,DMFS,OOD,unt,TabSurv_M,41
8.2,0.22368700977452388,0.17239049200909776,DMFS,OOD,unt,TabSurv_M,41
8.4,0.2294788893527425,0.17239049200909776,DMFS,OOD,unt,TabSurv_M,41
8.6,0.23344896175766747,0.17239049200909776,DMFS,OOD,unt,TabSurv_M,41
8.8,0.24139940232869456,0.17239049200909776,DMFS,OOD,unt,TabSurv_M,41
9.0,0.24902470763410095,0.17239049200909776,DMFS,OOD,unt,TabSurv_M,41
9.2,0.25880249102568453,0.17239049200909776,DMFS,OOD,unt,TabSurv_M,41
9.4,0.26722206482408273,0.17239049200909776,DMFS,OOD,unt,TabSurv_M,41
9.6,0.28059079119654273,0.17239049200909776,DMFS,OOD,unt,TabSurv_M,41
9.8,0.28854203957601016,0.17239049200909776,DMFS,OOD,unt,TabSurv_M,41
10.0,0.290198975861232,0.17239049200909773,DMFS,OOD,unt,TabSurv_M,41
1.0,0.02252633890322649,0.02237889507322989,DMFS,OOD,unt,TabSurv_M,42
1.2,0.02298361106268146,0.02237889507322988,DMFS,OOD,unt,TabSurv_M,42
1.4,0.02363170392576407,0.02237889507322988,DMFS,OOD,unt,TabSurv_M,42
1.6,0.031144223237489735,0.029896337830976845,DMFS,OOD,unt,TabSurv_M,42
1.8,0.0386802095812683,0.03728752391620587,DMFS,OOD,unt,TabSurv_M,42
2.0,0.059610316337917794,0.05870376930895111,DMFS,OOD,unt,TabSurv_M,42
2.2,0.060370753852573865,0.05870376930895111,DMFS,OOD,unt,TabSurv_M,42
2.4,0.06660929891568747,0.06570770279609531,DMFS,OOD,unt,TabSurv_M,42
2.6,0.07406313805885116,0.07270150305920588,DMFS,OOD,unt,TabSurv_M,42
2.8,0.08658568360168609,0.0862832847804993,DMFS,OOD,unt,TabSurv_M,42
3.0,0.10080699136877123,0.09938309000070505,DMFS,OOD,unt,TabSurv_M,42
3.2,0.11482683825728088,0.11809182376596689,DMFS,OOD,unt,TabSurv_M,42
3.4,0.11494437314227311,0.11809182376596689,DMFS,OOD,unt,TabSurv_M,42
3.6,0.11856971394651937,0.1241096843433087,DMFS,OOD,unt,TabSurv_M,42
3.8,0.1189933643983974,0.12410968434330873,DMFS,OOD,unt,TabSurv_M,42
4.0,0.11938305710952636,0.12410968434330873,DMFS,OOD,unt,TabSurv_M,42
4.2,0.11993056736833792,0.1241096843433087,DMFS,OOD,unt,TabSurv_M,42
4.4,0.12099219308581262,0.1241096843433087,DMFS,OOD,unt,TabSurv_M,42
4.6,0.12587946497657465,0.13041458024538316,DMFS,OOD,unt,TabSurv_M,42
4.8,0.1316752849370744,0.13662270654053285,DMFS,OOD,unt,TabSurv_M,42
5.0,0.13793978547018687,0.14266538862677788,DMFS,OOD,unt,TabSurv_M,42
5.2,0.1425397259424056,0.14854262650411817,DMFS,OOD,unt,TabSurv_M,42
5.4,0.14340128487267687,0.1485426265041182,DMFS,OOD,unt,TabSurv_M,42
5.6,0.14469732213230002,0.14854262650411817,DMFS,OOD,unt,TabSurv_M,42
5.8,0.14606138842437774,0.14854262650411817,DMFS,OOD,unt,TabSurv_M,42
6.0,0.15808264083742796,0.16038161224586733,DMFS,OOD,unt,TabSurv_M,42
6.2,0.16012728520678648,0.1603816122458673,DMFS,OOD,unt,TabSurv_M,42
6.4,0.16066338827746846,0.16038161224586736,DMFS,OOD,unt,TabSurv_M,42
6.6,0.16853720354384122,0.16641490591537295,DMFS,OOD,unt,TabSurv_M,42
6.8,0.16926660682756844,0.16641490591537295,DMFS,OOD,unt,TabSurv_M,42
7.0,0.17765026527508065,0.17239049200909776,DMFS,OOD,unt,TabSurv_M,42
7.2,0.17953975271326397,0.17239049200909778,DMFS,OOD,unt,TabSurv_M,42
7.4,0.18436140047830774,0.17239049200909776,DMFS,OOD,unt,TabSurv_M,42
7.6,0.18764077700394435,0.17239049200909776,DMFS,OOD,unt,TabSurv_M,42
7.8,0.193033521203851,0.17239049200909776,DMFS,OOD,unt,TabSurv_M,42
8.0,0.1972827987077468,0.17239049200909776,DMFS,OOD,unt,TabSurv_M,42
8.2,0.2020432308079605,0.17239049200909776,DMFS,OOD,unt,TabSurv_M,42
8.4,0.20848226719480784,0.17239049200909776,DMFS,OOD,unt,TabSurv_M,42
8.6,0.2119637736555294,0.17239049200909776,DMFS,OOD,unt,TabSurv_M,42
8.8,0.2191693367934066,0.17239049200909776,DMFS,OOD,unt,TabSurv_M,42
9.0,0.22955288721799877,0.17239049200909776,DMFS,OOD,unt,TabSurv_M,42
9.2,0.23986656634762826,0.17239049200909776,DMFS,OOD,unt,TabSurv_M,42
9.4,0.24964757463845366,0.17239049200909776,DMFS,OOD,unt,TabSurv_M,42
9.6,0.2643623124044975,0.17239049200909776,DMFS,OOD,unt,TabSurv_M,42
9.8,0.2740993434689312,0.17239049200909776,DMFS,OOD,unt,TabSurv_M,42
10.0,0.27769637357654964,0.17239049200909773,DMFS,OOD,unt,TabSurv_M,42
1.0,0.022619245747318863,0.02237889507322989,DMFS,OOD,unt,TabSurv_M,43
1.2,0.022760560358582184,0.02237889507322988,DMFS,OOD,unt,TabSurv_M,43
1.4,0.022926931581889874,0.02237889507322988,DMFS,OOD,unt,TabSurv_M,43
1.6,0.03017189605647141,0.029896337830976845,DMFS,OOD,unt,TabSurv_M,43
1.8,0.037807924105929924,0.03728752391620587,DMFS,OOD,unt,TabSurv_M,43
2.0,0.05995940846314082,0.05870376930895111,DMFS,OOD,unt,TabSurv_M,43
2.2,0.060057023949926895,0.05870376930895111,DMFS,OOD,unt,TabSurv_M,43
2.4,0.06658619618517014,0.06570770279609531,DMFS,OOD,unt,TabSurv_M,43
2.6,0.07438668806213654,0.07270150305920588,DMFS,OOD,unt,TabSurv_M,43
2.8,0.08760416937246891,0.0862832847804993,DMFS,OOD,unt,TabSurv_M,43
3.0,0.10308123584275394,0.09938309000070505,DMFS,OOD,unt,TabSurv_M,43
3.2,0.12139434389172028,0.11809182376596689,DMFS,OOD,unt,TabSurv_M,43
3.4,0.12081302110051495,0.11809182376596689,DMFS,OOD,unt,TabSurv_M,43
3.6,0.12303866862360834,0.1241096843433087,DMFS,OOD,unt,TabSurv_M,43
3.8,0.12261777006015133,0.12410968434330873,DMFS,OOD,unt,TabSurv_M,43
4.0,0.12207920267982209,0.12410968434330873,DMFS,OOD,unt,TabSurv_M,43
4.2,0.12176830238535864,0.1241096843433087,DMFS,OOD,unt,TabSurv_M,43
4.4,0.1216072510102175,0.1241096843433087,DMFS,OOD,unt,TabSurv_M,43
4.6,0.1277403521858962,0.13041458024538316,DMFS,OOD,unt,TabSurv_M,43
4.8,0.13359934028570067,0.13662270654053285,DMFS,OOD,unt,TabSurv_M,43
5.0,0.14000123090066519,0.14266538862677788,DMFS,OOD,unt,TabSurv_M,43
5.2,0.14482715353357323,0.14854262650411817,DMFS,OOD,unt,TabSurv_M,43
5.4,0.14484185385837506,0.1485426265041182,DMFS,OOD,unt,TabSurv_M,43
5.6,0.14492196669897858,0.14854262650411817,DMFS,OOD,unt,TabSurv_M,43
5.8,0.14497123267974021,0.14854262650411817,DMFS,OOD,unt,TabSurv_M,43
6.0,0.16003749399170042,0.16038161224586733,DMFS,OOD,unt,TabSurv_M,43
6.2,0.16047936364092824,0.1603816122458673,DMFS,OOD,unt,TabSurv_M,43
6.4,0.1588496421118544,0.16038161224586736,DMFS,OOD,unt,TabSurv_M,43
6.6,0.1669687933905283,0.16641490591537295,DMFS,OOD,unt,TabSurv_M,43
6.8,0.16605408683837383,0.16641490591537295,DMFS,OOD,unt,TabSurv_M,43
7.0,0.17555133778526552,0.17239049200909776,DMFS,OOD,unt,TabSurv_M,43
7.2,0.1752734339071487,0.17239049200909778,DMFS,OOD,unt,TabSurv_M,43
7.4,0.17907792596080285,0.17239049200909776,DMFS,OOD,unt,TabSurv_M,43
7.6,0.1805607567430722,0.17239049200909776,DMFS,OOD,unt,TabSurv_M,43
7.8,0.18457061863550414,0.17239049200909776,DMFS,OOD,unt,TabSurv_M,43
8.0,0.18677495511324077,0.17239049200909776,DMFS,OOD,unt,TabSurv_M,43
8.2,0.18931545414539183,0.17239049200909776,DMFS,OOD,unt,TabSurv_M,43
8.4,0.19316006038658712,0.17239049200909776,DMFS,OOD,unt,TabSurv_M,43
8.6,0.1939879690873264,0.17239049200909776,DMFS,OOD,unt,TabSurv_M,43
8.8,0.1971629822514006,0.17239049200909776,DMFS,OOD,unt,TabSurv_M,43
9.0,0.20172607206409968,0.17239049200909776,DMFS,OOD,unt,TabSurv_M,43
9.2,0.20931933762443514,0.17239049200909776,DMFS,OOD,unt,TabSurv_M,43
9.4,0.2155415555496421,0.17239049200909776,DMFS,OOD,unt,TabSurv_M,43
9.6,0.22397118559134077,0.17239049200909776,DMFS,OOD,unt,TabSurv_M,43
9.8,0.2296806790127151,0.17239049200909776,DMFS,OOD,unt,TabSurv_M,43
10.0,0.23269740471550188,0.17239049200909773,DMFS,OOD,unt,TabSurv_M,43
1.0,0.023538359163567526,0.02237889507322989,DMFS,OOD,unt,TabSurv_M,44
1.2,0.02429077015810837,0.02237889507322988,DMFS,OOD,unt,TabSurv_M,44
1.4,0.025233495086434746,0.02237889507322988,DMFS,OOD,unt,TabSurv_M,44
1.6,0.0321414380233094,0.029896337830976845,DMFS,OOD,unt,TabSurv_M,44
1.8,0.04022945124534162,0.03728752391620587,DMFS,OOD,unt,TabSurv_M,44
2.0,0.061295176694060746,0.05870376930895111,DMFS,OOD,unt,TabSurv_M,44
2.2,0.06236874803632491,0.05870376930895111,DMFS,OOD,unt,TabSurv_M,44
2.4,0.06827192353585897,0.06570770279609531,DMFS,OOD,unt,TabSurv_M,44
2.6,0.07594779377773643,0.07270150305920588,DMFS,OOD,unt,TabSurv_M,44
2.8,0.08790284432187755,0.0862832847804993,DMFS,OOD,unt,TabSurv_M,44
3.0,0.10265359197912562,0.09938309000070505,DMFS,OOD,unt,TabSurv_M,44
3.2,0.11716582164416746,0.11809182376596689,DMFS,OOD,unt,TabSurv_M,44
3.4,0.11769675241851464,0.11809182376596689,DMFS,OOD,unt,TabSurv_M,44
3.6,0.11956633408409915,0.1241096843433087,DMFS,OOD,unt,TabSurv_M,44
3.8,0.12042104896488688,0.12410968434330873,DMFS,OOD,unt,TabSurv_M,44
4.0,0.12136481112879559,0.12410968434330873,DMFS,OOD,unt,TabSurv_M,44
4.2,0.12282755884292672,0.1241096843433087,DMFS,OOD,unt,TabSurv_M,44
4.4,0.12463704456597927,0.1241096843433087,DMFS,OOD,unt,TabSurv_M,44
4.6,0.13110628995036006,0.13041458024538316,DMFS,OOD,unt,TabSurv_M,44
4.8,0.13764682495864614,0.13662270654053285,DMFS,OOD,unt,TabSurv_M,44
5.0,0.14468104857713396,0.14266538862677788,DMFS,OOD,unt,TabSurv_M,44
5.2,0.1494348252725438,0.14854262650411817,DMFS,OOD,unt,TabSurv_M,44
5.4,0.15179645400991754,0.1485426265041182,DMFS,OOD,unt,TabSurv_M,44
5.6,0.1541853992854388,0.14854262650411817,DMFS,OOD,unt,TabSurv_M,44
5.8,0.15659878404138536,0.14854262650411817,DMFS,OOD,unt,TabSurv_M,44
6.0,0.1687135210089079,0.16038161224586733,DMFS,OOD,unt,TabSurv_M,44
6.2,0.1718313680166734,0.1603816122458673,DMFS,OOD,unt,TabSurv_M,44
6.4,0.1714956517333323,0.16038161224586736,DMFS,OOD,unt,TabSurv_M,44
6.6,0.1800794514718165,0.16641490591537295,DMFS,OOD,unt,TabSurv_M,44
6.8,0.1822380773771213,0.16641490591537295,DMFS,OOD,unt,TabSurv_M,44
7.0,0.19098361177966694,0.17239049200909776,DMFS,OOD,unt,TabSurv_M,44
7.2,0.19337558775237593,0.17239049200909778,DMFS,OOD,unt,TabSurv_M,44
7.4,0.19956560932574044,0.17239049200909776,DMFS,OOD,unt,TabSurv_M,44
7.6,0.20383726930896395,0.17239049200909776,DMFS,OOD,unt,TabSurv_M,44
7.8,0.21061133606374186,0.17239049200909776,DMFS,OOD,unt,TabSurv_M,44
8.0,0.21575317331050303,0.17239049200909776,DMFS,OOD,unt,TabSurv_M,44
8.2,0.22131830442756983,0.17239049200909776,DMFS,OOD,unt,TabSurv_M,44
8.4,0.22803056638872538,0.17239049200909776,DMFS,OOD,unt,TabSurv_M,44
8.6,0.2315693039320853,0.17239049200909776,DMFS,OOD,unt,TabSurv_M,44
8.8,0.2400728229133962,0.17239049200909776,DMFS,OOD,unt,TabSurv_M,44
9.0,0.2495630841543469,0.17239049200909776,DMFS,OOD,unt,TabSurv_M,44
9.2,0.26058731196473084,0.17239049200909776,DMFS,OOD,unt,TabSurv_M,44
9.4,0.2701956204342902,0.17239049200909776,DMFS,OOD,unt,TabSurv_M,44
9.6,0.28499448158320967,0.17239049200909776,DMFS,OOD,unt,TabSurv_M,44
9.8,0.2937139632895607,0.17239049200909776,DMFS,OOD,unt,TabSurv_M,44
10.0,0.3004311905196117,0.17239049200909773,DMFS,OOD,unt,TabSurv_M,44
1.0,0.025074490864913285,0.02237889507322989,DMFS,OOD,unt,DeepHS,40
1.2,0.02508544525126333,0.02237889507322988,DMFS,OOD,unt,DeepHS,40
1.4,0.02508544525126333,0.02237889507322988,DMFS,OOD,unt,DeepHS,40
1.6,0.03186517095483215,0.029896337830976845,DMFS,OOD,unt,DeepHS,40
1.8,0.03877865183086941,0.03728752391620587,DMFS,OOD,unt,DeepHS,40
2.0,0.0615070893457773,0.05870376930895111,DMFS,OOD,unt,DeepHS,40
2.2,0.07891750511893213,0.05870376930895111,DMFS,OOD,unt,DeepHS,40
2.4,0.08453804783717335,0.06570770279609531,DMFS,OOD,unt,DeepHS,40
2.6,0.09087770704224261,0.07270150305920588,DMFS,OOD,unt,DeepHS,40
2.8,0.09446388182690209,0.0862832847804993,DMFS,OOD,unt,DeepHS,40
3.0,0.10890959024283711,0.09938309000070505,DMFS,OOD,unt,DeepHS,40
3.2,0.11448465232946686,0.11809182376596689,DMFS,OOD,unt,DeepHS,40
3.4,0.11448465232946686,0.11809182376596689,DMFS,OOD,unt,DeepHS,40
3.6,0.12136583024475957,0.1241096843433087,DMFS,OOD,unt,DeepHS,40
3.8,0.1219676997158599,0.12410968434330873,DMFS,OOD,unt,DeepHS,40
4.0,0.1219676997158599,0.12410968434330873,DMFS,OOD,unt,DeepHS,40
4.2,0.13733306026476377,0.1241096843433087,DMFS,OOD,unt,DeepHS,40
4.4,0.1379608969710822,0.1241096843433087,DMFS,OOD,unt,DeepHS,40
4.6,0.14123123831308884,0.13041458024538316,DMFS,OOD,unt,DeepHS,40
4.8,0.1445063977302274,0.13662270654053285,DMFS,OOD,unt,DeepHS,40
5.0,0.14915132914686918,0.14266538862677788,DMFS,OOD,unt,DeepHS,40
5.2,0.15306357053761405,0.14854262650411817,DMFS,OOD,unt,DeepHS,40
5.4,0.15322902564414273,0.1485426265041182,DMFS,OOD,unt,DeepHS,40
5.6,0.15272855186056297,0.14854262650411817,DMFS,OOD,unt,DeepHS,40
5.8,0.15272855186056297,0.14854262650411817,DMFS,OOD,unt,DeepHS,40
6.0,0.16531750838188253,0.16038161224586733,DMFS,OOD,unt,DeepHS,40
6.2,0.18464115447518842,0.1603816122458673,DMFS,OOD,unt,DeepHS,40
6.4,0.18410321224330722,0.16038161224586736,DMFS,OOD,unt,DeepHS,40
6.6,0.18957654427528187,0.16641490591537295,DMFS,OOD,unt,DeepHS,40
6.8,0.18926189361244344,0.16641490591537295,DMFS,OOD,unt,DeepHS,40
7.0,0.19677333483816387,0.17239049200909776,DMFS,OOD,unt,DeepHS,40
7.2,0.19578145383149084,0.17239049200909778,DMFS,OOD,unt,DeepHS,40
7.4,0.1977195937167208,0.17239049200909776,DMFS,OOD,unt,DeepHS,40
7.6,0.1977195937167208,0.17239049200909776,DMFS,OOD,unt,DeepHS,40
7.8,0.19911990183901904,0.17239049200909776,DMFS,OOD,unt,DeepHS,40
8.0,0.19911990183901904,0.17239049200909776,DMFS,OOD,unt,DeepHS,40
8.2,0.2212272365456861,0.17239049200909776,DMFS,OOD,unt,DeepHS,40
8.4,0.2221642776851366,0.17239049200909776,DMFS,OOD,unt,DeepHS,40
8.6,0.21955991425021612,0.17239049200909776,DMFS,OOD,unt,DeepHS,40
8.8,0.22411513501440206,0.17239049200909776,DMFS,OOD,unt,DeepHS,40
9.0,0.22550105744016774,0.17239049200909776,DMFS,OOD,unt,DeepHS,40
9.2,0.2266018129237246,0.17239049200909776,DMFS,OOD,unt,DeepHS,40
9.4,0.22870990384697676,0.17239049200909776,DMFS,OOD,unt,DeepHS,40
9.6,0.23022354362125586,0.17239049200909776,DMFS,OOD,unt,DeepHS,40
9.8,0.23022354362125586,0.17239049200909776,DMFS,OOD,unt,DeepHS,40
10.0,0.22572895896568201,0.17239049200909773,DMFS,OOD,unt,DeepHS,40
1.0,0.024084007358570924,0.02237889507322989,DMFS,OOD,unt,DeepHS,41
1.2,0.024029524600583607,0.02237889507322988,DMFS,OOD,unt,DeepHS,41
1.4,0.024029524600583607,0.02237889507322988,DMFS,OOD,unt,DeepHS,41
1.6,0.03093276061868865,0.029896337830976845,DMFS,OOD,unt,DeepHS,41
1.8,0.03848430345925881,0.03728752391620587,DMFS,OOD,unt,DeepHS,41
2.0,0.06654404062586432,0.05870376930895111,DMFS,OOD,unt,DeepHS,41
2.2,0.06666338135854685,0.05870376930895111,DMFS,OOD,unt,DeepHS,41
2.4,0.07043030383283437,0.06570770279609531,DMFS,OOD,unt,DeepHS,41
2.6,0.07541932012625745,0.07270150305920588,DMFS,OOD,unt,DeepHS,41
2.8,0.08767980237333835,0.0862832847804993,DMFS,OOD,unt,DeepHS,41
3.0,0.1004352491260923,0.09938309000070505,DMFS,OOD,unt,DeepHS,41
3.2,0.11913861284757439,0.11809182376596689,DMFS,OOD,unt,DeepHS,41
3.4,0.11913861284757439,0.11809182376596689,DMFS,OOD,unt,DeepHS,41
3.6,0.12661988330669552,0.1241096843433087,DMFS,OOD,unt,DeepHS,41
3.8,0.1267306902698196,0.12410968434330873,DMFS,OOD,unt,DeepHS,41
4.0,0.13533570921552657,0.12410968434330873,DMFS,OOD,unt,DeepHS,41
4.2,0.1353409595435206,0.1241096843433087,DMFS,OOD,unt,DeepHS,41
4.4,0.1354711470001407,0.1241096843433087,DMFS,OOD,unt,DeepHS,41
4.6,0.1402360768186327,0.13041458024538316,DMFS,OOD,unt,DeepHS,41
4.8,0.1437501602445121,0.13662270654053285,DMFS,OOD,unt,DeepHS,41
5.0,0.14939507769915364,0.14266538862677788,DMFS,OOD,unt,DeepHS,41
5.2,0.15071999359061172,0.14854262650411817,DMFS,OOD,unt,DeepHS,41
5.4,0.15111207731938628,0.1485426265041182,DMFS,OOD,unt,DeepHS,41
5.6,0.1513204701536805,0.14854262650411817,DMFS,OOD,unt,DeepHS,41
5.8,0.1513204701536805,0.14854262650411817,DMFS,OOD,unt,DeepHS,41
6.0,0.18468721182323314,0.16038161224586733,DMFS,OOD,unt,DeepHS,41
6.2,0.18442221897188857,0.1603816122458673,DMFS,OOD,unt,DeepHS,41
6.4,0.18326378237979038,0.16038161224586736,DMFS,OOD,unt,DeepHS,41
6.6,0.18584572327924342,0.16641490591537295,DMFS,OOD,unt,DeepHS,41
6.8,0.1862743030673901,0.16641490591537295,DMFS,OOD,unt,DeepHS,41
7.0,0.19100566035778122,0.17239049200909776,DMFS,OOD,unt,DeepHS,41
7.2,0.19122354800098454,0.17239049200909778,DMFS,OOD,unt,DeepHS,41
7.4,0.19199582066266077,0.17239049200909776,DMFS,OOD,unt,DeepHS,41
7.6,0.19199582066266077,0.17239049200909776,DMFS,OOD,unt,DeepHS,41
7.8,0.19314028476476106,0.17239049200909776,DMFS,OOD,unt,DeepHS,41
8.0,0.22420908181446855,0.17239049200909776,DMFS,OOD,unt,DeepHS,41
8.2,0.22420908181446855,0.17239049200909776,DMFS,OOD,unt,DeepHS,41
8.4,0.2247833392394332,0.17239049200909776,DMFS,OOD,unt,DeepHS,41
8.6,0.22373219653302173,0.17239049200909776,DMFS,OOD,unt,DeepHS,41
8.8,0.22210891951621467,0.17239049200909776,DMFS,OOD,unt,DeepHS,41
9.0,0.22029291260422076,0.17239049200909776,DMFS,OOD,unt,DeepHS,41
9.2,0.22035495627345247,0.17239049200909776,DMFS,OOD,unt,DeepHS,41
9.4,0.2215250555173537,0.17239049200909776,DMFS,OOD,unt,DeepHS,41
9.6,0.22044138262867916,0.17239049200909776,DMFS,OOD,unt,DeepHS,41
9.8,0.22044138262867916,0.17239049200909776,DMFS,OOD,unt,DeepHS,41
10.0,0.2265752783754076,0.17239049200909773,DMFS,OOD,unt,DeepHS,41
1.0,0.02483718832998373,0.02237889507322989,DMFS,OOD,unt,DeepHS,42
1.2,0.0246914475655616,0.02237889507322988,DMFS,OOD,unt,DeepHS,42
1.4,0.0246914475655616,0.02237889507322988,DMFS,OOD,unt,DeepHS,42
1.6,0.03258982087283304,0.029896337830976845,DMFS,OOD,unt,DeepHS,42
1.8,0.05545402980389435,0.03728752391620587,DMFS,OOD,unt,DeepHS,42
2.0,0.07594600254796983,0.05870376930895111,DMFS,OOD,unt,DeepHS,42
2.2,0.07610340267781644,0.05870376930895111,DMFS,OOD,unt,DeepHS,42
2.4,0.08213400381200472,0.06570770279609531,DMFS,OOD,unt,DeepHS,42
2.6,0.08808652268055248,0.07270150305920588,DMFS,OOD,unt,DeepHS,42
2.8,0.10147877671392137,0.0862832847804993,DMFS,OOD,unt,DeepHS,42
3.0,0.11106930525014926,0.09938309000070505,DMFS,OOD,unt,DeepHS,42
3.2,0.132056059763742,0.11809182376596689,DMFS,OOD,unt,DeepHS,42
3.4,0.132056059763742,0.11809182376596689,DMFS,OOD,unt,DeepHS,42
3.6,0.14687312602135957,0.1241096843433087,DMFS,OOD,unt,DeepHS,42
3.8,0.14609607222536397,0.12410968434330873,DMFS,OOD,unt,DeepHS,42
4.0,0.14609607222536397,0.12410968434330873,DMFS,OOD,unt,DeepHS,42
4.2,0.14641721538921224,0.1241096843433087,DMFS,OOD,unt,DeepHS,42
4.4,0.14688922566568954,0.1241096843433087,DMFS,OOD,unt,DeepHS,42
4.6,0.15116998743183035,0.13041458024538316,DMFS,OOD,unt,DeepHS,42
4.8,0.15898446664556226,0.13662270654053285,DMFS,OOD,unt,DeepHS,42
5.0,0.16287130691544416,0.14266538862677788,DMFS,OOD,unt,DeepHS,42
5.2,0.171211667464055,0.14854262650411817,DMFS,OOD,unt,DeepHS,42
5.4,0.17796470147541824,0.1485426265041182,DMFS,OOD,unt,DeepHS,42
5.6,0.17732324406109395,0.14854262650411817,DMFS,OOD,unt,DeepHS,42
5.8,0.17732324406109395,0.14854262650411817,DMFS,OOD,unt,DeepHS,42
6.0,0.184696040987545,0.16038161224586733,DMFS,OOD,unt,DeepHS,42
6.2,0.18516003648358886,0.1603816122458673,DMFS,OOD,unt,DeepHS,42
6.4,0.18516604760019356,0.16038161224586736,DMFS,OOD,unt,DeepHS,42
6.6,0.18863664566307056,0.16641490591537295,DMFS,OOD,unt,DeepHS,42
6.8,0.18827242854492968,0.16641490591537295,DMFS,OOD,unt,DeepHS,42
7.0,0.18954594191298715,0.17239049200909776,DMFS,OOD,unt,DeepHS,42
7.2,0.1933029392109146,0.17239049200909778,DMFS,OOD,unt,DeepHS,42
7.4,0.19226360138018142,0.17239049200909776,DMFS,OOD,unt,DeepHS,42
7.6,0.19226360138018142,0.17239049200909776,DMFS,OOD,unt,DeepHS,42
7.8,0.18854988385524155,0.17239049200909776,DMFS,OOD,unt,DeepHS,42
8.0,0.18854988385524155,0.17239049200909776,DMFS,OOD,unt,DeepHS,42
8.2,0.18854988385524155,0.17239049200909776,DMFS,OOD,unt,DeepHS,42
8.4,0.1875254737372799,0.17239049200909776,DMFS,OOD,unt,DeepHS,42
8.6,0.1887883565383433,0.17239049200909776,DMFS,OOD,unt,DeepHS,42
8.8,0.30211085009541194,0.17239049200909776,DMFS,OOD,unt,DeepHS,42
9.0,0.3068762682826665,0.17239049200909776,DMFS,OOD,unt,DeepHS,42
9.2,0.3045424696254463,0.17239049200909776,DMFS,OOD,unt,DeepHS,42
9.4,0.299507090205045,0.17239049200909776,DMFS,OOD,unt,DeepHS,42
9.6,0.30310395443833316,0.17239049200909776,DMFS,OOD,unt,DeepHS,42
9.8,0.30310395443833316,0.17239049200909776,DMFS,OOD,unt,DeepHS,42
10.0,0.30337661458374704,0.17239049200909773,DMFS,OOD,unt,DeepHS,42
1.0,0.03174937537109064,0.02237889507322989,DMFS,OOD,unt,DeepHS,43
1.2,0.03175785237161268,0.02237889507322988,DMFS,OOD,unt,DeepHS,43
1.4,0.03175785237161268,0.02237889507322988,DMFS,OOD,unt,DeepHS,43
1.6,0.038101181924338326,0.029896337830976845,DMFS,OOD,unt,DeepHS,43
1.8,0.04500950139854684,0.03728752391620587,DMFS,OOD,unt,DeepHS,43
2.0,0.06605524994176852,0.05870376930895111,DMFS,OOD,unt,DeepHS,43
2.2,0.09290221880900183,0.05870376930895111,DMFS,OOD,unt,DeepHS,43
2.4,0.09738849747731915,0.06570770279609531,DMFS,OOD,unt,DeepHS,43
2.6,0.10150913830853278,0.07270150305920588,DMFS,OOD,unt,DeepHS,43
2.8,0.10889131951687249,0.0862832847804993,DMFS,OOD,unt,DeepHS,43
3.0,0.11952679302704243,0.09938309000070505,DMFS,OOD,unt,DeepHS,43
3.2,0.13554628058554136,0.11809182376596689,DMFS,OOD,unt,DeepHS,43
3.4,0.13554628058554136,0.11809182376596689,DMFS,OOD,unt,DeepHS,43
3.6,0.13718420433072404,0.1241096843433087,DMFS,OOD,unt,DeepHS,43
3.8,0.1374163583045128,0.12410968434330873,DMFS,OOD,unt,DeepHS,43
4.0,0.1374163583045128,0.12410968434330873,DMFS,OOD,unt,DeepHS,43
4.2,0.17076182364357156,0.1241096843433087,DMFS,OOD,unt,DeepHS,43
4.4,0.17141960633249542,0.1241096843433087,DMFS,OOD,unt,DeepHS,43
4.6,0.1735412578907507,0.13041458024538316,DMFS,OOD,unt,DeepHS,43
4.8,0.1778788016367412,0.13662270654053285,DMFS,OOD,unt,DeepHS,43
5.0,0.18159257607415571,0.14266538862677788,DMFS,OOD,unt,DeepHS,43
5.2,0.1841697533720841,0.14854262650411817,DMFS,OOD,unt,DeepHS,43
5.4,0.18334530236919466,0.1485426265041182,DMFS,OOD,unt,DeepHS,43
5.6,0.1834057911808852,0.14854262650411817,DMFS,OOD,unt,DeepHS,43
5.8,0.1834057911808852,0.14854262650411817,DMFS,OOD,unt,DeepHS,43
6.0,0.19309716004438962,0.16038161224586733,DMFS,OOD,unt,DeepHS,43
6.2,0.22852868791855602,0.1603816122458673,DMFS,OOD,unt,DeepHS,43
6.4,0.22612614218396482,0.16038161224586736,DMFS,OOD,unt,DeepHS,43
6.6,0.22911777101148512,0.16641490591537295,DMFS,OOD,unt,DeepHS,43
6.8,0.22743385682452802,0.16641490591537295,DMFS,OOD,unt,DeepHS,43
7.0,0.23205276369467825,0.17239049200909776,DMFS,OOD,unt,DeepHS,43
7.2,0.23072612472206158,0.17239049200909778,DMFS,OOD,unt,DeepHS,43
7.4,0.23415478684121793,0.17239049200909776,DMFS,OOD,unt,DeepHS,43
7.6,0.23415478684121793,0.17239049200909776,DMFS,OOD,unt,DeepHS,43
7.8,0.23667800505639996,0.17239049200909776,DMFS,OOD,unt,DeepHS,43
8.0,0.23667800505639996,0.17239049200909776,DMFS,OOD,unt,DeepHS,43
8.2,0.26097323039703507,0.17239049200909776,DMFS,OOD,unt,DeepHS,43
8.4,0.2625600656451983,0.17239049200909776,DMFS,OOD,unt,DeepHS,43
8.6,0.25908947091708195,0.17239049200909776,DMFS,OOD,unt,DeepHS,43
8.8,0.26022392778961245,0.17239049200909776,DMFS,OOD,unt,DeepHS,43
9.0,0.25748135736835226,0.17239049200909776,DMFS,OOD,unt,DeepHS,43
9.2,0.2576628688383437,0.17239049200909776,DMFS,OOD,unt,DeepHS,43
9.4,0.25810177620062763,0.17239049200909776,DMFS,OOD,unt,DeepHS,43
9.6,0.2561986377502579,0.17239049200909776,DMFS,OOD,unt,DeepHS,43
9.8,0.2561986377502579,0.17239049200909776,DMFS,OOD,unt,DeepHS,43
10.0,0.25386744368992437,0.17239049200909773,DMFS,OOD,unt,DeepHS,43
1.0,0.023862950480738773,0.02237889507322989,DMFS,OOD,unt,DeepHS,44
1.2,0.023827387420533353,0.02237889507322988,DMFS,OOD,unt,DeepHS,44
1.4,0.023827387420533353,0.02237889507322988,DMFS,OOD,unt,DeepHS,44
1.6,0.03023424553761143,0.029896337830976845,DMFS,OOD,unt,DeepHS,44
1.8,0.07272452678412564,0.03728752391620587,DMFS,OOD,unt,DeepHS,44
2.0,0.08830652331469382,0.05870376930895111,DMFS,OOD,unt,DeepHS,44
2.2,0.08895718247412263,0.05870376930895111,DMFS,OOD,unt,DeepHS,44
2.4,0.0879891226183303,0.06570770279609531,DMFS,OOD,unt,DeepHS,44
2.6,0.0940325893365239,0.07270150305920588,DMFS,OOD,unt,DeepHS,44
2.8,0.09947584388378931,0.0862832847804993,DMFS,OOD,unt,DeepHS,44
3.0,0.1138266510575591,0.09938309000070505,DMFS,OOD,unt,DeepHS,44
3.2,0.12823420090802712,0.11809182376596689,DMFS,OOD,unt,DeepHS,44
3.4,0.12823420090802712,0.11809182376596689,DMFS,OOD,unt,DeepHS,44
3.6,0.13731590042738975,0.1241096843433087,DMFS,OOD,unt,DeepHS,44
3.8,0.13775762048960719,0.12410968434330873,DMFS,OOD,unt,DeepHS,44
4.0,0.13775762048960719,0.12410968434330873,DMFS,OOD,unt,DeepHS,44
4.2,0.13831079146570477,0.1241096843433087,DMFS,OOD,unt,DeepHS,44
4.4,0.1394279639970921,0.1241096843433087,DMFS,OOD,unt,DeepHS,44
4.6,0.14647503725324956,0.13041458024538316,DMFS,OOD,unt,DeepHS,44
4.8,0.153127686725662,0.13662270654053285,DMFS,OOD,unt,DeepHS,44
5.0,0.15972650250607606,0.14266538862677788,DMFS,OOD,unt,DeepHS,44
5.2,0.17386248695794154,0.14854262650411817,DMFS,OOD,unt,DeepHS,44
5.4,0.16919795196315696,0.1485426265041182,DMFS,OOD,unt,DeepHS,44
5.6,0.16964107176754312,0.14854262650411817,DMFS,OOD,unt,DeepHS,44
5.8,0.16964107176754312,0.14854262650411817,DMFS,OOD,unt,DeepHS,44
6.0,0.18272672737066334,0.16038161224586733,DMFS,OOD,unt,DeepHS,44
6.2,0.18330201700510504,0.1603816122458673,DMFS,OOD,unt,DeepHS,44
6.4,0.17932783698613858,0.16038161224586736,DMFS,OOD,unt,DeepHS,44
6.6,0.18609302173649822,0.16641490591537295,DMFS,OOD,unt,DeepHS,44
6.8,0.18200267962847547,0.16641490591537295,DMFS,OOD,unt,DeepHS,44
7.0,0.19555516920958133,0.17239049200909776,DMFS,OOD,unt,DeepHS,44
7.2,0.19480376595342744,0.17239049200909778,DMFS,OOD,unt,DeepHS,44
7.4,0.19720005347060934,0.17239049200909776,DMFS,OOD,unt,DeepHS,44
7.6,0.19720005347060934,0.17239049200909776,DMFS,OOD,unt,DeepHS,44
7.8,0.19969197749874318,0.17239049200909776,DMFS,OOD,unt,DeepHS,44
8.0,0.19969197749874318,0.17239049200909776,DMFS,OOD,unt,DeepHS,44
8.2,0.19969197749874318,0.17239049200909776,DMFS,OOD,unt,DeepHS,44
8.4,0.2008540344722615,0.17239049200909776,DMFS,OOD,unt,DeepHS,44
8.6,0.2151464453027577,0.17239049200909776,DMFS,OOD,unt,DeepHS,44
8.8,0.21658226214778875,0.17239049200909776,DMFS,OOD,unt,DeepHS,44
9.0,0.21771528719922145,0.17239049200909776,DMFS,OOD,unt,DeepHS,44
9.2,0.22033934209244338,0.17239049200909776,DMFS,OOD,unt,DeepHS,44
9.4,0.22169830280175168,0.17239049200909776,DMFS,OOD,unt,DeepHS,44
9.6,0.22602076009497973,0.17239049200909776,DMFS,OOD,unt,DeepHS,44
9.8,0.22602076009497973,0.17239049200909776,DMFS,OOD,unt,DeepHS,44
10.0,0.21683955910921654,0.17239049200909773,DMFS,OOD,unt,DeepHS,44
1.0,0.022760493935373282,0.02237889507322989,DMFS,OOD,unt,DeepSurv,40
1.2,0.02310560986262744,0.02237889507322988,DMFS,OOD,unt,DeepSurv,40
1.4,0.023325771964056847,0.02237889507322988,DMFS,OOD,unt,DeepSurv,40
1.6,0.02968106318089284,0.029896337830976845,DMFS,OOD,unt,DeepSurv,40
1.8,0.03788390451868324,0.03728752391620587,DMFS,OOD,unt,DeepSurv,40
2.0,0.06253221725046715,0.05870376930895111,DMFS,OOD,unt,DeepSurv,40
2.2,0.06593862838176667,0.05870376930895111,DMFS,OOD,unt,DeepSurv,40
2.4,0.08335817067418586,0.06570770279609531,DMFS,OOD,unt,DeepSurv,40
2.6,0.09015361005768957,0.07270150305920588,DMFS,OOD,unt,DeepSurv,40
2.8,0.09193350538249194,0.0862832847804993,DMFS,OOD,unt,DeepSurv,40
3.0,0.11262595571051928,0.09938309000070505,DMFS,OOD,unt,DeepSurv,40
3.2,0.11667935809394993,0.11809182376596689,DMFS,OOD,unt,DeepSurv,40
3.4,0.12161785602624353,0.11809182376596689,DMFS,OOD,unt,DeepSurv,40
3.6,0.1301578452006855,0.1241096843433087,DMFS,OOD,unt,DeepSurv,40
3.8,0.1310472158134189,0.12410968434330873,DMFS,OOD,unt,DeepSurv,40
4.0,0.1310472158134189,0.12410968434330873,DMFS,OOD,unt,DeepSurv,40
4.2,0.1315010361393505,0.1241096843433087,DMFS,OOD,unt,DeepSurv,40
4.4,0.13225354124707978,0.1241096843433087,DMFS,OOD,unt,DeepSurv,40
4.6,0.1418548100447998,0.13041458024538316,DMFS,OOD,unt,DeepSurv,40
4.8,0.168637754195907,0.13662270654053285,DMFS,OOD,unt,DeepSurv,40
5.0,0.18601478186620327,0.14266538862677788,DMFS,OOD,unt,DeepSurv,40
5.2,0.19283194742348303,0.14854262650411817,DMFS,OOD,unt,DeepSurv,40
5.4,0.18804033312956855,0.1485426265041182,DMFS,OOD,unt,DeepSurv,40
5.6,0.18491430716806453,0.14854262650411817,DMFS,OOD,unt,DeepSurv,40
5.8,0.18491430716806453,0.14854262650411817,DMFS,OOD,unt,DeepSurv,40
6.0,0.19373326402590993,0.16038161224586733,DMFS,OOD,unt,DeepSurv,40
6.2,0.19390607910381147,0.1603816122458673,DMFS,OOD,unt,DeepSurv,40
6.4,0.19507589088474378,0.16038161224586736,DMFS,OOD,unt,DeepSurv,40
6.6,0.20482778844210683,0.16641490591537295,DMFS,OOD,unt,DeepSurv,40
6.8,0.2072143492349515,0.16641490591537295,DMFS,OOD,unt,DeepSurv,40
7.0,0.22669250558091245,0.17239049200909776,DMFS,OOD,unt,DeepSurv,40
7.2,0.22655093423311753,0.17239049200909778,DMFS,OOD,unt,DeepSurv,40
7.4,0.23251702619708017,0.17239049200909776,DMFS,OOD,unt,DeepSurv,40
7.6,0.23251702619708017,0.17239049200909776,DMFS,OOD,unt,DeepSurv,40
7.8,0.23717141426183957,0.17239049200909776,DMFS,OOD,unt,DeepSurv,40
8.0,0.23717141426183957,0.17239049200909776,DMFS,OOD,unt,DeepSurv,40
8.2,0.24859629172532247,0.17239049200909776,DMFS,OOD,unt,DeepSurv,40
8.4,0.2506955574793172,0.17239049200909776,DMFS,OOD,unt,DeepSurv,40
8.6,0.2588007370103506,0.17239049200909776,DMFS,OOD,unt,DeepSurv,40
8.8,0.2623477456429616,0.17239049200909776,DMFS,OOD,unt,DeepSurv,40
9.0,0.2762804141672516,0.17239049200909776,DMFS,OOD,unt,DeepSurv,40
9.2,0.2829791804138262,0.17239049200909776,DMFS,OOD,unt,DeepSurv,40
9.4,0.2859616582603007,0.17239049200909776,DMFS,OOD,unt,DeepSurv,40
9.6,0.2927338605020378,0.17239049200909776,DMFS,OOD,unt,DeepSurv,40
9.8,0.2927338605020378,0.17239049200909776,DMFS,OOD,unt,DeepSurv,40
10.0,0.29176870050049636,0.17239049200909773,DMFS,OOD,unt,DeepSurv,40
1.0,0.022820614630432147,0.02237889507322989,DMFS,OOD,unt,DeepSurv,41
1.2,0.02288890089407661,0.02237889507322988,DMFS,OOD,unt,DeepSurv,41
1.4,0.023270603176717693,0.02237889507322988,DMFS,OOD,unt,DeepSurv,41
1.6,0.031077335291821308,0.029896337830976845,DMFS,OOD,unt,DeepSurv,41
1.8,0.0389533379718279,0.03728752391620587,DMFS,OOD,unt,DeepSurv,41
2.0,0.061027552259284475,0.05870376930895111,DMFS,OOD,unt,DeepSurv,41
2.2,0.06311501918402655,0.05870376930895111,DMFS,OOD,unt,DeepSurv,41
2.4,0.07277218149697791,0.06570770279609531,DMFS,OOD,unt,DeepSurv,41
2.6,0.08306202909752215,0.07270150305920588,DMFS,OOD,unt,DeepSurv,41
2.8,0.09880942038298687,0.0862832847804993,DMFS,OOD,unt,DeepSurv,41
3.0,0.11510283611097719,0.09938309000070505,DMFS,OOD,unt,DeepSurv,41
3.2,0.12291339902752836,0.11809182376596689,DMFS,OOD,unt,DeepSurv,41
3.4,0.12291339902752836,0.11809182376596689,DMFS,OOD,unt,DeepSurv,41
3.6,0.12815201969543377,0.1241096843433087,DMFS,OOD,unt,DeepSurv,41
3.8,0.12868064252204725,0.12410968434330873,DMFS,OOD,unt,DeepSurv,41
4.0,0.13062222425021652,0.12410968434330873,DMFS,OOD,unt,DeepSurv,41
4.2,0.13094641726711492,0.1241096843433087,DMFS,OOD,unt,DeepSurv,41
4.4,0.13158017309693568,0.1241096843433087,DMFS,OOD,unt,DeepSurv,41
4.6,0.1415190992020729,0.13041458024538316,DMFS,OOD,unt,DeepSurv,41
4.8,0.15183672310827206,0.13662270654053285,DMFS,OOD,unt,DeepSurv,41
5.0,0.16611180878584486,0.14266538862677788,DMFS,OOD,unt,DeepSurv,41
5.2,0.1701585934082913,0.14854262650411817,DMFS,OOD,unt,DeepSurv,41
5.4,0.17188300428627662,0.1485426265041182,DMFS,OOD,unt,DeepSurv,41
5.6,0.182011980761049,0.14854262650411817,DMFS,OOD,unt,DeepSurv,41
5.8,0.182011980761049,0.14854262650411817,DMFS,OOD,unt,DeepSurv,41
6.0,0.19776611419273693,0.16038161224586733,DMFS,OOD,unt,DeepSurv,41
6.2,0.19859302048986166,0.1603816122458673,DMFS,OOD,unt,DeepSurv,41
6.4,0.19132065314483013,0.16038161224586736,DMFS,OOD,unt,DeepSurv,41
6.6,0.2006279532851559,0.16641490591537295,DMFS,OOD,unt,DeepSurv,41
6.8,0.20636733361690568,0.16641490591537295,DMFS,OOD,unt,DeepSurv,41
7.0,0.2181317126669683,0.17239049200909776,DMFS,OOD,unt,DeepSurv,41
7.2,0.21819904537089513,0.17239049200909778,DMFS,OOD,unt,DeepSurv,41
7.4,0.22444456905020457,0.17239049200909776,DMFS,OOD,unt,DeepSurv,41
7.6,0.23464546993231916,0.17239049200909776,DMFS,OOD,unt,DeepSurv,41
7.8,0.2395996090640809,0.17239049200909776,DMFS,OOD,unt,DeepSurv,41
8.0,0.2395996090640809,0.17239049200909776,DMFS,OOD,unt,DeepSurv,41
8.2,0.2395996090640809,0.17239049200909776,DMFS,OOD,unt,DeepSurv,41
8.4,0.24037461643422176,0.17239049200909776,DMFS,OOD,unt,DeepSurv,41
8.6,0.25457766674151855,0.17239049200909776,DMFS,OOD,unt,DeepSurv,41
8.8,0.26283036649729047,0.17239049200909776,DMFS,OOD,unt,DeepSurv,41
9.0,0.2666507226611476,0.17239049200909776,DMFS,OOD,unt,DeepSurv,41
9.2,0.27361002451590005,0.17239049200909776,DMFS,OOD,unt,DeepSurv,41
9.4,0.27725410379967336,0.17239049200909776,DMFS,OOD,unt,DeepSurv,41
9.6,0.3133849760848958,0.17239049200909776,DMFS,OOD,unt,DeepSurv,41
9.8,0.3133849760848958,0.17239049200909776,DMFS,OOD,unt,DeepSurv,41
10.0,0.296691463003934,0.17239049200909773,DMFS,OOD,unt,DeepSurv,41
1.0,0.022501936912724566,0.02237889507322989,DMFS,OOD,unt,DeepSurv,42
1.2,0.022501971867499658,0.02237889507322988,DMFS,OOD,unt,DeepSurv,42
1.4,0.02209571296146854,0.02237889507322988,DMFS,OOD,unt,DeepSurv,42
1.6,0.02989550620989573,0.029896337830976845,DMFS,OOD,unt,DeepSurv,42
1.8,0.03590850435497514,0.03728752391620587,DMFS,OOD,unt,DeepSurv,42
2.0,0.05866144867932244,0.05870376930895111,DMFS,OOD,unt,DeepSurv,42
2.2,0.05795890901501489,0.05870376930895111,DMFS,OOD,unt,DeepSurv,42
2.4,0.06316529152256455,0.06570770279609531,DMFS,OOD,unt,DeepSurv,42
2.6,0.07116621961280453,0.07270150305920588,DMFS,OOD,unt,DeepSurv,42
2.8,0.08712793643615677,0.0862832847804993,DMFS,OOD,unt,DeepSurv,42
3.0,0.10363220582355337,0.09938309000070505,DMFS,OOD,unt,DeepSurv,42
3.2,0.12752519133238654,0.11809182376596689,DMFS,OOD,unt,DeepSurv,42
3.4,0.1270093699856109,0.11809182376596689,DMFS,OOD,unt,DeepSurv,42
3.6,0.13188556171995555,0.1241096843433087,DMFS,OOD,unt,DeepSurv,42
3.8,0.13190901287552736,0.12410968434330873,DMFS,OOD,unt,DeepSurv,42
4.0,0.13190901287552736,0.12410968434330873,DMFS,OOD,unt,DeepSurv,42
4.2,0.13194817456966693,0.1241096843433087,DMFS,OOD,unt,DeepSurv,42
4.4,0.1320289518721796,0.1241096843433087,DMFS,OOD,unt,DeepSurv,42
4.6,0.14084427859871773,0.13041458024538316,DMFS,OOD,unt,DeepSurv,42
4.8,0.14988084767663296,0.13662270654053285,DMFS,OOD,unt,DeepSurv,42
5.0,0.15797555211358977,0.14266538862677788,DMFS,OOD,unt,DeepSurv,42
5.2,0.1665727472608543,0.14854262650411817,DMFS,OOD,unt,DeepSurv,42
5.4,0.16677812627766367,0.1485426265041182,DMFS,OOD,unt,DeepSurv,42
5.6,0.16687830241420118,0.14854262650411817,DMFS,OOD,unt,DeepSurv,42
5.8,0.16687830241420118,0.14854262650411817,DMFS,OOD,unt,DeepSurv,42
6.0,0.18566354983799566,0.16038161224586733,DMFS,OOD,unt,DeepSurv,42
6.2,0.18572851133263824,0.1603816122458673,DMFS,OOD,unt,DeepSurv,42
6.4,0.186660361860302,0.16038161224586736,DMFS,OOD,unt,DeepSurv,42
6.6,0.1968376277770703,0.16641490591537295,DMFS,OOD,unt,DeepSurv,42
6.8,0.19888075186534807,0.16641490591537295,DMFS,OOD,unt,DeepSurv,42
7.0,0.20680545351842988,0.17239049200909776,DMFS,OOD,unt,DeepSurv,42
7.2,0.2071711310656763,0.17239049200909778,DMFS,OOD,unt,DeepSurv,42
7.4,0.20783182705707634,0.17239049200909776,DMFS,OOD,unt,DeepSurv,42
7.6,0.20783182705707634,0.17239049200909776,DMFS,OOD,unt,DeepSurv,42
7.8,0.2087843783674332,0.17239049200909776,DMFS,OOD,unt,DeepSurv,42
8.0,0.2087843783674332,0.17239049200909776,DMFS,OOD,unt,DeepSurv,42
8.2,0.21214706750789653,0.17239049200909776,DMFS,OOD,unt,DeepSurv,42
8.4,0.2127422049082577,0.17239049200909776,DMFS,OOD,unt,DeepSurv,42
8.6,0.20791736612512304,0.17239049200909776,DMFS,OOD,unt,DeepSurv,42
8.8,0.2109572056930896,0.17239049200909776,DMFS,OOD,unt,DeepSurv,42
9.0,0.23288466268494193,0.17239049200909776,DMFS,OOD,unt,DeepSurv,42
9.2,0.23499385207463794,0.17239049200909776,DMFS,OOD,unt,DeepSurv,42
9.4,0.22759320385955492,0.17239049200909776,DMFS,OOD,unt,DeepSurv,42
9.6,0.23312765030960117,0.17239049200909776,DMFS,OOD,unt,DeepSurv,42
9.8,0.23312765030960117,0.17239049200909776,DMFS,OOD,unt,DeepSurv,42
10.0,0.21407898918048499,0.17239049200909773,DMFS,OOD,unt,DeepSurv,42
1.0,0.022903403851385052,0.02237889507322989,DMFS,OOD,unt,DeepSurv,43
1.2,0.022903071119298686,0.02237889507322988,DMFS,OOD,unt,DeepSurv,43
1.4,0.022901845041774005,0.02237889507322988,DMFS,OOD,unt,DeepSurv,43
1.6,0.030844850660745066,0.029896337830976845,DMFS,OOD,unt,DeepSurv,43
1.8,0.03878923016211737,0.03728752391620587,DMFS,OOD,unt,DeepSurv,43
2.0,0.06261679840604521,0.05870376930895111,DMFS,OOD,unt,DeepSurv,43
2.2,0.06259600821197026,0.05870376930895111,DMFS,OOD,unt,DeepSurv,43
2.4,0.07063263050113881,0.06570770279609531,DMFS,OOD,unt,DeepSurv,43
2.6,0.07903331797246559,0.07270150305920588,DMFS,OOD,unt,DeepSurv,43
2.8,0.09057626618202688,0.0862832847804993,DMFS,OOD,unt,DeepSurv,43
3.0,0.10610504545483881,0.09938309000070505,DMFS,OOD,unt,DeepSurv,43
3.2,0.13017619984267265,0.11809182376596689,DMFS,OOD,unt,DeepSurv,43
3.4,0.1302269185328061,0.11809182376596689,DMFS,OOD,unt,DeepSurv,43
3.6,0.1342027858543068,0.1241096843433087,DMFS,OOD,unt,DeepSurv,43
3.8,0.1356501210752575,0.12410968434330873,DMFS,OOD,unt,DeepSurv,43
4.0,0.13804589670496192,0.12410968434330873,DMFS,OOD,unt,DeepSurv,43
4.2,0.14171152075234603,0.1241096843433087,DMFS,OOD,unt,DeepSurv,43
4.4,0.14216211142889104,0.1241096843433087,DMFS,OOD,unt,DeepSurv,43
4.6,0.14904231315356312,0.13041458024538316,DMFS,OOD,unt,DeepSurv,43
4.8,0.15986109412988822,0.13662270654053285,DMFS,OOD,unt,DeepSurv,43
5.0,0.17136362252669665,0.14266538862677788,DMFS,OOD,unt,DeepSurv,43
5.2,0.18020150232521998,0.14854262650411817,DMFS,OOD,unt,DeepSurv,43
5.4,0.17232285969179895,0.1485426265041182,DMFS,OOD,unt,DeepSurv,43
5.6,0.17292308224885872,0.14854262650411817,DMFS,OOD,unt,DeepSurv,43
5.8,0.17292308224885872,0.14854262650411817,DMFS,OOD,unt,DeepSurv,43
6.0,0.19072023025262255,0.16038161224586733,DMFS,OOD,unt,DeepSurv,43
6.2,0.19137205044369993,0.1603816122458673,DMFS,OOD,unt,DeepSurv,43
6.4,0.18649724812454113,0.16038161224586736,DMFS,OOD,unt,DeepSurv,43
6.6,0.1966635614457606,0.16641490591537295,DMFS,OOD,unt,DeepSurv,43
6.8,0.19329180731037712,0.16641490591537295,DMFS,OOD,unt,DeepSurv,43
7.0,0.20452406216969388,0.17239049200909776,DMFS,OOD,unt,DeepSurv,43
7.2,0.2048166721022491,0.17239049200909778,DMFS,OOD,unt,DeepSurv,43
7.4,0.20825316159745594,0.17239049200909776,DMFS,OOD,unt,DeepSurv,43
7.6,0.20825316159745594,0.17239049200909776,DMFS,OOD,unt,DeepSurv,43
7.8,0.21105428374489738,0.17239049200909776,DMFS,OOD,unt,DeepSurv,43
8.0,0.21105428374489738,0.17239049200909776,DMFS,OOD,unt,DeepSurv,43
8.2,0.21105428374489738,0.17239049200909776,DMFS,OOD,unt,DeepSurv,43
8.4,0.21206574928961094,0.17239049200909776,DMFS,OOD,unt,DeepSurv,43
8.6,0.2220458248149842,0.17239049200909776,DMFS,OOD,unt,DeepSurv,43
8.8,0.22189808423349192,0.17239049200909776,DMFS,OOD,unt,DeepSurv,43
9.0,0.22620571858647728,0.17239049200909776,DMFS,OOD,unt,DeepSurv,43
9.2,0.22990500465908198,0.17239049200909776,DMFS,OOD,unt,DeepSurv,43
9.4,0.23031169001857335,0.17239049200909776,DMFS,OOD,unt,DeepSurv,43
9.6,0.23622902745496008,0.17239049200909776,DMFS,OOD,unt,DeepSurv,43
9.8,0.23622902745496008,0.17239049200909776,DMFS,OOD,unt,DeepSurv,43
10.0,0.214856158607023,0.17239049200909773,DMFS,OOD,unt,DeepSurv,43
1.0,0.02280312509343803,0.02237889507322989,DMFS,OOD,unt,DeepSurv,44
1.2,0.022835914637360014,0.02237889507322988,DMFS,OOD,unt,DeepSurv,44
1.4,0.023456247118040223,0.02237889507322988,DMFS,OOD,unt,DeepSurv,44
1.6,0.030004171868736666,0.029896337830976845,DMFS,OOD,unt,DeepSurv,44
1.8,0.0380193460250089,0.03728752391620587,DMFS,OOD,unt,DeepSurv,44
2.0,0.06206593756497556,0.05870376930895111,DMFS,OOD,unt,DeepSurv,44
2.2,0.06342568295682927,0.05870376930895111,DMFS,OOD,unt,DeepSurv,44
2.4,0.06907809455858865,0.06570770279609531,DMFS,OOD,unt,DeepSurv,44
2.6,0.07707950096321653,0.07270150305920588,DMFS,OOD,unt,DeepSurv,44
2.8,0.08895621395719099,0.0862832847804993,DMFS,OOD,unt,DeepSurv,44
3.0,0.10545673428570826,0.09938309000070505,DMFS,OOD,unt,DeepSurv,44
3.2,0.12529956081424337,0.11809182376596689,DMFS,OOD,unt,DeepSurv,44
3.4,0.12529956081424337,0.11809182376596689,DMFS,OOD,unt,DeepSurv,44
3.6,0.13187550127456207,0.1241096843433087,DMFS,OOD,unt,DeepSurv,44
3.8,0.13209493053266172,0.12410968434330873,DMFS,OOD,unt,DeepSurv,44
4.0,0.13209493053266172,0.12410968434330873,DMFS,OOD,unt,DeepSurv,44
4.2,0.13271374092426644,0.1241096843433087,DMFS,OOD,unt,DeepSurv,44
4.4,0.13415156674848475,0.1241096843433087,DMFS,OOD,unt,DeepSurv,44
4.6,0.14280972031021566,0.13041458024538316,DMFS,OOD,unt,DeepSurv,44
4.8,0.15292237128407882,0.13662270654053285,DMFS,OOD,unt,DeepSurv,44
5.0,0.16185688512683488,0.14266538862677788,DMFS,OOD,unt,DeepSurv,44
5.2,0.16932571482377842,0.14854262650411817,DMFS,OOD,unt,DeepSurv,44
5.4,0.17036326419471712,0.1485426265041182,DMFS,OOD,unt,DeepSurv,44
5.6,0.17089797747352964,0.14854262650411817,DMFS,OOD,unt,DeepSurv,44
5.8,0.17089797747352964,0.14854262650411817,DMFS,OOD,unt,DeepSurv,44
6.0,0.19127788627339487,0.16038161224586733,DMFS,OOD,unt,DeepSurv,44
6.2,0.19188346676283027,0.1603816122458673,DMFS,OOD,unt,DeepSurv,44
6.4,0.18465609961755217,0.16038161224586736,DMFS,OOD,unt,DeepSurv,44
6.6,0.19464175926610078,0.16641490591537295,DMFS,OOD,unt,DeepSurv,44
6.8,0.19503715502035002,0.16641490591537295,DMFS,OOD,unt,DeepSurv,44
7.0,0.20604773801549633,0.17239049200909776,DMFS,OOD,unt,DeepSurv,44
7.2,0.20637339650023823,0.17239049200909778,DMFS,OOD,unt,DeepSurv,44
7.4,0.20891114577190179,0.17239049200909776,DMFS,OOD,unt,DeepSurv,44
7.6,0.20891114577190179,0.17239049200909776,DMFS,OOD,unt,DeepSurv,44
7.8,0.21098966341552366,0.17239049200909776,DMFS,OOD,unt,DeepSurv,44
8.0,0.21098966341552366,0.17239049200909776,DMFS,OOD,unt,DeepSurv,44
8.2,0.21098966341552366,0.17239049200909776,DMFS,OOD,unt,DeepSurv,44
8.4,0.2168726582482669,0.17239049200909776,DMFS,OOD,unt,DeepSurv,44
8.6,0.20745383192866682,0.17239049200909776,DMFS,OOD,unt,DeepSurv,44
8.8,0.20972333162516119,0.17239049200909776,DMFS,OOD,unt,DeepSurv,44
9.0,0.21308851400481776,0.17239049200909776,DMFS,OOD,unt,DeepSurv,44
9.2,0.21549748290536253,0.17239049200909776,DMFS,OOD,unt,DeepSurv,44
9.4,0.21677546213494314,0.17239049200909776,DMFS,OOD,unt,DeepSurv,44
9.6,0.23021201153595844,0.17239049200909776,DMFS,OOD,unt,DeepSurv,44
9.8,0.23021201153595844,0.17239049200909776,DMFS,OOD,unt,DeepSurv,44
10.0,0.21741590039488393,0.17239049200909773,DMFS,OOD,unt,DeepSurv,44
1.0,0.02226121839121389,0.02237889507322989,DMFS,OOD,unt,ENCox,40
1.2,0.022599310822158405,0.02237889507322988,DMFS,OOD,unt,ENCox,40
1.4,0.023350515292261866,0.02237889507322988,DMFS,OOD,unt,ENCox,40
1.6,0.029211086824993345,0.029896337830976845,DMFS,OOD,unt,ENCox,40
1.8,0.040373413777483914,0.03728752391620587,DMFS,OOD,unt,ENCox,40
2.0,0.06279664970681356,0.05870376930895111,DMFS,OOD,unt,ENCox,40
2.2,0.08273117837383583,0.05870376930895111,DMFS,OOD,unt,ENCox,40
2.4,0.12400863165539451,0.06570770279609531,DMFS,OOD,unt,ENCox,40
2.6,0.1308686613217525,0.07270150305920588,DMFS,OOD,unt,ENCox,40
2.8,0.13783075145863602,0.0862832847804993,DMFS,OOD,unt,ENCox,40
3.0,0.16669991927542654,0.09938309000070505,DMFS,OOD,unt,ENCox,40
3.2,0.17922356477084853,0.11809182376596689,DMFS,OOD,unt,ENCox,40
3.4,0.1922476419948987,0.11809182376596689,DMFS,OOD,unt,ENCox,40
3.6,0.2012439054168782,0.1241096843433087,DMFS,OOD,unt,ENCox,40
3.8,0.20373993423234005,0.12410968434330873,DMFS,OOD,unt,ENCox,40
4.0,0.20373993423234005,0.12410968434330873,DMFS,OOD,unt,ENCox,40
4.2,0.20439088134384364,0.1241096843433087,DMFS,OOD,unt,ENCox,40
4.4,0.20695093651361365,0.1241096843433087,DMFS,OOD,unt,ENCox,40
4.6,0.21751892803559503,0.13041458024538316,DMFS,OOD,unt,ENCox,40
4.8,0.2538938434290791,0.13662270654053285,DMFS,OOD,unt,ENCox,40
5.0,0.2736059393501231,0.14266538862677788,DMFS,OOD,unt,ENCox,40
5.2,0.2823695941643929,0.14854262650411817,DMFS,OOD,unt,ENCox,40
5.4,0.2781468628154927,0.1485426265041182,DMFS,OOD,unt,ENCox,40
5.6,0.27999147411428527,0.14854262650411817,DMFS,OOD,unt,ENCox,40
5.8,0.27999147411428527,0.14854262650411817,DMFS,OOD,unt,ENCox,40
6.0,0.2785804176403482,0.16038161224586733,DMFS,OOD,unt,ENCox,40
6.2,0.2797409247687598,0.1603816122458673,DMFS,OOD,unt,ENCox,40
6.4,0.2772995147229453,0.16038161224586736,DMFS,OOD,unt,ENCox,40
6.6,0.27905990708804385,0.16641490591537295,DMFS,OOD,unt,ENCox,40
6.8,0.2803588326105178,0.16641490591537295,DMFS,OOD,unt,ENCox,40
7.0,0.3059208714315537,0.17239049200909776,DMFS,OOD,unt,ENCox,40
7.2,0.29981345247745345,0.17239049200909778,DMFS,OOD,unt,ENCox,40
7.4,0.3110585101229676,0.17239049200909776,DMFS,OOD,unt,ENCox,40
7.6,0.3110585101229676,0.17239049200909776,DMFS,OOD,unt,ENCox,40
7.8,0.31648001758942373,0.17239049200909776,DMFS,OOD,unt,ENCox,40
8.0,0.31648001758942373,0.17239049200909776,DMFS,OOD,unt,ENCox,40
8.2,0.33786140999030584,0.17239049200909776,DMFS,OOD,unt,ENCox,40
8.4,0.34127372597277117,0.17239049200909776,DMFS,OOD,unt,ENCox,40
8.6,0.3517419274087517,0.17239049200909776,DMFS,OOD,unt,ENCox,40
8.8,0.3486464281757601,0.17239049200909776,DMFS,OOD,unt,ENCox,40
9.0,0.35099912187063315,0.17239049200909776,DMFS,OOD,unt,ENCox,40
9.2,0.3619565025350266,0.17239049200909776,DMFS,OOD,unt,ENCox,40
9.4,0.3628558101292787,0.17239049200909776,DMFS,OOD,unt,ENCox,40
9.6,0.3778407224654489,0.17239049200909776,DMFS,OOD,unt,ENCox,40
9.8,0.3778407224654489,0.17239049200909776,DMFS,OOD,unt,ENCox,40
10.0,0.3788859751590518,0.17239049200909773,DMFS,OOD,unt,ENCox,40
1.0,0.02267363955912525,0.02237889507322989,DMFS,OOD,unt,ENCox,41
1.2,0.023282189313226512,0.02237889507322988,DMFS,OOD,unt,ENCox,41
1.4,0.025529323037770987,0.02237889507322988,DMFS,OOD,unt,ENCox,41
1.6,0.03212593454584842,0.029896337830976845,DMFS,OOD,unt,ENCox,41
1.8,0.039773051219626133,0.03728752391620587,DMFS,OOD,unt,ENCox,41
2.0,0.06005188760814894,0.05870376930895111,DMFS,OOD,unt,ENCox,41
2.2,0.06564166961279949,0.05870376930895111,DMFS,OOD,unt,ENCox,41
2.4,0.07338959171910828,0.06570770279609531,DMFS,OOD,unt,ENCox,41
2.6,0.08175176401345984,0.07270150305920588,DMFS,OOD,unt,ENCox,41
2.8,0.09358349494275547,0.0862832847804993,DMFS,OOD,unt,ENCox,41
3.0,0.1049913347560257,0.09938309000070505,DMFS,OOD,unt,ENCox,41
3.2,0.12139727238832887,0.11809182376596689,DMFS,OOD,unt,ENCox,41
3.4,0.12139727238832887,0.11809182376596689,DMFS,OOD,unt,ENCox,41
3.6,0.12657511596326892,0.1241096843433087,DMFS,OOD,unt,ENCox,41
3.8,0.126895811850405,0.12410968434330873,DMFS,OOD,unt,ENCox,41
4.0,0.12916077138614288,0.12410968434330873,DMFS,OOD,unt,ENCox,41
4.2,0.12920962706090838,0.1241096843433087,DMFS,OOD,unt,ENCox,41
4.4,0.12944005482307708,0.1241096843433087,DMFS,OOD,unt,ENCox,41
4.6,0.13611020535186888,0.13041458024538316,DMFS,OOD,unt,ENCox,41
4.8,0.14535331012835956,0.13662270654053285,DMFS,OOD,unt,ENCox,41
5.0,0.15302947263671549,0.14266538862677788,DMFS,OOD,unt,ENCox,41
5.2,0.16019088426950756,0.14854262650411817,DMFS,OOD,unt,ENCox,41
5.4,0.16050198663313292,0.1485426265041182,DMFS,OOD,unt,ENCox,41
5.6,0.16473337339671082,0.14854262650411817,DMFS,OOD,unt,ENCox,41
5.8,0.16473337339671082,0.14854262650411817,DMFS,OOD,unt,ENCox,41
6.0,0.1730614468941062,0.16038161224586733,DMFS,OOD,unt,ENCox,41
6.2,0.1734882117488999,0.1603816122458673,DMFS,OOD,unt,ENCox,41
6.4,0.17315145142344004,0.16038161224586736,DMFS,OOD,unt,ENCox,41
6.6,0.1781201942135561,0.16641490591537295,DMFS,OOD,unt,ENCox,41
6.8,0.18194493328884925,0.16641490591537295,DMFS,OOD,unt,ENCox,41
7.0,0.18629353314108574,0.17239049200909776,DMFS,OOD,unt,ENCox,41
7.2,0.18584007930356314,0.17239049200909778,DMFS,OOD,unt,ENCox,41
7.4,0.18802853417244275,0.17239049200909776,DMFS,OOD,unt,ENCox,41
7.6,0.19431367536723904,0.17239049200909776,DMFS,OOD,unt,ENCox,41
7.8,0.1953688141873521,0.17239049200909776,DMFS,OOD,unt,ENCox,41
8.0,0.1953688141873521,0.17239049200909776,DMFS,OOD,unt,ENCox,41
8.2,0.1953688141873521,0.17239049200909776,DMFS,OOD,unt,ENCox,41
8.4,0.19570578261439753,0.17239049200909776,DMFS,OOD,unt,ENCox,41
8.6,0.2025070916487638,0.17239049200909776,DMFS,OOD,unt,ENCox,41
8.8,0.20304395634486266,0.17239049200909776,DMFS,OOD,unt,ENCox,41
9.0,0.2033016552481059,0.17239049200909776,DMFS,OOD,unt,ENCox,41
9.2,0.20549772939294594,0.17239049200909776,DMFS,OOD,unt,ENCox,41
9.4,0.20589618784836447,0.17239049200909776,DMFS,OOD,unt,ENCox,41
9.6,0.22296809863200917,0.17239049200909776,DMFS,OOD,unt,ENCox,41
9.8,0.22296809863200917,0.17239049200909776,DMFS,OOD,unt,ENCox,41
10.0,0.21507902700025375,0.17239049200909773,DMFS,OOD,unt,ENCox,41
1.0,0.02316956108584999,0.02237889507322989,DMFS,OOD,unt,ENCox,42
1.2,0.02317247596105687,0.02237889507322988,DMFS,OOD,unt,ENCox,42
1.4,0.024012414332626714,0.02237889507322988,DMFS,OOD,unt,ENCox,42
1.6,0.031384383891665785,0.029896337830976845,DMFS,OOD,unt,ENCox,42
1.8,0.042216713678344855,0.03728752391620587,DMFS,OOD,unt,ENCox,42
2.0,0.06828602100941472,0.05870376930895111,DMFS,OOD,unt,ENCox,42
2.2,0.07126691967626002,0.05870376930895111,DMFS,OOD,unt,ENCox,42
2.4,0.07887176557194288,0.06570770279609531,DMFS,OOD,unt,ENCox,42
2.6,0.08661234096005847,0.07270150305920588,DMFS,OOD,unt,ENCox,42
2.8,0.10132216622967209,0.0862832847804993,DMFS,OOD,unt,ENCox,42
3.0,0.11711367784756442,0.09938309000070505,DMFS,OOD,unt,ENCox,42
3.2,0.1424237830048814,0.11809182376596689,DMFS,OOD,unt,ENCox,42
3.4,0.14511585843894112,0.11809182376596689,DMFS,OOD,unt,ENCox,42
3.6,0.14469949595051926,0.1241096843433087,DMFS,OOD,unt,ENCox,42
3.8,0.144938853965169,0.12410968434330873,DMFS,OOD,unt,ENCox,42
4.0,0.144938853965169,0.12410968434330873,DMFS,OOD,unt,ENCox,42
4.2,0.145193326530714,0.1241096843433087,DMFS,OOD,unt,ENCox,42
4.4,0.14569970467447432,0.1241096843433087,DMFS,OOD,unt,ENCox,42
4.6,0.15358859823825075,0.13041458024538316,DMFS,OOD,unt,ENCox,42
4.8,0.16238586056234403,0.13662270654053285,DMFS,OOD,unt,ENCox,42
5.0,0.1711312518644416,0.14266538862677788,DMFS,OOD,unt,ENCox,42
5.2,0.1802482324502802,0.14854262650411817,DMFS,OOD,unt,ENCox,42
5.4,0.17208198954952006,0.1485426265041182,DMFS,OOD,unt,ENCox,42
5.6,0.17134848136005912,0.14854262650411817,DMFS,OOD,unt,ENCox,42
5.8,0.17134848136005912,0.14854262650411817,DMFS,OOD,unt,ENCox,42
6.0,0.19002983134582496,0.16038161224586733,DMFS,OOD,unt,ENCox,42
6.2,0.19178563876562618,0.1603816122458673,DMFS,OOD,unt,ENCox,42
6.4,0.19268410335466876,0.16038161224586736,DMFS,OOD,unt,ENCox,42
6.6,0.201941243711207,0.16641490591537295,DMFS,OOD,unt,ENCox,42
6.8,0.2077360230827072,0.16641490591537295,DMFS,OOD,unt,ENCox,42
7.0,0.2112697793464144,0.17239049200909776,DMFS,OOD,unt,ENCox,42
7.2,0.2095246600231052,0.17239049200909778,DMFS,OOD,unt,ENCox,42
7.4,0.21202669972081606,0.17239049200909776,DMFS,OOD,unt,ENCox,42
7.6,0.21202669972081606,0.17239049200909776,DMFS,OOD,unt,ENCox,42
7.8,0.21175780909495714,0.17239049200909776,DMFS,OOD,unt,ENCox,42
8.0,0.21175780909495714,0.17239049200909776,DMFS,OOD,unt,ENCox,42
8.2,0.21915723802781062,0.17239049200909776,DMFS,OOD,unt,ENCox,42
8.4,0.22032792062093276,0.17239049200909776,DMFS,OOD,unt,ENCox,42
8.6,0.2326861345881844,0.17239049200909776,DMFS,OOD,unt,ENCox,42
8.8,0.23540675100655664,0.17239049200909776,DMFS,OOD,unt,ENCox,42
9.0,0.27816971969109516,0.17239049200909776,DMFS,OOD,unt,ENCox,42
9.2,0.28246242503372565,0.17239049200909776,DMFS,OOD,unt,ENCox,42
9.4,0.27918304719760373,0.17239049200909776,DMFS,OOD,unt,ENCox,42
9.6,0.2852509949640075,0.17239049200909776,DMFS,OOD,unt,ENCox,42
9.8,0.2852509949640075,0.17239049200909776,DMFS,OOD,unt,ENCox,42
10.0,0.28243649514518354,0.17239049200909773,DMFS,OOD,unt,ENCox,42
1.0,0.0222443165382761,0.02237889507322989,DMFS,OOD,unt,ENCox,43
1.2,0.022414896425313604,0.02237889507322988,DMFS,OOD,unt,ENCox,43
1.4,0.02291711407281647,0.02237889507322988,DMFS,OOD,unt,ENCox,43
1.6,0.03005942285427158,0.029896337830976845,DMFS,OOD,unt,ENCox,43
1.8,0.036997946473163484,0.03728752391620587,DMFS,OOD,unt,ENCox,43
2.0,0.057712002795602464,0.05870376930895111,DMFS,OOD,unt,ENCox,43
2.2,0.0577387788370052,0.05870376930895111,DMFS,OOD,unt,ENCox,43
2.4,0.06525858734386088,0.06570770279609531,DMFS,OOD,unt,ENCox,43
2.6,0.0729136820240306,0.07270150305920588,DMFS,OOD,unt,ENCox,43
2.8,0.08610274883364631,0.0862832847804993,DMFS,OOD,unt,ENCox,43
3.0,0.0994312110919393,0.09938309000070505,DMFS,OOD,unt,ENCox,43
3.2,0.1151414282278101,0.11809182376596689,DMFS,OOD,unt,ENCox,43
3.4,0.11561661486708934,0.11809182376596689,DMFS,OOD,unt,ENCox,43
3.6,0.12001126724329453,0.1241096843433087,DMFS,OOD,unt,ENCox,43
3.8,0.12113035494357777,0.12410968434330873,DMFS,OOD,unt,ENCox,43
4.0,0.12247113050624767,0.12410968434330873,DMFS,OOD,unt,ENCox,43
4.2,0.12418377265379174,0.1241096843433087,DMFS,OOD,unt,ENCox,43
4.4,0.12414541061459337,0.1241096843433087,DMFS,OOD,unt,ENCox,43
4.6,0.13046587093888198,0.13041458024538316,DMFS,OOD,unt,ENCox,43
4.8,0.13676335916820445,0.13662270654053285,DMFS,OOD,unt,ENCox,43
5.0,0.14680862356362512,0.14266538862677788,DMFS,OOD,unt,ENCox,43
5.2,0.152332378500032,0.14854262650411817,DMFS,OOD,unt,ENCox,43
5.4,0.1528358670404643,0.1485426265041182,DMFS,OOD,unt,ENCox,43
5.6,0.15305407911919255,0.14854262650411817,DMFS,OOD,unt,ENCox,43
5.8,0.15305407911919255,0.14854262650411817,DMFS,OOD,unt,ENCox,43
6.0,0.16034170251720958,0.16038161224586733,DMFS,OOD,unt,ENCox,43
6.2,0.16055079971200414,0.1603816122458673,DMFS,OOD,unt,ENCox,43
6.4,0.16311079024436356,0.16038161224586736,DMFS,OOD,unt,ENCox,43
6.6,0.16725212266805467,0.16641490591537295,DMFS,OOD,unt,ENCox,43
6.8,0.1663357584636713,0.16641490591537295,DMFS,OOD,unt,ENCox,43
7.0,0.1719751210250723,0.17239049200909776,DMFS,OOD,unt,ENCox,43
7.2,0.17180143081088334,0.17239049200909778,DMFS,OOD,unt,ENCox,43
7.4,0.17267561425026853,0.17239049200909776,DMFS,OOD,unt,ENCox,43
7.6,0.17267561425026853,0.17239049200909776,DMFS,OOD,unt,ENCox,43
7.8,0.1734469155991602,0.17239049200909776,DMFS,OOD,unt,ENCox,43
8.0,0.1734469155991602,0.17239049200909776,DMFS,OOD,unt,ENCox,43
8.2,0.1734469155991602,0.17239049200909776,DMFS,OOD,unt,ENCox,43
8.4,0.17358559642188445,0.17239049200909776,DMFS,OOD,unt,ENCox,43
8.6,0.17797028446086383,0.17239049200909776,DMFS,OOD,unt,ENCox,43
8.8,0.17830908901059667,0.17239049200909776,DMFS,OOD,unt,ENCox,43
9.0,0.17751787672535255,0.17239049200909776,DMFS,OOD,unt,ENCox,43
9.2,0.17814513348545846,0.17239049200909776,DMFS,OOD,unt,ENCox,43
9.4,0.17892563212713467,0.17239049200909776,DMFS,OOD,unt,ENCox,43
9.6,0.1793670503216568,0.17239049200909776,DMFS,OOD,unt,ENCox,43
9.8,0.1793670503216568,0.17239049200909776,DMFS,OOD,unt,ENCox,43
10.0,0.17831818335576957,0.17239049200909773,DMFS,OOD,unt,ENCox,43
1.0,0.02474103115495979,0.02237889507322989,DMFS,OOD,unt,ENCox,44
1.2,0.02883909072976491,0.02237889507322988,DMFS,OOD,unt,ENCox,44
1.4,0.037802271774003394,0.02237889507322988,DMFS,OOD,unt,ENCox,44
1.6,0.04305498098373174,0.029896337830976845,DMFS,OOD,unt,ENCox,44
1.8,0.053513535587991434,0.03728752391620587,DMFS,OOD,unt,ENCox,44
2.0,0.07869661520446833,0.05870376930895111,DMFS,OOD,unt,ENCox,44
2.2,0.0833426871334947,0.05870376930895111,DMFS,OOD,unt,ENCox,44
2.4,0.08736453774199618,0.06570770279609531,DMFS,OOD,unt,ENCox,44
2.6,0.09490479856641447,0.07270150305920588,DMFS,OOD,unt,ENCox,44
2.8,0.10807575149794796,0.0862832847804993,DMFS,OOD,unt,ENCox,44
3.0,0.12418232982652143,0.09938309000070505,DMFS,OOD,unt,ENCox,44
3.2,0.14391304059675844,0.11809182376596689,DMFS,OOD,unt,ENCox,44
3.4,0.14391304059675844,0.11809182376596689,DMFS,OOD,unt,ENCox,44
3.6,0.1445566092501306,0.1241096843433087,DMFS,OOD,unt,ENCox,44
3.8,0.14900308826400946,0.12410968434330873,DMFS,OOD,unt,ENCox,44
4.0,0.14900308826400946,0.12410968434330873,DMFS,OOD,unt,ENCox,44
4.2,0.15415558250478478,0.1241096843433087,DMFS,OOD,unt,ENCox,44
4.4,0.16100975121738734,0.1241096843433087,DMFS,OOD,unt,ENCox,44
4.6,0.1657903699001002,0.13041458024538316,DMFS,OOD,unt,ENCox,44
4.8,0.18758650614312603,0.13662270654053285,DMFS,OOD,unt,ENCox,44
5.0,0.19059693282301138,0.14266538862677788,DMFS,OOD,unt,ENCox,44
5.2,0.1963769149664322,0.14854262650411817,DMFS,OOD,unt,ENCox,44
5.4,0.19789836057254584,0.1485426265041182,DMFS,OOD,unt,ENCox,44
5.6,0.19686579463838533,0.14854262650411817,DMFS,OOD,unt,ENCox,44
5.8,0.19686579463838533,0.14854262650411817,DMFS,OOD,unt,ENCox,44
6.0,0.20953926891692493,0.16038161224586733,DMFS,OOD,unt,ENCox,44
6.2,0.20926221938294698,0.1603816122458673,DMFS,OOD,unt,ENCox,44
6.4,0.2078034659600311,0.16038161224586736,DMFS,OOD,unt,ENCox,44
6.6,0.21517813460826965,0.16641490591537295,DMFS,OOD,unt,ENCox,44
6.8,0.2140778974658996,0.16641490591537295,DMFS,OOD,unt,ENCox,44
7.0,0.22377651070912624,0.17239049200909776,DMFS,OOD,unt,ENCox,44
7.2,0.22016386223310655,0.17239049200909778,DMFS,OOD,unt,ENCox,44
7.4,0.22531653178219904,0.17239049200909776,DMFS,OOD,unt,ENCox,44
7.6,0.22531653178219904,0.17239049200909776,DMFS,OOD,unt,ENCox,44
7.8,0.22994241436786145,0.17239049200909776,DMFS,OOD,unt,ENCox,44
8.0,0.22994241436786145,0.17239049200909776,DMFS,OOD,unt,ENCox,44
8.2,0.22994241436786145,0.17239049200909776,DMFS,OOD,unt,ENCox,44
8.4,0.24273752082951572,0.17239049200909776,DMFS,OOD,unt,ENCox,44
8.6,0.24060851486081172,0.17239049200909776,DMFS,OOD,unt,ENCox,44
8.8,0.24571545095752959,0.17239049200909776,DMFS,OOD,unt,ENCox,44
9.0,0.24705325576741968,0.17239049200909776,DMFS,OOD,unt,ENCox,44
9.2,0.2524035519505571,0.17239049200909776,DMFS,OOD,unt,ENCox,44
9.4,0.25496333305674174,0.17239049200909776,DMFS,OOD,unt,ENCox,44
9.6,0.28214110691318656,0.17239049200909776,DMFS,OOD,unt,ENCox,44
9.8,0.28214110691318656,0.17239049200909776,DMFS,OOD,unt,ENCox,44
10.0,0.27002845959068467,0.17239049200909773,DMFS,OOD,unt,ENCox,44
1.0,0.13840253027971608,0.02237889507322989,DMFS,OOD,unt,LH,40
1.2,0.138587578586894,0.02237889507322988,DMFS,OOD,unt,LH,40
1.4,0.138587578586894,0.02237889507322988,DMFS,OOD,unt,LH,40
1.6,0.1392623988314458,0.029896337830976845,DMFS,OOD,unt,LH,40
1.8,0.14417700988909068,0.03728752391620587,DMFS,OOD,unt,LH,40
2.0,0.1561279592860828,0.05870376930895111,DMFS,OOD,unt,LH,40
2.2,0.43596102915772983,0.05870376930895111,DMFS,OOD,unt,LH,40
2.4,0.4335765781858093,0.06570770279609531,DMFS,OOD,unt,LH,40
2.6,0.4322405467343933,0.07270150305920588,DMFS,OOD,unt,LH,40
2.8,0.4216799237121321,0.0862832847804993,DMFS,OOD,unt,LH,40
3.0,0.4197522382907421,0.09938309000070505,DMFS,OOD,unt,LH,40
3.2,0.40105506166083293,0.11809182376596689,DMFS,OOD,unt,LH,40
3.4,0.40105506166083293,0.11809182376596689,DMFS,OOD,unt,LH,40
3.6,0.39903178207146317,0.1241096843433087,DMFS,OOD,unt,LH,40
3.8,0.4023858914078223,0.12410968434330873,DMFS,OOD,unt,LH,40
4.0,0.4023858914078223,0.12410968434330873,DMFS,OOD,unt,LH,40
4.2,0.5038574755203273,0.1241096843433087,DMFS,OOD,unt,LH,40
4.4,0.5057545099693599,0.1241096843433087,DMFS,OOD,unt,LH,40
4.6,0.49922336805719353,0.13041458024538316,DMFS,OOD,unt,LH,40
4.8,0.4915854010080543,0.13662270654053285,DMFS,OOD,unt,LH,40
5.0,0.488079198010643,0.14266538862677788,DMFS,OOD,unt,LH,40
5.2,0.48527865332207276,0.14854262650411817,DMFS,OOD,unt,LH,40
5.4,0.485189438003613,0.1485426265041182,DMFS,OOD,unt,LH,40
5.6,0.48489103697889346,0.14854262650411817,DMFS,OOD,unt,LH,40
5.8,0.48489103697889346,0.14854262650411817,DMFS,OOD,unt,LH,40
6.0,0.4752715341230855,0.16038161224586733,DMFS,OOD,unt,LH,40
6.2,0.5765466199030014,0.1603816122458673,DMFS,OOD,unt,LH,40
6.4,0.5739763508316122,0.16038161224586736,DMFS,OOD,unt,LH,40
6.6,0.5702162433959214,0.16641490591537295,DMFS,OOD,unt,LH,40
6.8,0.5668448631547336,0.16641490591537295,DMFS,OOD,unt,LH,40
7.0,0.5590722307497353,0.17239049200909776,DMFS,OOD,unt,LH,40
7.2,0.556345056548627,0.17239049200909778,DMFS,OOD,unt,LH,40
7.4,0.5634234448667612,0.17239049200909776,DMFS,OOD,unt,LH,40
7.6,0.5634234448667612,0.17239049200909776,DMFS,OOD,unt,LH,40
7.8,0.5643969773203836,0.17239049200909776,DMFS,OOD,unt,LH,40
8.0,0.5643969773203836,0.17239049200909776,DMFS,OOD,unt,LH,40
8.2,0.6432337322292287,0.17239049200909776,DMFS,OOD,unt,LH,40
8.4,0.6448257905069719,0.17239049200909776,DMFS,OOD,unt,LH,40
8.6,0.6422621844940175,0.17239049200909776,DMFS,OOD,unt,LH,40
8.8,0.6403348562673155,0.17239049200909776,DMFS,OOD,unt,LH,40
9.0,0.6372320554238751,0.17239049200909776,DMFS,OOD,unt,LH,40
9.2,0.6399072330862144,0.17239049200909776,DMFS,OOD,unt,LH,40
9.4,0.6408819621177104,0.17239049200909776,DMFS,OOD,unt,LH,40
9.6,0.6434655141779919,0.17239049200909776,DMFS,OOD,unt,LH,40
9.8,0.6434655141779919,0.17239049200909776,DMFS,OOD,unt,LH,40
10.0,0.6369116346786381,0.17239049200909773,DMFS,OOD,unt,LH,40
1.0,0.022403262786885713,0.02237889507322989,DMFS,OOD,unt,LH,41
1.2,0.022410630035721045,0.02237889507322988,DMFS,OOD,unt,LH,41
1.4,0.022410630035721045,0.02237889507322988,DMFS,OOD,unt,LH,41
1.6,0.02993440434959676,0.029896337830976845,DMFS,OOD,unt,LH,41
1.8,0.03738665318353614,0.03728752391620587,DMFS,OOD,unt,LH,41
2.0,0.07733930033180934,0.05870376930895111,DMFS,OOD,unt,LH,41
2.2,0.07724116715731504,0.05870376930895111,DMFS,OOD,unt,LH,41
2.4,0.08475174216956186,0.06570770279609531,DMFS,OOD,unt,LH,41
2.6,0.09275491031763512,0.07270150305920588,DMFS,OOD,unt,LH,41
2.8,0.09132019588565968,0.0862832847804993,DMFS,OOD,unt,LH,41
3.0,0.10706720538806307,0.09938309000070505,DMFS,OOD,unt,LH,41
3.2,0.10983318945759156,0.11809182376596689,DMFS,OOD,unt,LH,41
3.4,0.10983318945759156,0.11809182376596689,DMFS,OOD,unt,LH,41
3.6,0.11764293803522642,0.1241096843433087,DMFS,OOD,unt,LH,41
3.8,0.11801468480364076,0.12410968434330873,DMFS,OOD,unt,LH,41
4.0,0.16241153873095995,0.12410968434330873,DMFS,OOD,unt,LH,41
4.2,0.1621183854424928,0.1241096843433087,DMFS,OOD,unt,LH,41
4.4,0.1622862566369541,0.1241096843433087,DMFS,OOD,unt,LH,41
4.6,0.17059498608019738,0.13041458024538316,DMFS,OOD,unt,LH,41
4.8,0.1723836937140799,0.13662270654053285,DMFS,OOD,unt,LH,41
5.0,0.18088281930528888,0.14266538862677788,DMFS,OOD,unt,LH,41
5.2,0.1719657764907958,0.14854262650411817,DMFS,OOD,unt,LH,41
5.4,0.17258838852765873,0.1485426265041182,DMFS,OOD,unt,LH,41
5.6,0.1735409689961578,0.14854262650411817,DMFS,OOD,unt,LH,41
5.8,0.1735409689961578,0.14854262650411817,DMFS,OOD,unt,LH,41
6.0,0.22101569558775486,0.16038161224586733,DMFS,OOD,unt,LH,41
6.2,0.22272222571780215,0.1603816122458673,DMFS,OOD,unt,LH,41
6.4,0.22564594412197914,0.16038161224586736,DMFS,OOD,unt,LH,41
6.6,0.23511849978072938,0.16641490591537295,DMFS,OOD,unt,LH,41
6.8,0.23667790927955173,0.16641490591537295,DMFS,OOD,unt,LH,41
7.0,0.24857648834679485,0.17239049200909776,DMFS,OOD,unt,LH,41
7.2,0.24441010971356897,0.17239049200909778,DMFS,OOD,unt,LH,41
7.4,0.2530978739226611,0.17239049200909776,DMFS,OOD,unt,LH,41
7.6,0.2530978739226611,0.17239049200909776,DMFS,OOD,unt,LH,41
7.8,0.2603316131706414,0.17239049200909776,DMFS,OOD,unt,LH,41
8.0,0.268882923144038,0.17239049200909776,DMFS,OOD,unt,LH,41
8.2,0.268882923144038,0.17239049200909776,DMFS,OOD,unt,LH,41
8.4,0.269859788953776,0.17239049200909776,DMFS,OOD,unt,LH,41
8.6,0.26655090650958296,0.17239049200909776,DMFS,OOD,unt,LH,41
8.8,0.27905946492664885,0.17239049200909776,DMFS,OOD,unt,LH,41
9.0,0.2929782535623221,0.17239049200909776,DMFS,OOD,unt,LH,41
9.2,0.30120842361493483,0.17239049200909776,DMFS,OOD,unt,LH,41
9.4,0.30566231746791434,0.17239049200909776,DMFS,OOD,unt,LH,41
9.6,0.3198170614311027,0.17239049200909776,DMFS,OOD,unt,LH,41
9.8,0.3198170614311027,0.17239049200909776,DMFS,OOD,unt,LH,41
10.0,0.331900281898079,0.17239049200909773,DMFS,OOD,unt,LH,41
1.0,0.029904294284546332,0.02237889507322989,DMFS,OOD,unt,LH,42
1.2,0.029930523730259808,0.02237889507322988,DMFS,OOD,unt,LH,42
1.4,0.029930523730259808,0.02237889507322988,DMFS,OOD,unt,LH,42
1.6,0.03545292933023394,0.029896337830976845,DMFS,OOD,unt,LH,42
1.8,0.060433472333482056,0.03728752391620587,DMFS,OOD,unt,LH,42
2.0,0.07917281484938377,0.05870376930895111,DMFS,OOD,unt,LH,42
2.2,0.07957962111140184,0.05870376930895111,DMFS,OOD,unt,LH,42
2.4,0.07450564286146963,0.06570770279609531,DMFS,OOD,unt,LH,42
2.6,0.07760617023483785,0.07270150305920588,DMFS,OOD,unt,LH,42
2.8,0.08304259709914624,0.0862832847804993,DMFS,OOD,unt,LH,42
3.0,0.09615825860656452,0.09938309000070505,DMFS,OOD,unt,LH,42
3.2,0.11130159198360427,0.11809182376596689,DMFS,OOD,unt,LH,42
3.4,0.11130159198360427,0.11809182376596689,DMFS,OOD,unt,LH,42
3.6,0.13169752703587945,0.1241096843433087,DMFS,OOD,unt,LH,42
3.8,0.13237407772266063,0.12410968434330873,DMFS,OOD,unt,LH,42
4.0,0.13237407772266063,0.12410968434330873,DMFS,OOD,unt,LH,42
4.2,0.13279037639302538,0.1241096843433087,DMFS,OOD,unt,LH,42
4.4,0.13390907127577836,0.1241096843433087,DMFS,OOD,unt,LH,42
4.6,0.13971264356184898,0.13041458024538316,DMFS,OOD,unt,LH,42
4.8,0.1459567316348275,0.13662270654053285,DMFS,OOD,unt,LH,42
5.0,0.15218395181764655,0.14266538862677788,DMFS,OOD,unt,LH,42
5.2,0.15818714128071593,0.14854262650411817,DMFS,OOD,unt,LH,42
5.4,0.18512877008011053,0.1485426265041182,DMFS,OOD,unt,LH,42
5.6,0.18598551848767128,0.14854262650411817,DMFS,OOD,unt,LH,42
5.8,0.18598551848767128,0.14854262650411817,DMFS,OOD,unt,LH,42
6.0,0.20174022812343406,0.16038161224586733,DMFS,OOD,unt,LH,42
6.2,0.20276854698955304,0.1603816122458673,DMFS,OOD,unt,LH,42
6.4,0.19618113220428943,0.16038161224586736,DMFS,OOD,unt,LH,42
6.6,0.20423144145802888,0.16641490591537295,DMFS,OOD,unt,LH,42
6.8,0.20636608646123536,0.16641490591537295,DMFS,OOD,unt,LH,42
7.0,0.21538059626904366,0.17239049200909776,DMFS,OOD,unt,LH,42
7.2,0.2301914180828064,0.17239049200909778,DMFS,OOD,unt,LH,42
7.4,0.23614404630709399,0.17239049200909776,DMFS,OOD,unt,LH,42
7.6,0.23614404630709399,0.17239049200909776,DMFS,OOD,unt,LH,42
7.8,0.24036420736503247,0.17239049200909776,DMFS,OOD,unt,LH,42
8.0,0.24036420736503247,0.17239049200909776,DMFS,OOD,unt,LH,42
8.2,0.24036420736503247,0.17239049200909776,DMFS,OOD,unt,LH,42
8.4,0.2421977619466006,0.17239049200909776,DMFS,OOD,unt,LH,42
8.6,0.23553816104733183,0.17239049200909776,DMFS,OOD,unt,LH,42
8.8,0.2656414107793806,0.17239049200909776,DMFS,OOD,unt,LH,42
9.0,0.28002959920665116,0.17239049200909776,DMFS,OOD,unt,LH,42
9.2,0.28675634842009395,0.17239049200909776,DMFS,OOD,unt,LH,42
9.4,0.2895351222875995,0.17239049200909776,DMFS,OOD,unt,LH,42
9.6,0.3005422843915003,0.17239049200909776,DMFS,OOD,unt,LH,42
9.8,0.3005422843915003,0.17239049200909776,DMFS,OOD,unt,LH,42
10.0,0.29717876706152796,0.17239049200909773,DMFS,OOD,unt,LH,42
1.0,0.02399962247590402,0.02237889507322989,DMFS,OOD,unt,LH,43
1.2,0.024009522798425893,0.02237889507322988,DMFS,OOD,unt,LH,43
1.4,0.024009522798425893,0.02237889507322988,DMFS,OOD,unt,LH,43
1.6,0.03125228099461545,0.029896337830976845,DMFS,OOD,unt,LH,43
1.8,0.038569268901070375,0.03728752391620587,DMFS,OOD,unt,LH,43
2.0,0.06114680691447579,0.05870376930895111,DMFS,OOD,unt,LH,43
2.2,0.07201173241243661,0.05870376930895111,DMFS,OOD,unt,LH,43
2.4,0.07263140293613583,0.06570770279609531,DMFS,OOD,unt,LH,43
2.6,0.07958176250528375,0.07270150305920588,DMFS,OOD,unt,LH,43
2.8,0.08731325558180533,0.0862832847804993,DMFS,OOD,unt,LH,43
3.0,0.1022083042886349,0.09938309000070505,DMFS,OOD,unt,LH,43
3.2,0.125331359299503,0.11809182376596689,DMFS,OOD,unt,LH,43
3.4,0.125331359299503,0.11809182376596689,DMFS,OOD,unt,LH,43
3.6,0.1312587165042722,0.1241096843433087,DMFS,OOD,unt,LH,43
3.8,0.1313894056623783,0.12410968434330873,DMFS,OOD,unt,LH,43
4.0,0.1313894056623783,0.12410968434330873,DMFS,OOD,unt,LH,43
4.2,0.1427011710300857,0.1241096843433087,DMFS,OOD,unt,LH,43
4.4,0.14367748225733018,0.1241096843433087,DMFS,OOD,unt,LH,43
4.6,0.14913515540474617,0.13041458024538316,DMFS,OOD,unt,LH,43
4.8,0.15678341916397737,0.13662270654053285,DMFS,OOD,unt,LH,43
5.0,0.16407920397865725,0.14266538862677788,DMFS,OOD,unt,LH,43
5.2,0.1639157736535982,0.14854262650411817,DMFS,OOD,unt,LH,43
5.4,0.16205271879452202,0.1485426265041182,DMFS,OOD,unt,LH,43
5.6,0.16253613983596882,0.14854262650411817,DMFS,OOD,unt,LH,43
5.8,0.16253613983596882,0.14854262650411817,DMFS,OOD,unt,LH,43
6.0,0.18061870731087454,0.16038161224586733,DMFS,OOD,unt,LH,43
6.2,0.223951454868409,0.1603816122458673,DMFS,OOD,unt,LH,43
6.4,0.21744872919366853,0.16038161224586736,DMFS,OOD,unt,LH,43
6.6,0.22660523471211388,0.16641490591537295,DMFS,OOD,unt,LH,43
6.8,0.2197876917389101,0.16641490591537295,DMFS,OOD,unt,LH,43
7.0,0.23014733093086268,0.17239049200909776,DMFS,OOD,unt,LH,43
7.2,0.22861009565479118,0.17239049200909778,DMFS,OOD,unt,LH,43
7.4,0.23555861806504053,0.17239049200909776,DMFS,OOD,unt,LH,43
7.6,0.23555861806504053,0.17239049200909776,DMFS,OOD,unt,LH,43
7.8,0.24118453185830988,0.17239049200909776,DMFS,OOD,unt,LH,43
8.0,0.24118453185830988,0.17239049200909776,DMFS,OOD,unt,LH,43
8.2,0.297862920986811,0.17239049200909776,DMFS,OOD,unt,LH,43
8.4,0.30153342136771677,0.17239049200909776,DMFS,OOD,unt,LH,43
8.6,0.29995211762836493,0.17239049200909776,DMFS,OOD,unt,LH,43
8.8,0.2973830288173613,0.17239049200909776,DMFS,OOD,unt,LH,43
9.0,0.2921559190650657,0.17239049200909776,DMFS,OOD,unt,LH,43
9.2,0.30060144406078226,0.17239049200909776,DMFS,OOD,unt,LH,43
9.4,0.3045461763465882,0.17239049200909776,DMFS,OOD,unt,LH,43
9.6,0.2967904778519796,0.17239049200909776,DMFS,OOD,unt,LH,43
9.8,0.2967904778519796,0.17239049200909776,DMFS,OOD,unt,LH,43
10.0,0.26687784275918963,0.17239049200909773,DMFS,OOD,unt,LH,43
1.0,0.0226993833944303,0.02237889507322989,DMFS,OOD,unt,LH,44
1.2,0.02269800914226248,0.02237889507322988,DMFS,OOD,unt,LH,44
1.4,0.02269800914226248,0.02237889507322988,DMFS,OOD,unt,LH,44
1.6,0.030501459881558383,0.029896337830976845,DMFS,OOD,unt,LH,44
1.8,0.04650710240010603,0.03728752391620587,DMFS,OOD,unt,LH,44
2.0,0.06856951072893884,0.05870376930895111,DMFS,OOD,unt,LH,44
2.2,0.06877794145814377,0.05870376930895111,DMFS,OOD,unt,LH,44
2.4,0.0739729546808202,0.06570770279609531,DMFS,OOD,unt,LH,44
2.6,0.0820029872455748,0.07270150305920588,DMFS,OOD,unt,LH,44
2.8,0.09743908424974111,0.0862832847804993,DMFS,OOD,unt,LH,44
3.0,0.11336930112946435,0.09938309000070505,DMFS,OOD,unt,LH,44
3.2,0.13405118125458718,0.11809182376596689,DMFS,OOD,unt,LH,44
3.4,0.13405118125458718,0.11809182376596689,DMFS,OOD,unt,LH,44
3.6,0.14499175277457518,0.1241096843433087,DMFS,OOD,unt,LH,44
3.8,0.1456173512060546,0.12410968434330873,DMFS,OOD,unt,LH,44
4.0,0.1456173512060546,0.12410968434330873,DMFS,OOD,unt,LH,44
4.2,0.14596795502492535,0.1241096843433087,DMFS,OOD,unt,LH,44
4.4,0.1466881501516592,0.1241096843433087,DMFS,OOD,unt,LH,44
4.6,0.15555215153984894,0.13041458024538316,DMFS,OOD,unt,LH,44
4.8,0.1644999758036115,0.13662270654053285,DMFS,OOD,unt,LH,44
5.0,0.17289847955625393,0.14266538862677788,DMFS,OOD,unt,LH,44
5.2,0.19787594941727218,0.14854262650411817,DMFS,OOD,unt,LH,44
5.4,0.19949524293571852,0.1485426265041182,DMFS,OOD,unt,LH,44
5.6,0.20032891575435394,0.14854262650411817,DMFS,OOD,unt,LH,44
5.8,0.20032891575435394,0.14854262650411817,DMFS,OOD,unt,LH,44
6.0,0.22034723648230667,0.16038161224586733,DMFS,OOD,unt,LH,44
6.2,0.2212898111853383,0.1603816122458673,DMFS,OOD,unt,LH,44
6.4,0.21428040087529845,0.16038161224586736,DMFS,OOD,unt,LH,44
6.6,0.2238789168817644,0.16641490591537295,DMFS,OOD,unt,LH,44
6.8,0.22553511495309694,0.16641490591537295,DMFS,OOD,unt,LH,44
7.0,0.24149333739805953,0.17239049200909776,DMFS,OOD,unt,LH,44
7.2,0.24176993960942356,0.17239049200909778,DMFS,OOD,unt,LH,44
7.4,0.2470621199388645,0.17239049200909776,DMFS,OOD,unt,LH,44
7.6,0.2470621199388645,0.17239049200909776,DMFS,OOD,unt,LH,44
7.8,0.25151937906318594,0.17239049200909776,DMFS,OOD,unt,LH,44
8.0,0.25151937906318594,0.17239049200909776,DMFS,OOD,unt,LH,44
8.2,0.25151937906318594,0.17239049200909776,DMFS,OOD,unt,LH,44
8.4,0.2530946730622226,0.17239049200909776,DMFS,OOD,unt,LH,44
8.6,0.26752261370842934,0.17239049200909776,DMFS,OOD,unt,LH,44
8.8,0.2761882581330779,0.17239049200909776,DMFS,OOD,unt,LH,44
9.0,0.2791475543921717,0.17239049200909776,DMFS,OOD,unt,LH,44
9.2,0.2847991514321496,0.17239049200909776,DMFS,OOD,unt,LH,44
9.4,0.2879963232618781,0.17239049200909776,DMFS,OOD,unt,LH,44
9.6,0.29825322989108455,0.17239049200909776,DMFS,OOD,unt,LH,44
9.8,0.29825322989108455,0.17239049200909776,DMFS,OOD,unt,LH,44
10.0,0.29878015257451446,0.17239049200909773,DMFS,OOD,unt,LH,44
1.0,0.026769912153025446,0.02237889507322989,DMFS,OOD,unt,MTLR,40
1.2,0.02682031799032089,0.02237889507322988,DMFS,OOD,unt,MTLR,40
1.4,0.02682031799032089,0.02237889507322988,DMFS,OOD,unt,MTLR,40
1.6,0.03306209411726032,0.029896337830976845,DMFS,OOD,unt,MTLR,40
1.8,0.039935301853340176,0.03728752391620587,DMFS,OOD,unt,MTLR,40
2.0,0.060157901509496,0.05870376930895111,DMFS,OOD,unt,MTLR,40
2.2,0.14386423528899178,0.05870376930895111,DMFS,OOD,unt,MTLR,40
2.4,0.1521423698789508,0.06570770279609531,DMFS,OOD,unt,MTLR,40
2.6,0.1602045829447182,0.07270150305920588,DMFS,OOD,unt,MTLR,40
2.8,0.16037106703253595,0.0862832847804993,DMFS,OOD,unt,MTLR,40
3.0,0.1778357771468323,0.09938309000070505,DMFS,OOD,unt,MTLR,40
3.2,0.17116647381409475,0.11809182376596689,DMFS,OOD,unt,MTLR,40
3.4,0.17116647381409475,0.11809182376596689,DMFS,OOD,unt,MTLR,40
3.6,0.17858502665246825,0.1241096843433087,DMFS,OOD,unt,MTLR,40
3.8,0.1806764989855934,0.12410968434330873,DMFS,OOD,unt,MTLR,40
4.0,0.1806764989855934,0.12410968434330873,DMFS,OOD,unt,MTLR,40
4.2,0.21698744601667666,0.1241096843433087,DMFS,OOD,unt,MTLR,40
4.4,0.2189913157943034,0.1241096843433087,DMFS,OOD,unt,MTLR,40
4.6,0.22420973258275972,0.13041458024538316,DMFS,OOD,unt,MTLR,40
4.8,0.22429633597613297,0.13662270654053285,DMFS,OOD,unt,MTLR,40
5.0,0.2327692885262312,0.14266538862677788,DMFS,OOD,unt,MTLR,40
5.2,0.24112092877301491,0.14854262650411817,DMFS,OOD,unt,MTLR,40
5.4,0.23630449152429864,0.1485426265041182,DMFS,OOD,unt,MTLR,40
5.6,0.2378042677870161,0.14854262650411817,DMFS,OOD,unt,MTLR,40
5.8,0.2378042677870161,0.14854262650411817,DMFS,OOD,unt,MTLR,40
6.0,0.2506711475520997,0.16038161224586733,DMFS,OOD,unt,MTLR,40
6.2,0.2881384377858048,0.1603816122458673,DMFS,OOD,unt,MTLR,40
6.4,0.28591516894924446,0.16038161224586736,DMFS,OOD,unt,MTLR,40
6.6,0.2946262399952079,0.16641490591537295,DMFS,OOD,unt,MTLR,40
6.8,0.2900587890270424,0.16641490591537295,DMFS,OOD,unt,MTLR,40
7.0,0.30284041941396256,0.17239049200909776,DMFS,OOD,unt,MTLR,40
7.2,0.2974688529698428,0.17239049200909778,DMFS,OOD,unt,MTLR,40
7.4,0.3091005541069564,0.17239049200909776,DMFS,OOD,unt,MTLR,40
7.6,0.3091005541069564,0.17239049200909776,DMFS,OOD,unt,MTLR,40
7.8,0.31802123499734697,0.17239049200909776,DMFS,OOD,unt,MTLR,40
8.0,0.31802123499734697,0.17239049200909776,DMFS,OOD,unt,MTLR,40
8.2,0.3281869867227294,0.17239049200909776,DMFS,OOD,unt,MTLR,40
8.4,0.3319354750526101,0.17239049200909776,DMFS,OOD,unt,MTLR,40
8.6,0.323358853776133,0.17239049200909776,DMFS,OOD,unt,MTLR,40
8.8,0.32227699181025404,0.17239049200909776,DMFS,OOD,unt,MTLR,40
9.0,0.32923238980045383,0.17239049200909776,DMFS,OOD,unt,MTLR,40
9.2,0.33874828009685193,0.17239049200909776,DMFS,OOD,unt,MTLR,40
9.4,0.3438875675231193,0.17239049200909776,DMFS,OOD,unt,MTLR,40
9.6,0.3464106463420465,0.17239049200909776,DMFS,OOD,unt,MTLR,40
9.8,0.3464106463420465,0.17239049200909776,DMFS,OOD,unt,MTLR,40
10.0,0.32425084993909487,0.17239049200909773,DMFS,OOD,unt,MTLR,40
1.0,0.02999137813262708,0.02237889507322989,DMFS,OOD,unt,MTLR,41
1.2,0.030077740057168883,0.02237889507322988,DMFS,OOD,unt,MTLR,41
1.4,0.030077740057168883,0.02237889507322988,DMFS,OOD,unt,MTLR,41
1.6,0.03746599080966673,0.029896337830976845,DMFS,OOD,unt,MTLR,41
1.8,0.04128915194863254,0.03728752391620587,DMFS,OOD,unt,MTLR,41
2.0,0.07844450785461156,0.05870376930895111,DMFS,OOD,unt,MTLR,41
2.2,0.07844128515494588,0.05870376930895111,DMFS,OOD,unt,MTLR,41
2.4,0.08574416008252435,0.06570770279609531,DMFS,OOD,unt,MTLR,41
2.6,0.09235413425044159,0.07270150305920588,DMFS,OOD,unt,MTLR,41
2.8,0.0992446242433303,0.0862832847804993,DMFS,OOD,unt,MTLR,41
3.0,0.11511610942732223,0.09938309000070505,DMFS,OOD,unt,MTLR,41
3.2,0.11858176284107359,0.11809182376596689,DMFS,OOD,unt,MTLR,41
3.4,0.11858176284107359,0.11809182376596689,DMFS,OOD,unt,MTLR,41
3.6,0.12383789250789543,0.1241096843433087,DMFS,OOD,unt,MTLR,41
3.8,0.1245489650171931,0.12410968434330873,DMFS,OOD,unt,MTLR,41
4.0,0.15313492038222004,0.12410968434330873,DMFS,OOD,unt,MTLR,41
4.2,0.1537745692203011,0.1241096843433087,DMFS,OOD,unt,MTLR,41
4.4,0.15344994029734965,0.1241096843433087,DMFS,OOD,unt,MTLR,41
4.6,0.1612799479002911,0.13041458024538316,DMFS,OOD,unt,MTLR,41
4.8,0.16063465812608,0.13662270654053285,DMFS,OOD,unt,MTLR,41
5.0,0.16855801476208185,0.14266538862677788,DMFS,OOD,unt,MTLR,41
5.2,0.16502996859904623,0.14854262650411817,DMFS,OOD,unt,MTLR,41
5.4,0.16693901333168049,0.1485426265041182,DMFS,OOD,unt,MTLR,41
5.6,0.16764937487077847,0.14854262650411817,DMFS,OOD,unt,MTLR,41
5.8,0.16764937487077847,0.14854262650411817,DMFS,OOD,unt,MTLR,41
6.0,0.19306464417233646,0.16038161224586733,DMFS,OOD,unt,MTLR,41
6.2,0.19401204314059523,0.1603816122458673,DMFS,OOD,unt,MTLR,41
6.4,0.19540320017051097,0.16038161224586736,DMFS,OOD,unt,MTLR,41
6.6,0.203939538030854,0.16641490591537295,DMFS,OOD,unt,MTLR,41
6.8,0.20350451502318564,0.16641490591537295,DMFS,OOD,unt,MTLR,41
7.0,0.2138749197471042,0.17239049200909776,DMFS,OOD,unt,MTLR,41
7.2,0.2123319502226271,0.17239049200909778,DMFS,OOD,unt,MTLR,41
7.4,0.21918542431009594,0.17239049200909776,DMFS,OOD,unt,MTLR,41
7.6,0.21918542431009594,0.17239049200909776,DMFS,OOD,unt,MTLR,41
7.8,0.22444388420891467,0.17239049200909776,DMFS,OOD,unt,MTLR,41
8.0,0.26167706597971374,0.17239049200909776,DMFS,OOD,unt,MTLR,41
8.2,0.26167706597971374,0.17239049200909776,DMFS,OOD,unt,MTLR,41
8.4,0.2641712397206118,0.17239049200909776,DMFS,OOD,unt,MTLR,41
8.6,0.26397821334742255,0.17239049200909776,DMFS,OOD,unt,MTLR,41
8.8,0.2718299744351699,0.17239049200909776,DMFS,OOD,unt,MTLR,41
9.0,0.2729498795432184,0.17239049200909776,DMFS,OOD,unt,MTLR,41
9.2,0.2751799057373338,0.17239049200909776,DMFS,OOD,unt,MTLR,41
9.4,0.2787658243079753,0.17239049200909776,DMFS,OOD,unt,MTLR,41
9.6,0.290895359993816,0.17239049200909776,DMFS,OOD,unt,MTLR,41
9.8,0.290895359993816,0.17239049200909776,DMFS,OOD,unt,MTLR,41
10.0,0.29373921770337375,0.17239049200909773,DMFS,OOD,unt,MTLR,41
1.0,0.024291003458968098,0.02237889507322989,DMFS,OOD,unt,MTLR,42
1.2,0.0243082131840065,0.02237889507322988,DMFS,OOD,unt,MTLR,42
1.4,0.0243082131840065,0.02237889507322988,DMFS,OOD,unt,MTLR,42
1.6,0.031064784308351284,0.029896337830976845,DMFS,OOD,unt,MTLR,42
1.8,0.07295176761265854,0.03728752391620587,DMFS,OOD,unt,MTLR,42
2.0,0.09049144218684076,0.05870376930895111,DMFS,OOD,unt,MTLR,42
2.2,0.09128049990642484,0.05870376930895111,DMFS,OOD,unt,MTLR,42
2.4,0.08833431595038958,0.06570770279609531,DMFS,OOD,unt,MTLR,42
2.6,0.09373663771016315,0.07270150305920588,DMFS,OOD,unt,MTLR,42
2.8,0.0983336566430746,0.0862832847804993,DMFS,OOD,unt,MTLR,42
3.0,0.11375886770443142,0.09938309000070505,DMFS,OOD,unt,MTLR,42
3.2,0.12848795571351698,0.11809182376596689,DMFS,OOD,unt,MTLR,42
3.4,0.12848795571351698,0.11809182376596689,DMFS,OOD,unt,MTLR,42
3.6,0.14298776641043617,0.1241096843433087,DMFS,OOD,unt,MTLR,42
3.8,0.14397094991179862,0.12410968434330873,DMFS,OOD,unt,MTLR,42
4.0,0.14397094991179862,0.12410968434330873,DMFS,OOD,unt,MTLR,42
4.2,0.14469102765722716,0.1241096843433087,DMFS,OOD,unt,MTLR,42
4.4,0.1461470108316575,0.1241096843433087,DMFS,OOD,unt,MTLR,42
4.6,0.15345433284279208,0.13041458024538316,DMFS,OOD,unt,MTLR,42
4.8,0.16033819612487593,0.13662270654053285,DMFS,OOD,unt,MTLR,42
5.0,0.16780893013804538,0.14266538862677788,DMFS,OOD,unt,MTLR,42
5.2,0.17573412181314282,0.14854262650411817,DMFS,OOD,unt,MTLR,42
5.4,0.20735570349676483,0.1485426265041182,DMFS,OOD,unt,MTLR,42
5.6,0.20628981001305263,0.14854262650411817,DMFS,OOD,unt,MTLR,42
5.8,0.20628981001305263,0.14854262650411817,DMFS,OOD,unt,MTLR,42
6.0,0.21673563367456816,0.16038161224586733,DMFS,OOD,unt,MTLR,42
6.2,0.21688530910478176,0.1603816122458673,DMFS,OOD,unt,MTLR,42
6.4,0.2096709374493796,0.16038161224586736,DMFS,OOD,unt,MTLR,42
6.6,0.21894234196388296,0.16641490591537295,DMFS,OOD,unt,MTLR,42
6.8,0.22122874124843983,0.16641490591537295,DMFS,OOD,unt,MTLR,42
7.0,0.2282143321620878,0.17239049200909776,DMFS,OOD,unt,MTLR,42
7.2,0.26253820393551475,0.17239049200909778,DMFS,OOD,unt,MTLR,42
7.4,0.2690102981904342,0.17239049200909776,DMFS,OOD,unt,MTLR,42
7.6,0.2690102981904342,0.17239049200909776,DMFS,OOD,unt,MTLR,42
7.8,0.2703048046135761,0.17239049200909776,DMFS,OOD,unt,MTLR,42
8.0,0.2703048046135761,0.17239049200909776,DMFS,OOD,unt,MTLR,42
8.2,0.2703048046135761,0.17239049200909776,DMFS,OOD,unt,MTLR,42
8.4,0.27181496473708355,0.17239049200909776,DMFS,OOD,unt,MTLR,42
8.6,0.26753820834955894,0.17239049200909776,DMFS,OOD,unt,MTLR,42
8.8,0.29752106218266994,0.17239049200909776,DMFS,OOD,unt,MTLR,42
9.0,0.3065691753654678,0.17239049200909776,DMFS,OOD,unt,MTLR,42
9.2,0.3088894075916731,0.17239049200909776,DMFS,OOD,unt,MTLR,42
9.4,0.299729588407284,0.17239049200909776,DMFS,OOD,unt,MTLR,42
9.6,0.30895231745062435,0.17239049200909776,DMFS,OOD,unt,MTLR,42
9.8,0.30895231745062435,0.17239049200909776,DMFS,OOD,unt,MTLR,42
10.0,0.3018088382205235,0.17239049200909773,DMFS,OOD,unt,MTLR,42
1.0,0.02302108459880815,0.02237889507322989,DMFS,OOD,unt,MTLR,43
1.2,0.023036283067448215,0.02237889507322988,DMFS,OOD,unt,MTLR,43
1.4,0.023036283067448215,0.02237889507322988,DMFS,OOD,unt,MTLR,43
1.6,0.030136467752476158,0.029896337830976845,DMFS,OOD,unt,MTLR,43
1.8,0.03725481839926675,0.03728752391620587,DMFS,OOD,unt,MTLR,43
2.0,0.059445846020533544,0.05870376930895111,DMFS,OOD,unt,MTLR,43
2.2,0.06313712827109492,0.05870376930895111,DMFS,OOD,unt,MTLR,43
2.4,0.06894839548196557,0.06570770279609531,DMFS,OOD,unt,MTLR,43
2.6,0.07659230563851621,0.07270150305920588,DMFS,OOD,unt,MTLR,43
2.8,0.08676156683449898,0.0862832847804993,DMFS,OOD,unt,MTLR,43
3.0,0.10197393985990261,0.09938309000070505,DMFS,OOD,unt,MTLR,43
3.2,0.11595309202203817,0.11809182376596689,DMFS,OOD,unt,MTLR,43
3.4,0.11595309202203817,0.11809182376596689,DMFS,OOD,unt,MTLR,43
3.6,0.11998793542577495,0.1241096843433087,DMFS,OOD,unt,MTLR,43
3.8,0.12026837290597527,0.12410968434330873,DMFS,OOD,unt,MTLR,43
4.0,0.12026837290597527,0.12410968434330873,DMFS,OOD,unt,MTLR,43
4.2,0.160326192868903,0.1241096843433087,DMFS,OOD,unt,MTLR,43
4.4,0.16166237950665077,0.1241096843433087,DMFS,OOD,unt,MTLR,43
4.6,0.16961705907005978,0.13041458024538316,DMFS,OOD,unt,MTLR,43
4.8,0.16827910912547012,0.13662270654053285,DMFS,OOD,unt,MTLR,43
5.0,0.1773134749795759,0.14266538862677788,DMFS,OOD,unt,MTLR,43
5.2,0.1736746592081106,0.14854262650411817,DMFS,OOD,unt,MTLR,43
5.4,0.1755809554157219,0.1485426265041182,DMFS,OOD,unt,MTLR,43
5.6,0.17658365496982648,0.14854262650411817,DMFS,OOD,unt,MTLR,43
5.8,0.17658365496982648,0.14854262650411817,DMFS,OOD,unt,MTLR,43
6.0,0.18479117664509048,0.16038161224586733,DMFS,OOD,unt,MTLR,43
6.2,0.2283568585315377,0.1603816122458673,DMFS,OOD,unt,MTLR,43
6.4,0.22411032316841886,0.16038161224586736,DMFS,OOD,unt,MTLR,43
6.6,0.2341172562450506,0.16641490591537295,DMFS,OOD,unt,MTLR,43
6.8,0.22916919454054663,0.16641490591537295,DMFS,OOD,unt,MTLR,43
7.0,0.2394867413713752,0.17239049200909776,DMFS,OOD,unt,MTLR,43
7.2,0.23704543401001066,0.17239049200909778,DMFS,OOD,unt,MTLR,43
7.4,0.2440149294002589,0.17239049200909776,DMFS,OOD,unt,MTLR,43
7.6,0.2440149294002589,0.17239049200909776,DMFS,OOD,unt,MTLR,43
7.8,0.25073276739204725,0.17239049200909776,DMFS,OOD,unt,MTLR,43
8.0,0.25073276739204725,0.17239049200909776,DMFS,OOD,unt,MTLR,43
8.2,0.295107651265366,0.17239049200909776,DMFS,OOD,unt,MTLR,43
8.4,0.2984059706318039,0.17239049200909776,DMFS,OOD,unt,MTLR,43
8.6,0.2958240201849206,0.17239049200909776,DMFS,OOD,unt,MTLR,43
8.8,0.2974770390763,0.17239049200909776,DMFS,OOD,unt,MTLR,43
9.0,0.2903200882464652,0.17239049200909776,DMFS,OOD,unt,MTLR,43
9.2,0.29820866540723234,0.17239049200909776,DMFS,OOD,unt,MTLR,43
9.4,0.3025820299906955,0.17239049200909776,DMFS,OOD,unt,MTLR,43
9.6,0.3010398422158617,0.17239049200909776,DMFS,OOD,unt,MTLR,43
9.8,0.3010398422158617,0.17239049200909776,DMFS,OOD,unt,MTLR,43
10.0,0.2802508694735341,0.17239049200909773,DMFS,OOD,unt,MTLR,43
1.0,0.023850684471960412,0.02237889507322989,DMFS,OOD,unt,MTLR,44
1.2,0.023812291269968505,0.02237889507322988,DMFS,OOD,unt,MTLR,44
1.4,0.023812291269968505,0.02237889507322988,DMFS,OOD,unt,MTLR,44
1.6,0.030016219823185614,0.029896337830976845,DMFS,OOD,unt,MTLR,44
1.8,0.07351960994855057,0.03728752391620587,DMFS,OOD,unt,MTLR,44
2.0,0.08803519172692464,0.05870376930895111,DMFS,OOD,unt,MTLR,44
2.2,0.08897297444994513,0.05870376930895111,DMFS,OOD,unt,MTLR,44
2.4,0.08745520368326924,0.06570770279609531,DMFS,OOD,unt,MTLR,44
2.6,0.09456899074609006,0.07270150305920588,DMFS,OOD,unt,MTLR,44
2.8,0.10127882460102557,0.0862832847804993,DMFS,OOD,unt,MTLR,44
3.0,0.1171553717350092,0.09938309000070505,DMFS,OOD,unt,MTLR,44
3.2,0.1237251161907184,0.11809182376596689,DMFS,OOD,unt,MTLR,44
3.4,0.1237251161907184,0.11809182376596689,DMFS,OOD,unt,MTLR,44
3.6,0.1795114261270329,0.1241096843433087,DMFS,OOD,unt,MTLR,44
3.8,0.18210227915720686,0.12410968434330873,DMFS,OOD,unt,MTLR,44
4.0,0.18210227915720686,0.12410968434330873,DMFS,OOD,unt,MTLR,44
4.2,0.1833478309915153,0.1241096843433087,DMFS,OOD,unt,MTLR,44
4.4,0.18498582811043046,0.1241096843433087,DMFS,OOD,unt,MTLR,44
4.6,0.18941444473538419,0.13041458024538316,DMFS,OOD,unt,MTLR,44
4.8,0.18945495282668443,0.13662270654053285,DMFS,OOD,unt,MTLR,44
5.0,0.19822688783534187,0.14266538862677788,DMFS,OOD,unt,MTLR,44
5.2,0.2257645412718002,0.14854262650411817,DMFS,OOD,unt,MTLR,44
5.4,0.22963924539526476,0.1485426265041182,DMFS,OOD,unt,MTLR,44
5.6,0.23160257351541483,0.14854262650411817,DMFS,OOD,unt,MTLR,44
5.8,0.23160257351541483,0.14854262650411817,DMFS,OOD,unt,MTLR,44
6.0,0.242838674934121,0.16038161224586733,DMFS,OOD,unt,MTLR,44
6.2,0.24360049678069506,0.1603816122458673,DMFS,OOD,unt,MTLR,44
6.4,0.2370373267268781,0.16038161224586736,DMFS,OOD,unt,MTLR,44
6.6,0.24646156778975548,0.16641490591537295,DMFS,OOD,unt,MTLR,44
6.8,0.24053572374668442,0.16641490591537295,DMFS,OOD,unt,MTLR,44
7.0,0.2657884629774389,0.17239049200909776,DMFS,OOD,unt,MTLR,44
7.2,0.2612801676318524,0.17239049200909778,DMFS,OOD,unt,MTLR,44
7.4,0.26929924791130244,0.17239049200909776,DMFS,OOD,unt,MTLR,44
7.6,0.26929924791130244,0.17239049200909776,DMFS,OOD,unt,MTLR,44
7.8,0.27655068048590653,0.17239049200909776,DMFS,OOD,unt,MTLR,44
8.0,0.27655068048590653,0.17239049200909776,DMFS,OOD,unt,MTLR,44
8.2,0.27655068048590653,0.17239049200909776,DMFS,OOD,unt,MTLR,44
8.4,0.2796475342378306,0.17239049200909776,DMFS,OOD,unt,MTLR,44
8.6,0.29306520868448277,0.17239049200909776,DMFS,OOD,unt,MTLR,44
8.8,0.29526017675494126,0.17239049200909776,DMFS,OOD,unt,MTLR,44
9.0,0.30262141095268086,0.17239049200909776,DMFS,OOD,unt,MTLR,44
9.2,0.31196266688839114,0.17239049200909776,DMFS,OOD,unt,MTLR,44
9.4,0.31657956304076224,0.17239049200909776,DMFS,OOD,unt,MTLR,44
9.6,0.3306283208485411,0.17239049200909776,DMFS,OOD,unt,MTLR,44
9.8,0.3306283208485411,0.17239049200909776,DMFS,OOD,unt,MTLR,44
10.0,0.32822947436191213,0.17239049200909773,DMFS,OOD,unt,MTLR,44
1.0,0.022903463723776222,0.02237889507322989,DMFS,OOD,unt,PCHazard,40
1.2,0.022903463723776222,0.02237889507322988,DMFS,OOD,unt,PCHazard,40
1.4,0.022903463723776222,0.02237889507322988,DMFS,OOD,unt,PCHazard,40
1.6,0.03084786311311887,0.029896337830976845,DMFS,OOD,unt,PCHazard,40
1.8,0.038792262502461525,0.03728752391620587,DMFS,OOD,unt,PCHazard,40
2.0,0.19507556108456506,0.05870376930895111,DMFS,OOD,unt,PCHazard,40
2.2,0.19613507002184818,0.05870376930895111,DMFS,OOD,unt,PCHazard,40
2.4,0.19633597611073716,0.06570770279609531,DMFS,OOD,unt,PCHazard,40
2.6,0.19954890153614574,0.07270150305920588,DMFS,OOD,unt,PCHazard,40
2.8,0.1997731238601813,0.0862832847804993,DMFS,OOD,unt,PCHazard,40
3.0,0.20514491354787023,0.09938309000070505,DMFS,OOD,unt,PCHazard,40
3.2,0.20303914396111483,0.11809182376596689,DMFS,OOD,unt,PCHazard,40
3.4,0.20303914396111483,0.11809182376596689,DMFS,OOD,unt,PCHazard,40
3.6,0.20910482071043046,0.1241096843433087,DMFS,OOD,unt,PCHazard,40
3.8,0.39368393019135445,0.12410968434330873,DMFS,OOD,unt,PCHazard,40
4.0,0.39368393019135445,0.12410968434330873,DMFS,OOD,unt,PCHazard,40
4.2,0.39280428946899676,0.1241096843433087,DMFS,OOD,unt,PCHazard,40
4.4,0.39477995341761046,0.1241096843433087,DMFS,OOD,unt,PCHazard,40
4.6,0.3894595269081439,0.13041458024538316,DMFS,OOD,unt,PCHazard,40
4.8,0.3846458954467654,0.13662270654053285,DMFS,OOD,unt,PCHazard,40
5.0,0.38418399640596945,0.14266538862677788,DMFS,OOD,unt,PCHazard,40
5.2,0.38169151207287255,0.14854262650411817,DMFS,OOD,unt,PCHazard,40
5.4,0.3822775025992968,0.1485426265041182,DMFS,OOD,unt,PCHazard,40
5.6,0.4612078893850116,0.14854262650411817,DMFS,OOD,unt,PCHazard,40
5.8,0.4612078893850116,0.14854262650411817,DMFS,OOD,unt,PCHazard,40
6.0,0.4515506183272834,0.16038161224586733,DMFS,OOD,unt,PCHazard,40
6.2,0.44935208794376746,0.1603816122458673,DMFS,OOD,unt,PCHazard,40
6.4,0.44376462661847044,0.16038161224586736,DMFS,OOD,unt,PCHazard,40
6.6,0.4445768025758017,0.16641490591537295,DMFS,OOD,unt,PCHazard,40
6.8,0.4412788316309819,0.16641490591537295,DMFS,OOD,unt,PCHazard,40
7.0,0.4426204023096173,0.17239049200909776,DMFS,OOD,unt,PCHazard,40
7.2,0.43805261066752954,0.17239049200909778,DMFS,OOD,unt,PCHazard,40
7.4,0.5358117580804016,0.17239049200909776,DMFS,OOD,unt,PCHazard,40
7.6,0.5358117580804016,0.17239049200909776,DMFS,OOD,unt,PCHazard,40
7.8,0.5386497784578292,0.17239049200909776,DMFS,OOD,unt,PCHazard,40
8.0,0.5386497784578292,0.17239049200909776,DMFS,OOD,unt,PCHazard,40
8.2,0.5386497784578292,0.17239049200909776,DMFS,OOD,unt,PCHazard,40
8.4,0.5414020291272859,0.17239049200909776,DMFS,OOD,unt,PCHazard,40
8.6,0.5333158395406531,0.17239049200909776,DMFS,OOD,unt,PCHazard,40
8.8,0.5338253933483722,0.17239049200909776,DMFS,OOD,unt,PCHazard,40
9.0,0.5309991143759338,0.17239049200909776,DMFS,OOD,unt,PCHazard,40
9.2,0.6015389587107997,0.17239049200909776,DMFS,OOD,unt,PCHazard,40
9.4,0.6036349436819445,0.17239049200909776,DMFS,OOD,unt,PCHazard,40
9.6,0.6069688459275377,0.17239049200909776,DMFS,OOD,unt,PCHazard,40
9.8,0.6069688459275377,0.17239049200909776,DMFS,OOD,unt,PCHazard,40
10.0,0.5994398059354852,0.17239049200909773,DMFS,OOD,unt,PCHazard,40
1.0,0.022903463723776222,0.02237889507322989,DMFS,OOD,unt,PCHazard,41
1.2,0.022903463723776222,0.02237889507322988,DMFS,OOD,unt,PCHazard,41
1.4,0.022903463723776222,0.02237889507322988,DMFS,OOD,unt,PCHazard,41
1.6,0.03084786311311887,0.029896337830976845,DMFS,OOD,unt,PCHazard,41
1.8,0.05654907836155618,0.03728752391620587,DMFS,OOD,unt,PCHazard,41
2.0,0.07615397659958578,0.05870376930895111,DMFS,OOD,unt,PCHazard,41
2.2,0.0764878315900516,0.05870376930895111,DMFS,OOD,unt,PCHazard,41
2.4,0.08388909637473801,0.06570770279609531,DMFS,OOD,unt,PCHazard,41
2.6,0.08986813680948136,0.07270150305920588,DMFS,OOD,unt,PCHazard,41
2.8,0.09231547633257083,0.0862832847804993,DMFS,OOD,unt,PCHazard,41
3.0,0.10719356635762678,0.09938309000070505,DMFS,OOD,unt,PCHazard,41
3.2,0.1242507626838323,0.11809182376596689,DMFS,OOD,unt,PCHazard,41
3.4,0.1242507626838323,0.11809182376596689,DMFS,OOD,unt,PCHazard,41
3.6,0.1785450693719214,0.1241096843433087,DMFS,OOD,unt,PCHazard,41
3.8,0.18068781248377278,0.12410968434330873,DMFS,OOD,unt,PCHazard,41
4.0,0.18068781248377278,0.12410968434330873,DMFS,OOD,unt,PCHazard,41
4.2,0.18155790602812968,0.1241096843433087,DMFS,OOD,unt,PCHazard,41
4.4,0.18304540026295418,0.1241096843433087,DMFS,OOD,unt,PCHazard,41
4.6,0.1921281016441217,0.13041458024538316,DMFS,OOD,unt,PCHazard,41
4.8,0.19652680870462633,0.13662270654053285,DMFS,OOD,unt,PCHazard,41
5.0,0.20376193005035123,0.14266538862677788,DMFS,OOD,unt,PCHazard,41
5.2,0.20468100629328825,0.14854262650411817,DMFS,OOD,unt,PCHazard,41
5.4,0.22807279191271837,0.1485426265041182,DMFS,OOD,unt,PCHazard,41
5.6,0.22947055587578644,0.14854262650411817,DMFS,OOD,unt,PCHazard,41
5.8,0.22947055587578644,0.14854262650411817,DMFS,OOD,unt,PCHazard,41
6.0,0.2507673381492901,0.16038161224586733,DMFS,OOD,unt,PCHazard,41
6.2,0.25254195668575247,0.1603816122458673,DMFS,OOD,unt,PCHazard,41
6.4,0.2558929373986073,0.16038161224586736,DMFS,OOD,unt,PCHazard,41
6.6,0.26511606642055785,0.16641490591537295,DMFS,OOD,unt,PCHazard,41
6.8,0.26914600265380734,0.16641490591537295,DMFS,OOD,unt,PCHazard,41
7.0,0.28089041640638684,0.17239049200909776,DMFS,OOD,unt,PCHazard,41
7.2,0.28761529207725045,0.17239049200909778,DMFS,OOD,unt,PCHazard,41
7.4,0.29882869423152797,0.17239049200909776,DMFS,OOD,unt,PCHazard,41
7.6,0.29882869423152797,0.17239049200909776,DMFS,OOD,unt,PCHazard,41
7.8,0.30736793127124556,0.17239049200909776,DMFS,OOD,unt,PCHazard,41
8.0,0.30736793127124556,0.17239049200909776,DMFS,OOD,unt,PCHazard,41
8.2,0.30736793127124556,0.17239049200909776,DMFS,OOD,unt,PCHazard,41
8.4,0.30882777436028885,0.17239049200909776,DMFS,OOD,unt,PCHazard,41
8.6,0.30833829665647516,0.17239049200909776,DMFS,OOD,unt,PCHazard,41
8.8,0.3212690246166739,0.17239049200909776,DMFS,OOD,unt,PCHazard,41
9.0,0.3510876116839738,0.17239049200909776,DMFS,OOD,unt,PCHazard,41
9.2,0.3619570137423377,0.17239049200909776,DMFS,OOD,unt,PCHazard,41
9.4,0.36766735287344904,0.17239049200909776,DMFS,OOD,unt,PCHazard,41
9.6,0.38533308351050116,0.17239049200909776,DMFS,OOD,unt,PCHazard,41
9.8,0.38533308351050116,0.17239049200909776,DMFS,OOD,unt,PCHazard,41
10.0,0.36326674326277325,0.17239049200909773,DMFS,OOD,unt,PCHazard,41
1.0,0.022903463723776222,0.02237889507322989,DMFS,OOD,unt,PCHazard,42
1.2,0.022903463723776222,0.02237889507322988,DMFS,OOD,unt,PCHazard,42
1.4,0.022903463723776222,0.02237889507322988,DMFS,OOD,unt,PCHazard,42
1.6,0.0802136551183742,0.029896337830976845,DMFS,OOD,unt,PCHazard,42
1.8,0.08700360991647932,0.03728752391620587,DMFS,OOD,unt,PCHazard,42
2.0,0.10565886514669783,0.05870376930895111,DMFS,OOD,unt,PCHazard,42
2.2,0.10629720774758432,0.05870376930895111,DMFS,OOD,unt,PCHazard,42
2.4,0.09958452030999129,0.06570770279609531,DMFS,OOD,unt,PCHazard,42
2.6,0.10344594923421932,0.07270150305920588,DMFS,OOD,unt,PCHazard,42
2.8,0.10314349214424477,0.0862832847804993,DMFS,OOD,unt,PCHazard,42
3.0,0.11590361967955698,0.09938309000070505,DMFS,OOD,unt,PCHazard,42
3.2,0.16697164622740238,0.11809182376596689,DMFS,OOD,unt,PCHazard,42
3.4,0.16697164622740238,0.11809182376596689,DMFS,OOD,unt,PCHazard,42
3.6,0.15479623597638298,0.1241096843433087,DMFS,OOD,unt,PCHazard,42
3.8,0.15525362554782943,0.12410968434330873,DMFS,OOD,unt,PCHazard,42
4.0,0.15525362554782943,0.12410968434330873,DMFS,OOD,unt,PCHazard,42
4.2,0.15598724875335881,0.1241096843433087,DMFS,OOD,unt,PCHazard,42
4.4,0.15776295864921286,0.1241096843433087,DMFS,OOD,unt,PCHazard,42
4.6,0.16262397177451118,0.13041458024538316,DMFS,OOD,unt,PCHazard,42
4.8,0.1971347674202707,0.13662270654053285,DMFS,OOD,unt,PCHazard,42
5.0,0.20037869895899546,0.14266538862677788,DMFS,OOD,unt,PCHazard,42
5.2,0.20777310405214078,0.14854262650411817,DMFS,OOD,unt,PCHazard,42
5.4,0.20564534454281586,0.1485426265041182,DMFS,OOD,unt,PCHazard,42
5.6,0.20581645711035584,0.14854262650411817,DMFS,OOD,unt,PCHazard,42
5.8,0.20581645711035584,0.14854262650411817,DMFS,OOD,unt,PCHazard,42
6.0,0.22061191601803595,0.16038161224586733,DMFS,OOD,unt,PCHazard,42
6.2,0.22204887437441276,0.1603816122458673,DMFS,OOD,unt,PCHazard,42
6.4,0.2314618200805794,0.16038161224586736,DMFS,OOD,unt,PCHazard,42
6.6,0.23777876713920135,0.16641490591537295,DMFS,OOD,unt,PCHazard,42
6.8,0.2391494191595834,0.16641490591537295,DMFS,OOD,unt,PCHazard,42
7.0,0.2462116866047658,0.17239049200909776,DMFS,OOD,unt,PCHazard,42
7.2,0.24689183221389022,0.17239049200909778,DMFS,OOD,unt,PCHazard,42
7.4,0.25362388102461775,0.17239049200909776,DMFS,OOD,unt,PCHazard,42
7.6,0.25362388102461775,0.17239049200909776,DMFS,OOD,unt,PCHazard,42
7.8,0.2583294253323792,0.17239049200909776,DMFS,OOD,unt,PCHazard,42
8.0,0.26951952064690776,0.17239049200909776,DMFS,OOD,unt,PCHazard,42
8.2,0.26951952064690776,0.17239049200909776,DMFS,OOD,unt,PCHazard,42
8.4,0.2718679240977848,0.17239049200909776,DMFS,OOD,unt,PCHazard,42
8.6,0.2666788810722074,0.17239049200909776,DMFS,OOD,unt,PCHazard,42
8.8,0.2660497037432071,0.17239049200909776,DMFS,OOD,unt,PCHazard,42
9.0,0.27524850870617074,0.17239049200909776,DMFS,OOD,unt,PCHazard,42
9.2,0.28072255877675356,0.17239049200909776,DMFS,OOD,unt,PCHazard,42
9.4,0.2796938955745688,0.17239049200909776,DMFS,OOD,unt,PCHazard,42
9.6,0.31334065179005166,0.17239049200909776,DMFS,OOD,unt,PCHazard,42
9.8,0.31334065179005166,0.17239049200909776,DMFS,OOD,unt,PCHazard,42
10.0,0.30313495212186425,0.17239049200909773,DMFS,OOD,unt,PCHazard,42
1.0,0.022903463723776222,0.02237889507322989,DMFS,OOD,unt,PCHazard,43
1.2,0.022903463723776222,0.02237889507322988,DMFS,OOD,unt,PCHazard,43
1.4,0.022903463723776222,0.02237889507322988,DMFS,OOD,unt,PCHazard,43
1.6,0.03084786311311887,0.029896337830976845,DMFS,OOD,unt,PCHazard,43
1.8,0.038792262502461525,0.03728752391620587,DMFS,OOD,unt,PCHazard,43
2.0,0.06575475226310311,0.05870376930895111,DMFS,OOD,unt,PCHazard,43
2.2,0.06586729320443813,0.05870376930895111,DMFS,OOD,unt,PCHazard,43
2.4,0.07052299113595066,0.06570770279609531,DMFS,OOD,unt,PCHazard,43
2.6,0.07554660937297115,0.07270150305920588,DMFS,OOD,unt,PCHazard,43
2.8,0.08173445931656768,0.0862832847804993,DMFS,OOD,unt,PCHazard,43
3.0,0.09521508310583696,0.09938309000070505,DMFS,OOD,unt,PCHazard,43
3.2,0.11315214680543725,0.11809182376596689,DMFS,OOD,unt,PCHazard,43
3.4,0.11315214680543725,0.11809182376596689,DMFS,OOD,unt,PCHazard,43
3.6,0.12049455234688938,0.1241096843433087,DMFS,OOD,unt,PCHazard,43
3.8,0.13402418376692007,0.12410968434330873,DMFS,OOD,unt,PCHazard,43
4.0,0.13402418376692007,0.12410968434330873,DMFS,OOD,unt,PCHazard,43
4.2,0.13440635008375496,0.1241096843433087,DMFS,OOD,unt,PCHazard,43
4.4,0.1353801471339635,0.1241096843433087,DMFS,OOD,unt,PCHazard,43
4.6,0.14177256936290084,0.13041458024538316,DMFS,OOD,unt,PCHazard,43
4.8,0.14912298480338812,0.13662270654053285,DMFS,OOD,unt,PCHazard,43
5.0,0.15223147012248686,0.14266538862677788,DMFS,OOD,unt,PCHazard,43
5.2,0.1562115601163189,0.14854262650411817,DMFS,OOD,unt,PCHazard,43
5.4,0.15692262708646246,0.1485426265041182,DMFS,OOD,unt,PCHazard,43
5.6,0.1768080442237089,0.14854262650411817,DMFS,OOD,unt,PCHazard,43
5.8,0.1768080442237089,0.14854262650411817,DMFS,OOD,unt,PCHazard,43
6.0,0.18560711400773064,0.16038161224586733,DMFS,OOD,unt,PCHazard,43
6.2,0.18670559137753592,0.1603816122458673,DMFS,OOD,unt,PCHazard,43
6.4,0.17892028676768115,0.16038161224586736,DMFS,OOD,unt,PCHazard,43
6.6,0.18685787336951887,0.16641490591537295,DMFS,OOD,unt,PCHazard,43
6.8,0.18184354928146546,0.16641490591537295,DMFS,OOD,unt,PCHazard,43
7.0,0.1913762592885916,0.17239049200909776,DMFS,OOD,unt,PCHazard,43
7.2,0.18679332387445322,0.17239049200909778,DMFS,OOD,unt,PCHazard,43
7.4,0.2102332640933751,0.17239049200909776,DMFS,OOD,unt,PCHazard,43
7.6,0.2102332640933751,0.17239049200909776,DMFS,OOD,unt,PCHazard,43
7.8,0.21574988034460352,0.17239049200909776,DMFS,OOD,unt,PCHazard,43
8.0,0.21574988034460352,0.17239049200909776,DMFS,OOD,unt,PCHazard,43
8.2,0.21574988034460352,0.17239049200909776,DMFS,OOD,unt,PCHazard,43
8.4,0.21777986204601885,0.17239049200909776,DMFS,OOD,unt,PCHazard,43
8.6,0.21954265006264784,0.17239049200909776,DMFS,OOD,unt,PCHazard,43
8.8,0.2248632472361678,0.17239049200909776,DMFS,OOD,unt,PCHazard,43
9.0,0.22117642604961016,0.17239049200909776,DMFS,OOD,unt,PCHazard,43
9.2,0.26266311139413234,0.17239049200909776,DMFS,OOD,unt,PCHazard,43
9.4,0.2665959369371205,0.17239049200909776,DMFS,OOD,unt,PCHazard,43
9.6,0.27101651499239027,0.17239049200909776,DMFS,OOD,unt,PCHazard,43
9.8,0.27101651499239027,0.17239049200909776,DMFS,OOD,unt,PCHazard,43
10.0,0.24202120484752446,0.17239049200909773,DMFS,OOD,unt,PCHazard,43
1.0,0.022903463723776222,0.02237889507322989,DMFS,OOD,unt,PCHazard,44
1.2,0.022903463723776222,0.02237889507322988,DMFS,OOD,unt,PCHazard,44
1.4,0.022903463723776222,0.02237889507322988,DMFS,OOD,unt,PCHazard,44
1.6,0.040810718091500026,0.029896337830976845,DMFS,OOD,unt,PCHazard,44
1.8,0.048626740632237715,0.03728752391620587,DMFS,OOD,unt,PCHazard,44
2.0,0.0699766927287842,0.05870376930895111,DMFS,OOD,unt,PCHazard,44
2.2,0.0701676934924645,0.05870376930895111,DMFS,OOD,unt,PCHazard,44
2.4,0.07252436832132846,0.06570770279609531,DMFS,OOD,unt,PCHazard,44
2.6,0.07863818187371878,0.07270150305920588,DMFS,OOD,unt,PCHazard,44
2.8,0.09089856901952931,0.0862832847804993,DMFS,OOD,unt,PCHazard,44
3.0,0.10717408794592458,0.09938309000070505,DMFS,OOD,unt,PCHazard,44
3.2,0.14618034592028648,0.11809182376596689,DMFS,OOD,unt,PCHazard,44
3.4,0.14618034592028648,0.11809182376596689,DMFS,OOD,unt,PCHazard,44
3.6,0.15158076265436585,0.1241096843433087,DMFS,OOD,unt,PCHazard,44
3.8,0.15188818104396357,0.12410968434330873,DMFS,OOD,unt,PCHazard,44
4.0,0.15188818104396357,0.12410968434330873,DMFS,OOD,unt,PCHazard,44
4.2,0.15225602575310063,0.1241096843433087,DMFS,OOD,unt,PCHazard,44
4.4,0.15303271780260708,0.1241096843433087,DMFS,OOD,unt,PCHazard,44
4.6,0.1615687889680776,0.13041458024538316,DMFS,OOD,unt,PCHazard,44
4.8,0.17848850576474667,0.13662270654053285,DMFS,OOD,unt,PCHazard,44
5.0,0.18735579092193044,0.14266538862677788,DMFS,OOD,unt,PCHazard,44
5.2,0.19659291355519035,0.14854262650411817,DMFS,OOD,unt,PCHazard,44
5.4,0.1922140040884544,0.1485426265041182,DMFS,OOD,unt,PCHazard,44
5.6,0.19284585692959122,0.14854262650411817,DMFS,OOD,unt,PCHazard,44
5.8,0.19284585692959122,0.14854262650411817,DMFS,OOD,unt,PCHazard,44
6.0,0.21303476720865683,0.16038161224586733,DMFS,OOD,unt,PCHazard,44
6.2,0.22336326722252864,0.1603816122458673,DMFS,OOD,unt,PCHazard,44
6.4,0.21538226728310236,0.16038161224586736,DMFS,OOD,unt,PCHazard,44
6.6,0.22519030865419856,0.16641490591537295,DMFS,OOD,unt,PCHazard,44
6.8,0.22632586379864164,0.16641490591537295,DMFS,OOD,unt,PCHazard,44
7.0,0.23564810368289707,0.17239049200909776,DMFS,OOD,unt,PCHazard,44
7.2,0.23653711969873167,0.17239049200909778,DMFS,OOD,unt,PCHazard,44
7.4,0.24048675213172468,0.17239049200909776,DMFS,OOD,unt,PCHazard,44
7.6,0.24048675213172468,0.17239049200909776,DMFS,OOD,unt,PCHazard,44
7.8,0.24846397601155118,0.17239049200909776,DMFS,OOD,unt,PCHazard,44
8.0,0.24846397601155118,0.17239049200909776,DMFS,OOD,unt,PCHazard,44
8.2,0.24846397601155118,0.17239049200909776,DMFS,OOD,unt,PCHazard,44
8.4,0.2498938826909515,0.17239049200909776,DMFS,OOD,unt,PCHazard,44
8.6,0.24168603245705308,0.17239049200909776,DMFS,OOD,unt,PCHazard,44
8.8,0.24748912934324485,0.17239049200909776,DMFS,OOD,unt,PCHazard,44
9.0,0.25566435950887473,0.17239049200909776,DMFS,OOD,unt,PCHazard,44
9.2,0.25959553060416996,0.17239049200909776,DMFS,OOD,unt,PCHazard,44
9.4,0.27359956387962686,0.17239049200909776,DMFS,OOD,unt,PCHazard,44
9.6,0.28187184907616836,0.17239049200909776,DMFS,OOD,unt,PCHazard,44
9.8,0.28187184907616836,0.17239049200909776,DMFS,OOD,unt,PCHazard,44
10.0,0.2785431333574513,0.17239049200909773,DMFS,OOD,unt,PCHazard,44
1.0,0.022482740952360865,0.02237889507322989,DMFS,OOD,unt,PMF,40
1.2,0.02247815657966797,0.02237889507322988,DMFS,OOD,unt,PMF,40
1.4,0.02247815657966797,0.02237889507322988,DMFS,OOD,unt,PMF,40
1.6,0.029977565950728115,0.029896337830976845,DMFS,OOD,unt,PMF,40
1.8,0.03740362706294845,0.03728752391620587,DMFS,OOD,unt,PMF,40
2.0,0.05983426873916885,0.05870376930895111,DMFS,OOD,unt,PMF,40
2.2,0.1227093276126893,0.05870376930895111,DMFS,OOD,unt,PMF,40
2.4,0.128677861577635,0.06570770279609531,DMFS,OOD,unt,PMF,40
2.6,0.13663447493236947,0.07270150305920588,DMFS,OOD,unt,PMF,40
2.8,0.13871968989705252,0.0862832847804993,DMFS,OOD,unt,PMF,40
3.0,0.15477046510635883,0.09938309000070505,DMFS,OOD,unt,PMF,40
3.2,0.1510748348878693,0.11809182376596689,DMFS,OOD,unt,PMF,40
3.4,0.1510748348878693,0.11809182376596689,DMFS,OOD,unt,PMF,40
3.6,0.15474102858206143,0.1241096843433087,DMFS,OOD,unt,PMF,40
3.8,0.15605698612946237,0.12410968434330873,DMFS,OOD,unt,PMF,40
4.0,0.15605698612946237,0.12410968434330873,DMFS,OOD,unt,PMF,40
4.2,0.19199971678929253,0.1241096843433087,DMFS,OOD,unt,PMF,40
4.4,0.19485363620006238,0.1241096843433087,DMFS,OOD,unt,PMF,40
4.6,0.19852416931848274,0.13041458024538316,DMFS,OOD,unt,PMF,40
4.8,0.20402992478184714,0.13662270654053285,DMFS,OOD,unt,PMF,40
5.0,0.21240051850295422,0.14266538862677788,DMFS,OOD,unt,PMF,40
5.2,0.22122968535114843,0.14854262650411817,DMFS,OOD,unt,PMF,40
5.4,0.22417753566855878,0.1485426265041182,DMFS,OOD,unt,PMF,40
5.6,0.22456212396431602,0.14854262650411817,DMFS,OOD,unt,PMF,40
5.8,0.22456212396431602,0.14854262650411817,DMFS,OOD,unt,PMF,40
6.0,0.24568603387220378,0.16038161224586733,DMFS,OOD,unt,PMF,40
6.2,0.25748489155287246,0.1603816122458673,DMFS,OOD,unt,PMF,40
6.4,0.2544231558785494,0.16038161224586736,DMFS,OOD,unt,PMF,40
6.6,0.26436196119583305,0.16641490591537295,DMFS,OOD,unt,PMF,40
6.8,0.2615380214990542,0.16641490591537295,DMFS,OOD,unt,PMF,40
7.0,0.26988116877622353,0.17239049200909776,DMFS,OOD,unt,PMF,40
7.2,0.26513096860717145,0.17239049200909778,DMFS,OOD,unt,PMF,40
7.4,0.27263368622953355,0.17239049200909776,DMFS,OOD,unt,PMF,40
7.6,0.27263368622953355,0.17239049200909776,DMFS,OOD,unt,PMF,40
7.8,0.27956844456435537,0.17239049200909776,DMFS,OOD,unt,PMF,40
8.0,0.27956844456435537,0.17239049200909776,DMFS,OOD,unt,PMF,40
8.2,0.2846723126631099,0.17239049200909776,DMFS,OOD,unt,PMF,40
8.4,0.28757521273859304,0.17239049200909776,DMFS,OOD,unt,PMF,40
8.6,0.27866505357636223,0.17239049200909776,DMFS,OOD,unt,PMF,40
8.8,0.28211087533311685,0.17239049200909776,DMFS,OOD,unt,PMF,40
9.0,0.2919836314149858,0.17239049200909776,DMFS,OOD,unt,PMF,40
9.2,0.2987391812175898,0.17239049200909776,DMFS,OOD,unt,PMF,40
9.4,0.3028714709949893,0.17239049200909776,DMFS,OOD,unt,PMF,40
9.6,0.3093168559314584,0.17239049200909776,DMFS,OOD,unt,PMF,40
9.8,0.3093168559314584,0.17239049200909776,DMFS,OOD,unt,PMF,40
10.0,0.29019994992248815,0.17239049200909773,DMFS,OOD,unt,PMF,40
1.0,0.025553612433458564,0.02237889507322989,DMFS,OOD,unt,PMF,41
1.2,0.025580159764765707,0.02237889507322988,DMFS,OOD,unt,PMF,41
1.4,0.025580159764765707,0.02237889507322988,DMFS,OOD,unt,PMF,41
1.6,0.0325971206523583,0.029896337830976845,DMFS,OOD,unt,PMF,41
1.8,0.038906486435156575,0.03728752391620587,DMFS,OOD,unt,PMF,41
2.0,0.10003660492709981,0.05870376930895111,DMFS,OOD,unt,PMF,41
2.2,0.10087078568953962,0.05870376930895111,DMFS,OOD,unt,PMF,41
2.4,0.10333263131540131,0.06570770279609531,DMFS,OOD,unt,PMF,41
2.6,0.10964951110139327,0.07270150305920588,DMFS,OOD,unt,PMF,41
2.8,0.11479103284799838,0.0862832847804993,DMFS,OOD,unt,PMF,41
3.0,0.12788070629494014,0.09938309000070505,DMFS,OOD,unt,PMF,41
3.2,0.14396598010426695,0.11809182376596689,DMFS,OOD,unt,PMF,41
3.4,0.14396598010426695,0.11809182376596689,DMFS,OOD,unt,PMF,41
3.6,0.15074185404082907,0.1241096843433087,DMFS,OOD,unt,PMF,41
3.8,0.15160226979990418,0.12410968434330873,DMFS,OOD,unt,PMF,41
4.0,0.18229730380639775,0.12410968434330873,DMFS,OOD,unt,PMF,41
4.2,0.18030696788994793,0.1241096843433087,DMFS,OOD,unt,PMF,41
4.4,0.18100267486912366,0.1241096843433087,DMFS,OOD,unt,PMF,41
4.6,0.18548082567672558,0.13041458024538316,DMFS,OOD,unt,PMF,41
4.8,0.187422191131982,0.13662270654053285,DMFS,OOD,unt,PMF,41
5.0,0.1930560057264813,0.14266538862677788,DMFS,OOD,unt,PMF,41
5.2,0.19194992960678103,0.14854262650411817,DMFS,OOD,unt,PMF,41
5.4,0.1942399486079802,0.1485426265041182,DMFS,OOD,unt,PMF,41
5.6,0.19495659713214586,0.14854262650411817,DMFS,OOD,unt,PMF,41
5.8,0.19495659713214586,0.14854262650411817,DMFS,OOD,unt,PMF,41
6.0,0.23945940902136217,0.16038161224586733,DMFS,OOD,unt,PMF,41
6.2,0.24083689003423642,0.1603816122458673,DMFS,OOD,unt,PMF,41
6.4,0.23568420418785155,0.16038161224586736,DMFS,OOD,unt,PMF,41
6.6,0.2389840038366877,0.16641490591537295,DMFS,OOD,unt,PMF,41
6.8,0.23844041781452088,0.16641490591537295,DMFS,OOD,unt,PMF,41
7.0,0.24566419116759447,0.17239049200909776,DMFS,OOD,unt,PMF,41
7.2,0.2420430021567584,0.17239049200909778,DMFS,OOD,unt,PMF,41
7.4,0.2489675052591048,0.17239049200909776,DMFS,OOD,unt,PMF,41
7.6,0.2489675052591048,0.17239049200909776,DMFS,OOD,unt,PMF,41
7.8,0.2540599237159947,0.17239049200909776,DMFS,OOD,unt,PMF,41
8.0,0.2961522956663309,0.17239049200909776,DMFS,OOD,unt,PMF,41
8.2,0.2961522956663309,0.17239049200909776,DMFS,OOD,unt,PMF,41
8.4,0.296940071468306,0.17239049200909776,DMFS,OOD,unt,PMF,41
8.6,0.2952099810620097,0.17239049200909776,DMFS,OOD,unt,PMF,41
8.8,0.3009799108547418,0.17239049200909776,DMFS,OOD,unt,PMF,41
9.0,0.2957420506987545,0.17239049200909776,DMFS,OOD,unt,PMF,41
9.2,0.3019501706247296,0.17239049200909776,DMFS,OOD,unt,PMF,41
9.4,0.3055507613832325,0.17239049200909776,DMFS,OOD,unt,PMF,41
9.6,0.31130811214077797,0.17239049200909776,DMFS,OOD,unt,PMF,41
9.8,0.31130811214077797,0.17239049200909776,DMFS,OOD,unt,PMF,41
10.0,0.30197545281390503,0.17239049200909773,DMFS,OOD,unt,PMF,41
1.0,0.02386125034730292,0.02237889507322989,DMFS,OOD,unt,PMF,42
1.2,0.023845012258123025,0.02237889507322988,DMFS,OOD,unt,PMF,42
1.4,0.023845012258123025,0.02237889507322988,DMFS,OOD,unt,PMF,42
1.6,0.03115997306748905,0.029896337830976845,DMFS,OOD,unt,PMF,42
1.8,0.048772918859660896,0.03728752391620587,DMFS,OOD,unt,PMF,42
2.0,0.06916790554871231,0.05870376930895111,DMFS,OOD,unt,PMF,42
2.2,0.06936999993019918,0.05870376930895111,DMFS,OOD,unt,PMF,42
2.4,0.07059551892593899,0.06570770279609531,DMFS,OOD,unt,PMF,42
2.6,0.07533437292007113,0.07270150305920588,DMFS,OOD,unt,PMF,42
2.8,0.08208490619702144,0.0862832847804993,DMFS,OOD,unt,PMF,42
3.0,0.0955969373618116,0.09938309000070505,DMFS,OOD,unt,PMF,42
3.2,0.11311790713693873,0.11809182376596689,DMFS,OOD,unt,PMF,42
3.4,0.11311790713693873,0.11809182376596689,DMFS,OOD,unt,PMF,42
3.6,0.15655496726630092,0.1241096843433087,DMFS,OOD,unt,PMF,42
3.8,0.1519223158672403,0.12410968434330873,DMFS,OOD,unt,PMF,42
4.0,0.1519223158672403,0.12410968434330873,DMFS,OOD,unt,PMF,42
4.2,0.15242902351515306,0.1241096843433087,DMFS,OOD,unt,PMF,42
4.4,0.15362667028824736,0.1241096843433087,DMFS,OOD,unt,PMF,42
4.6,0.1580995508510213,0.13041458024538316,DMFS,OOD,unt,PMF,42
4.8,0.16548117140038493,0.13662270654053285,DMFS,OOD,unt,PMF,42
5.0,0.17114014091239402,0.14266538862677788,DMFS,OOD,unt,PMF,42
5.2,0.17917739569676375,0.14854262650411817,DMFS,OOD,unt,PMF,42
5.4,0.18705992356129364,0.1485426265041182,DMFS,OOD,unt,PMF,42
5.6,0.1870891671055505,0.14854262650411817,DMFS,OOD,unt,PMF,42
5.8,0.1870891671055505,0.14854262650411817,DMFS,OOD,unt,PMF,42
6.0,0.19521159727761359,0.16038161224586733,DMFS,OOD,unt,PMF,42
6.2,0.195714767990416,0.1603816122458673,DMFS,OOD,unt,PMF,42
6.4,0.19529456321891317,0.16038161224586736,DMFS,OOD,unt,PMF,42
6.6,0.20338361286500833,0.16641490591537295,DMFS,OOD,unt,PMF,42
6.8,0.2039193759268902,0.16641490591537295,DMFS,OOD,unt,PMF,42
7.0,0.20111547380960718,0.17239049200909776,DMFS,OOD,unt,PMF,42
7.2,0.21601128301994504,0.17239049200909778,DMFS,OOD,unt,PMF,42
7.4,0.2142213542080705,0.17239049200909776,DMFS,OOD,unt,PMF,42
7.6,0.2142213542080705,0.17239049200909776,DMFS,OOD,unt,PMF,42
7.8,0.2125674382115763,0.17239049200909776,DMFS,OOD,unt,PMF,42
8.0,0.2125674382115763,0.17239049200909776,DMFS,OOD,unt,PMF,42
8.2,0.2125674382115763,0.17239049200909776,DMFS,OOD,unt,PMF,42
8.4,0.21282145446219888,0.17239049200909776,DMFS,OOD,unt,PMF,42
8.6,0.2108954506749391,0.17239049200909776,DMFS,OOD,unt,PMF,42
8.8,0.24681186119031975,0.17239049200909776,DMFS,OOD,unt,PMF,42
9.0,0.2555877473930792,0.17239049200909776,DMFS,OOD,unt,PMF,42
9.2,0.255892995197975,0.17239049200909776,DMFS,OOD,unt,PMF,42
9.4,0.2536997982876395,0.17239049200909776,DMFS,OOD,unt,PMF,42
9.6,0.26141645612609876,0.17239049200909776,DMFS,OOD,unt,PMF,42
9.8,0.26141645612609876,0.17239049200909776,DMFS,OOD,unt,PMF,42
10.0,0.2564482560071525,0.17239049200909773,DMFS,OOD,unt,PMF,42
1.0,0.025332757100535577,0.02237889507322989,DMFS,OOD,unt,PMF,43
1.2,0.025338938956639846,0.02237889507322988,DMFS,OOD,unt,PMF,43
1.4,0.025338938956639846,0.02237889507322988,DMFS,OOD,unt,PMF,43
1.6,0.03236376322168456,0.029896337830976845,DMFS,OOD,unt,PMF,43
1.8,0.03943305876903921,0.03728752391620587,DMFS,OOD,unt,PMF,43
2.0,0.06173311129671485,0.05870376930895111,DMFS,OOD,unt,PMF,43
2.2,0.07452967654117422,0.05870376930895111,DMFS,OOD,unt,PMF,43
2.4,0.07692307611695891,0.06570770279609531,DMFS,OOD,unt,PMF,43
2.6,0.08362691575253124,0.07270150305920588,DMFS,OOD,unt,PMF,43
2.8,0.0949642872243365,0.0862832847804993,DMFS,OOD,unt,PMF,43
3.0,0.10832987048528896,0.09938309000070505,DMFS,OOD,unt,PMF,43
3.2,0.12802079025158444,0.11809182376596689,DMFS,OOD,unt,PMF,43
3.4,0.12802079025158444,0.11809182376596689,DMFS,OOD,unt,PMF,43
3.6,0.13463373367648152,0.1241096843433087,DMFS,OOD,unt,PMF,43
3.8,0.13326046736308658,0.12410968434330873,DMFS,OOD,unt,PMF,43
4.0,0.13326046736308658,0.12410968434330873,DMFS,OOD,unt,PMF,43
4.2,0.15259992762833402,0.1241096843433087,DMFS,OOD,unt,PMF,43
4.4,0.1519726569672738,0.1241096843433087,DMFS,OOD,unt,PMF,43
4.6,0.15247266307979274,0.13041458024538316,DMFS,OOD,unt,PMF,43
4.8,0.15676271824487406,0.13662270654053285,DMFS,OOD,unt,PMF,43
5.0,0.16398442616454234,0.14266538862677788,DMFS,OOD,unt,PMF,43
5.2,0.15813571068759655,0.14854262650411817,DMFS,OOD,unt,PMF,43
5.4,0.1592198112747489,0.1485426265041182,DMFS,OOD,unt,PMF,43
5.6,0.1599787019473656,0.14854262650411817,DMFS,OOD,unt,PMF,43
5.8,0.1599787019473656,0.14854262650411817,DMFS,OOD,unt,PMF,43
6.0,0.17446701917084373,0.16038161224586733,DMFS,OOD,unt,PMF,43
6.2,0.20237960458774465,0.1603816122458673,DMFS,OOD,unt,PMF,43
6.4,0.1971895386556115,0.16038161224586736,DMFS,OOD,unt,PMF,43
6.6,0.20295057214283727,0.16641490591537295,DMFS,OOD,unt,PMF,43
6.8,0.19906827644131025,0.16641490591537295,DMFS,OOD,unt,PMF,43
7.0,0.20444138540025245,0.17239049200909776,DMFS,OOD,unt,PMF,43
7.2,0.20471063134459158,0.17239049200909778,DMFS,OOD,unt,PMF,43
7.4,0.20843518614866355,0.17239049200909776,DMFS,OOD,unt,PMF,43
7.6,0.20843518614866355,0.17239049200909776,DMFS,OOD,unt,PMF,43
7.8,0.2129392245467003,0.17239049200909776,DMFS,OOD,unt,PMF,43
8.0,0.2129392245467003,0.17239049200909776,DMFS,OOD,unt,PMF,43
8.2,0.2330671445874884,0.17239049200909776,DMFS,OOD,unt,PMF,43
8.4,0.2350767810422152,0.17239049200909776,DMFS,OOD,unt,PMF,43
8.6,0.23644893206119016,0.17239049200909776,DMFS,OOD,unt,PMF,43
8.8,0.23910118338991682,0.17239049200909776,DMFS,OOD,unt,PMF,43
9.0,0.23394575582457497,0.17239049200909776,DMFS,OOD,unt,PMF,43
9.2,0.2376794475993508,0.17239049200909776,DMFS,OOD,unt,PMF,43
9.4,0.24020139162164228,0.17239049200909776,DMFS,OOD,unt,PMF,43
9.6,0.2400850024394018,0.17239049200909776,DMFS,OOD,unt,PMF,43
9.8,0.2400850024394018,0.17239049200909776,DMFS,OOD,unt,PMF,43
10.0,0.22823062487440776,0.17239049200909773,DMFS,OOD,unt,PMF,43
1.0,0.023521881769137613,0.02237889507322989,DMFS,OOD,unt,PMF,44
1.2,0.02350051789873552,0.02237889507322988,DMFS,OOD,unt,PMF,44
1.4,0.02350051789873552,0.02237889507322988,DMFS,OOD,unt,PMF,44
1.6,0.030266083998904184,0.029896337830976845,DMFS,OOD,unt,PMF,44
1.8,0.08926473493347664,0.03728752391620587,DMFS,OOD,unt,PMF,44
2.0,0.10382539327017057,0.05870376930895111,DMFS,OOD,unt,PMF,44
2.2,0.10481505121677387,0.05870376930895111,DMFS,OOD,unt,PMF,44
2.4,0.10225469212199513,0.06570770279609531,DMFS,OOD,unt,PMF,44
2.6,0.10922473780602397,0.07270150305920588,DMFS,OOD,unt,PMF,44
2.8,0.11377736111290744,0.0862832847804993,DMFS,OOD,unt,PMF,44
3.0,0.12848677469834877,0.09938309000070505,DMFS,OOD,unt,PMF,44
3.2,0.1412667609776683,0.11809182376596689,DMFS,OOD,unt,PMF,44
3.4,0.1412667609776683,0.11809182376596689,DMFS,OOD,unt,PMF,44
3.6,0.15386655261748014,0.1241096843433087,DMFS,OOD,unt,PMF,44
3.8,0.15327328161506518,0.12410968434330873,DMFS,OOD,unt,PMF,44
4.0,0.15327328161506518,0.12410968434330873,DMFS,OOD,unt,PMF,44
4.2,0.15392669375411822,0.1241096843433087,DMFS,OOD,unt,PMF,44
4.4,0.15533355075791014,0.1241096843433087,DMFS,OOD,unt,PMF,44
4.6,0.1630898211420765,0.13041458024538316,DMFS,OOD,unt,PMF,44
4.8,0.16925130892320966,0.13662270654053285,DMFS,OOD,unt,PMF,44
5.0,0.17755115986013884,0.14266538862677788,DMFS,OOD,unt,PMF,44
5.2,0.19834864634741683,0.14854262650411817,DMFS,OOD,unt,PMF,44
5.4,0.1944931996321347,0.1485426265041182,DMFS,OOD,unt,PMF,44
5.6,0.19563636012132218,0.14854262650411817,DMFS,OOD,unt,PMF,44
5.8,0.19563636012132218,0.14854262650411817,DMFS,OOD,unt,PMF,44
6.0,0.21009232471291264,0.16038161224586733,DMFS,OOD,unt,PMF,44
6.2,0.2104975164623295,0.1603816122458673,DMFS,OOD,unt,PMF,44
6.4,0.2065267587869818,0.16038161224586736,DMFS,OOD,unt,PMF,44
6.6,0.21196398379081002,0.16641490591537295,DMFS,OOD,unt,PMF,44
6.8,0.2130781403187815,0.16641490591537295,DMFS,OOD,unt,PMF,44
7.0,0.22624793562292453,0.17239049200909776,DMFS,OOD,unt,PMF,44
7.2,0.22258623237569,0.17239049200909778,DMFS,OOD,unt,PMF,44
7.4,0.2269361113461516,0.17239049200909776,DMFS,OOD,unt,PMF,44
7.6,0.2269361113461516,0.17239049200909776,DMFS,OOD,unt,PMF,44
7.8,0.23192708478129062,0.17239049200909776,DMFS,OOD,unt,PMF,44
8.0,0.23192708478129062,0.17239049200909776,DMFS,OOD,unt,PMF,44
8.2,0.23192708478129062,0.17239049200909776,DMFS,OOD,unt,PMF,44
8.4,0.23366749044090196,0.17239049200909776,DMFS,OOD,unt,PMF,44
8.6,0.2587325399789599,0.17239049200909776,DMFS,OOD,unt,PMF,44
8.8,0.2594523674476078,0.17239049200909776,DMFS,OOD,unt,PMF,44
9.0,0.26829409110835994,0.17239049200909776,DMFS,OOD,unt,PMF,44
9.2,0.2733173353533003,0.17239049200909776,DMFS,OOD,unt,PMF,44
9.4,0.2766175431567691,0.17239049200909776,DMFS,OOD,unt,PMF,44
9.6,0.27833709959597785,0.17239049200909776,DMFS,OOD,unt,PMF,44
9.8,0.27833709959597785,0.17239049200909776,DMFS,OOD,unt,PMF,44
10.0,0.2727078459247552,0.17239049200909773,DMFS,OOD,unt,PMF,44
1.0,0.022886002502270172,0.02237889507322989,DMFS,OOD,unt,RSF,40
1.2,0.026589600574075146,0.02237889507322988,DMFS,OOD,unt,RSF,40
1.4,0.028740851263929973,0.02237889507322988,DMFS,OOD,unt,RSF,40
1.6,0.038607454979534696,0.029896337830976845,DMFS,OOD,unt,RSF,40
1.8,0.04997480612136463,0.03728752391620587,DMFS,OOD,unt,RSF,40
2.0,0.0713030683507739,0.05870376930895111,DMFS,OOD,unt,RSF,40
2.2,0.08209177918705268,0.05870376930895111,DMFS,OOD,unt,RSF,40
2.4,0.09945400930310043,0.06570770279609531,DMFS,OOD,unt,RSF,40
2.6,0.10386507432446113,0.07270150305920588,DMFS,OOD,unt,RSF,40
2.8,0.1132359424619918,0.0862832847804993,DMFS,OOD,unt,RSF,40
3.0,0.12890895826898535,0.09938309000070505,DMFS,OOD,unt,RSF,40
3.2,0.14077055287132978,0.11809182376596689,DMFS,OOD,unt,RSF,40
3.4,0.14569960743543733,0.11809182376596689,DMFS,OOD,unt,RSF,40
3.6,0.1477770593514237,0.1241096843433087,DMFS,OOD,unt,RSF,40
3.8,0.1486482615990084,0.12410968434330873,DMFS,OOD,unt,RSF,40
4.0,0.1486482615990084,0.12410968434330873,DMFS,OOD,unt,RSF,40
4.2,0.14849289329640122,0.1241096843433087,DMFS,OOD,unt,RSF,40
4.4,0.14885565275717863,0.1241096843433087,DMFS,OOD,unt,RSF,40
4.6,0.15797520464403805,0.13041458024538316,DMFS,OOD,unt,RSF,40
4.8,0.1698457990771332,0.13662270654053285,DMFS,OOD,unt,RSF,40
5.0,0.17942947948334245,0.14266538862677788,DMFS,OOD,unt,RSF,40
5.2,0.18127333738925935,0.14854262650411817,DMFS,OOD,unt,RSF,40
5.4,0.18163223688608596,0.1485426265041182,DMFS,OOD,unt,RSF,40
5.6,0.1815056206089854,0.14854262650411817,DMFS,OOD,unt,RSF,40
5.8,0.1815056206089854,0.14854262650411817,DMFS,OOD,unt,RSF,40
6.0,0.18646634445701676,0.16038161224586733,DMFS,OOD,unt,RSF,40
6.2,0.18639044675008412,0.1603816122458673,DMFS,OOD,unt,RSF,40
6.4,0.1856268883054482,0.16038161224586736,DMFS,OOD,unt,RSF,40
6.6,0.18908611707802217,0.16641490591537295,DMFS,OOD,unt,RSF,40
6.8,0.1886239856191681,0.16641490591537295,DMFS,OOD,unt,RSF,40
7.0,0.20051841115144795,0.17239049200909776,DMFS,OOD,unt,RSF,40
7.2,0.19924433269523092,0.17239049200909778,DMFS,OOD,unt,RSF,40
7.4,0.20191524389511814,0.17239049200909776,DMFS,OOD,unt,RSF,40
7.6,0.20191524389511814,0.17239049200909776,DMFS,OOD,unt,RSF,40
7.8,0.20338912973385373,0.17239049200909776,DMFS,OOD,unt,RSF,40
8.0,0.20338912973385373,0.17239049200909776,DMFS,OOD,unt,RSF,40
8.2,0.21334622633064418,0.17239049200909776,DMFS,OOD,unt,RSF,40
8.4,0.2141767304097968,0.17239049200909776,DMFS,OOD,unt,RSF,40
8.6,0.22155048507284716,0.17239049200909776,DMFS,OOD,unt,RSF,40
8.8,0.22174467772266168,0.17239049200909776,DMFS,OOD,unt,RSF,40
9.0,0.22309792517917526,0.17239049200909776,DMFS,OOD,unt,RSF,40
9.2,0.2258885456312694,0.17239049200909776,DMFS,OOD,unt,RSF,40
9.4,0.22708608422718124,0.17239049200909776,DMFS,OOD,unt,RSF,40
9.6,0.22823138616149324,0.17239049200909776,DMFS,OOD,unt,RSF,40
9.8,0.22823138616149324,0.17239049200909776,DMFS,OOD,unt,RSF,40
10.0,0.2255630093254269,0.17239049200909773,DMFS,OOD,unt,RSF,40
1.0,0.02229210253095246,0.02237889507322989,DMFS,OOD,unt,RSF,41
1.2,0.022922088186394185,0.02237889507322988,DMFS,OOD,unt,RSF,41
1.4,0.02531267313175011,0.02237889507322988,DMFS,OOD,unt,RSF,41
1.6,0.031513619666684624,0.029896337830976845,DMFS,OOD,unt,RSF,41
1.8,0.039284401935653385,0.03728752391620587,DMFS,OOD,unt,RSF,41
2.0,0.06037357979103035,0.05870376930895111,DMFS,OOD,unt,RSF,41
2.2,0.06611376657706201,0.05870376930895111,DMFS,OOD,unt,RSF,41
2.4,0.07352294595353577,0.06570770279609531,DMFS,OOD,unt,RSF,41
2.6,0.08189210561796251,0.07270150305920588,DMFS,OOD,unt,RSF,41
2.8,0.09398001576740572,0.0862832847804993,DMFS,OOD,unt,RSF,41
3.0,0.10577114760456753,0.09938309000070505,DMFS,OOD,unt,RSF,41
3.2,0.11877346197089922,0.11809182376596689,DMFS,OOD,unt,RSF,41
3.4,0.11877346197089922,0.11809182376596689,DMFS,OOD,unt,RSF,41
3.6,0.12471513110218264,0.1241096843433087,DMFS,OOD,unt,RSF,41
3.8,0.12513353469951305,0.12410968434330873,DMFS,OOD,unt,RSF,41
4.0,0.1272258349110918,0.12410968434330873,DMFS,OOD,unt,RSF,41
4.2,0.1272008185884638,0.1241096843433087,DMFS,OOD,unt,RSF,41
4.4,0.12754344024896444,0.1241096843433087,DMFS,OOD,unt,RSF,41
4.6,0.13492515971447308,0.13041458024538316,DMFS,OOD,unt,RSF,41
4.8,0.1426529506612094,0.13662270654053285,DMFS,OOD,unt,RSF,41
5.0,0.1510540716817355,0.14266538862677788,DMFS,OOD,unt,RSF,41
5.2,0.15754010969538368,0.14854262650411817,DMFS,OOD,unt,RSF,41
5.4,0.1577154343917153,0.1485426265041182,DMFS,OOD,unt,RSF,41
5.6,0.16238879114424573,0.14854262650411817,DMFS,OOD,unt,RSF,41
5.8,0.16238879114424573,0.14854262650411817,DMFS,OOD,unt,RSF,41
6.0,0.17009234140995472,0.16038161224586733,DMFS,OOD,unt,RSF,41
6.2,0.16989434248964327,0.1603816122458673,DMFS,OOD,unt,RSF,41
6.4,0.16927031888536956,0.16038161224586736,DMFS,OOD,unt,RSF,41
6.6,0.17469534609730134,0.16641490591537295,DMFS,OOD,unt,RSF,41
6.8,0.17816426884734868,0.16641490591537295,DMFS,OOD,unt,RSF,41
7.0,0.18414889222963332,0.17239049200909776,DMFS,OOD,unt,RSF,41
7.2,0.1834233470901451,0.17239049200909778,DMFS,OOD,unt,RSF,41
7.4,0.18568569469619897,0.17239049200909776,DMFS,OOD,unt,RSF,41
7.6,0.19092632258228456,0.17239049200909776,DMFS,OOD,unt,RSF,41
7.8,0.19247560625666083,0.17239049200909776,DMFS,OOD,unt,RSF,41
8.0,0.19247560625666083,0.17239049200909776,DMFS,OOD,unt,RSF,41
8.2,0.19247560625666083,0.17239049200909776,DMFS,OOD,unt,RSF,41
8.4,0.19278948805223808,0.17239049200909776,DMFS,OOD,unt,RSF,41
8.6,0.19925770563461545,0.17239049200909776,DMFS,OOD,unt,RSF,41
8.8,0.19935674157475047,0.17239049200909776,DMFS,OOD,unt,RSF,41
9.0,0.20047982759630673,0.17239049200909776,DMFS,OOD,unt,RSF,41
9.2,0.2017443287015282,0.17239049200909776,DMFS,OOD,unt,RSF,41
9.4,0.20227872432537342,0.17239049200909776,DMFS,OOD,unt,RSF,41
9.6,0.21943049221476763,0.17239049200909776,DMFS,OOD,unt,RSF,41
9.8,0.21943049221476763,0.17239049200909776,DMFS,OOD,unt,RSF,41
10.0,0.21671900243202313,0.17239049200909773,DMFS,OOD,unt,RSF,41
1.0,0.022279531893268017,0.02237889507322989,DMFS,OOD,unt,RSF,42
1.2,0.022276726946770214,0.02237889507322988,DMFS,OOD,unt,RSF,42
1.4,0.022571904914141173,0.02237889507322988,DMFS,OOD,unt,RSF,42
1.6,0.0297691477795432,0.029896337830976845,DMFS,OOD,unt,RSF,42
1.8,0.038017043835207806,0.03728752391620587,DMFS,OOD,unt,RSF,42
2.0,0.05958756163943907,0.05870376930895111,DMFS,OOD,unt,RSF,42
2.2,0.060544899313262436,0.05870376930895111,DMFS,OOD,unt,RSF,42
2.4,0.06779848395403018,0.06570770279609531,DMFS,OOD,unt,RSF,42
2.6,0.07394071643571427,0.07270150305920588,DMFS,OOD,unt,RSF,42
2.8,0.08619063459838079,0.0862832847804993,DMFS,OOD,unt,RSF,42
3.0,0.09933958735187905,0.09938309000070505,DMFS,OOD,unt,RSF,42
3.2,0.118422068375872,0.11809182376596689,DMFS,OOD,unt,RSF,42
3.4,0.11811529824696748,0.11809182376596689,DMFS,OOD,unt,RSF,42
3.6,0.12370296635599061,0.1241096843433087,DMFS,OOD,unt,RSF,42
3.8,0.1236052994001865,0.12410968434330873,DMFS,OOD,unt,RSF,42
4.0,0.1236052994001865,0.12410968434330873,DMFS,OOD,unt,RSF,42
4.2,0.12369217527359004,0.1241096843433087,DMFS,OOD,unt,RSF,42
4.4,0.12389481453381349,0.1241096843433087,DMFS,OOD,unt,RSF,42
4.6,0.13011870948813986,0.13041458024538316,DMFS,OOD,unt,RSF,42
4.8,0.1367945925628109,0.13662270654053285,DMFS,OOD,unt,RSF,42
5.0,0.14258177006666903,0.14266538862677788,DMFS,OOD,unt,RSF,42
5.2,0.14871374164711312,0.14854262650411817,DMFS,OOD,unt,RSF,42
5.4,0.1484299812749928,0.1485426265041182,DMFS,OOD,unt,RSF,42
5.6,0.14846917810297555,0.14854262650411817,DMFS,OOD,unt,RSF,42
5.8,0.14846917810297555,0.14854262650411817,DMFS,OOD,unt,RSF,42
6.0,0.16051523979474522,0.16038161224586733,DMFS,OOD,unt,RSF,42
6.2,0.1601736083327811,0.1603816122458673,DMFS,OOD,unt,RSF,42
6.4,0.15953143397457853,0.16038161224586736,DMFS,OOD,unt,RSF,42
6.6,0.16647743736474052,0.16641490591537295,DMFS,OOD,unt,RSF,42
6.8,0.16651179940788102,0.16641490591537295,DMFS,OOD,unt,RSF,42
7.0,0.1715084474545881,0.17239049200909776,DMFS,OOD,unt,RSF,42
7.2,0.17154351965587555,0.17239049200909778,DMFS,OOD,unt,RSF,42
7.4,0.17190880797339503,0.17239049200909776,DMFS,OOD,unt,RSF,42
7.6,0.17190880797339503,0.17239049200909776,DMFS,OOD,unt,RSF,42
7.8,0.17180800248864084,0.17239049200909776,DMFS,OOD,unt,RSF,42
8.0,0.17180800248864084,0.17239049200909776,DMFS,OOD,unt,RSF,42
8.2,0.17367042350038275,0.17239049200909776,DMFS,OOD,unt,RSF,42
8.4,0.17399642019143344,0.17239049200909776,DMFS,OOD,unt,RSF,42
8.6,0.17687725102957153,0.17239049200909776,DMFS,OOD,unt,RSF,42
8.8,0.1759621813780312,0.17239049200909776,DMFS,OOD,unt,RSF,42
9.0,0.18890165434563724,0.17239049200909776,DMFS,OOD,unt,RSF,42
9.2,0.188489083083688,0.17239049200909776,DMFS,OOD,unt,RSF,42
9.4,0.18749757879277343,0.17239049200909776,DMFS,OOD,unt,RSF,42
9.6,0.18768602230731443,0.17239049200909776,DMFS,OOD,unt,RSF,42
9.8,0.18768602230731443,0.17239049200909776,DMFS,OOD,unt,RSF,42
10.0,0.1863837954339655,0.17239049200909773,DMFS,OOD,unt,RSF,42
1.0,0.022115099621038296,0.02237889507322989,DMFS,OOD,unt,RSF,43
1.2,0.022343130580170643,0.02237889507322988,DMFS,OOD,unt,RSF,43
1.4,0.022896218993022348,0.02237889507322988,DMFS,OOD,unt,RSF,43
1.6,0.02991470513688873,0.029896337830976845,DMFS,OOD,unt,RSF,43
1.8,0.036947197521588836,0.03728752391620587,DMFS,OOD,unt,RSF,43
2.0,0.05750222075314011,0.05870376930895111,DMFS,OOD,unt,RSF,43
2.2,0.057601707115192045,0.05870376930895111,DMFS,OOD,unt,RSF,43
2.4,0.06430343325892218,0.06570770279609531,DMFS,OOD,unt,RSF,43
2.6,0.07208059189620329,0.07270150305920588,DMFS,OOD,unt,RSF,43
2.8,0.08429746426258282,0.0862832847804993,DMFS,OOD,unt,RSF,43
3.0,0.09859607961136935,0.09938309000070505,DMFS,OOD,unt,RSF,43
3.2,0.11423228087361308,0.11809182376596689,DMFS,OOD,unt,RSF,43
3.4,0.1147896485827284,0.11809182376596689,DMFS,OOD,unt,RSF,43
3.6,0.11892697576184592,0.1241096843433087,DMFS,OOD,unt,RSF,43
3.8,0.12029042201546708,0.12410968434330873,DMFS,OOD,unt,RSF,43
4.0,0.1216802053486913,0.12410968434330873,DMFS,OOD,unt,RSF,43
4.2,0.12344185821945786,0.1241096843433087,DMFS,OOD,unt,RSF,43
4.4,0.12345116765670874,0.1241096843433087,DMFS,OOD,unt,RSF,43
4.6,0.1305953043760353,0.13041458024538316,DMFS,OOD,unt,RSF,43
4.8,0.13645937315094495,0.13662270654053285,DMFS,OOD,unt,RSF,43
5.0,0.1483606173503257,0.14266538862677788,DMFS,OOD,unt,RSF,43
5.2,0.1526085232455363,0.14854262650411817,DMFS,OOD,unt,RSF,43
5.4,0.15295142161395187,0.1485426265041182,DMFS,OOD,unt,RSF,43
5.6,0.15331242766606135,0.14854262650411817,DMFS,OOD,unt,RSF,43
5.8,0.15331242766606135,0.14854262650411817,DMFS,OOD,unt,RSF,43
6.0,0.1615149805343366,0.16038161224586733,DMFS,OOD,unt,RSF,43
6.2,0.16160658337398537,0.1603816122458673,DMFS,OOD,unt,RSF,43
6.4,0.16481572991569418,0.16038161224586736,DMFS,OOD,unt,RSF,43
6.6,0.17033504867402033,0.16641490591537295,DMFS,OOD,unt,RSF,43
6.8,0.16916696939627182,0.16641490591537295,DMFS,OOD,unt,RSF,43
7.0,0.1761420783459874,0.17239049200909776,DMFS,OOD,unt,RSF,43
7.2,0.17500090231476784,0.17239049200909778,DMFS,OOD,unt,RSF,43
7.4,0.17727399470144997,0.17239049200909776,DMFS,OOD,unt,RSF,43
7.6,0.17727399470144997,0.17239049200909776,DMFS,OOD,unt,RSF,43
7.8,0.1791728107099745,0.17239049200909776,DMFS,OOD,unt,RSF,43
8.0,0.1791728107099745,0.17239049200909776,DMFS,OOD,unt,RSF,43
8.2,0.1791728107099745,0.17239049200909776,DMFS,OOD,unt,RSF,43
8.4,0.17983053624364664,0.17239049200909776,DMFS,OOD,unt,RSF,43
8.6,0.18508078670348146,0.17239049200909776,DMFS,OOD,unt,RSF,43
8.8,0.18485442446591824,0.17239049200909776,DMFS,OOD,unt,RSF,43
9.0,0.1843076961248322,0.17239049200909776,DMFS,OOD,unt,RSF,43
9.2,0.18596059541173873,0.17239049200909776,DMFS,OOD,unt,RSF,43
9.4,0.18691048274028038,0.17239049200909776,DMFS,OOD,unt,RSF,43
9.6,0.18704317619184999,0.17239049200909776,DMFS,OOD,unt,RSF,43
9.8,0.18704317619184999,0.17239049200909776,DMFS,OOD,unt,RSF,43
10.0,0.1847649805883979,0.17239049200909773,DMFS,OOD,unt,RSF,43
1.0,0.022557328892177445,0.02237889507322989,DMFS,OOD,unt,RSF,44
1.2,0.023988394325200717,0.02237889507322988,DMFS,OOD,unt,RSF,44
1.4,0.028413611387248728,0.02237889507322988,DMFS,OOD,unt,RSF,44
1.6,0.03607504135367918,0.029896337830976845,DMFS,OOD,unt,RSF,44
1.8,0.044405987776714284,0.03728752391620587,DMFS,OOD,unt,RSF,44
2.0,0.0654143081157887,0.05870376930895111,DMFS,OOD,unt,RSF,44
2.2,0.0680214532216048,0.05870376930895111,DMFS,OOD,unt,RSF,44
2.4,0.07249147901930059,0.06570770279609531,DMFS,OOD,unt,RSF,44
2.6,0.07840185925785591,0.07270150305920588,DMFS,OOD,unt,RSF,44
2.8,0.08986285261274526,0.0862832847804993,DMFS,OOD,unt,RSF,44
3.0,0.10194518861416721,0.09938309000070505,DMFS,OOD,unt,RSF,44
3.2,0.11722354972784704,0.11809182376596689,DMFS,OOD,unt,RSF,44
3.4,0.11722354972784704,0.11809182376596689,DMFS,OOD,unt,RSF,44
3.6,0.1208724311004739,0.1241096843433087,DMFS,OOD,unt,RSF,44
3.8,0.1226052352299734,0.12410968434330873,DMFS,OOD,unt,RSF,44
4.0,0.1226052352299734,0.12410968434330873,DMFS,OOD,unt,RSF,44
4.2,0.12441178536014502,0.1241096843433087,DMFS,OOD,unt,RSF,44
4.4,0.12671888911047785,0.1241096843433087,DMFS,OOD,unt,RSF,44
4.6,0.13202364195981384,0.13041458024538316,DMFS,OOD,unt,RSF,44
4.8,0.14030954922405217,0.13662270654053285,DMFS,OOD,unt,RSF,44
5.0,0.14508760219897773,0.14266538862677788,DMFS,OOD,unt,RSF,44
5.2,0.1490363031161691,0.14854262650411817,DMFS,OOD,unt,RSF,44
5.4,0.14897515629095437,0.1485426265041182,DMFS,OOD,unt,RSF,44
5.6,0.14901057680053525,0.14854262650411817,DMFS,OOD,unt,RSF,44
5.8,0.14901057680053525,0.14854262650411817,DMFS,OOD,unt,RSF,44
6.0,0.16023828648333796,0.16038161224586733,DMFS,OOD,unt,RSF,44
6.2,0.16025483615058822,0.1603816122458673,DMFS,OOD,unt,RSF,44
6.4,0.1599159270903559,0.16038161224586736,DMFS,OOD,unt,RSF,44
6.6,0.16625307101378098,0.16641490591537295,DMFS,OOD,unt,RSF,44
6.8,0.16600819578913764,0.16641490591537295,DMFS,OOD,unt,RSF,44
7.0,0.17298171390061945,0.17239049200909776,DMFS,OOD,unt,RSF,44
7.2,0.17225939628453021,0.17239049200909778,DMFS,OOD,unt,RSF,44
7.4,0.17369999226070928,0.17239049200909776,DMFS,OOD,unt,RSF,44
7.6,0.17369999226070928,0.17239049200909776,DMFS,OOD,unt,RSF,44
7.8,0.17459159145059802,0.17239049200909776,DMFS,OOD,unt,RSF,44
8.0,0.17459159145059802,0.17239049200909776,DMFS,OOD,unt,RSF,44
8.2,0.17459159145059802,0.17239049200909776,DMFS,OOD,unt,RSF,44
8.4,0.1792121522880959,0.17239049200909776,DMFS,OOD,unt,RSF,44
8.6,0.17792596185610796,0.17239049200909776,DMFS,OOD,unt,RSF,44
8.8,0.17755342212757377,0.17239049200909776,DMFS,OOD,unt,RSF,44
9.0,0.17827738928244327,0.17239049200909776,DMFS,OOD,unt,RSF,44
9.2,0.17949599437312974,0.17239049200909776,DMFS,OOD,unt,RSF,44
9.4,0.17987956137190173,0.17239049200909776,DMFS,OOD,unt,RSF,44
9.6,0.1861906386609086,0.17239049200909776,DMFS,OOD,unt,RSF,44
9.8,0.1861906386609086,0.17239049200909776,DMFS,OOD,unt,RSF,44
10.0,0.18494764857122226,0.17239049200909773,DMFS,OOD,unt,RSF,44
1.8,0.05576347310042324,0.052469135802469126,DMFS,OOD,transbig,TabSurv_M,40
2.0,0.06903303946760353,0.06570758085909602,DMFS,OOD,transbig,TabSurv_M,40
2.2,0.08130895179645224,0.07848688909294971,DMFS,OOD,transbig,TabSurv_M,40
2.4,0.08623140828771736,0.08264462809917357,DMFS,OOD,transbig,TabSurv_M,40
2.6,0.09526077432141701,0.0908070605040302,DMFS,OOD,transbig,TabSurv_M,40
2.8,0.10074079070845729,0.09483423436416938,DMFS,OOD,transbig,TabSurv_M,40
3.0,0.10495522119640859,0.09880981495044178,DMFS,OOD,transbig,TabSurv_M,40
3.2,0.11129342844592784,0.10665040665642696,DMFS,OOD,transbig,TabSurv_M,40
3.4,0.12027469181506575,0.11804184506887137,DMFS,OOD,transbig,TabSurv_M,40
3.6,0.12401326692227348,0.1217486363508713,DMFS,OOD,transbig,TabSurv_M,40
3.8,0.12575932522263528,0.1217486363508713,DMFS,OOD,transbig,TabSurv_M,40
4.0,0.1276027781828998,0.1217486363508713,DMFS,OOD,transbig,TabSurv_M,40
4.2,0.12960542698764485,0.1217486363508713,DMFS,OOD,transbig,TabSurv_M,40
4.4,0.13456077962407065,0.1254689695296743,DMFS,OOD,transbig,TabSurv_M,40
4.6,0.13695349606789928,0.1254689695296743,DMFS,OOD,transbig,TabSurv_M,40
4.8,0.1502771972005071,0.14668365280037993,DMFS,OOD,transbig,TabSurv_M,40
5.0,0.15439587611806177,0.15006241476650098,DMFS,OOD,transbig,TabSurv_M,40
5.2,0.1566987912704878,0.15006241476650098,DMFS,OOD,transbig,TabSurv_M,40
5.4,0.16211643608488888,0.15338500649738537,DMFS,OOD,transbig,TabSurv_M,40
5.6,0.1646990092537472,0.15338500649738537,DMFS,OOD,transbig,TabSurv_M,40
5.8,0.16785770960969676,0.1533850064973854,DMFS,OOD,transbig,TabSurv_M,40
6.0,0.17077503307568712,0.1533850064973854,DMFS,OOD,transbig,TabSurv_M,40
6.2,0.1750436028498148,0.15669431493859232,DMFS,OOD,transbig,TabSurv_M,40
6.4,0.1781986471645228,0.15669431493859232,DMFS,OOD,transbig,TabSurv_M,40
6.6,0.18455943608136277,0.15996758361154823,DMFS,OOD,transbig,TabSurv_M,40
6.8,0.18956678268137825,0.1631824075767943,DMFS,OOD,transbig,TabSurv_M,40
7.0,0.19318596165251276,0.16318240757679434,DMFS,OOD,transbig,TabSurv_M,40
7.2,0.19772136033364146,0.16638191447345785,DMFS,OOD,transbig,TabSurv_M,40
7.4,0.20255078339036714,0.16638191447345785,DMFS,OOD,transbig,TabSurv_M,40
7.6,0.20747020819386064,0.16638191447345782,DMFS,OOD,transbig,TabSurv_M,40
7.8,0.2124187909116416,0.16638191447345782,DMFS,OOD,transbig,TabSurv_M,40
8.0,0.21755023598246725,0.17592050605797635,DMFS,OOD,transbig,TabSurv_M,40
8.2,0.2245800498996454,0.18197294747058057,DMFS,OOD,transbig,TabSurv_M,40
8.4,0.2306007556359681,0.18197294747058057,DMFS,OOD,transbig,TabSurv_M,40
8.6,0.23615547648874072,0.1849024572700375,DMFS,OOD,transbig,TabSurv_M,40
8.8,0.2438831051144087,0.18490245727003757,DMFS,OOD,transbig,TabSurv_M,40
9.0,0.25106017925564816,0.18490245727003757,DMFS,OOD,transbig,TabSurv_M,40
9.2,0.2580654880171579,0.18785530086172733,DMFS,OOD,transbig,TabSurv_M,40
9.4,0.2654431469968905,0.18785530086172733,DMFS,OOD,transbig,TabSurv_M,40
9.6,0.27341865396819304,0.18785530086172733,DMFS,OOD,transbig,TabSurv_M,40
9.8,0.28052317167690133,0.1878553008617273,DMFS,OOD,transbig,TabSurv_M,40
10.0,0.29137972232330056,0.193688818532266,DMFS,OOD,transbig,TabSurv_M,40
1.8,0.05529539959027793,0.052469135802469126,DMFS,OOD,transbig,TabSurv_M,41
2.0,0.06847534282320751,0.06570758085909602,DMFS,OOD,transbig,TabSurv_M,41
2.2,0.0802916565931065,0.07848688909294971,DMFS,OOD,transbig,TabSurv_M,41
2.4,0.08356838757227646,0.08264462809917357,DMFS,OOD,transbig,TabSurv_M,41
2.6,0.0921245629558065,0.0908070605040302,DMFS,OOD,transbig,TabSurv_M,41
2.8,0.09516047124888025,0.09483423436416938,DMFS,OOD,transbig,TabSurv_M,41
3.0,0.09950320973166911,0.09880981495044178,DMFS,OOD,transbig,TabSurv_M,41
3.2,0.10755321229258763,0.10665040665642696,DMFS,OOD,transbig,TabSurv_M,41
3.4,0.11786628264675363,0.11804184506887137,DMFS,OOD,transbig,TabSurv_M,41
3.6,0.12096858828582317,0.1217486363508713,DMFS,OOD,transbig,TabSurv_M,41
3.8,0.12212578222658868,0.1217486363508713,DMFS,OOD,transbig,TabSurv_M,41
4.0,0.12351182262276167,0.1217486363508713,DMFS,OOD,transbig,TabSurv_M,41
4.2,0.12513894891788796,0.1217486363508713,DMFS,OOD,transbig,TabSurv_M,41
4.4,0.1304857904194878,0.1254689695296743,DMFS,OOD,transbig,TabSurv_M,41
4.6,0.13254533452128597,0.1254689695296743,DMFS,OOD,transbig,TabSurv_M,41
4.8,0.1490877785095465,0.14668365280037993,DMFS,OOD,transbig,TabSurv_M,41
5.0,0.15285400733949336,0.15006241476650098,DMFS,OOD,transbig,TabSurv_M,41
5.2,0.15476128023654576,0.15006241476650098,DMFS,OOD,transbig,TabSurv_M,41
5.4,0.16035969364908795,0.15338500649738537,DMFS,OOD,transbig,TabSurv_M,41
5.6,0.16268815550032054,0.15338500649738537,DMFS,OOD,transbig,TabSurv_M,41
5.8,0.16564470831567685,0.1533850064973854,DMFS,OOD,transbig,TabSurv_M,41
6.0,0.16853211798434226,0.1533850064973854,DMFS,OOD,transbig,TabSurv_M,41
6.2,0.1727918090860652,0.15669431493859232,DMFS,OOD,transbig,TabSurv_M,41
6.4,0.17605907373051682,0.15669431493859232,DMFS,OOD,transbig,TabSurv_M,41
6.6,0.18236591329173144,0.15996758361154823,DMFS,OOD,transbig,TabSurv_M,41
6.8,0.1873231927194959,0.1631824075767943,DMFS,OOD,transbig,TabSurv_M,41
7.0,0.190474351281045,0.16318240757679434,DMFS,OOD,transbig,TabSurv_M,41
7.2,0.1949393123095176,0.16638191447345785,DMFS,OOD,transbig,TabSurv_M,41
7.4,0.19980911271436613,0.16638191447345785,DMFS,OOD,transbig,TabSurv_M,41
7.6,0.2043986051163564,0.16638191447345782,DMFS,OOD,transbig,TabSurv_M,41
7.8,0.20920259053519755,0.16638191447345782,DMFS,OOD,transbig,TabSurv_M,41
8.0,0.2158033901542456,0.17592050605797635,DMFS,OOD,transbig,TabSurv_M,41
8.2,0.22378370403715628,0.18197294747058057,DMFS,OOD,transbig,TabSurv_M,41
8.4,0.22890222996776657,0.18197294747058057,DMFS,OOD,transbig,TabSurv_M,41
8.6,0.23440430234284562,0.1849024572700375,DMFS,OOD,transbig,TabSurv_M,41
8.8,0.24068652958873796,0.18490245727003757,DMFS,OOD,transbig,TabSurv_M,41
9.0,0.24659105856536664,0.18490245727003757,DMFS,OOD,transbig,TabSurv_M,41
9.2,0.2522584809615413,0.18785530086172733,DMFS,OOD,transbig,TabSurv_M,41
9.4,0.2585962120547174,0.18785530086172733,DMFS,OOD,transbig,TabSurv_M,41
9.6,0.26506865230563903,0.18785530086172733,DMFS,OOD,transbig,TabSurv_M,41
9.8,0.2704769331025997,0.1878553008617273,DMFS,OOD,transbig,TabSurv_M,41
10.0,0.2792793084929689,0.193688818532266,DMFS,OOD,transbig,TabSurv_M,41
1.8,0.05215785117157934,0.052469135802469126,DMFS,OOD,transbig,TabSurv_M,42
2.0,0.06582258739912279,0.06570758085909602,DMFS,OOD,transbig,TabSurv_M,42
2.2,0.07818723431872157,0.07848688909294971,DMFS,OOD,transbig,TabSurv_M,42
2.4,0.08207427064898963,0.08264462809917357,DMFS,OOD,transbig,TabSurv_M,42
2.6,0.09026050263745293,0.0908070605040302,DMFS,OOD,transbig,TabSurv_M,42
2.8,0.09442131133122986,0.09483423436416938,DMFS,OOD,transbig,TabSurv_M,42
3.0,0.09799140364287412,0.09880981495044178,DMFS,OOD,transbig,TabSurv_M,42
3.2,0.10490346232197614,0.10665040665642696,DMFS,OOD,transbig,TabSurv_M,42
3.4,0.11528879673232767,0.11804184506887137,DMFS,OOD,transbig,TabSurv_M,42
3.6,0.11895424896393376,0.1217486363508713,DMFS,OOD,transbig,TabSurv_M,42
3.8,0.11978380999095178,0.1217486363508713,DMFS,OOD,transbig,TabSurv_M,42
4.0,0.12079708285235882,0.1217486363508713,DMFS,OOD,transbig,TabSurv_M,42
4.2,0.12199295246442188,0.1217486363508713,DMFS,OOD,transbig,TabSurv_M,42
4.4,0.1269387899393667,0.1254689695296743,DMFS,OOD,transbig,TabSurv_M,42
4.6,0.12842881864645098,0.1254689695296743,DMFS,OOD,transbig,TabSurv_M,42
4.8,0.14563896612419874,0.14668365280037993,DMFS,OOD,transbig,TabSurv_M,42
5.0,0.1493979018340999,0.15006241476650098,DMFS,OOD,transbig,TabSurv_M,42
5.2,0.15074018291389263,0.15006241476650098,DMFS,OOD,transbig,TabSurv_M,42
5.4,0.15473709068072397,0.15338500649738537,DMFS,OOD,transbig,TabSurv_M,42
5.6,0.1564506268395814,0.15338500649738537,DMFS,OOD,transbig,TabSurv_M,42
5.8,0.15872793035106916,0.1533850064973854,DMFS,OOD,transbig,TabSurv_M,42
6.0,0.16099379829952237,0.1533850064973854,DMFS,OOD,transbig,TabSurv_M,42
6.2,0.1646468187931377,0.15669431493859232,DMFS,OOD,transbig,TabSurv_M,42
6.4,0.16735897840456848,0.15669431493859232,DMFS,OOD,transbig,TabSurv_M,42
6.6,0.1728302742777544,0.15996758361154823,DMFS,OOD,transbig,TabSurv_M,42
6.8,0.17762984513863497,0.1631824075767943,DMFS,OOD,transbig,TabSurv_M,42
7.0,0.18048404877314847,0.16318240757679434,DMFS,OOD,transbig,TabSurv_M,42
7.2,0.18488142379805017,0.16638191447345785,DMFS,OOD,transbig,TabSurv_M,42
7.4,0.18910888954122385,0.16638191447345785,DMFS,OOD,transbig,TabSurv_M,42
7.6,0.19393825228052478,0.16638191447345782,DMFS,OOD,transbig,TabSurv_M,42
7.8,0.19938151065191914,0.16638191447345782,DMFS,OOD,transbig,TabSurv_M,42
8.0,0.2063419385332776,0.17592050605797635,DMFS,OOD,transbig,TabSurv_M,42
8.2,0.2142206993129757,0.18197294747058057,DMFS,OOD,transbig,TabSurv_M,42
8.4,0.22007512592266604,0.18197294747058057,DMFS,OOD,transbig,TabSurv_M,42
8.6,0.22642461874574996,0.1849024572700375,DMFS,OOD,transbig,TabSurv_M,42
8.8,0.23375142169657534,0.18490245727003757,DMFS,OOD,transbig,TabSurv_M,42
9.0,0.241199558544269,0.18490245727003757,DMFS,OOD,transbig,TabSurv_M,42
9.2,0.24922873914617244,0.18785530086172733,DMFS,OOD,transbig,TabSurv_M,42
9.4,0.25761925040350625,0.18785530086172733,DMFS,OOD,transbig,TabSurv_M,42
9.6,0.267158646861487,0.18785530086172733,DMFS,OOD,transbig,TabSurv_M,42
9.8,0.27596944023456454,0.1878553008617273,DMFS,OOD,transbig,TabSurv_M,42
10.0,0.2872521061737468,0.193688818532266,DMFS,OOD,transbig,TabSurv_M,42
1.8,0.05448659410738043,0.052469135802469126,DMFS,OOD,transbig,TabSurv_M,43
2.0,0.06670369408309973,0.06570758085909602,DMFS,OOD,transbig,TabSurv_M,43
2.2,0.07779769851327815,0.07848688909294971,DMFS,OOD,transbig,TabSurv_M,43
2.4,0.08173763855625991,0.08264462809917357,DMFS,OOD,transbig,TabSurv_M,43
2.6,0.0898190866287735,0.0908070605040302,DMFS,OOD,transbig,TabSurv_M,43
2.8,0.09482129319507233,0.09483423436416938,DMFS,OOD,transbig,TabSurv_M,43
3.0,0.09888511795778578,0.09880981495044178,DMFS,OOD,transbig,TabSurv_M,43
3.2,0.10640654963657474,0.10665040665642696,DMFS,OOD,transbig,TabSurv_M,43
3.4,0.11738154652024717,0.11804184506887137,DMFS,OOD,transbig,TabSurv_M,43
3.6,0.12176128956938358,0.1217486363508713,DMFS,OOD,transbig,TabSurv_M,43
3.8,0.12393886952685226,0.1217486363508713,DMFS,OOD,transbig,TabSurv_M,43
4.0,0.12645860816742768,0.1217486363508713,DMFS,OOD,transbig,TabSurv_M,43
4.2,0.12932207616349256,0.1217486363508713,DMFS,OOD,transbig,TabSurv_M,43
4.4,0.13558695245860056,0.1254689695296743,DMFS,OOD,transbig,TabSurv_M,43
4.6,0.1390527967666894,0.1254689695296743,DMFS,OOD,transbig,TabSurv_M,43
4.8,0.15253840990414655,0.14668365280037993,DMFS,OOD,transbig,TabSurv_M,43
5.0,0.1579010798091387,0.15006241476650098,DMFS,OOD,transbig,TabSurv_M,43
5.2,0.1612713644817908,0.15006241476650098,DMFS,OOD,transbig,TabSurv_M,43
5.4,0.16768151364404477,0.15338500649738537,DMFS,OOD,transbig,TabSurv_M,43
5.6,0.1715858709140982,0.15338500649738537,DMFS,OOD,transbig,TabSurv_M,43
5.8,0.17633788395180577,0.1533850064973854,DMFS,OOD,transbig,TabSurv_M,43
6.0,0.1809187729889123,0.1533850064973854,DMFS,OOD,transbig,TabSurv_M,43
6.2,0.18600884574885315,0.15669431493859232,DMFS,OOD,transbig,TabSurv_M,43
6.4,0.19112957835131772,0.15669431493859232,DMFS,OOD,transbig,TabSurv_M,43
6.6,0.19824795975095214,0.15996758361154823,DMFS,OOD,transbig,TabSurv_M,43
6.8,0.20402904450074275,0.1631824075767943,DMFS,OOD,transbig,TabSurv_M,43
7.0,0.2088643414969652,0.16318240757679434,DMFS,OOD,transbig,TabSurv_M,43
7.2,0.21564929601417696,0.16638191447345785,DMFS,OOD,transbig,TabSurv_M,43
7.4,0.22266217586474085,0.16638191447345785,DMFS,OOD,transbig,TabSurv_M,43
7.6,0.23000208737930938,0.16638191447345782,DMFS,OOD,transbig,TabSurv_M,43
7.8,0.23708705224582421,0.16638191447345782,DMFS,OOD,transbig,TabSurv_M,43
8.0,0.24083038144569527,0.17592050605797635,DMFS,OOD,transbig,TabSurv_M,43
8.2,0.24866527071851283,0.18197294747058057,DMFS,OOD,transbig,TabSurv_M,43
8.4,0.25599686939822786,0.18197294747058057,DMFS,OOD,transbig,TabSurv_M,43
8.6,0.2621412605947888,0.1849024572700375,DMFS,OOD,transbig,TabSurv_M,43
8.8,0.2708805174333605,0.18490245727003757,DMFS,OOD,transbig,TabSurv_M,43
9.0,0.2789812412340147,0.18490245727003757,DMFS,OOD,transbig,TabSurv_M,43
9.2,0.2860201327470941,0.18785530086172733,DMFS,OOD,transbig,TabSurv_M,43
9.4,0.2944668318386132,0.18785530086172733,DMFS,OOD,transbig,TabSurv_M,43
9.6,0.30340694220970604,0.18785530086172733,DMFS,OOD,transbig,TabSurv_M,43
9.8,0.31150700369695894,0.1878553008617273,DMFS,OOD,transbig,TabSurv_M,43
10.0,0.32191717304784306,0.193688818532266,DMFS,OOD,transbig,TabSurv_M,43
1.8,0.05361102781660618,0.052469135802469126,DMFS,OOD,transbig,TabSurv_M,44
2.0,0.06682280388370708,0.06570758085909602,DMFS,OOD,transbig,TabSurv_M,44
2.2,0.07877088622937406,0.07848688909294971,DMFS,OOD,transbig,TabSurv_M,44
2.4,0.08228750051071619,0.08264462809917357,DMFS,OOD,transbig,TabSurv_M,44
2.6,0.0904981914741456,0.0908070605040302,DMFS,OOD,transbig,TabSurv_M,44
2.8,0.09491367799399503,0.09483423436416938,DMFS,OOD,transbig,TabSurv_M,44
3.0,0.09906186947716501,0.09880981495044178,DMFS,OOD,transbig,TabSurv_M,44
3.2,0.1068846821033326,0.10665040665642696,DMFS,OOD,transbig,TabSurv_M,44
3.4,0.11789796802768063,0.11804184506887137,DMFS,OOD,transbig,TabSurv_M,44
3.6,0.12224817183614219,0.1217486363508713,DMFS,OOD,transbig,TabSurv_M,44
3.8,0.12341600775222186,0.1217486363508713,DMFS,OOD,transbig,TabSurv_M,44
4.0,0.12483763327926313,0.1217486363508713,DMFS,OOD,transbig,TabSurv_M,44
4.2,0.12652473246299326,0.1217486363508713,DMFS,OOD,transbig,TabSurv_M,44
4.4,0.1315870364521047,0.1254689695296743,DMFS,OOD,transbig,TabSurv_M,44
4.6,0.1336777648741568,0.1254689695296743,DMFS,OOD,transbig,TabSurv_M,44
4.8,0.15028960482443365,0.14668365280037993,DMFS,OOD,transbig,TabSurv_M,44
5.0,0.15412099757929737,0.15006241476650098,DMFS,OOD,transbig,TabSurv_M,44
5.2,0.15603216681276622,0.15006241476650098,DMFS,OOD,transbig,TabSurv_M,44
5.4,0.16091966367326155,0.15338500649738537,DMFS,OOD,transbig,TabSurv_M,44
5.6,0.1632089876534282,0.15338500649738537,DMFS,OOD,transbig,TabSurv_M,44
5.8,0.16616538334720793,0.1533850064973854,DMFS,OOD,transbig,TabSurv_M,44
6.0,0.16898050996624633,0.1533850064973854,DMFS,OOD,transbig,TabSurv_M,44
6.2,0.1730874482234839,0.15669431493859232,DMFS,OOD,transbig,TabSurv_M,44
6.4,0.17626670323736374,0.15669431493859232,DMFS,OOD,transbig,TabSurv_M,44
6.6,0.18268911281867709,0.15996758361154823,DMFS,OOD,transbig,TabSurv_M,44
6.8,0.18803264534096287,0.1631824075767943,DMFS,OOD,transbig,TabSurv_M,44
7.0,0.1906308880549948,0.16318240757679434,DMFS,OOD,transbig,TabSurv_M,44
7.2,0.19551960197854623,0.16638191447345785,DMFS,OOD,transbig,TabSurv_M,44
7.4,0.20040112250873174,0.16638191447345785,DMFS,OOD,transbig,TabSurv_M,44
7.6,0.20571107523905535,0.16638191447345782,DMFS,OOD,transbig,TabSurv_M,44
7.8,0.21119773287427282,0.16638191447345782,DMFS,OOD,transbig,TabSurv_M,44
8.0,0.21709689689375622,0.17592050605797635,DMFS,OOD,transbig,TabSurv_M,44
8.2,0.2247060440591123,0.18197294747058057,DMFS,OOD,transbig,TabSurv_M,44
8.4,0.23035873695467504,0.18197294747058057,DMFS,OOD,transbig,TabSurv_M,44
8.6,0.2368380035793756,0.1849024572700375,DMFS,OOD,transbig,TabSurv_M,44
8.8,0.2437382657509987,0.18490245727003757,DMFS,OOD,transbig,TabSurv_M,44
9.0,0.25031761065460545,0.18490245727003757,DMFS,OOD,transbig,TabSurv_M,44
9.2,0.25614862842623615,0.18785530086172733,DMFS,OOD,transbig,TabSurv_M,44
9.4,0.2631207009838634,0.18785530086172733,DMFS,OOD,transbig,TabSurv_M,44
9.6,0.270771695030248,0.18785530086172733,DMFS,OOD,transbig,TabSurv_M,44
9.8,0.2770579056438734,0.1878553008617273,DMFS,OOD,transbig,TabSurv_M,44
10.0,0.28708141038088847,0.193688818532266,DMFS,OOD,transbig,TabSurv_M,44
1.8,0.05322284552392383,0.052469135802469126,DMFS,OOD,transbig,DeepHS,40
2.0,0.06690759813753092,0.06570758085909602,DMFS,OOD,transbig,DeepHS,40
2.2,0.09195641540290792,0.07848688909294971,DMFS,OOD,transbig,DeepHS,40
2.4,0.09319367657781309,0.08264462809917357,DMFS,OOD,transbig,DeepHS,40
2.6,0.0972629458833409,0.0908070605040302,DMFS,OOD,transbig,DeepHS,40
2.8,0.0998836662438443,0.09483423436416938,DMFS,OOD,transbig,DeepHS,40
3.0,0.10221079884168632,0.09880981495044178,DMFS,OOD,transbig,DeepHS,40
3.2,0.10664933491315992,0.10665040665642696,DMFS,OOD,transbig,DeepHS,40
3.4,0.1170614530898888,0.11804184506887137,DMFS,OOD,transbig,DeepHS,40
3.6,0.11934199357093776,0.1217486363508713,DMFS,OOD,transbig,DeepHS,40
3.8,0.11934199357093776,0.1217486363508713,DMFS,OOD,transbig,DeepHS,40
4.0,0.11934199357093776,0.1217486363508713,DMFS,OOD,transbig,DeepHS,40
4.2,0.13055811487956465,0.1217486363508713,DMFS,OOD,transbig,DeepHS,40
4.4,0.13222250979818764,0.1254689695296743,DMFS,OOD,transbig,DeepHS,40
4.6,0.13222250979818764,0.1254689695296743,DMFS,OOD,transbig,DeepHS,40
4.8,0.144517790684146,0.14668365280037993,DMFS,OOD,transbig,DeepHS,40
5.0,0.14628998545952693,0.15006241476650098,DMFS,OOD,transbig,DeepHS,40
5.2,0.14628998545952693,0.15006241476650098,DMFS,OOD,transbig,DeepHS,40
5.4,0.14952857547056622,0.15338500649738537,DMFS,OOD,transbig,DeepHS,40
5.6,0.14952857547056622,0.15338500649738537,DMFS,OOD,transbig,DeepHS,40
5.8,0.14987663856027064,0.1533850064973854,DMFS,OOD,transbig,DeepHS,40
6.0,0.14987663856027064,0.1533850064973854,DMFS,OOD,transbig,DeepHS,40
6.2,0.17242971662277762,0.15669431493859232,DMFS,OOD,transbig,DeepHS,40
6.4,0.17242971662277762,0.15669431493859232,DMFS,OOD,transbig,DeepHS,40
6.6,0.17611248652354522,0.15996758361154823,DMFS,OOD,transbig,DeepHS,40
6.8,0.17771583923395584,0.1631824075767943,DMFS,OOD,transbig,DeepHS,40
7.0,0.1773167659072564,0.16318240757679434,DMFS,OOD,transbig,DeepHS,40
7.2,0.17953295722583842,0.16638191447345785,DMFS,OOD,transbig,DeepHS,40
7.4,0.17896230913677894,0.16638191447345785,DMFS,OOD,transbig,DeepHS,40
7.6,0.17959754777456463,0.16638191447345782,DMFS,OOD,transbig,DeepHS,40
7.8,0.1800446228298606,0.16638191447345782,DMFS,OOD,transbig,DeepHS,40
8.0,0.18362211953000881,0.17592050605797635,DMFS,OOD,transbig,DeepHS,40
8.2,0.20923994890026187,0.18197294747058057,DMFS,OOD,transbig,DeepHS,40
8.4,0.20923994890026187,0.18197294747058057,DMFS,OOD,transbig,DeepHS,40
8.6,0.20916325527404342,0.1849024572700375,DMFS,OOD,transbig,DeepHS,40
8.8,0.2092212761552008,0.18490245727003757,DMFS,OOD,transbig,DeepHS,40
9.0,0.2092212761552008,0.18490245727003757,DMFS,OOD,transbig,DeepHS,40
9.2,0.2099918142558851,0.18785530086172733,DMFS,OOD,transbig,DeepHS,40
9.4,0.2099918142558851,0.18785530086172733,DMFS,OOD,transbig,DeepHS,40
9.6,0.209630840485945,0.18785530086172733,DMFS,OOD,transbig,DeepHS,40
9.8,0.20732372260004367,0.1878553008617273,DMFS,OOD,transbig,DeepHS,40
10.0,0.21077742944811417,0.193688818532266,DMFS,OOD,transbig,DeepHS,40
1.8,0.05303890530409031,0.052469135802469126,DMFS,OOD,transbig,DeepHS,41
2.0,0.07222146267775091,0.06570758085909602,DMFS,OOD,transbig,DeepHS,41
2.2,0.08216958806904637,0.07848688909294971,DMFS,OOD,transbig,DeepHS,41
2.4,0.08520378177748544,0.08264462809917357,DMFS,OOD,transbig,DeepHS,41
2.6,0.09186730290836516,0.0908070605040302,DMFS,OOD,transbig,DeepHS,41
2.8,0.0952155761351232,0.09483423436416938,DMFS,OOD,transbig,DeepHS,41
3.0,0.0988200852726426,0.09880981495044178,DMFS,OOD,transbig,DeepHS,41
3.2,0.10542372372213489,0.10665040665642696,DMFS,OOD,transbig,DeepHS,41
3.4,0.11682801284322195,0.11804184506887137,DMFS,OOD,transbig,DeepHS,41
3.6,0.12049320269079807,0.1217486363508713,DMFS,OOD,transbig,DeepHS,41
3.8,0.12049320269079807,0.1217486363508713,DMFS,OOD,transbig,DeepHS,41
4.0,0.13173795358799228,0.1217486363508713,DMFS,OOD,transbig,DeepHS,41
4.2,0.13173795358799228,0.1217486363508713,DMFS,OOD,transbig,DeepHS,41
4.4,0.13434726723667378,0.1254689695296743,DMFS,OOD,transbig,DeepHS,41
4.6,0.13434726723667378,0.1254689695296743,DMFS,OOD,transbig,DeepHS,41
4.8,0.1464247120984028,0.14668365280037993,DMFS,OOD,transbig,DeepHS,41
5.0,0.1489723218626107,0.15006241476650098,DMFS,OOD,transbig,DeepHS,41
5.2,0.1489723218626107,0.15006241476650098,DMFS,OOD,transbig,DeepHS,41
5.4,0.15217772786276337,0.15338500649738537,DMFS,OOD,transbig,DeepHS,41
5.6,0.15217772786276337,0.15338500649738537,DMFS,OOD,transbig,DeepHS,41
5.8,0.15233180044495767,0.1533850064973854,DMFS,OOD,transbig,DeepHS,41
6.0,0.1766763594454465,0.1533850064973854,DMFS,OOD,transbig,DeepHS,41
6.2,0.17816645448625984,0.15669431493859232,DMFS,OOD,transbig,DeepHS,41
6.4,0.17816645448625984,0.15669431493859232,DMFS,OOD,transbig,DeepHS,41
6.6,0.18050062688723473,0.15996758361154823,DMFS,OOD,transbig,DeepHS,41
6.8,0.1815254636026212,0.1631824075767943,DMFS,OOD,transbig,DeepHS,41
7.0,0.18070897377366044,0.16318240757679434,DMFS,OOD,transbig,DeepHS,41
7.2,0.18255459753209233,0.16638191447345785,DMFS,OOD,transbig,DeepHS,41
7.4,0.1820901572431372,0.16638191447345785,DMFS,OOD,transbig,DeepHS,41
7.6,0.18164312035866492,0.16638191447345782,DMFS,OOD,transbig,DeepHS,41
7.8,0.18130195063419285,0.16638191447345782,DMFS,OOD,transbig,DeepHS,41
8.0,0.21021927113033997,0.17592050605797635,DMFS,OOD,transbig,DeepHS,41
8.2,0.21317483438128154,0.18197294747058057,DMFS,OOD,transbig,DeepHS,41
8.4,0.21317483438128154,0.18197294747058057,DMFS,OOD,transbig,DeepHS,41
8.6,0.21399760738825324,0.1849024572700375,DMFS,OOD,transbig,DeepHS,41
8.8,0.21439558151208984,0.18490245727003757,DMFS,OOD,transbig,DeepHS,41
9.0,0.21439558151208984,0.18490245727003757,DMFS,OOD,transbig,DeepHS,41
9.2,0.21519590032240163,0.18785530086172733,DMFS,OOD,transbig,DeepHS,41
9.4,0.21519590032240163,0.18785530086172733,DMFS,OOD,transbig,DeepHS,41
9.6,0.2153983240664022,0.18785530086172733,DMFS,OOD,transbig,DeepHS,41
9.8,0.21505982877929092,0.1878553008617273,DMFS,OOD,transbig,DeepHS,41
10.0,0.23165730572990606,0.193688818532266,DMFS,OOD,transbig,DeepHS,41
1.8,0.06142589577451143,0.052469135802469126,DMFS,OOD,transbig,DeepHS,42
2.0,0.07376746795324611,0.06570758085909602,DMFS,OOD,transbig,DeepHS,42
2.2,0.08568481159863092,0.07848688909294971,DMFS,OOD,transbig,DeepHS,42
2.4,0.08929344115765654,0.08264462809917357,DMFS,OOD,transbig,DeepHS,42
2.6,0.09676188869840213,0.0908070605040302,DMFS,OOD,transbig,DeepHS,42
2.8,0.10071235219292671,0.09483423436416938,DMFS,OOD,transbig,DeepHS,42
3.0,0.10567572183809183,0.09880981495044178,DMFS,OOD,transbig,DeepHS,42
3.2,0.11413335006234306,0.10665040665642696,DMFS,OOD,transbig,DeepHS,42
3.4,0.12571255310110718,0.11804184506887137,DMFS,OOD,transbig,DeepHS,42
3.6,0.13438409577096083,0.1217486363508713,DMFS,OOD,transbig,DeepHS,42
3.8,0.13438409577096083,0.1217486363508713,DMFS,OOD,transbig,DeepHS,42
4.0,0.13438409577096083,0.1217486363508713,DMFS,OOD,transbig,DeepHS,42
4.2,0.13438409577096083,0.1217486363508713,DMFS,OOD,transbig,DeepHS,42
4.4,0.13853688960565116,0.1254689695296743,DMFS,OOD,transbig,DeepHS,42
4.6,0.13853688960565116,0.1254689695296743,DMFS,OOD,transbig,DeepHS,42
4.8,0.1636499499376699,0.14668365280037993,DMFS,OOD,transbig,DeepHS,42
5.0,0.16703532992266978,0.15006241476650098,DMFS,OOD,transbig,DeepHS,42
5.2,0.16703532992266978,0.15006241476650098,DMFS,OOD,transbig,DeepHS,42
5.4,0.17482942990392117,0.15338500649738537,DMFS,OOD,transbig,DeepHS,42
5.6,0.17482942990392117,0.15338500649738537,DMFS,OOD,transbig,DeepHS,42
5.8,0.17447720898632604,0.1533850064973854,DMFS,OOD,transbig,DeepHS,42
6.0,0.17447720898632604,0.1533850064973854,DMFS,OOD,transbig,DeepHS,42
6.2,0.1766815530864579,0.15669431493859232,DMFS,OOD,transbig,DeepHS,42
6.4,0.1766815530864579,0.15669431493859232,DMFS,OOD,transbig,DeepHS,42
6.6,0.17760580838795184,0.15996758361154823,DMFS,OOD,transbig,DeepHS,42
6.8,0.17940853824372688,0.1631824075767943,DMFS,OOD,transbig,DeepHS,42
7.0,0.17967456946613933,0.16318240757679434,DMFS,OOD,transbig,DeepHS,42
7.2,0.18618458990565814,0.16638191447345785,DMFS,OOD,transbig,DeepHS,42
7.4,0.1861093858650205,0.16638191447345785,DMFS,OOD,transbig,DeepHS,42
7.6,0.1864848061196356,0.16638191447345782,DMFS,OOD,transbig,DeepHS,42
7.8,0.18700531266580206,0.16638191447345782,DMFS,OOD,transbig,DeepHS,42
8.0,0.19883648119865246,0.17592050605797635,DMFS,OOD,transbig,DeepHS,42
8.2,0.20446187011702405,0.18197294747058057,DMFS,OOD,transbig,DeepHS,42
8.4,0.20446187011702405,0.18197294747058057,DMFS,OOD,transbig,DeepHS,42
8.6,0.2100046179998913,0.1849024572700375,DMFS,OOD,transbig,DeepHS,42
8.8,0.32843812864440997,0.18490245727003757,DMFS,OOD,transbig,DeepHS,42
9.0,0.32843812864440997,0.18490245727003757,DMFS,OOD,transbig,DeepHS,42
9.2,0.3270941403778008,0.18785530086172733,DMFS,OOD,transbig,DeepHS,42
9.4,0.3270941403778008,0.18785530086172733,DMFS,OOD,transbig,DeepHS,42
9.6,0.3262946471885058,0.18785530086172733,DMFS,OOD,transbig,DeepHS,42
9.8,0.32645683364086847,0.1878553008617273,DMFS,OOD,transbig,DeepHS,42
10.0,0.3224254155121083,0.193688818532266,DMFS,OOD,transbig,DeepHS,42
1.8,0.0575165131682406,0.052469135802469126,DMFS,OOD,transbig,DeepHS,43
2.0,0.06830334514924448,0.06570758085909602,DMFS,OOD,transbig,DeepHS,43
2.2,0.09704681175886667,0.07848688909294971,DMFS,OOD,transbig,DeepHS,43
2.4,0.10042816760322949,0.08264462809917357,DMFS,OOD,transbig,DeepHS,43
2.6,0.10634505566683368,0.0908070605040302,DMFS,OOD,transbig,DeepHS,43
2.8,0.1092241608572966,0.09483423436416938,DMFS,OOD,transbig,DeepHS,43
3.0,0.11281043751801834,0.09880981495044178,DMFS,OOD,transbig,DeepHS,43
3.2,0.11985961623355805,0.10665040665642696,DMFS,OOD,transbig,DeepHS,43
3.4,0.1300242767509803,0.11804184506887137,DMFS,OOD,transbig,DeepHS,43
3.6,0.13259791379351232,0.1217486363508713,DMFS,OOD,transbig,DeepHS,43
3.8,0.13259791379351232,0.1217486363508713,DMFS,OOD,transbig,DeepHS,43
4.0,0.13259791379351232,0.1217486363508713,DMFS,OOD,transbig,DeepHS,43
4.2,0.1650439057772587,0.1217486363508713,DMFS,OOD,transbig,DeepHS,43
4.4,0.1656849939125367,0.1254689695296743,DMFS,OOD,transbig,DeepHS,43
4.6,0.1656849939125367,0.1254689695296743,DMFS,OOD,transbig,DeepHS,43
4.8,0.17577453818759162,0.14668365280037993,DMFS,OOD,transbig,DeepHS,43
5.0,0.1777314195552179,0.15006241476650098,DMFS,OOD,transbig,DeepHS,43
5.2,0.1777314195552179,0.15006241476650098,DMFS,OOD,transbig,DeepHS,43
5.4,0.18050377637626216,0.15338500649738537,DMFS,OOD,transbig,DeepHS,43
5.6,0.18050377637626216,0.15338500649738537,DMFS,OOD,transbig,DeepHS,43
5.8,0.18069930978010357,0.1533850064973854,DMFS,OOD,transbig,DeepHS,43
6.0,0.18069930978010357,0.1533850064973854,DMFS,OOD,transbig,DeepHS,43
6.2,0.2194394896732952,0.15669431493859232,DMFS,OOD,transbig,DeepHS,43
6.4,0.2194394896732952,0.15669431493859232,DMFS,OOD,transbig,DeepHS,43
6.6,0.22110162619836152,0.15996758361154823,DMFS,OOD,transbig,DeepHS,43
6.8,0.22243915968462838,0.1631824075767943,DMFS,OOD,transbig,DeepHS,43
7.0,0.2222111406093015,0.16318240757679434,DMFS,OOD,transbig,DeepHS,43
7.2,0.22344209986861047,0.16638191447345785,DMFS,OOD,transbig,DeepHS,43
7.4,0.221714607170746,0.16638191447345785,DMFS,OOD,transbig,DeepHS,43
7.6,0.22185439194510376,0.16638191447345782,DMFS,OOD,transbig,DeepHS,43
7.8,0.2218978614392605,0.16638191447345782,DMFS,OOD,transbig,DeepHS,43
8.0,0.22354328869129467,0.17592050605797635,DMFS,OOD,transbig,DeepHS,43
8.2,0.24628701761607413,0.18197294747058057,DMFS,OOD,transbig,DeepHS,43
8.4,0.24628701761607413,0.18197294747058057,DMFS,OOD,transbig,DeepHS,43
8.6,0.24442680444279538,0.1849024572700375,DMFS,OOD,transbig,DeepHS,43
8.8,0.24441237776363975,0.18490245727003757,DMFS,OOD,transbig,DeepHS,43
9.0,0.24441237776363975,0.18490245727003757,DMFS,OOD,transbig,DeepHS,43
9.2,0.2428531220235728,0.18785530086172733,DMFS,OOD,transbig,DeepHS,43
9.4,0.2428531220235728,0.18785530086172733,DMFS,OOD,transbig,DeepHS,43
9.6,0.24235976237457943,0.18785530086172733,DMFS,OOD,transbig,DeepHS,43
9.8,0.24194819236450762,0.1878553008617273,DMFS,OOD,transbig,DeepHS,43
10.0,0.24248689273818733,0.193688818532266,DMFS,OOD,transbig,DeepHS,43
1.8,0.08113455964299601,0.052469135802469126,DMFS,OOD,transbig,DeepHS,44
2.0,0.0924575817629227,0.06570758085909602,DMFS,OOD,transbig,DeepHS,44
2.2,0.10073606184476991,0.07848688909294971,DMFS,OOD,transbig,DeepHS,44
2.4,0.10385427100932193,0.08264462809917357,DMFS,OOD,transbig,DeepHS,44
2.6,0.10781614659250822,0.0908070605040302,DMFS,OOD,transbig,DeepHS,44
2.8,0.11208523184914604,0.09483423436416938,DMFS,OOD,transbig,DeepHS,44
3.0,0.11522645334557263,0.09880981495044178,DMFS,OOD,transbig,DeepHS,44
3.2,0.12209128878617372,0.10665040665642696,DMFS,OOD,transbig,DeepHS,44
3.4,0.13247497724203533,0.11804184506887137,DMFS,OOD,transbig,DeepHS,44
3.6,0.14610789616381945,0.1217486363508713,DMFS,OOD,transbig,DeepHS,44
3.8,0.14610789616381945,0.1217486363508713,DMFS,OOD,transbig,DeepHS,44
4.0,0.14610789616381945,0.1217486363508713,DMFS,OOD,transbig,DeepHS,44
4.2,0.14610789616381945,0.1217486363508713,DMFS,OOD,transbig,DeepHS,44
4.4,0.14792349462926654,0.1254689695296743,DMFS,OOD,transbig,DeepHS,44
4.6,0.14792349462926654,0.1254689695296743,DMFS,OOD,transbig,DeepHS,44
4.8,0.1654352653187022,0.14668365280037993,DMFS,OOD,transbig,DeepHS,44
5.0,0.16872825708386868,0.15006241476650098,DMFS,OOD,transbig,DeepHS,44
5.2,0.1794582056274155,0.15006241476650098,DMFS,OOD,transbig,DeepHS,44
5.4,0.18290674257107792,0.15338500649738537,DMFS,OOD,transbig,DeepHS,44
5.6,0.18290674257107792,0.15338500649738537,DMFS,OOD,transbig,DeepHS,44
5.8,0.1832436484571004,0.1533850064973854,DMFS,OOD,transbig,DeepHS,44
6.0,0.1832436484571004,0.1533850064973854,DMFS,OOD,transbig,DeepHS,44
6.2,0.18481536091742792,0.15669431493859232,DMFS,OOD,transbig,DeepHS,44
6.4,0.18481536091742792,0.15669431493859232,DMFS,OOD,transbig,DeepHS,44
6.6,0.18865374424484802,0.15996758361154823,DMFS,OOD,transbig,DeepHS,44
6.8,0.19215322231923412,0.1631824075767943,DMFS,OOD,transbig,DeepHS,44
7.0,0.20097589457302079,0.16318240757679434,DMFS,OOD,transbig,DeepHS,44
7.2,0.20358814247007118,0.16638191447345785,DMFS,OOD,transbig,DeepHS,44
7.4,0.20066560920559018,0.16638191447345785,DMFS,OOD,transbig,DeepHS,44
7.6,0.20105603526948124,0.16638191447345782,DMFS,OOD,transbig,DeepHS,44
7.8,0.20149750143708406,0.16638191447345782,DMFS,OOD,transbig,DeepHS,44
8.0,0.20624875184899666,0.17592050605797635,DMFS,OOD,transbig,DeepHS,44
8.2,0.20828217629548987,0.18197294747058057,DMFS,OOD,transbig,DeepHS,44
8.4,0.20828217629548987,0.18197294747058057,DMFS,OOD,transbig,DeepHS,44
8.6,0.2213080424186065,0.1849024572700375,DMFS,OOD,transbig,DeepHS,44
8.8,0.22185369924495155,0.18490245727003757,DMFS,OOD,transbig,DeepHS,44
9.0,0.22185369924495155,0.18490245727003757,DMFS,OOD,transbig,DeepHS,44
9.2,0.2241273299161643,0.18785530086172733,DMFS,OOD,transbig,DeepHS,44
9.4,0.2241273299161643,0.18785530086172733,DMFS,OOD,transbig,DeepHS,44
9.6,0.22473874458733248,0.18785530086172733,DMFS,OOD,transbig,DeepHS,44
9.8,0.22348888709228143,0.1878553008617273,DMFS,OOD,transbig,DeepHS,44
10.0,0.22715323411628588,0.193688818532266,DMFS,OOD,transbig,DeepHS,44
1.8,0.057418525303999456,0.052469135802469126,DMFS,OOD,transbig,DeepSurv,40
2.0,0.07136714292901682,0.06570758085909602,DMFS,OOD,transbig,DeepSurv,40
2.2,0.08844183160029707,0.07848688909294971,DMFS,OOD,transbig,DeepSurv,40
2.4,0.09792090409804378,0.08264462809917357,DMFS,OOD,transbig,DeepSurv,40
2.6,0.10363106639568757,0.0908070605040302,DMFS,OOD,transbig,DeepSurv,40
2.8,0.1121947551356931,0.09483423436416938,DMFS,OOD,transbig,DeepSurv,40
3.0,0.11908578182946478,0.09880981495044178,DMFS,OOD,transbig,DeepSurv,40
3.2,0.12837743168796387,0.10665040665642696,DMFS,OOD,transbig,DeepSurv,40
3.4,0.14545499736952155,0.11804184506887137,DMFS,OOD,transbig,DeepSurv,40
3.6,0.1480663760646021,0.1217486363508713,DMFS,OOD,transbig,DeepSurv,40
3.8,0.1480663760646021,0.1217486363508713,DMFS,OOD,transbig,DeepSurv,40
4.0,0.1480663760646021,0.1217486363508713,DMFS,OOD,transbig,DeepSurv,40
4.2,0.1480663760646021,0.1217486363508713,DMFS,OOD,transbig,DeepSurv,40
4.4,0.14893690884224048,0.1254689695296743,DMFS,OOD,transbig,DeepSurv,40
4.6,0.15505780362623778,0.1254689695296743,DMFS,OOD,transbig,DeepSurv,40
4.8,0.18793944939254684,0.14668365280037993,DMFS,OOD,transbig,DeepSurv,40
5.0,0.19528928006629517,0.15006241476650098,DMFS,OOD,transbig,DeepSurv,40
5.2,0.19528928006629517,0.15006241476650098,DMFS,OOD,transbig,DeepSurv,40
5.4,0.19896534439164443,0.15338500649738537,DMFS,OOD,transbig,DeepSurv,40
5.6,0.19896534439164443,0.15338500649738537,DMFS,OOD,transbig,DeepSurv,40
5.8,0.1997352742310144,0.1533850064973854,DMFS,OOD,transbig,DeepSurv,40
6.0,0.1997352742310144,0.1533850064973854,DMFS,OOD,transbig,DeepSurv,40
6.2,0.19874778317246833,0.15669431493859232,DMFS,OOD,transbig,DeepSurv,40
6.4,0.19874778317246833,0.15669431493859232,DMFS,OOD,transbig,DeepSurv,40
6.6,0.2040910830640999,0.15996758361154823,DMFS,OOD,transbig,DeepSurv,40
6.8,0.2075604204173824,0.1631824075767943,DMFS,OOD,transbig,DeepSurv,40
7.0,0.2173837260111265,0.16318240757679434,DMFS,OOD,transbig,DeepSurv,40
7.2,0.21574429425276911,0.16638191447345785,DMFS,OOD,transbig,DeepSurv,40
7.4,0.21619536351553906,0.16638191447345785,DMFS,OOD,transbig,DeepSurv,40
7.6,0.2166569753175965,0.16638191447345782,DMFS,OOD,transbig,DeepSurv,40
7.8,0.21760146632226035,0.16638191447345782,DMFS,OOD,transbig,DeepSurv,40
8.0,0.22186637852543034,0.17592050605797635,DMFS,OOD,transbig,DeepSurv,40
8.2,0.23755665246461444,0.18197294747058057,DMFS,OOD,transbig,DeepSurv,40
8.4,0.23755665246461444,0.18197294747058057,DMFS,OOD,transbig,DeepSurv,40
8.6,0.252833176976041,0.1849024572700375,DMFS,OOD,transbig,DeepSurv,40
8.8,0.25413016904705793,0.18490245727003757,DMFS,OOD,transbig,DeepSurv,40
9.0,0.25413016904705793,0.18490245727003757,DMFS,OOD,transbig,DeepSurv,40
9.2,0.26253303580561005,0.18785530086172733,DMFS,OOD,transbig,DeepSurv,40
9.4,0.26253303580561005,0.18785530086172733,DMFS,OOD,transbig,DeepSurv,40
9.6,0.26348447350375115,0.18785530086172733,DMFS,OOD,transbig,DeepSurv,40
9.8,0.2602964021770143,0.1878553008617273,DMFS,OOD,transbig,DeepSurv,40
10.0,0.26915224464631476,0.193688818532266,DMFS,OOD,transbig,DeepSurv,40
1.8,0.054804837487880245,0.052469135802469126,DMFS,OOD,transbig,DeepSurv,41
2.0,0.07014338761150275,0.06570758085909602,DMFS,OOD,transbig,DeepSurv,41
2.2,0.08337579252829086,0.07848688909294971,DMFS,OOD,transbig,DeepSurv,41
2.4,0.08695657609203891,0.08264462809917357,DMFS,OOD,transbig,DeepSurv,41
2.6,0.09681367715417649,0.0908070605040302,DMFS,OOD,transbig,DeepSurv,41
2.8,0.09644646501695325,0.09483423436416938,DMFS,OOD,transbig,DeepSurv,41
3.0,0.10080488189329961,0.09880981495044178,DMFS,OOD,transbig,DeepSurv,41
3.2,0.11079162409446153,0.10665040665642696,DMFS,OOD,transbig,DeepSurv,41
3.4,0.12433516699860846,0.11804184506887137,DMFS,OOD,transbig,DeepSurv,41
3.6,0.12670494819264733,0.1217486363508713,DMFS,OOD,transbig,DeepSurv,41
3.8,0.12670494819264733,0.1217486363508713,DMFS,OOD,transbig,DeepSurv,41
4.0,0.12855703492914566,0.1217486363508713,DMFS,OOD,transbig,DeepSurv,41
4.2,0.12855703492914566,0.1217486363508713,DMFS,OOD,transbig,DeepSurv,41
4.4,0.1332128929293479,0.1254689695296743,DMFS,OOD,transbig,DeepSurv,41
4.6,0.1359407876389536,0.1254689695296743,DMFS,OOD,transbig,DeepSurv,41
4.8,0.16096515365869804,0.14668365280037993,DMFS,OOD,transbig,DeepSurv,41
5.0,0.1690124716244959,0.15006241476650098,DMFS,OOD,transbig,DeepSurv,41
5.2,0.17531848725519364,0.15006241476650098,DMFS,OOD,transbig,DeepSurv,41
5.4,0.18061884087131913,0.15338500649738537,DMFS,OOD,transbig,DeepSurv,41
5.6,0.19125388048291192,0.15338500649738537,DMFS,OOD,transbig,DeepSurv,41
5.8,0.19187166717316095,0.1533850064973854,DMFS,OOD,transbig,DeepSurv,41
6.0,0.19187166717316095,0.1533850064973854,DMFS,OOD,transbig,DeepSurv,41
6.2,0.19570906928083748,0.15669431493859232,DMFS,OOD,transbig,DeepSurv,41
6.4,0.19570906928083748,0.15669431493859232,DMFS,OOD,transbig,DeepSurv,41
6.6,0.20105714495464855,0.15996758361154823,DMFS,OOD,transbig,DeepSurv,41
6.8,0.209848349965504,0.1631824075767943,DMFS,OOD,transbig,DeepSurv,41
7.0,0.20712959908288248,0.16318240757679434,DMFS,OOD,transbig,DeepSurv,41
7.2,0.20804213170734837,0.16638191447345785,DMFS,OOD,transbig,DeepSurv,41
7.4,0.20944682074225673,0.16638191447345785,DMFS,OOD,transbig,DeepSurv,41
7.6,0.21852380455350326,0.16638191447345782,DMFS,OOD,transbig,DeepSurv,41
7.8,0.2179027716146985,0.16638191447345782,DMFS,OOD,transbig,DeepSurv,41
8.0,0.2302870782165179,0.17592050605797635,DMFS,OOD,transbig,DeepSurv,41
8.2,0.2391734593291186,0.18197294747058057,DMFS,OOD,transbig,DeepSurv,41
8.4,0.2391734593291186,0.18197294747058057,DMFS,OOD,transbig,DeepSurv,41
8.6,0.25572525538109653,0.1849024572700375,DMFS,OOD,transbig,DeepSurv,41
8.8,0.2568617596287206,0.18490245727003757,DMFS,OOD,transbig,DeepSurv,41
9.0,0.2568617596287206,0.18490245727003757,DMFS,OOD,transbig,DeepSurv,41
9.2,0.25844332125691055,0.18785530086172733,DMFS,OOD,transbig,DeepSurv,41
9.4,0.25844332125691055,0.18785530086172733,DMFS,OOD,transbig,DeepSurv,41
9.6,0.2788266092280862,0.18785530086172733,DMFS,OOD,transbig,DeepSurv,41
9.8,0.2756379854231063,0.1878553008617273,DMFS,OOD,transbig,DeepSurv,41
10.0,0.2827738022524552,0.193688818532266,DMFS,OOD,transbig,DeepSurv,41
1.8,0.053953320883827566,0.052469135802469126,DMFS,OOD,transbig,DeepSurv,42
2.0,0.0683803012792804,0.06570758085909602,DMFS,OOD,transbig,DeepSurv,42
2.2,0.08287217764018903,0.07848688909294971,DMFS,OOD,transbig,DeepSurv,42
2.4,0.08755629143126871,0.08264462809917357,DMFS,OOD,transbig,DeepSurv,42
2.6,0.09752310438386905,0.0908070605040302,DMFS,OOD,transbig,DeepSurv,42
2.8,0.10261175050566103,0.09483423436416938,DMFS,OOD,transbig,DeepSurv,42
3.0,0.1076879231945197,0.09880981495044178,DMFS,OOD,transbig,DeepSurv,42
3.2,0.11766202138126208,0.10665040665642696,DMFS,OOD,transbig,DeepSurv,42
3.4,0.13300574572340945,0.11804184506887137,DMFS,OOD,transbig,DeepSurv,42
3.6,0.1380595683482569,0.1217486363508713,DMFS,OOD,transbig,DeepSurv,42
3.8,0.1380595683482569,0.1217486363508713,DMFS,OOD,transbig,DeepSurv,42
4.0,0.1380595683482569,0.1217486363508713,DMFS,OOD,transbig,DeepSurv,42
4.2,0.1380595683482569,0.1217486363508713,DMFS,OOD,transbig,DeepSurv,42
4.4,0.14227818096784914,0.1254689695296743,DMFS,OOD,transbig,DeepSurv,42
4.6,0.14227818096784914,0.1254689695296743,DMFS,OOD,transbig,DeepSurv,42
4.8,0.17335938718100383,0.14668365280037993,DMFS,OOD,transbig,DeepSurv,42
5.0,0.17589146575286904,0.15006241476650098,DMFS,OOD,transbig,DeepSurv,42
5.2,0.1755346022127718,0.15006241476650098,DMFS,OOD,transbig,DeepSurv,42
5.4,0.18075669165777625,0.15338500649738537,DMFS,OOD,transbig,DeepSurv,42
5.6,0.18075669165777625,0.15338500649738537,DMFS,OOD,transbig,DeepSurv,42
5.8,0.18083310359832797,0.1533850064973854,DMFS,OOD,transbig,DeepSurv,42
6.0,0.18083310359832797,0.1533850064973854,DMFS,OOD,transbig,DeepSurv,42
6.2,0.18450509145616456,0.15669431493859232,DMFS,OOD,transbig,DeepSurv,42
6.4,0.1846253649865448,0.15669431493859232,DMFS,OOD,transbig,DeepSurv,42
6.6,0.18998653136865354,0.15996758361154823,DMFS,OOD,transbig,DeepSurv,42
6.8,0.1956381740248851,0.1631824075767943,DMFS,OOD,transbig,DeepSurv,42
7.0,0.1905285255481698,0.16318240757679434,DMFS,OOD,transbig,DeepSurv,42
7.2,0.19501869990633433,0.16638191447345785,DMFS,OOD,transbig,DeepSurv,42
7.4,0.19535464961185178,0.16638191447345785,DMFS,OOD,transbig,DeepSurv,42
7.6,0.19552768043999155,0.16638191447345782,DMFS,OOD,transbig,DeepSurv,42
7.8,0.1957047998906167,0.16638191447345782,DMFS,OOD,transbig,DeepSurv,42
8.0,0.21160895011451736,0.17592050605797635,DMFS,OOD,transbig,DeepSurv,42
8.2,0.22367875828341485,0.18197294747058057,DMFS,OOD,transbig,DeepSurv,42
8.4,0.22367875828341485,0.18197294747058057,DMFS,OOD,transbig,DeepSurv,42
8.6,0.23270201509780325,0.1849024572700375,DMFS,OOD,transbig,DeepSurv,42
8.8,0.2330714377116518,0.18490245727003757,DMFS,OOD,transbig,DeepSurv,42
9.0,0.2481285055187338,0.18490245727003757,DMFS,OOD,transbig,DeepSurv,42
9.2,0.25476349266102244,0.18785530086172733,DMFS,OOD,transbig,DeepSurv,42
9.4,0.25476349266102244,0.18785530086172733,DMFS,OOD,transbig,DeepSurv,42
9.6,0.255564179194119,0.18785530086172733,DMFS,OOD,transbig,DeepSurv,42
9.8,0.251229026543175,0.1878553008617273,DMFS,OOD,transbig,DeepSurv,42
10.0,0.2546008839450495,0.193688818532266,DMFS,OOD,transbig,DeepSurv,42
1.8,0.05594200682495724,0.052469135802469126,DMFS,OOD,transbig,DeepSurv,43
2.0,0.07262280142022583,0.06570758085909602,DMFS,OOD,transbig,DeepSurv,43
2.2,0.09222148076146418,0.07848688909294971,DMFS,OOD,transbig,DeepSurv,43
2.4,0.09929838829597883,0.08264462809917357,DMFS,OOD,transbig,DeepSurv,43
2.6,0.10804531171324507,0.0908070605040302,DMFS,OOD,transbig,DeepSurv,43
2.8,0.11175294014987767,0.09483423436416938,DMFS,OOD,transbig,DeepSurv,43
3.0,0.11549669635231331,0.09880981495044178,DMFS,OOD,transbig,DeepSurv,43
3.2,0.12449253212459144,0.10665040665642696,DMFS,OOD,transbig,DeepSurv,43
3.4,0.13895125094789407,0.11804184506887137,DMFS,OOD,transbig,DeepSurv,43
3.6,0.14264584403812464,0.1217486363508713,DMFS,OOD,transbig,DeepSurv,43
3.8,0.1418768949791056,0.1217486363508713,DMFS,OOD,transbig,DeepSurv,43
4.0,0.14150144273003934,0.1217486363508713,DMFS,OOD,transbig,DeepSurv,43
4.2,0.14157242952673177,0.1217486363508713,DMFS,OOD,transbig,DeepSurv,43
4.4,0.14691931051971913,0.1254689695296743,DMFS,OOD,transbig,DeepSurv,43
4.6,0.14744932547515496,0.1254689695296743,DMFS,OOD,transbig,DeepSurv,43
4.8,0.17773796569215694,0.14668365280037993,DMFS,OOD,transbig,DeepSurv,43
5.0,0.1795396273624073,0.15006241476650098,DMFS,OOD,transbig,DeepSurv,43
5.2,0.1787815219263149,0.15006241476650098,DMFS,OOD,transbig,DeepSurv,43
5.4,0.18395152541670232,0.15338500649738537,DMFS,OOD,transbig,DeepSurv,43
5.6,0.18395152541670232,0.15338500649738537,DMFS,OOD,transbig,DeepSurv,43
5.8,0.18424786298235102,0.1533850064973854,DMFS,OOD,transbig,DeepSurv,43
6.0,0.18424786298235102,0.1533850064973854,DMFS,OOD,transbig,DeepSurv,43
6.2,0.18936598791941775,0.15669431493859232,DMFS,OOD,transbig,DeepSurv,43
6.4,0.1893395037497051,0.15669431493859232,DMFS,OOD,transbig,DeepSurv,43
6.6,0.19471357653654883,0.15996758361154823,DMFS,OOD,transbig,DeepSurv,43
6.8,0.19995630274730453,0.1631824075767943,DMFS,OOD,transbig,DeepSurv,43
7.0,0.1981995081426411,0.16318240757679434,DMFS,OOD,transbig,DeepSurv,43
7.2,0.20378166532322317,0.16638191447345785,DMFS,OOD,transbig,DeepSurv,43
7.4,0.2045655733320633,0.16638191447345785,DMFS,OOD,transbig,DeepSurv,43
7.6,0.2049593924578798,0.16638191447345782,DMFS,OOD,transbig,DeepSurv,43
7.8,0.20536338960826755,0.16638191447345782,DMFS,OOD,transbig,DeepSurv,43
8.0,0.21783974350452293,0.17592050605797635,DMFS,OOD,transbig,DeepSurv,43
8.2,0.22595065540980766,0.18197294747058057,DMFS,OOD,transbig,DeepSurv,43
8.4,0.22595065540980766,0.18197294747058057,DMFS,OOD,transbig,DeepSurv,43
8.6,0.23051084955126455,0.1849024572700375,DMFS,OOD,transbig,DeepSurv,43
8.8,0.23111015740037372,0.18490245727003757,DMFS,OOD,transbig,DeepSurv,43
9.0,0.23111015740037372,0.18490245727003757,DMFS,OOD,transbig,DeepSurv,43
9.2,0.23756200223708254,0.18785530086172733,DMFS,OOD,transbig,DeepSurv,43
9.4,0.23756200223708254,0.18785530086172733,DMFS,OOD,transbig,DeepSurv,43
9.6,0.23792854037186462,0.18785530086172733,DMFS,OOD,transbig,DeepSurv,43
9.8,0.23323022417635814,0.1878553008617273,DMFS,OOD,transbig,DeepSurv,43
10.0,0.24443604987014889,0.193688818532266,DMFS,OOD,transbig,DeepSurv,43
1.8,0.05488285941680209,0.052469135802469126,DMFS,OOD,transbig,DeepSurv,44
2.0,0.06957800580374429,0.06570758085909602,DMFS,OOD,transbig,DeepSurv,44
2.2,0.08454915651240251,0.07848688909294971,DMFS,OOD,transbig,DeepSurv,44
2.4,0.088505222147891,0.08264462809917357,DMFS,OOD,transbig,DeepSurv,44
2.6,0.09791271113459027,0.0908070605040302,DMFS,OOD,transbig,DeepSurv,44
2.8,0.10341091599491783,0.09483423436416938,DMFS,OOD,transbig,DeepSurv,44
3.0,0.10812674766258056,0.09880981495044178,DMFS,OOD,transbig,DeepSurv,44
3.2,0.11798469935935295,0.10665040665642696,DMFS,OOD,transbig,DeepSurv,44
3.4,0.13078022978749496,0.11804184506887137,DMFS,OOD,transbig,DeepSurv,44
3.6,0.13568924739223492,0.1217486363508713,DMFS,OOD,transbig,DeepSurv,44
3.8,0.13561958092808635,0.1217486363508713,DMFS,OOD,transbig,DeepSurv,44
4.0,0.13561958092808635,0.1217486363508713,DMFS,OOD,transbig,DeepSurv,44
4.2,0.13564515918400347,0.1217486363508713,DMFS,OOD,transbig,DeepSurv,44
4.4,0.13860681475225825,0.1254689695296743,DMFS,OOD,transbig,DeepSurv,44
4.6,0.13860681475225825,0.1254689695296743,DMFS,OOD,transbig,DeepSurv,44
4.8,0.1650467138027774,0.14668365280037993,DMFS,OOD,transbig,DeepSurv,44
5.0,0.16810745508732927,0.15006241476650098,DMFS,OOD,transbig,DeepSurv,44
5.2,0.16810745508732927,0.15006241476650098,DMFS,OOD,transbig,DeepSurv,44
5.4,0.1734048890399784,0.15338500649738537,DMFS,OOD,transbig,DeepSurv,44
5.6,0.1734048890399784,0.15338500649738537,DMFS,OOD,transbig,DeepSurv,44
5.8,0.17364394394835428,0.1533850064973854,DMFS,OOD,transbig,DeepSurv,44
6.0,0.17364394394835428,0.1533850064973854,DMFS,OOD,transbig,DeepSurv,44
6.2,0.17478942067867387,0.15669431493859232,DMFS,OOD,transbig,DeepSurv,44
6.4,0.17478942067867387,0.15669431493859232,DMFS,OOD,transbig,DeepSurv,44
6.6,0.18013659287837677,0.15996758361154823,DMFS,OOD,transbig,DeepSurv,44
6.8,0.1849307583716232,0.1631824075767943,DMFS,OOD,transbig,DeepSurv,44
7.0,0.18019055715789858,0.16318240757679434,DMFS,OOD,transbig,DeepSurv,44
7.2,0.18521970412033922,0.16638191447345785,DMFS,OOD,transbig,DeepSurv,44
7.4,0.18565121694681788,0.16638191447345785,DMFS,OOD,transbig,DeepSurv,44
7.6,0.18587286651947438,0.16638191447345782,DMFS,OOD,transbig,DeepSurv,44
7.8,0.1860967084715333,0.16638191447345782,DMFS,OOD,transbig,DeepSurv,44
8.0,0.19816541677803365,0.17592050605797635,DMFS,OOD,transbig,DeepSurv,44
8.2,0.2077971036411595,0.18197294747058057,DMFS,OOD,transbig,DeepSurv,44
8.4,0.2045905585036295,0.18197294747058057,DMFS,OOD,transbig,DeepSurv,44
8.6,0.20867665948603492,0.1849024572700375,DMFS,OOD,transbig,DeepSurv,44
8.8,0.20898851139704602,0.18490245727003757,DMFS,OOD,transbig,DeepSurv,44
9.0,0.20898851139704602,0.18490245727003757,DMFS,OOD,transbig,DeepSurv,44
9.2,0.21445919374456254,0.18785530086172733,DMFS,OOD,transbig,DeepSurv,44
9.4,0.21445919374456254,0.18785530086172733,DMFS,OOD,transbig,DeepSurv,44
9.6,0.21311594405110887,0.18785530086172733,DMFS,OOD,transbig,DeepSurv,44
9.8,0.20891754481197336,0.1878553008617273,DMFS,OOD,transbig,DeepSurv,44
10.0,0.22036693410648828,0.193688818532266,DMFS,OOD,transbig,DeepSurv,44
1.8,0.06769124081229762,0.052469135802469126,DMFS,OOD,transbig,ENCox,40
2.0,0.08754401927696215,0.06570758085909602,DMFS,OOD,transbig,ENCox,40
2.2,0.11492229547178452,0.07848688909294971,DMFS,OOD,transbig,ENCox,40
2.4,0.14056407338151203,0.08264462809917357,DMFS,OOD,transbig,ENCox,40
2.6,0.14361967178016377,0.0908070605040302,DMFS,OOD,transbig,ENCox,40
2.8,0.14884441515511038,0.09483423436416938,DMFS,OOD,transbig,ENCox,40
3.0,0.15677898917655403,0.09880981495044178,DMFS,OOD,transbig,ENCox,40
3.2,0.16864670876665327,0.10665040665642696,DMFS,OOD,transbig,ENCox,40
3.4,0.18454755173699766,0.11804184506887137,DMFS,OOD,transbig,ENCox,40
3.6,0.1821577670961895,0.1217486363508713,DMFS,OOD,transbig,ENCox,40
3.8,0.1821577670961895,0.1217486363508713,DMFS,OOD,transbig,ENCox,40
4.0,0.1821577670961895,0.1217486363508713,DMFS,OOD,transbig,ENCox,40
4.2,0.1821577670961895,0.1217486363508713,DMFS,OOD,transbig,ENCox,40
4.4,0.18303532590675023,0.1254689695296743,DMFS,OOD,transbig,ENCox,40
4.6,0.19508996884422558,0.1254689695296743,DMFS,OOD,transbig,ENCox,40
4.8,0.23832504748513922,0.14668365280037993,DMFS,OOD,transbig,ENCox,40
5.0,0.25337598070761247,0.15006241476650098,DMFS,OOD,transbig,ENCox,40
5.2,0.25337598070761247,0.15006241476650098,DMFS,OOD,transbig,ENCox,40
5.4,0.25829706666624164,0.15338500649738537,DMFS,OOD,transbig,ENCox,40
5.6,0.25829706666624164,0.15338500649738537,DMFS,OOD,transbig,ENCox,40
5.8,0.25947914496751134,0.1533850064973854,DMFS,OOD,transbig,ENCox,40
6.0,0.25947914496751134,0.1533850064973854,DMFS,OOD,transbig,ENCox,40
6.2,0.25669465050419943,0.15669431493859232,DMFS,OOD,transbig,ENCox,40
6.4,0.25669465050419943,0.15669431493859232,DMFS,OOD,transbig,ENCox,40
6.6,0.2592659945248397,0.15996758361154823,DMFS,OOD,transbig,ENCox,40
6.8,0.2577908887396895,0.1631824075767943,DMFS,OOD,transbig,ENCox,40
7.0,0.27512957556886314,0.16318240757679434,DMFS,OOD,transbig,ENCox,40
7.2,0.27434056608817664,0.16638191447345785,DMFS,OOD,transbig,ENCox,40
7.4,0.2767599861171902,0.16638191447345785,DMFS,OOD,transbig,ENCox,40
7.6,0.2777991180535786,0.16638191447345782,DMFS,OOD,transbig,ENCox,40
7.8,0.2784670417193392,0.16638191447345782,DMFS,OOD,transbig,ENCox,40
8.0,0.27151846746768954,0.17592050605797635,DMFS,OOD,transbig,ENCox,40
8.2,0.30149696563293943,0.18197294747058057,DMFS,OOD,transbig,ENCox,40
8.4,0.30149696563293943,0.18197294747058057,DMFS,OOD,transbig,ENCox,40
8.6,0.32986155536536804,0.1849024572700375,DMFS,OOD,transbig,ENCox,40
8.8,0.33172579909946326,0.18490245727003757,DMFS,OOD,transbig,ENCox,40
9.0,0.33172579909946326,0.18490245727003757,DMFS,OOD,transbig,ENCox,40
9.2,0.33490737921752417,0.18785530086172733,DMFS,OOD,transbig,ENCox,40
9.4,0.33490737921752417,0.18785530086172733,DMFS,OOD,transbig,ENCox,40
9.6,0.33683488525879796,0.18785530086172733,DMFS,OOD,transbig,ENCox,40
9.8,0.33581055100433066,0.1878553008617273,DMFS,OOD,transbig,ENCox,40
10.0,0.3391693177112265,0.193688818532266,DMFS,OOD,transbig,ENCox,40
1.8,0.05369872428544445,0.052469135802469126,DMFS,OOD,transbig,ENCox,41
2.0,0.06797133864647735,0.06570758085909602,DMFS,OOD,transbig,ENCox,41
2.2,0.08296462203052463,0.07848688909294971,DMFS,OOD,transbig,ENCox,41
2.4,0.08789989970825852,0.08264462809917357,DMFS,OOD,transbig,ENCox,41
2.6,0.09657537608811506,0.0908070605040302,DMFS,OOD,transbig,ENCox,41
2.8,0.10134183551331837,0.09483423436416938,DMFS,OOD,transbig,ENCox,41
3.0,0.10460512251251104,0.09880981495044178,DMFS,OOD,transbig,ENCox,41
3.2,0.11296282207280275,0.10665040665642696,DMFS,OOD,transbig,ENCox,41
3.4,0.12218906608470731,0.11804184506887137,DMFS,OOD,transbig,ENCox,41
3.6,0.12580558533455305,0.1217486363508713,DMFS,OOD,transbig,ENCox,41
3.8,0.12580558533455305,0.1217486363508713,DMFS,OOD,transbig,ENCox,41
4.0,0.12809179111794666,0.1217486363508713,DMFS,OOD,transbig,ENCox,41
4.2,0.12809179111794666,0.1217486363508713,DMFS,OOD,transbig,ENCox,41
4.4,0.13075952912061894,0.1254689695296743,DMFS,OOD,transbig,ENCox,41
4.6,0.13328211133718795,0.1254689695296743,DMFS,OOD,transbig,ENCox,41
4.8,0.152936827060598,0.14668365280037993,DMFS,OOD,transbig,ENCox,41
5.0,0.15814215982839536,0.15006241476650098,DMFS,OOD,transbig,ENCox,41
5.2,0.16129623485221814,0.15006241476650098,DMFS,OOD,transbig,ENCox,41
5.4,0.16415445362984687,0.15338500649738537,DMFS,OOD,transbig,ENCox,41
5.6,0.1682580805508311,0.15338500649738537,DMFS,OOD,transbig,ENCox,41
5.8,0.16835707384104753,0.1533850064973854,DMFS,OOD,transbig,ENCox,41
6.0,0.16835707384104753,0.1533850064973854,DMFS,OOD,transbig,ENCox,41
6.2,0.1699249468376107,0.15669431493859232,DMFS,OOD,transbig,ENCox,41
6.4,0.1699249468376107,0.15669431493859232,DMFS,OOD,transbig,ENCox,41
6.6,0.17315044155555892,0.15996758361154823,DMFS,OOD,transbig,ENCox,41
6.8,0.18014567458891823,0.1631824075767943,DMFS,OOD,transbig,ENCox,41
7.0,0.17931029212132601,0.16318240757679434,DMFS,OOD,transbig,ENCox,41
7.2,0.18033337592386633,0.16638191447345785,DMFS,OOD,transbig,ENCox,41
7.4,0.180812674366564,0.16638191447345785,DMFS,OOD,transbig,ENCox,41
7.6,0.18712520495254573,0.16638191447345782,DMFS,OOD,transbig,ENCox,41
7.8,0.1867452465933385,0.16638191447345782,DMFS,OOD,transbig,ENCox,41
8.0,0.1911289562846853,0.17592050605797635,DMFS,OOD,transbig,ENCox,41
8.2,0.19544992815547824,0.18197294747058057,DMFS,OOD,transbig,ENCox,41
8.4,0.19544992815547824,0.18197294747058057,DMFS,OOD,transbig,ENCox,41
8.6,0.20335536862312364,0.1849024572700375,DMFS,OOD,transbig,ENCox,41
8.8,0.20376260390030848,0.18490245727003757,DMFS,OOD,transbig,ENCox,41
9.0,0.20376260390030848,0.18490245727003757,DMFS,OOD,transbig,ENCox,41
9.2,0.20431735574952592,0.18785530086172733,DMFS,OOD,transbig,ENCox,41
9.4,0.20431735574952592,0.18785530086172733,DMFS,OOD,transbig,ENCox,41
9.6,0.21572105774658296,0.18785530086172733,DMFS,OOD,transbig,ENCox,41
9.8,0.21529549952995505,0.1878553008617273,DMFS,OOD,transbig,ENCox,41
10.0,0.21893120201677704,0.193688818532266,DMFS,OOD,transbig,ENCox,41
1.8,0.05337177590868225,0.052469135802469126,DMFS,OOD,transbig,ENCox,42
2.0,0.067181887370068,0.06570758085909602,DMFS,OOD,transbig,ENCox,42
2.2,0.08168969148564054,0.07848688909294971,DMFS,OOD,transbig,ENCox,42
2.4,0.08680423226264257,0.08264462809917357,DMFS,OOD,transbig,ENCox,42
2.6,0.09668120897422403,0.0908070605040302,DMFS,OOD,transbig,ENCox,42
2.8,0.10144031415825157,0.09483423436416938,DMFS,OOD,transbig,ENCox,42
3.0,0.10640981538421339,0.09880981495044178,DMFS,OOD,transbig,ENCox,42
3.2,0.11593046530444334,0.10665040665642696,DMFS,OOD,transbig,ENCox,42
3.4,0.13195950508581036,0.11804184506887137,DMFS,OOD,transbig,ENCox,42
3.6,0.13193952900508074,0.1217486363508713,DMFS,OOD,transbig,ENCox,42
3.8,0.13193952900508074,0.1217486363508713,DMFS,OOD,transbig,ENCox,42
4.0,0.13193952900508074,0.1217486363508713,DMFS,OOD,transbig,ENCox,42
4.2,0.13193952900508074,0.1217486363508713,DMFS,OOD,transbig,ENCox,42
4.4,0.13638536818050231,0.1254689695296743,DMFS,OOD,transbig,ENCox,42
4.6,0.13638536818050231,0.1254689695296743,DMFS,OOD,transbig,ENCox,42
4.8,0.1661869987386305,0.14668365280037993,DMFS,OOD,transbig,ENCox,42
5.0,0.1705701318111845,0.15006241476650098,DMFS,OOD,transbig,ENCox,42
5.2,0.17244018694607632,0.15006241476650098,DMFS,OOD,transbig,ENCox,42
5.4,0.1770007999132574,0.15338500649738537,DMFS,OOD,transbig,ENCox,42
5.6,0.1770007999132574,0.15338500649738537,DMFS,OOD,transbig,ENCox,42
5.8,0.17716315412607053,0.1533850064973854,DMFS,OOD,transbig,ENCox,42
6.0,0.17716315412607053,0.1533850064973854,DMFS,OOD,transbig,ENCox,42
6.2,0.1827974454213097,0.15669431493859232,DMFS,OOD,transbig,ENCox,42
6.4,0.18882697483630453,0.15669431493859232,DMFS,OOD,transbig,ENCox,42
6.6,0.19361424763407234,0.15996758361154823,DMFS,OOD,transbig,ENCox,42
6.8,0.20658836979936743,0.1631824075767943,DMFS,OOD,transbig,ENCox,42
7.0,0.2068431734106886,0.16318240757679434,DMFS,OOD,transbig,ENCox,42
7.2,0.20918767344281702,0.16638191447345785,DMFS,OOD,transbig,ENCox,42
7.4,0.21004971772725226,0.16638191447345785,DMFS,OOD,transbig,ENCox,42
7.6,0.20989394023954466,0.16638191447345782,DMFS,OOD,transbig,ENCox,42
7.8,0.21036863796512098,0.16638191447345782,DMFS,OOD,transbig,ENCox,42
8.0,0.2225971483482494,0.17592050605797635,DMFS,OOD,transbig,ENCox,42
8.2,0.2389294272320697,0.18197294747058057,DMFS,OOD,transbig,ENCox,42
8.4,0.2389294272320697,0.18197294747058057,DMFS,OOD,transbig,ENCox,42
8.6,0.25806812530237383,0.1849024572700375,DMFS,OOD,transbig,ENCox,42
8.8,0.25889856775941056,0.18490245727003757,DMFS,OOD,transbig,ENCox,42
9.0,0.3018372083193647,0.18490245727003757,DMFS,OOD,transbig,ENCox,42
9.2,0.30401708628228646,0.18785530086172733,DMFS,OOD,transbig,ENCox,42
9.4,0.30401708628228646,0.18785530086172733,DMFS,OOD,transbig,ENCox,42
9.6,0.30520772652392536,0.18785530086172733,DMFS,OOD,transbig,ENCox,42
9.8,0.30148626600864725,0.1878553008617273,DMFS,OOD,transbig,ENCox,42
10.0,0.3064484015020136,0.193688818532266,DMFS,OOD,transbig,ENCox,42
1.8,0.05170579263918595,0.052469135802469126,DMFS,OOD,transbig,ENCox,43
2.0,0.06476823721380277,0.06570758085909602,DMFS,OOD,transbig,ENCox,43
2.2,0.07698528776711813,0.07848688909294971,DMFS,OOD,transbig,ENCox,43
2.4,0.08068061513037696,0.08264462809917357,DMFS,OOD,transbig,ENCox,43
2.6,0.08859681103948916,0.0908070605040302,DMFS,OOD,transbig,ENCox,43
2.8,0.09289478667480115,0.09483423436416938,DMFS,OOD,transbig,ENCox,43
3.0,0.09676418907483894,0.09880981495044178,DMFS,OOD,transbig,ENCox,43
3.2,0.10421982059406838,0.10665040665642696,DMFS,OOD,transbig,ENCox,43
3.4,0.11507570751892424,0.11804184506887137,DMFS,OOD,transbig,ENCox,43
3.6,0.11866811990067427,0.1217486363508713,DMFS,OOD,transbig,ENCox,43
3.8,0.11967757129611153,0.1217486363508713,DMFS,OOD,transbig,ENCox,43
4.0,0.12107327833860766,0.1217486363508713,DMFS,OOD,transbig,ENCox,43
4.2,0.12286285668815772,0.1217486363508713,DMFS,OOD,transbig,ENCox,43
4.4,0.12607636802052266,0.1254689695296743,DMFS,OOD,transbig,ENCox,43
4.6,0.12816443173342942,0.1254689695296743,DMFS,OOD,transbig,ENCox,43
4.8,0.14525757298561154,0.14668365280037993,DMFS,OOD,transbig,ENCox,43
5.0,0.15234736479484698,0.15006241476650098,DMFS,OOD,transbig,ENCox,43
5.2,0.15500408457641174,0.15006241476650098,DMFS,OOD,transbig,ENCox,43
5.4,0.1572645319454621,0.15338500649738537,DMFS,OOD,transbig,ENCox,43
5.6,0.1572645319454621,0.15338500649738537,DMFS,OOD,transbig,ENCox,43
5.8,0.15729953869478455,0.1533850064973854,DMFS,OOD,transbig,ENCox,43
6.0,0.15729953869478455,0.1533850064973854,DMFS,OOD,transbig,ENCox,43
6.2,0.15867525315632677,0.15669431493859232,DMFS,OOD,transbig,ENCox,43
6.4,0.16217613424812946,0.15669431493859232,DMFS,OOD,transbig,ENCox,43
6.6,0.16449348476028863,0.15996758361154823,DMFS,OOD,transbig,ENCox,43
6.8,0.16662072550308174,0.1631824075767943,DMFS,OOD,transbig,ENCox,43
7.0,0.16625090845100512,0.16318240757679434,DMFS,OOD,transbig,ENCox,43
7.2,0.1688798503533968,0.16638191447345785,DMFS,OOD,transbig,ENCox,43
7.4,0.1688112656904431,0.16638191447345785,DMFS,OOD,transbig,ENCox,43
7.6,0.16893222645545794,0.16638191447345782,DMFS,OOD,transbig,ENCox,43
7.8,0.1688572513101038,0.16638191447345782,DMFS,OOD,transbig,ENCox,43
8.0,0.17450135220117158,0.17592050605797635,DMFS,OOD,transbig,ENCox,43
8.2,0.17936211356488901,0.18197294747058057,DMFS,OOD,transbig,ENCox,43
8.4,0.17936211356488901,0.18197294747058057,DMFS,OOD,transbig,ENCox,43
8.6,0.18583381849640446,0.1849024572700375,DMFS,OOD,transbig,ENCox,43
8.8,0.18607838025621123,0.18490245727003757,DMFS,OOD,transbig,ENCox,43
9.0,0.18607838025621123,0.18490245727003757,DMFS,OOD,transbig,ENCox,43
9.2,0.187545629445706,0.18785530086172733,DMFS,OOD,transbig,ENCox,43
9.4,0.187545629445706,0.18785530086172733,DMFS,OOD,transbig,ENCox,43
9.6,0.18769997416421716,0.18785530086172733,DMFS,OOD,transbig,ENCox,43
9.8,0.18769129935925316,0.1878553008617273,DMFS,OOD,transbig,ENCox,43
10.0,0.19390604847300327,0.193688818532266,DMFS,OOD,transbig,ENCox,43
1.8,0.06389568313652066,0.052469135802469126,DMFS,OOD,transbig,ENCox,44
2.0,0.08473958799565105,0.06570758085909602,DMFS,OOD,transbig,ENCox,44
2.2,0.10021027937015718,0.07848688909294971,DMFS,OOD,transbig,ENCox,44
2.4,0.0998264459280857,0.08264462809917357,DMFS,OOD,transbig,ENCox,44
2.6,0.10824046456388368,0.0908070605040302,DMFS,OOD,transbig,ENCox,44
2.8,0.1170592577573069,0.09483423436416938,DMFS,OOD,transbig,ENCox,44
3.0,0.12054517314917369,0.09880981495044178,DMFS,OOD,transbig,ENCox,44
3.2,0.131650421210979,0.10665040665642696,DMFS,OOD,transbig,ENCox,44
3.4,0.14363021296628511,0.11804184506887137,DMFS,OOD,transbig,ENCox,44
3.6,0.1480001005380581,0.1217486363508713,DMFS,OOD,transbig,ENCox,44
3.8,0.15258935148654187,0.1217486363508713,DMFS,OOD,transbig,ENCox,44
4.0,0.15258935148654187,0.1217486363508713,DMFS,OOD,transbig,ENCox,44
4.2,0.15834923475797705,0.1217486363508713,DMFS,OOD,transbig,ENCox,44
4.4,0.167316053729012,0.1254689695296743,DMFS,OOD,transbig,ENCox,44
4.6,0.167316053729012,0.1254689695296743,DMFS,OOD,transbig,ENCox,44
4.8,0.19982230606372478,0.14668365280037993,DMFS,OOD,transbig,ENCox,44
5.0,0.20180389459135306,0.15006241476650098,DMFS,OOD,transbig,ENCox,44
5.2,0.20180389459135306,0.15006241476650098,DMFS,OOD,transbig,ENCox,44
5.4,0.20423071439845905,0.15338500649738537,DMFS,OOD,transbig,ENCox,44
5.6,0.20423071439845905,0.15338500649738537,DMFS,OOD,transbig,ENCox,44
5.8,0.20489218333891016,0.1533850064973854,DMFS,OOD,transbig,ENCox,44
6.0,0.20489218333891016,0.1533850064973854,DMFS,OOD,transbig,ENCox,44
6.2,0.20649251039878863,0.15669431493859232,DMFS,OOD,transbig,ENCox,44
6.4,0.20649251039878863,0.15669431493859232,DMFS,OOD,transbig,ENCox,44
6.6,0.21069257851294426,0.15996758361154823,DMFS,OOD,transbig,ENCox,44
6.8,0.2149131487874076,0.1631824075767943,DMFS,OOD,transbig,ENCox,44
7.0,0.21325965801895383,0.16318240757679434,DMFS,OOD,transbig,ENCox,44
7.2,0.2140352435709601,0.16638191447345785,DMFS,OOD,transbig,ENCox,44
7.4,0.21457719330496564,0.16638191447345785,DMFS,OOD,transbig,ENCox,44
7.6,0.21520490839456274,0.16638191447345782,DMFS,OOD,transbig,ENCox,44
7.8,0.2151997697589629,0.16638191447345782,DMFS,OOD,transbig,ENCox,44
8.0,0.22040927168310076,0.17592050605797635,DMFS,OOD,transbig,ENCox,44
8.2,0.22328259864996094,0.18197294747058057,DMFS,OOD,transbig,ENCox,44
8.4,0.23327443998689643,0.18197294747058057,DMFS,OOD,transbig,ENCox,44
8.6,0.23512132343689368,0.1849024572700375,DMFS,OOD,transbig,ENCox,44
8.8,0.236000484754997,0.18490245727003757,DMFS,OOD,transbig,ENCox,44
9.0,0.236000484754997,0.18490245727003757,DMFS,OOD,transbig,ENCox,44
9.2,0.24025913355681736,0.18785530086172733,DMFS,OOD,transbig,ENCox,44
9.4,0.24025913355681736,0.18785530086172733,DMFS,OOD,transbig,ENCox,44
9.6,0.25683717571876225,0.18785530086172733,DMFS,OOD,transbig,ENCox,44
9.8,0.2532432544708997,0.1878553008617273,DMFS,OOD,transbig,ENCox,44
10.0,0.2624856395560491,0.193688818532266,DMFS,OOD,transbig,ENCox,44
1.8,0.15063499322532647,0.052469135802469126,DMFS,OOD,transbig,LH,40
2.0,0.1553890124303428,0.06570758085909602,DMFS,OOD,transbig,LH,40
2.2,0.4434717020895077,0.07848688909294971,DMFS,OOD,transbig,LH,40
2.4,0.4410004254835356,0.08264462809917357,DMFS,OOD,transbig,LH,40
2.6,0.4347442098329096,0.0908070605040302,DMFS,OOD,transbig,LH,40
2.8,0.430545572590088,0.09483423436416938,DMFS,OOD,transbig,LH,40
3.0,0.4275775705216746,0.09880981495044178,DMFS,OOD,transbig,LH,40
3.2,0.4199068343810241,0.10665040665642696,DMFS,OOD,transbig,LH,40
3.4,0.41395660088401137,0.11804184506887137,DMFS,OOD,transbig,LH,40
3.6,0.41142767777618217,0.1217486363508713,DMFS,OOD,transbig,LH,40
3.8,0.41142767777618217,0.1217486363508713,DMFS,OOD,transbig,LH,40
4.0,0.41142767777618217,0.1217486363508713,DMFS,OOD,transbig,LH,40
4.2,0.5157799083180865,0.1217486363508713,DMFS,OOD,transbig,LH,40
4.4,0.5117802104495788,0.1254689695296743,DMFS,OOD,transbig,LH,40
4.6,0.5117802104495788,0.1254689695296743,DMFS,OOD,transbig,LH,40
4.8,0.49142865838683697,0.14668365280037993,DMFS,OOD,transbig,LH,40
5.0,0.4850360595197767,0.15006241476650098,DMFS,OOD,transbig,LH,40
5.2,0.4850360595197767,0.15006241476650098,DMFS,OOD,transbig,LH,40
5.4,0.48358589434052157,0.15338500649738537,DMFS,OOD,transbig,LH,40
5.6,0.48358589434052157,0.15338500649738537,DMFS,OOD,transbig,LH,40
5.8,0.48422924946883195,0.1533850064973854,DMFS,OOD,transbig,LH,40
6.0,0.48422924946883195,0.1533850064973854,DMFS,OOD,transbig,LH,40
6.2,0.5918935859175302,0.15669431493859232,DMFS,OOD,transbig,LH,40
6.4,0.5918935859175302,0.15669431493859232,DMFS,OOD,transbig,LH,40
6.6,0.590428607806477,0.15996758361154823,DMFS,OOD,transbig,LH,40
6.8,0.5871899039684142,0.1631824075767943,DMFS,OOD,transbig,LH,40
7.0,0.5866320328825054,0.16318240757679434,DMFS,OOD,transbig,LH,40
7.2,0.582235745782715,0.16638191447345785,DMFS,OOD,transbig,LH,40
7.4,0.583543469977272,0.16638191447345785,DMFS,OOD,transbig,LH,40
7.6,0.5829209155444314,0.16638191447345782,DMFS,OOD,transbig,LH,40
7.8,0.584050116601678,0.16638191447345782,DMFS,OOD,transbig,LH,40
8.0,0.5688323695960815,0.17592050605797635,DMFS,OOD,transbig,LH,40
8.2,0.623842247443779,0.18197294747058057,DMFS,OOD,transbig,LH,40
8.4,0.623842247443779,0.18197294747058057,DMFS,OOD,transbig,LH,40
8.6,0.6187984440174799,0.1849024572700375,DMFS,OOD,transbig,LH,40
8.8,0.6209379851823565,0.18490245727003757,DMFS,OOD,transbig,LH,40
9.0,0.6209379851823565,0.18490245727003757,DMFS,OOD,transbig,LH,40
9.2,0.613980880868552,0.18785530086172733,DMFS,OOD,transbig,LH,40
9.4,0.613980880868552,0.18785530086172733,DMFS,OOD,transbig,LH,40
9.6,0.6133305787555866,0.18785530086172733,DMFS,OOD,transbig,LH,40
9.8,0.6137498816068649,0.1878553008617273,DMFS,OOD,transbig,LH,40
10.0,0.6078955233739557,0.193688818532266,DMFS,OOD,transbig,LH,40
1.8,0.052669759632126896,0.052469135802469126,DMFS,OOD,transbig,LH,41
2.0,0.08664693121492449,0.06570758085909602,DMFS,OOD,transbig,LH,41
2.2,0.09850039012038535,0.07848688909294971,DMFS,OOD,transbig,LH,41
2.4,0.0990924623230871,0.08264462809917357,DMFS,OOD,transbig,LH,41
2.6,0.1081658317538603,0.0908070605040302,DMFS,OOD,transbig,LH,41
2.8,0.10778551733925416,0.09483423436416938,DMFS,OOD,transbig,LH,41
3.0,0.11233734390322032,0.09880981495044178,DMFS,OOD,transbig,LH,41
3.2,0.11919029761901705,0.10665040665642696,DMFS,OOD,transbig,LH,41
3.4,0.13338730870522675,0.11804184506887137,DMFS,OOD,transbig,LH,41
3.6,0.13267770390163733,0.1217486363508713,DMFS,OOD,transbig,LH,41
3.8,0.13267770390163733,0.1217486363508713,DMFS,OOD,transbig,LH,41
4.0,0.17985391131676917,0.1217486363508713,DMFS,OOD,transbig,LH,41
4.2,0.17985391131676917,0.1217486363508713,DMFS,OOD,transbig,LH,41
4.4,0.1861387779937214,0.1254689695296743,DMFS,OOD,transbig,LH,41
4.6,0.1861387779937214,0.1254689695296743,DMFS,OOD,transbig,LH,41
4.8,0.19208443497277913,0.14668365280037993,DMFS,OOD,transbig,LH,41
5.0,0.1921065019471237,0.15006241476650098,DMFS,OOD,transbig,LH,41
5.2,0.1921065019471237,0.15006241476650098,DMFS,OOD,transbig,LH,41
5.4,0.19775102751368137,0.15338500649738537,DMFS,OOD,transbig,LH,41
5.6,0.19775102751368137,0.15338500649738537,DMFS,OOD,transbig,LH,41
5.8,0.1984183343404713,0.1533850064973854,DMFS,OOD,transbig,LH,41
6.0,0.25383830925526546,0.1533850064973854,DMFS,OOD,transbig,LH,41
6.2,0.2562740624866684,0.15669431493859232,DMFS,OOD,transbig,LH,41
6.4,0.2562740624866684,0.15669431493859232,DMFS,OOD,transbig,LH,41
6.6,0.2613639565790818,0.15996758361154823,DMFS,OOD,transbig,LH,41
6.8,0.25692920993759744,0.1631824075767943,DMFS,OOD,transbig,LH,41
7.0,0.2542753352695067,0.16318240757679434,DMFS,OOD,transbig,LH,41
7.2,0.2564100121509541,0.16638191447345785,DMFS,OOD,transbig,LH,41
7.4,0.25386689265627516,0.16638191447345785,DMFS,OOD,transbig,LH,41
7.6,0.25341489499941255,0.16638191447345782,DMFS,OOD,transbig,LH,41
7.8,0.24983086349165842,0.16638191447345782,DMFS,OOD,transbig,LH,41
8.0,0.2764822449174834,0.17592050605797635,DMFS,OOD,transbig,LH,41
8.2,0.28403992931186706,0.18197294747058057,DMFS,OOD,transbig,LH,41
8.4,0.28403992931186706,0.18197294747058057,DMFS,OOD,transbig,LH,41
8.6,0.28606862128018495,0.1849024572700375,DMFS,OOD,transbig,LH,41
8.8,0.28752981524333987,0.18490245727003757,DMFS,OOD,transbig,LH,41
9.0,0.28752981524333987,0.18490245727003757,DMFS,OOD,transbig,LH,41
9.2,0.28830130640231927,0.18785530086172733,DMFS,OOD,transbig,LH,41
9.4,0.28830130640231927,0.18785530086172733,DMFS,OOD,transbig,LH,41
9.6,0.2897891737456976,0.18785530086172733,DMFS,OOD,transbig,LH,41
9.8,0.28695333876699186,0.1878553008617273,DMFS,OOD,transbig,LH,41
10.0,0.3426529674708282,0.193688818532266,DMFS,OOD,transbig,LH,41
1.8,0.08291225994933947,0.052469135802469126,DMFS,OOD,transbig,LH,42
2.0,0.09318416078139044,0.06570758085909602,DMFS,OOD,transbig,LH,42
2.2,0.10302585756393605,0.07848688909294971,DMFS,OOD,transbig,LH,42
2.4,0.1048342432202736,0.08264462809917357,DMFS,OOD,transbig,LH,42
2.6,0.1110050807863796,0.0908070605040302,DMFS,OOD,transbig,LH,42
2.8,0.11468053974611843,0.09483423436416938,DMFS,OOD,transbig,LH,42
3.0,0.11850619872192221,0.09880981495044178,DMFS,OOD,transbig,LH,42
3.2,0.12578838031538148,0.10665040665642696,DMFS,OOD,transbig,LH,42
3.4,0.13649363010341062,0.11804184506887137,DMFS,OOD,transbig,LH,42
3.6,0.16833157548455327,0.1217486363508713,DMFS,OOD,transbig,LH,42
3.8,0.16833157548455327,0.1217486363508713,DMFS,OOD,transbig,LH,42
4.0,0.16833157548455327,0.1217486363508713,DMFS,OOD,transbig,LH,42
4.2,0.16833157548455327,0.1217486363508713,DMFS,OOD,transbig,LH,42
4.4,0.16877347967022585,0.1254689695296743,DMFS,OOD,transbig,LH,42
4.6,0.16877347967022585,0.1254689695296743,DMFS,OOD,transbig,LH,42
4.8,0.18541444358402667,0.14668365280037993,DMFS,OOD,transbig,LH,42
5.0,0.18456676530258628,0.15006241476650098,DMFS,OOD,transbig,LH,42
5.2,0.18456676530258628,0.15006241476650098,DMFS,OOD,transbig,LH,42
5.4,0.20425225920171705,0.15338500649738537,DMFS,OOD,transbig,LH,42
5.6,0.20425225920171705,0.15338500649738537,DMFS,OOD,transbig,LH,42
5.8,0.2048235402982977,0.1533850064973854,DMFS,OOD,transbig,LH,42
6.0,0.2048235402982977,0.1533850064973854,DMFS,OOD,transbig,LH,42
6.2,0.2033711600706456,0.15669431493859232,DMFS,OOD,transbig,LH,42
6.4,0.2033711600706456,0.15669431493859232,DMFS,OOD,transbig,LH,42
6.6,0.2073777410204274,0.15996758361154823,DMFS,OOD,transbig,LH,42
6.8,0.2108917313893328,0.1631824075767943,DMFS,OOD,transbig,LH,42
7.0,0.2061660036858897,0.16318240757679434,DMFS,OOD,transbig,LH,42
7.2,0.21716171329180875,0.16638191447345785,DMFS,OOD,transbig,LH,42
7.4,0.21762243922940283,0.16638191447345785,DMFS,OOD,transbig,LH,42
7.6,0.21820356523740367,0.16638191447345782,DMFS,OOD,transbig,LH,42
7.8,0.21891226029340197,0.16638191447345782,DMFS,OOD,transbig,LH,42
8.0,0.2225474194317065,0.17592050605797635,DMFS,OOD,transbig,LH,42
8.2,0.229962736912562,0.18197294747058057,DMFS,OOD,transbig,LH,42
8.4,0.229962736912562,0.18197294747058057,DMFS,OOD,transbig,LH,42
8.6,0.23409844972531207,0.1849024572700375,DMFS,OOD,transbig,LH,42
8.8,0.2629596792504136,0.18490245727003757,DMFS,OOD,transbig,LH,42
9.0,0.2629596792504136,0.18490245727003757,DMFS,OOD,transbig,LH,42
9.2,0.2672051811284235,0.18785530086172733,DMFS,OOD,transbig,LH,42
9.4,0.2672051811284235,0.18785530086172733,DMFS,OOD,transbig,LH,42
9.6,0.26828972250550726,0.18785530086172733,DMFS,OOD,transbig,LH,42
9.8,0.26447112617451807,0.1878553008617273,DMFS,OOD,transbig,LH,42
10.0,0.2651668012701842,0.193688818532266,DMFS,OOD,transbig,LH,42
1.8,0.051324892090532225,0.052469135802469126,DMFS,OOD,transbig,LH,43
2.0,0.06525461317142785,0.06570758085909602,DMFS,OOD,transbig,LH,43
2.2,0.08266519837329442,0.07848688909294971,DMFS,OOD,transbig,LH,43
2.4,0.0873011049540171,0.08264462809917357,DMFS,OOD,transbig,LH,43
2.6,0.09562827781617597,0.0908070605040302,DMFS,OOD,transbig,LH,43
2.8,0.10025473780481556,0.09483423436416938,DMFS,OOD,transbig,LH,43
3.0,0.10493899912727246,0.09880981495044178,DMFS,OOD,transbig,LH,43
3.2,0.11458610809908971,0.10665040665642696,DMFS,OOD,transbig,LH,43
3.4,0.12848094714147582,0.11804184506887137,DMFS,OOD,transbig,LH,43
3.6,0.1330316009704124,0.1217486363508713,DMFS,OOD,transbig,LH,43
3.8,0.1330316009704124,0.1217486363508713,DMFS,OOD,transbig,LH,43
4.0,0.1330316009704124,0.1217486363508713,DMFS,OOD,transbig,LH,43
4.2,0.1339756421968917,0.1217486363508713,DMFS,OOD,transbig,LH,43
4.4,0.13883725675223907,0.1254689695296743,DMFS,OOD,transbig,LH,43
4.6,0.13883725675223907,0.1254689695296743,DMFS,OOD,transbig,LH,43
4.8,0.16568500864399313,0.14668365280037993,DMFS,OOD,transbig,LH,43
5.0,0.16771148270864647,0.15006241476650098,DMFS,OOD,transbig,LH,43
5.2,0.16771148270864647,0.15006241476650098,DMFS,OOD,transbig,LH,43
5.4,0.17281825202132337,0.15338500649738537,DMFS,OOD,transbig,LH,43
5.6,0.17281825202132337,0.15338500649738537,DMFS,OOD,transbig,LH,43
5.8,0.17301144268579968,0.1533850064973854,DMFS,OOD,transbig,LH,43
6.0,0.17301144268579968,0.1533850064973854,DMFS,OOD,transbig,LH,43
6.2,0.20899917467591722,0.15669431493859232,DMFS,OOD,transbig,LH,43
6.4,0.20899917467591722,0.15669431493859232,DMFS,OOD,transbig,LH,43
6.6,0.2139592733064925,0.15996758361154823,DMFS,OOD,transbig,LH,43
6.8,0.21860828234480775,0.1631824075767943,DMFS,OOD,transbig,LH,43
7.0,0.21467643609065568,0.16318240757679434,DMFS,OOD,transbig,LH,43
7.2,0.22026475483054003,0.16638191447345785,DMFS,OOD,transbig,LH,43
7.4,0.22104761764085432,0.16638191447345785,DMFS,OOD,transbig,LH,43
7.6,0.22170824470308284,0.16638191447345782,DMFS,OOD,transbig,LH,43
7.8,0.2223568705078964,0.16638191447345782,DMFS,OOD,transbig,LH,43
8.0,0.22633318245530848,0.17592050605797635,DMFS,OOD,transbig,LH,43
8.2,0.2932449288395626,0.18197294747058057,DMFS,OOD,transbig,LH,43
8.4,0.2932449288395626,0.18197294747058057,DMFS,OOD,transbig,LH,43
8.6,0.2952402443828548,0.1849024572700375,DMFS,OOD,transbig,LH,43
8.8,0.29690495673843126,0.18490245727003757,DMFS,OOD,transbig,LH,43
9.0,0.29690495673843126,0.18490245727003757,DMFS,OOD,transbig,LH,43
9.2,0.29184614143008425,0.18785530086172733,DMFS,OOD,transbig,LH,43
9.4,0.29184614143008425,0.18785530086172733,DMFS,OOD,transbig,LH,43
9.6,0.290189377785205,0.18785530086172733,DMFS,OOD,transbig,LH,43
9.8,0.2876229428282627,0.1878553008617273,DMFS,OOD,transbig,LH,43
10.0,0.29563538925321076,0.193688818532266,DMFS,OOD,transbig,LH,43
1.8,0.06204063501923189,0.052469135802469126,DMFS,OOD,transbig,LH,44
2.0,0.0757573778671369,0.06570758085909602,DMFS,OOD,transbig,LH,44
2.2,0.09023479880406816,0.07848688909294971,DMFS,OOD,transbig,LH,44
2.4,0.09486304769310502,0.08264462809917357,DMFS,OOD,transbig,LH,44
2.6,0.10408303311075041,0.0908070605040302,DMFS,OOD,transbig,LH,44
2.8,0.10898036715753867,0.09483423436416938,DMFS,OOD,transbig,LH,44
3.0,0.11375936857810727,0.09880981495044178,DMFS,OOD,transbig,LH,44
3.2,0.12337712826381082,0.10665040665642696,DMFS,OOD,transbig,LH,44
3.4,0.13748240204888923,0.11804184506887137,DMFS,OOD,transbig,LH,44
3.6,0.16051253349039438,0.1217486363508713,DMFS,OOD,transbig,LH,44
3.8,0.16051253349039438,0.1217486363508713,DMFS,OOD,transbig,LH,44
4.0,0.16051253349039438,0.1217486363508713,DMFS,OOD,transbig,LH,44
4.2,0.16051253349039438,0.1217486363508713,DMFS,OOD,transbig,LH,44
4.4,0.16560764484648263,0.1254689695296743,DMFS,OOD,transbig,LH,44
4.6,0.16560764484648263,0.1254689695296743,DMFS,OOD,transbig,LH,44
4.8,0.1953765682719824,0.14668365280037993,DMFS,OOD,transbig,LH,44
5.0,0.19558665429314165,0.15006241476650098,DMFS,OOD,transbig,LH,44
5.2,0.20643867579084976,0.15006241476650098,DMFS,OOD,transbig,LH,44
5.4,0.21165185604038128,0.15338500649738537,DMFS,OOD,transbig,LH,44
5.6,0.21165185604038128,0.15338500649738537,DMFS,OOD,transbig,LH,44
5.8,0.21196754993441072,0.1533850064973854,DMFS,OOD,transbig,LH,44
6.0,0.21196754993441072,0.1533850064973854,DMFS,OOD,transbig,LH,44
6.2,0.2164532255237298,0.15669431493859232,DMFS,OOD,transbig,LH,44
6.4,0.2164532255237298,0.15669431493859232,DMFS,OOD,transbig,LH,44
6.6,0.22159871033935385,0.15996758361154823,DMFS,OOD,transbig,LH,44
6.8,0.2267867344793919,0.1631824075767943,DMFS,OOD,transbig,LH,44
7.0,0.22721344941064578,0.16318240757679434,DMFS,OOD,transbig,LH,44
7.2,0.23253448601229793,0.16638191447345785,DMFS,OOD,transbig,LH,44
7.4,0.2319658125148447,0.16638191447345785,DMFS,OOD,transbig,LH,44
7.6,0.23236385080682342,0.16638191447345782,DMFS,OOD,transbig,LH,44
7.8,0.23276004019576785,0.16638191447345782,DMFS,OOD,transbig,LH,44
8.0,0.24651311839176815,0.17592050605797635,DMFS,OOD,transbig,LH,44
8.2,0.25493005892221443,0.18197294747058057,DMFS,OOD,transbig,LH,44
8.4,0.25493005892221443,0.18197294747058057,DMFS,OOD,transbig,LH,44
8.6,0.2572858201298515,0.1849024572700375,DMFS,OOD,transbig,LH,44
8.8,0.2578653491462426,0.18490245727003757,DMFS,OOD,transbig,LH,44
9.0,0.2578653491462426,0.18490245727003757,DMFS,OOD,transbig,LH,44
9.2,0.26002334091245444,0.18785530086172733,DMFS,OOD,transbig,LH,44
9.4,0.26002334091245444,0.18785530086172733,DMFS,OOD,transbig,LH,44
9.6,0.2606501392132128,0.18785530086172733,DMFS,OOD,transbig,LH,44
9.8,0.2559321340016648,0.1878553008617273,DMFS,OOD,transbig,LH,44
10.0,0.26716737740504803,0.193688818532266,DMFS,OOD,transbig,LH,44
1.8,0.05576723090535728,0.052469135802469126,DMFS,OOD,transbig,MTLR,40
2.0,0.06933928137083512,0.06570758085909602,DMFS,OOD,transbig,MTLR,40
2.2,0.14106538485376194,0.07848688909294971,DMFS,OOD,transbig,MTLR,40
2.4,0.14047785043093566,0.08264462809917357,DMFS,OOD,transbig,MTLR,40
2.6,0.143327036740596,0.0908070605040302,DMFS,OOD,transbig,MTLR,40
2.8,0.1432494281013078,0.09483423436416938,DMFS,OOD,transbig,MTLR,40
3.0,0.14271048049498025,0.09880981495044178,DMFS,OOD,transbig,MTLR,40
3.2,0.1419346168369332,0.10665040665642696,DMFS,OOD,transbig,MTLR,40
3.4,0.15087073766914455,0.11804184506887137,DMFS,OOD,transbig,MTLR,40
3.6,0.1510538124492304,0.1217486363508713,DMFS,OOD,transbig,MTLR,40
3.8,0.1510538124492304,0.1217486363508713,DMFS,OOD,transbig,MTLR,40
4.0,0.1510538124492304,0.1217486363508713,DMFS,OOD,transbig,MTLR,40
4.2,0.18827482827247075,0.1217486363508713,DMFS,OOD,transbig,MTLR,40
4.4,0.1896327065652276,0.1254689695296743,DMFS,OOD,transbig,MTLR,40
4.6,0.1896327065652276,0.1254689695296743,DMFS,OOD,transbig,MTLR,40
4.8,0.1935042768138669,0.14668365280037993,DMFS,OOD,transbig,MTLR,40
5.0,0.19187113955108856,0.15006241476650098,DMFS,OOD,transbig,MTLR,40
5.2,0.19187113955108856,0.15006241476650098,DMFS,OOD,transbig,MTLR,40
5.4,0.19610263975084455,0.15338500649738537,DMFS,OOD,transbig,MTLR,40
5.6,0.19610263975084455,0.15338500649738537,DMFS,OOD,transbig,MTLR,40
5.8,0.1969381253293061,0.1533850064973854,DMFS,OOD,transbig,MTLR,40
6.0,0.1969381253293061,0.1533850064973854,DMFS,OOD,transbig,MTLR,40
6.2,0.2407333002550037,0.15669431493859232,DMFS,OOD,transbig,MTLR,40
6.4,0.2407333002550037,0.15669431493859232,DMFS,OOD,transbig,MTLR,40
6.6,0.24607879696777274,0.15996758361154823,DMFS,OOD,transbig,MTLR,40
6.8,0.24868988676057396,0.1631824075767943,DMFS,OOD,transbig,MTLR,40
7.0,0.24870063535319725,0.16318240757679434,DMFS,OOD,transbig,MTLR,40
7.2,0.24972538417262158,0.16638191447345785,DMFS,OOD,transbig,MTLR,40
7.4,0.2483446466635968,0.16638191447345785,DMFS,OOD,transbig,MTLR,40
7.6,0.24937371335956773,0.16638191447345782,DMFS,OOD,transbig,MTLR,40
7.8,0.2506702211477083,0.16638191447345782,DMFS,OOD,transbig,MTLR,40
8.0,0.24807794188251583,0.17592050605797635,DMFS,OOD,transbig,MTLR,40
8.2,0.2647882760109667,0.18197294747058057,DMFS,OOD,transbig,MTLR,40
8.4,0.2647882760109667,0.18197294747058057,DMFS,OOD,transbig,MTLR,40
8.6,0.2622068154305182,0.1849024572700375,DMFS,OOD,transbig,MTLR,40
8.8,0.263661557095073,0.18490245727003757,DMFS,OOD,transbig,MTLR,40
9.0,0.263661557095073,0.18490245727003757,DMFS,OOD,transbig,MTLR,40
9.2,0.2670056776920694,0.18785530086172733,DMFS,OOD,transbig,MTLR,40
9.4,0.2670056776920694,0.18785530086172733,DMFS,OOD,transbig,MTLR,40
9.6,0.2684898316518045,0.18785530086172733,DMFS,OOD,transbig,MTLR,40
9.8,0.26598685868329924,0.1878553008617273,DMFS,OOD,transbig,MTLR,40
10.0,0.2764461385384708,0.193688818532266,DMFS,OOD,transbig,MTLR,40
1.8,0.05349226166566181,0.052469135802469126,DMFS,OOD,transbig,MTLR,41
2.0,0.07888587376883606,0.06570758085909602,DMFS,OOD,transbig,MTLR,41
2.2,0.0857210622973401,0.07848688909294971,DMFS,OOD,transbig,MTLR,41
2.4,0.08726106931060322,0.08264462809917357,DMFS,OOD,transbig,MTLR,41
2.6,0.09456721520982678,0.0908070605040302,DMFS,OOD,transbig,MTLR,41
2.8,0.09722921113256204,0.09483423436416938,DMFS,OOD,transbig,MTLR,41
3.0,0.09917900781028625,0.09880981495044178,DMFS,OOD,transbig,MTLR,41
3.2,0.10457376564223461,0.10665040665642696,DMFS,OOD,transbig,MTLR,41
3.4,0.11637568973328333,0.11804184506887137,DMFS,OOD,transbig,MTLR,41
3.6,0.11728250945889147,0.1217486363508713,DMFS,OOD,transbig,MTLR,41
3.8,0.11728250945889147,0.1217486363508713,DMFS,OOD,transbig,MTLR,41
4.0,0.1404374961454,0.1217486363508713,DMFS,OOD,transbig,MTLR,41
4.2,0.1404374961454,0.1217486363508713,DMFS,OOD,transbig,MTLR,41
4.4,0.14477253610782825,0.1254689695296743,DMFS,OOD,transbig,MTLR,41
4.6,0.14477253610782825,0.1254689695296743,DMFS,OOD,transbig,MTLR,41
4.8,0.1559200168353077,0.14668365280037993,DMFS,OOD,transbig,MTLR,41
5.0,0.15790892805101583,0.15006241476650098,DMFS,OOD,transbig,MTLR,41
5.2,0.15790892805101583,0.15006241476650098,DMFS,OOD,transbig,MTLR,41
5.4,0.16338902791852913,0.15338500649738537,DMFS,OOD,transbig,MTLR,41
5.6,0.16338902791852913,0.15338500649738537,DMFS,OOD,transbig,MTLR,41
5.8,0.16384818928419986,0.1533850064973854,DMFS,OOD,transbig,MTLR,41
6.0,0.1879519505146133,0.1533850064973854,DMFS,OOD,transbig,MTLR,41
6.2,0.19111405441770965,0.15669431493859232,DMFS,OOD,transbig,MTLR,41
6.4,0.19111405441770965,0.15669431493859232,DMFS,OOD,transbig,MTLR,41
6.6,0.19560961269635319,0.15996758361154823,DMFS,OOD,transbig,MTLR,41
6.8,0.19800967619867352,0.1631824075767943,DMFS,OOD,transbig,MTLR,41
7.0,0.19819437713263216,0.16318240757679434,DMFS,OOD,transbig,MTLR,41
7.2,0.20093076497320478,0.16638191447345785,DMFS,OOD,transbig,MTLR,41
7.4,0.20225410315566533,0.16638191447345785,DMFS,OOD,transbig,MTLR,41
7.6,0.20204802349595186,0.16638191447345782,DMFS,OOD,transbig,MTLR,41
7.8,0.19816817209595045,0.16638191447345782,DMFS,OOD,transbig,MTLR,41
8.0,0.2361578536033564,0.17592050605797635,DMFS,OOD,transbig,MTLR,41
8.2,0.24312979568148113,0.18197294747058057,DMFS,OOD,transbig,MTLR,41
8.4,0.24312979568148113,0.18197294747058057,DMFS,OOD,transbig,MTLR,41
8.6,0.24335661215192161,0.1849024572700375,DMFS,OOD,transbig,MTLR,41
8.8,0.24417897056674123,0.18490245727003757,DMFS,OOD,transbig,MTLR,41
9.0,0.24417897056674123,0.18490245727003757,DMFS,OOD,transbig,MTLR,41
9.2,0.2434322355680067,0.18785530086172733,DMFS,OOD,transbig,MTLR,41
9.4,0.2434322355680067,0.18785530086172733,DMFS,OOD,transbig,MTLR,41
9.6,0.24434734286156273,0.18785530086172733,DMFS,OOD,transbig,MTLR,41
9.8,0.24104727384762775,0.1878553008617273,DMFS,OOD,transbig,MTLR,41
10.0,0.2659585379629138,0.193688818532266,DMFS,OOD,transbig,MTLR,41
1.8,0.07747803883856365,0.052469135802469126,DMFS,OOD,transbig,MTLR,42
2.0,0.08955854327524923,0.06570758085909602,DMFS,OOD,transbig,MTLR,42
2.2,0.10173156014129742,0.07848688909294971,DMFS,OOD,transbig,MTLR,42
2.4,0.10636951916882859,0.08264462809917357,DMFS,OOD,transbig,MTLR,42
2.6,0.11172142684594921,0.0908070605040302,DMFS,OOD,transbig,MTLR,42
2.8,0.11689914092867851,0.09483423436416938,DMFS,OOD,transbig,MTLR,42
3.0,0.1215911340855161,0.09880981495044178,DMFS,OOD,transbig,MTLR,42
3.2,0.12892610544283895,0.10665040665642696,DMFS,OOD,transbig,MTLR,42
3.4,0.14030798461880375,0.11804184506887137,DMFS,OOD,transbig,MTLR,42
3.6,0.17137158359999966,0.1217486363508713,DMFS,OOD,transbig,MTLR,42
3.8,0.17137158359999966,0.1217486363508713,DMFS,OOD,transbig,MTLR,42
4.0,0.17137158359999966,0.1217486363508713,DMFS,OOD,transbig,MTLR,42
4.2,0.17137158359999966,0.1217486363508713,DMFS,OOD,transbig,MTLR,42
4.4,0.17352845652422783,0.1254689695296743,DMFS,OOD,transbig,MTLR,42
4.6,0.17352845652422783,0.1254689695296743,DMFS,OOD,transbig,MTLR,42
4.8,0.19096696089645457,0.14668365280037993,DMFS,OOD,transbig,MTLR,42
5.0,0.1923323193919091,0.15006241476650098,DMFS,OOD,transbig,MTLR,42
5.2,0.1923323193919091,0.15006241476650098,DMFS,OOD,transbig,MTLR,42
5.4,0.24555835256697214,0.15338500649738537,DMFS,OOD,transbig,MTLR,42
5.6,0.24555835256697214,0.15338500649738537,DMFS,OOD,transbig,MTLR,42
5.8,0.24648339622688575,0.1533850064973854,DMFS,OOD,transbig,MTLR,42
6.0,0.24648339622688575,0.1533850064973854,DMFS,OOD,transbig,MTLR,42
6.2,0.24747826318627067,0.15669431493859232,DMFS,OOD,transbig,MTLR,42
6.4,0.24747826318627067,0.15669431493859232,DMFS,OOD,transbig,MTLR,42
6.6,0.25165589717480025,0.15996758361154823,DMFS,OOD,transbig,MTLR,42
6.8,0.2556668234355031,0.1631824075767943,DMFS,OOD,transbig,MTLR,42
7.0,0.25163539587016953,0.16318240757679434,DMFS,OOD,transbig,MTLR,42
7.2,0.2822257948305672,0.16638191447345785,DMFS,OOD,transbig,MTLR,42
7.4,0.28262708590620184,0.16638191447345785,DMFS,OOD,transbig,MTLR,42
7.6,0.2837591119665382,0.16638191447345782,DMFS,OOD,transbig,MTLR,42
7.8,0.28506981001772214,0.16638191447345782,DMFS,OOD,transbig,MTLR,42
8.0,0.2928983924880874,0.17592050605797635,DMFS,OOD,transbig,MTLR,42
8.2,0.298799823907393,0.18197294747058057,DMFS,OOD,transbig,MTLR,42
8.4,0.298799823907393,0.18197294747058057,DMFS,OOD,transbig,MTLR,42
8.6,0.30245753070444925,0.1849024572700375,DMFS,OOD,transbig,MTLR,42
8.8,0.32891639753327456,0.18490245727003757,DMFS,OOD,transbig,MTLR,42
9.0,0.32891639753327456,0.18490245727003757,DMFS,OOD,transbig,MTLR,42
9.2,0.33365625934751536,0.18785530086172733,DMFS,OOD,transbig,MTLR,42
9.4,0.33365625934751536,0.18785530086172733,DMFS,OOD,transbig,MTLR,42
9.6,0.33535623896631467,0.18785530086172733,DMFS,OOD,transbig,MTLR,42
9.8,0.3327813162499517,0.1878553008617273,DMFS,OOD,transbig,MTLR,42
10.0,0.3317253328070984,0.193688818532266,DMFS,OOD,transbig,MTLR,42
1.8,0.05482708169950649,0.052469135802469126,DMFS,OOD,transbig,MTLR,43
2.0,0.06653050608099378,0.06570758085909602,DMFS,OOD,transbig,MTLR,43
2.2,0.08353791239078112,0.07848688909294971,DMFS,OOD,transbig,MTLR,43
2.4,0.08615484589070499,0.08264462809917357,DMFS,OOD,transbig,MTLR,43
2.6,0.09234274182449202,0.0908070605040302,DMFS,OOD,transbig,MTLR,43
2.8,0.09597430118306655,0.09483423436416938,DMFS,OOD,transbig,MTLR,43
3.0,0.09833691969173229,0.09880981495044178,DMFS,OOD,transbig,MTLR,43
3.2,0.1053156706169237,0.10665040665642696,DMFS,OOD,transbig,MTLR,43
3.4,0.11838882846725014,0.11804184506887137,DMFS,OOD,transbig,MTLR,43
3.6,0.12126276167777776,0.1217486363508713,DMFS,OOD,transbig,MTLR,43
3.8,0.12126276167777776,0.1217486363508713,DMFS,OOD,transbig,MTLR,43
4.0,0.12126276167777776,0.1217486363508713,DMFS,OOD,transbig,MTLR,43
4.2,0.14975837529872255,0.1217486363508713,DMFS,OOD,transbig,MTLR,43
4.4,0.15347459539381805,0.1254689695296743,DMFS,OOD,transbig,MTLR,43
4.6,0.15347459539381805,0.1254689695296743,DMFS,OOD,transbig,MTLR,43
4.8,0.15752989702125827,0.14668365280037993,DMFS,OOD,transbig,MTLR,43
5.0,0.15751169918967703,0.15006241476650098,DMFS,OOD,transbig,MTLR,43
5.2,0.15751169918967703,0.15006241476650098,DMFS,OOD,transbig,MTLR,43
5.4,0.16123443497412882,0.15338500649738537,DMFS,OOD,transbig,MTLR,43
5.6,0.16123443497412882,0.15338500649738537,DMFS,OOD,transbig,MTLR,43
5.8,0.16153034660436538,0.1533850064973854,DMFS,OOD,transbig,MTLR,43
6.0,0.16153034660436538,0.1533850064973854,DMFS,OOD,transbig,MTLR,43
6.2,0.2017984102072207,0.15669431493859232,DMFS,OOD,transbig,MTLR,43
6.4,0.2017984102072207,0.15669431493859232,DMFS,OOD,transbig,MTLR,43
6.6,0.20717678061804976,0.15996758361154823,DMFS,OOD,transbig,MTLR,43
6.8,0.21231028699093293,0.1631824075767943,DMFS,OOD,transbig,MTLR,43
7.0,0.2116036801638459,0.16318240757679434,DMFS,OOD,transbig,MTLR,43
7.2,0.21703842253097333,0.16638191447345785,DMFS,OOD,transbig,MTLR,43
7.4,0.21842348948802115,0.16638191447345785,DMFS,OOD,transbig,MTLR,43
7.6,0.21908244865052462,0.16638191447345782,DMFS,OOD,transbig,MTLR,43
7.8,0.21843579576894023,0.16638191447345782,DMFS,OOD,transbig,MTLR,43
8.0,0.21968011576888602,0.17592050605797635,DMFS,OOD,transbig,MTLR,43
8.2,0.25839690663014814,0.18197294747058057,DMFS,OOD,transbig,MTLR,43
8.4,0.25839690663014814,0.18197294747058057,DMFS,OOD,transbig,MTLR,43
8.6,0.2555777094129433,0.1849024572700375,DMFS,OOD,transbig,MTLR,43
8.8,0.2568235192742959,0.18490245727003757,DMFS,OOD,transbig,MTLR,43
9.0,0.2568235192742959,0.18490245727003757,DMFS,OOD,transbig,MTLR,43
9.2,0.2519970514641543,0.18785530086172733,DMFS,OOD,transbig,MTLR,43
9.4,0.2519970514641543,0.18785530086172733,DMFS,OOD,transbig,MTLR,43
9.6,0.25309548192183356,0.18785530086172733,DMFS,OOD,transbig,MTLR,43
9.8,0.25197988787317793,0.1878553008617273,DMFS,OOD,transbig,MTLR,43
10.0,0.26183765174109996,0.193688818532266,DMFS,OOD,transbig,MTLR,43
1.8,0.08080106215753369,0.052469135802469126,DMFS,OOD,transbig,MTLR,44
2.0,0.0902535598758438,0.06570758085909602,DMFS,OOD,transbig,MTLR,44
2.2,0.0921555308451499,0.07848688909294971,DMFS,OOD,transbig,MTLR,44
2.4,0.09452492384705308,0.08264462809917357,DMFS,OOD,transbig,MTLR,44
2.6,0.10154390480288983,0.0908070605040302,DMFS,OOD,transbig,MTLR,44
2.8,0.10543256026895932,0.09483423436416938,DMFS,OOD,transbig,MTLR,44
3.0,0.1081872415111839,0.09880981495044178,DMFS,OOD,transbig,MTLR,44
3.2,0.1129280494092591,0.10665040665642696,DMFS,OOD,transbig,MTLR,44
3.4,0.1233301002977276,0.11804184506887137,DMFS,OOD,transbig,MTLR,44
3.6,0.18711916693161137,0.1217486363508713,DMFS,OOD,transbig,MTLR,44
3.8,0.18711916693161137,0.1217486363508713,DMFS,OOD,transbig,MTLR,44
4.0,0.18711916693161137,0.1217486363508713,DMFS,OOD,transbig,MTLR,44
4.2,0.18711916693161137,0.1217486363508713,DMFS,OOD,transbig,MTLR,44
4.4,0.18880866501526058,0.1254689695296743,DMFS,OOD,transbig,MTLR,44
4.6,0.18880866501526058,0.1254689695296743,DMFS,OOD,transbig,MTLR,44
4.8,0.20566374102696772,0.14668365280037993,DMFS,OOD,transbig,MTLR,44
5.0,0.20525818412456506,0.15006241476650098,DMFS,OOD,transbig,MTLR,44
5.2,0.23107865287767737,0.15006241476650098,DMFS,OOD,transbig,MTLR,44
5.4,0.23428378331183503,0.15338500649738537,DMFS,OOD,transbig,MTLR,44
5.6,0.23428378331183503,0.15338500649738537,DMFS,OOD,transbig,MTLR,44
5.8,0.235333280089329,0.1533850064973854,DMFS,OOD,transbig,MTLR,44
6.0,0.235333280089329,0.1533850064973854,DMFS,OOD,transbig,MTLR,44
6.2,0.23802988811255651,0.15669431493859232,DMFS,OOD,transbig,MTLR,44
6.4,0.23802988811255651,0.15669431493859232,DMFS,OOD,transbig,MTLR,44
6.6,0.24331014845272048,0.15996758361154823,DMFS,OOD,transbig,MTLR,44
6.8,0.24670002712700176,0.1631824075767943,DMFS,OOD,transbig,MTLR,44
7.0,0.25732930015403327,0.16318240757679434,DMFS,OOD,transbig,MTLR,44
7.2,0.25494636374157437,0.16638191447345785,DMFS,OOD,transbig,MTLR,44
7.4,0.25750086872506195,0.16638191447345785,DMFS,OOD,transbig,MTLR,44
7.6,0.25862522058501364,0.16638191447345782,DMFS,OOD,transbig,MTLR,44
7.8,0.25988038058013146,0.16638191447345782,DMFS,OOD,transbig,MTLR,44
8.0,0.26371311139114606,0.17592050605797635,DMFS,OOD,transbig,MTLR,44
8.2,0.26883869727907017,0.18197294747058057,DMFS,OOD,transbig,MTLR,44
8.4,0.26883869727907017,0.18197294747058057,DMFS,OOD,transbig,MTLR,44
8.6,0.28587367997123675,0.1849024572700375,DMFS,OOD,transbig,MTLR,44
8.8,0.28745786984028826,0.18490245727003757,DMFS,OOD,transbig,MTLR,44
9.0,0.28745786984028826,0.18490245727003757,DMFS,OOD,transbig,MTLR,44
9.2,0.2906513488425005,0.18785530086172733,DMFS,OOD,transbig,MTLR,44
9.4,0.2906513488425005,0.18785530086172733,DMFS,OOD,transbig,MTLR,44
9.6,0.29221085505339595,0.18785530086172733,DMFS,OOD,transbig,MTLR,44
9.8,0.2894111684657844,0.1878553008617273,DMFS,OOD,transbig,MTLR,44
10.0,0.2986159517899431,0.193688818532266,DMFS,OOD,transbig,MTLR,44
1.8,0.05555555555555555,0.052469135802469126,DMFS,OOD,transbig,PCHazard,40
2.0,0.19957560598074234,0.06570758085909602,DMFS,OOD,transbig,PCHazard,40
2.2,0.1981282471629771,0.07848688909294971,DMFS,OOD,transbig,PCHazard,40
2.4,0.19786572572986935,0.08264462809917357,DMFS,OOD,transbig,PCHazard,40
2.6,0.19677412476028505,0.0908070605040302,DMFS,OOD,transbig,PCHazard,40
2.8,0.19547280134131093,0.09483423436416938,DMFS,OOD,transbig,PCHazard,40
3.0,0.19363155398743362,0.09880981495044178,DMFS,OOD,transbig,PCHazard,40
3.2,0.19092589078498942,0.10665040665642696,DMFS,OOD,transbig,PCHazard,40
3.4,0.19290811552523973,0.11804184506887137,DMFS,OOD,transbig,PCHazard,40
3.6,0.19183258129087744,0.1217486363508713,DMFS,OOD,transbig,PCHazard,40
3.8,0.3984526020588567,0.1217486363508713,DMFS,OOD,transbig,PCHazard,40
4.0,0.3984526020588567,0.1217486363508713,DMFS,OOD,transbig,PCHazard,40
4.2,0.3984526020588567,0.1217486363508713,DMFS,OOD,transbig,PCHazard,40
4.4,0.39725569806426025,0.1254689695296743,DMFS,OOD,transbig,PCHazard,40
4.6,0.39725569806426025,0.1254689695296743,DMFS,OOD,transbig,PCHazard,40
4.8,0.3807721754076028,0.14668365280037993,DMFS,OOD,transbig,PCHazard,40
5.0,0.3749667785407318,0.15006241476650098,DMFS,OOD,transbig,PCHazard,40
5.2,0.3749667785407318,0.15006241476650098,DMFS,OOD,transbig,PCHazard,40
5.4,0.37704997214926556,0.15338500649738537,DMFS,OOD,transbig,PCHazard,40
5.6,0.45449695121592876,0.15338500649738537,DMFS,OOD,transbig,PCHazard,40
5.8,0.45525571141265536,0.1533850064973854,DMFS,OOD,transbig,PCHazard,40
6.0,0.45525571141265536,0.1533850064973854,DMFS,OOD,transbig,PCHazard,40
6.2,0.4515535556357961,0.15669431493859232,DMFS,OOD,transbig,PCHazard,40
6.4,0.4515535556357961,0.15669431493859232,DMFS,OOD,transbig,PCHazard,40
6.6,0.4524257993119374,0.15996758361154823,DMFS,OOD,transbig,PCHazard,40
6.8,0.449865758061711,0.1631824075767943,DMFS,OOD,transbig,PCHazard,40
7.0,0.4480962517501311,0.16318240757679434,DMFS,OOD,transbig,PCHazard,40
7.2,0.44343524284180585,0.16638191447345785,DMFS,OOD,transbig,PCHazard,40
7.4,0.5425644970984894,0.16638191447345785,DMFS,OOD,transbig,PCHazard,40
7.6,0.5417976251091012,0.16638191447345782,DMFS,OOD,transbig,PCHazard,40
7.8,0.5411178342005194,0.16638191447345782,DMFS,OOD,transbig,PCHazard,40
8.0,0.5264427797971709,0.17592050605797635,DMFS,OOD,transbig,PCHazard,40
8.2,0.5211557562999137,0.18197294747058057,DMFS,OOD,transbig,PCHazard,40
8.4,0.5211557562999137,0.18197294747058057,DMFS,OOD,transbig,PCHazard,40
8.6,0.5165442004887937,0.1849024572700375,DMFS,OOD,transbig,PCHazard,40
8.8,0.5197375738863843,0.18490245727003757,DMFS,OOD,transbig,PCHazard,40
9.0,0.5197375738863843,0.18490245727003757,DMFS,OOD,transbig,PCHazard,40
9.2,0.5652729442717102,0.18785530086172733,DMFS,OOD,transbig,PCHazard,40
9.4,0.5652729442717102,0.18785530086172733,DMFS,OOD,transbig,PCHazard,40
9.6,0.564139478615686,0.18785530086172733,DMFS,OOD,transbig,PCHazard,40
9.8,0.5626460161531133,0.1878553008617273,DMFS,OOD,transbig,PCHazard,40
10.0,0.5579737127696837,0.193688818532266,DMFS,OOD,transbig,PCHazard,40
1.8,0.05852637071400671,0.052469135802469126,DMFS,OOD,transbig,PCHazard,41
2.0,0.07063371771112326,0.06570758085909602,DMFS,OOD,transbig,PCHazard,41
2.2,0.08345317645104938,0.07848688909294971,DMFS,OOD,transbig,PCHazard,41
2.4,0.08754642127338776,0.08264462809917357,DMFS,OOD,transbig,PCHazard,41
2.6,0.09622722969713327,0.0908070605040302,DMFS,OOD,transbig,PCHazard,41
2.8,0.1000170337452045,0.09483423436416938,DMFS,OOD,transbig,PCHazard,41
3.0,0.1045201866861585,0.09880981495044178,DMFS,OOD,transbig,PCHazard,41
3.2,0.1124908349229674,0.10665040665642696,DMFS,OOD,transbig,PCHazard,41
3.4,0.12588755114625333,0.11804184506887137,DMFS,OOD,transbig,PCHazard,41
3.6,0.17636133428656575,0.1217486363508713,DMFS,OOD,transbig,PCHazard,41
3.8,0.17636133428656575,0.1217486363508713,DMFS,OOD,transbig,PCHazard,41
4.0,0.17636133428656575,0.1217486363508713,DMFS,OOD,transbig,PCHazard,41
4.2,0.17636133428656575,0.1217486363508713,DMFS,OOD,transbig,PCHazard,41
4.4,0.18229996590975273,0.1254689695296743,DMFS,OOD,transbig,PCHazard,41
4.6,0.18229996590975273,0.1254689695296743,DMFS,OOD,transbig,PCHazard,41
4.8,0.19416974928580608,0.14668365280037993,DMFS,OOD,transbig,PCHazard,41
5.0,0.19813367141027222,0.15006241476650098,DMFS,OOD,transbig,PCHazard,41
5.2,0.19813367141027222,0.15006241476650098,DMFS,OOD,transbig,PCHazard,41
5.4,0.25192177682288036,0.15338500649738537,DMFS,OOD,transbig,PCHazard,41
5.6,0.25192177682288036,0.15338500649738537,DMFS,OOD,transbig,PCHazard,41
5.8,0.2529519672599608,0.1533850064973854,DMFS,OOD,transbig,PCHazard,41
6.0,0.2529519672599608,0.1533850064973854,DMFS,OOD,transbig,PCHazard,41
6.2,0.25832871538103863,0.15669431493859232,DMFS,OOD,transbig,PCHazard,41
6.4,0.25832871538103863,0.15669431493859232,DMFS,OOD,transbig,PCHazard,41
6.6,0.26322203490219354,0.15996758361154823,DMFS,OOD,transbig,PCHazard,41
6.8,0.2609832647272314,0.1631824075767943,DMFS,OOD,transbig,PCHazard,41
7.0,0.2611061754428204,0.16318240757679434,DMFS,OOD,transbig,PCHazard,41
7.2,0.29470645580975247,0.16638191447345785,DMFS,OOD,transbig,PCHazard,41
7.4,0.29745499646847734,0.16638191447345785,DMFS,OOD,transbig,PCHazard,41
7.6,0.2949993111378209,0.16638191447345782,DMFS,OOD,transbig,PCHazard,41
7.8,0.2913510541131229,0.16638191447345782,DMFS,OOD,transbig,PCHazard,41
8.0,0.2948053895373995,0.17592050605797635,DMFS,OOD,transbig,PCHazard,41
8.2,0.30140827480098037,0.18197294747058057,DMFS,OOD,transbig,PCHazard,41
8.4,0.30140827480098037,0.18197294747058057,DMFS,OOD,transbig,PCHazard,41
8.6,0.30353917597936286,0.1849024572700375,DMFS,OOD,transbig,PCHazard,41
8.8,0.30500873469721157,0.18490245727003757,DMFS,OOD,transbig,PCHazard,41
9.0,0.3210803059810219,0.18490245727003757,DMFS,OOD,transbig,PCHazard,41
9.2,0.3203264436885749,0.18785530086172733,DMFS,OOD,transbig,PCHazard,41
9.4,0.3203264436885749,0.18785530086172733,DMFS,OOD,transbig,PCHazard,41
9.6,0.32212386704282703,0.18785530086172733,DMFS,OOD,transbig,PCHazard,41
9.8,0.3198102893753739,0.1878553008617273,DMFS,OOD,transbig,PCHazard,41
10.0,0.3294433916357253,0.193688818532266,DMFS,OOD,transbig,PCHazard,41
1.8,0.08419294764957697,0.052469135802469126,DMFS,OOD,transbig,PCHazard,42
2.0,0.09166323811777365,0.06570758085909602,DMFS,OOD,transbig,PCHazard,42
2.2,0.1017259898637105,0.07848688909294971,DMFS,OOD,transbig,PCHazard,42
2.4,0.10563971512905929,0.08264462809917357,DMFS,OOD,transbig,PCHazard,42
2.6,0.11118244256092494,0.0908070605040302,DMFS,OOD,transbig,PCHazard,42
2.8,0.1158051910597916,0.09483423436416938,DMFS,OOD,transbig,PCHazard,42
3.0,0.11996311910931853,0.09880981495044178,DMFS,OOD,transbig,PCHazard,42
3.2,0.18027150608003623,0.10665040665642696,DMFS,OOD,transbig,PCHazard,42
3.4,0.18742321640563123,0.11804184506887137,DMFS,OOD,transbig,PCHazard,42
3.6,0.1863813950512326,0.1217486363508713,DMFS,OOD,transbig,PCHazard,42
3.8,0.1863813950512326,0.1217486363508713,DMFS,OOD,transbig,PCHazard,42
4.0,0.1863813950512326,0.1217486363508713,DMFS,OOD,transbig,PCHazard,42
4.2,0.1863813950512326,0.1217486363508713,DMFS,OOD,transbig,PCHazard,42
4.4,0.18596154432966952,0.1254689695296743,DMFS,OOD,transbig,PCHazard,42
4.6,0.18596154432966952,0.1254689695296743,DMFS,OOD,transbig,PCHazard,42
4.8,0.21700053148135784,0.14668365280037993,DMFS,OOD,transbig,PCHazard,42
5.0,0.21612554294037256,0.15006241476650098,DMFS,OOD,transbig,PCHazard,42
5.2,0.21612554294037256,0.15006241476650098,DMFS,OOD,transbig,PCHazard,42
5.4,0.21944915717105373,0.15338500649738537,DMFS,OOD,transbig,PCHazard,42
5.6,0.21944915717105373,0.15338500649738537,DMFS,OOD,transbig,PCHazard,42
5.8,0.2202045520308371,0.1533850064973854,DMFS,OOD,transbig,PCHazard,42
6.0,0.2202045520308371,0.1533850064973854,DMFS,OOD,transbig,PCHazard,42
6.2,0.21686244301527657,0.15669431493859232,DMFS,OOD,transbig,PCHazard,42
6.4,0.2334147564804523,0.15669431493859232,DMFS,OOD,transbig,PCHazard,42
6.6,0.23639996575071034,0.15996758361154823,DMFS,OOD,transbig,PCHazard,42
6.8,0.23960964709409333,0.1631824075767943,DMFS,OOD,transbig,PCHazard,42
7.0,0.23523600311665022,0.16318240757679434,DMFS,OOD,transbig,PCHazard,42
7.2,0.23456016861967743,0.16638191447345785,DMFS,OOD,transbig,PCHazard,42
7.4,0.2360346865283619,0.16638191447345785,DMFS,OOD,transbig,PCHazard,42
7.6,0.2369736602962974,0.16638191447345782,DMFS,OOD,transbig,PCHazard,42
7.8,0.23793575230468397,0.16638191447345782,DMFS,OOD,transbig,PCHazard,42
8.0,0.2518316866288409,0.17592050605797635,DMFS,OOD,transbig,PCHazard,42
8.2,0.25621463081573903,0.18197294747058057,DMFS,OOD,transbig,PCHazard,42
8.4,0.25621463081573903,0.18197294747058057,DMFS,OOD,transbig,PCHazard,42
8.6,0.259251760954178,0.1849024572700375,DMFS,OOD,transbig,PCHazard,42
8.8,0.26032056897907974,0.18490245727003757,DMFS,OOD,transbig,PCHazard,42
9.0,0.26032056897907974,0.18490245727003757,DMFS,OOD,transbig,PCHazard,42
9.2,0.2625794562808683,0.18785530086172733,DMFS,OOD,transbig,PCHazard,42
9.4,0.2625794562808683,0.18785530086172733,DMFS,OOD,transbig,PCHazard,42
9.6,0.29194467443986566,0.18785530086172733,DMFS,OOD,transbig,PCHazard,42
9.8,0.2888863829313876,0.1878553008617273,DMFS,OOD,transbig,PCHazard,42
10.0,0.2859940517744677,0.193688818532266,DMFS,OOD,transbig,PCHazard,42
1.8,0.05555555555555555,0.052469135802469126,DMFS,OOD,transbig,PCHazard,43
2.0,0.07065533340590857,0.06570758085909602,DMFS,OOD,transbig,PCHazard,43
2.2,0.08337090606652812,0.07848688909294971,DMFS,OOD,transbig,PCHazard,43
2.4,0.0874986794381379,0.08264462809917357,DMFS,OOD,transbig,PCHazard,43
2.6,0.09464971779584368,0.0908070605040302,DMFS,OOD,transbig,PCHazard,43
2.8,0.09918655063955062,0.09483423436416938,DMFS,OOD,transbig,PCHazard,43
3.0,0.10325940429214464,0.09880981495044178,DMFS,OOD,transbig,PCHazard,43
3.2,0.11171491680328886,0.10665040665642696,DMFS,OOD,transbig,PCHazard,43
3.4,0.12450508783851914,0.11804184506887137,DMFS,OOD,transbig,PCHazard,43
3.6,0.1289805699525882,0.1217486363508713,DMFS,OOD,transbig,PCHazard,43
3.8,0.14765147446405355,0.1217486363508713,DMFS,OOD,transbig,PCHazard,43
4.0,0.14765147446405355,0.1217486363508713,DMFS,OOD,transbig,PCHazard,43
4.2,0.14765147446405355,0.1217486363508713,DMFS,OOD,transbig,PCHazard,43
4.4,0.1519293443626524,0.1254689695296743,DMFS,OOD,transbig,PCHazard,43
4.6,0.1519293443626524,0.1254689695296743,DMFS,OOD,transbig,PCHazard,43
4.8,0.1691206923906275,0.14668365280037993,DMFS,OOD,transbig,PCHazard,43
5.0,0.1710676263967424,0.15006241476650098,DMFS,OOD,transbig,PCHazard,43
5.2,0.1710676263967424,0.15006241476650098,DMFS,OOD,transbig,PCHazard,43
5.4,0.17581336200089753,0.15338500649738537,DMFS,OOD,transbig,PCHazard,43
5.6,0.18366491860091386,0.15338500649738537,DMFS,OOD,transbig,PCHazard,43
5.8,0.1841057811586808,0.1533850064973854,DMFS,OOD,transbig,PCHazard,43
6.0,0.1841057811586808,0.1533850064973854,DMFS,OOD,transbig,PCHazard,43
6.2,0.1886757457493312,0.15669431493859232,DMFS,OOD,transbig,PCHazard,43
6.4,0.1886757457493312,0.15669431493859232,DMFS,OOD,transbig,PCHazard,43
6.6,0.19311834768575853,0.15996758361154823,DMFS,OOD,transbig,PCHazard,43
6.8,0.19745528181661312,0.1631824075767943,DMFS,OOD,transbig,PCHazard,43
7.0,0.19384128382915328,0.16318240757679434,DMFS,OOD,transbig,PCHazard,43
7.2,0.1988423607646425,0.16638191447345785,DMFS,OOD,transbig,PCHazard,43
7.4,0.22287180895024017,0.16638191447345785,DMFS,OOD,transbig,PCHazard,43
7.6,0.22370115375610633,0.16638191447345782,DMFS,OOD,transbig,PCHazard,43
7.8,0.22438192482329386,0.16638191447345782,DMFS,OOD,transbig,PCHazard,43
8.0,0.23134486687132344,0.17592050605797635,DMFS,OOD,transbig,PCHazard,43
8.2,0.23615474394202893,0.18197294747058057,DMFS,OOD,transbig,PCHazard,43
8.4,0.23615474394202893,0.18197294747058057,DMFS,OOD,transbig,PCHazard,43
8.6,0.2401496621448551,0.1849024572700375,DMFS,OOD,transbig,PCHazard,43
8.8,0.24100971430580942,0.18490245727003757,DMFS,OOD,transbig,PCHazard,43
9.0,0.24100971430580942,0.18490245727003757,DMFS,OOD,transbig,PCHazard,43
9.2,0.2796561456128588,0.18785530086172733,DMFS,OOD,transbig,PCHazard,43
9.4,0.2796561456128588,0.18785530086172733,DMFS,OOD,transbig,PCHazard,43
9.6,0.2802472773732012,0.18785530086172733,DMFS,OOD,transbig,PCHazard,43
9.8,0.2765306259343456,0.1878553008617273,DMFS,OOD,transbig,PCHazard,43
10.0,0.28535812827630347,0.193688818532266,DMFS,OOD,transbig,PCHazard,43
1.8,0.058213719373927504,0.052469135802469126,DMFS,OOD,transbig,PCHazard,44
2.0,0.07225949069820081,0.06570758085909602,DMFS,OOD,transbig,PCHazard,44
2.2,0.08684300489249669,0.07848688909294971,DMFS,OOD,transbig,PCHazard,44
2.4,0.0912654100439024,0.08264462809917357,DMFS,OOD,transbig,PCHazard,44
2.6,0.10043752089045077,0.0908070605040302,DMFS,OOD,transbig,PCHazard,44
2.8,0.10512677445502795,0.09483423436416938,DMFS,OOD,transbig,PCHazard,44
3.0,0.10995533106093121,0.09880981495044178,DMFS,OOD,transbig,PCHazard,44
3.2,0.13850956528078476,0.10665040665642696,DMFS,OOD,transbig,PCHazard,44
3.4,0.15246270290041578,0.11804184506887137,DMFS,OOD,transbig,PCHazard,44
3.6,0.15747915228275106,0.1217486363508713,DMFS,OOD,transbig,PCHazard,44
3.8,0.15747915228275106,0.1217486363508713,DMFS,OOD,transbig,PCHazard,44
4.0,0.15747915228275106,0.1217486363508713,DMFS,OOD,transbig,PCHazard,44
4.2,0.15747915228275106,0.1217486363508713,DMFS,OOD,transbig,PCHazard,44
4.4,0.16189579036462046,0.1254689695296743,DMFS,OOD,transbig,PCHazard,44
4.6,0.16189579036462046,0.1254689695296743,DMFS,OOD,transbig,PCHazard,44
4.8,0.20722821259109833,0.14668365280037993,DMFS,OOD,transbig,PCHazard,44
5.0,0.20893913484085638,0.15006241476650098,DMFS,OOD,transbig,PCHazard,44
5.2,0.20893913484085638,0.15006241476650098,DMFS,OOD,transbig,PCHazard,44
5.4,0.21358082080988663,0.15338500649738537,DMFS,OOD,transbig,PCHazard,44
5.6,0.21358082080988663,0.15338500649738537,DMFS,OOD,transbig,PCHazard,44
5.8,0.21391062288711737,0.1533850064973854,DMFS,OOD,transbig,PCHazard,44
6.0,0.21391062288711737,0.1533850064973854,DMFS,OOD,transbig,PCHazard,44
6.2,0.2250650354667209,0.15669431493859232,DMFS,OOD,transbig,PCHazard,44
6.4,0.2250650354667209,0.15669431493859232,DMFS,OOD,transbig,PCHazard,44
6.6,0.23028933454329462,0.15996758361154823,DMFS,OOD,transbig,PCHazard,44
6.8,0.23538224580102507,0.1631824075767943,DMFS,OOD,transbig,PCHazard,44
7.0,0.23045709640927395,0.16318240757679434,DMFS,OOD,transbig,PCHazard,44
7.2,0.23588985897287346,0.16638191447345785,DMFS,OOD,transbig,PCHazard,44
7.4,0.23665245112030114,0.16638191447345785,DMFS,OOD,transbig,PCHazard,44
7.6,0.2370609425482761,0.16638191447345782,DMFS,OOD,transbig,PCHazard,44
7.8,0.24533329860721279,0.16638191447345782,DMFS,OOD,transbig,PCHazard,44
8.0,0.2528590836062103,0.17592050605797635,DMFS,OOD,transbig,PCHazard,44
8.2,0.25912691049792785,0.18197294747058057,DMFS,OOD,transbig,PCHazard,44
8.4,0.25912691049792785,0.18197294747058057,DMFS,OOD,transbig,PCHazard,44
8.6,0.26415000628642205,0.1849024572700375,DMFS,OOD,transbig,PCHazard,44
8.8,0.26467065210419966,0.18490245727003757,DMFS,OOD,transbig,PCHazard,44
9.0,0.26467065210419966,0.18490245727003757,DMFS,OOD,transbig,PCHazard,44
9.2,0.26831895320147464,0.18785530086172733,DMFS,OOD,transbig,PCHazard,44
9.4,0.271280378288963,0.18785530086172733,DMFS,OOD,transbig,PCHazard,44
9.6,0.2719415361452669,0.18785530086172733,DMFS,OOD,transbig,PCHazard,44
9.8,0.26731271364345277,0.1878553008617273,DMFS,OOD,transbig,PCHazard,44
10.0,0.27873531129917656,0.193688818532266,DMFS,OOD,transbig,PCHazard,44
1.8,0.05245936855156716,0.052469135802469126,DMFS,OOD,transbig,PMF,40
2.0,0.06676775131798253,0.06570758085909602,DMFS,OOD,transbig,PMF,40
2.2,0.14765607297932548,0.07848688909294971,DMFS,OOD,transbig,PMF,40
2.4,0.14923017384940013,0.08264462809917357,DMFS,OOD,transbig,PMF,40
2.6,0.1565432706135119,0.0908070605040302,DMFS,OOD,transbig,PMF,40
2.8,0.15238495429094934,0.09483423436416938,DMFS,OOD,transbig,PMF,40
3.0,0.15468092523490945,0.09880981495044178,DMFS,OOD,transbig,PMF,40
3.2,0.155657050571974,0.10665040665642696,DMFS,OOD,transbig,PMF,40
3.4,0.16592355754658542,0.11804184506887137,DMFS,OOD,transbig,PMF,40
3.6,0.16781206623056796,0.1217486363508713,DMFS,OOD,transbig,PMF,40
3.8,0.16781206623056796,0.1217486363508713,DMFS,OOD,transbig,PMF,40
4.0,0.16781206623056796,0.1217486363508713,DMFS,OOD,transbig,PMF,40
4.2,0.2178777169030859,0.1217486363508713,DMFS,OOD,transbig,PMF,40
4.4,0.21665246693375687,0.1254689695296743,DMFS,OOD,transbig,PMF,40
4.6,0.21665246693375687,0.1254689695296743,DMFS,OOD,transbig,PMF,40
4.8,0.2166601155113321,0.14668365280037993,DMFS,OOD,transbig,PMF,40
5.0,0.21625369202035705,0.15006241476650098,DMFS,OOD,transbig,PMF,40
5.2,0.21625369202035705,0.15006241476650098,DMFS,OOD,transbig,PMF,40
5.4,0.22132497351891167,0.15338500649738537,DMFS,OOD,transbig,PMF,40
5.6,0.22132497351891167,0.15338500649738537,DMFS,OOD,transbig,PMF,40
5.8,0.2223933456302034,0.1533850064973854,DMFS,OOD,transbig,PMF,40
6.0,0.2223933456302034,0.1533850064973854,DMFS,OOD,transbig,PMF,40
6.2,0.23294051124785406,0.15669431493859232,DMFS,OOD,transbig,PMF,40
6.4,0.23294051124785406,0.15669431493859232,DMFS,OOD,transbig,PMF,40
6.6,0.23794050708883233,0.15996758361154823,DMFS,OOD,transbig,PMF,40
6.8,0.2422825308334574,0.1631824075767943,DMFS,OOD,transbig,PMF,40
7.0,0.23994112826116995,0.16318240757679434,DMFS,OOD,transbig,PMF,40
7.2,0.24137254852979872,0.16638191447345785,DMFS,OOD,transbig,PMF,40
7.4,0.24167099072892748,0.16638191447345785,DMFS,OOD,transbig,PMF,40
7.6,0.24290510613539423,0.16638191447345782,DMFS,OOD,transbig,PMF,40
7.8,0.2441253605131409,0.16638191447345782,DMFS,OOD,transbig,PMF,40
8.0,0.24049815504249172,0.17592050605797635,DMFS,OOD,transbig,PMF,40
8.2,0.25124940207189567,0.18197294747058057,DMFS,OOD,transbig,PMF,40
8.4,0.25124940207189567,0.18197294747058057,DMFS,OOD,transbig,PMF,40
8.6,0.2501583898736129,0.1849024572700375,DMFS,OOD,transbig,PMF,40
8.8,0.2514806425560717,0.18490245727003757,DMFS,OOD,transbig,PMF,40
9.0,0.2514806425560717,0.18490245727003757,DMFS,OOD,transbig,PMF,40
9.2,0.25587367649165993,0.18785530086172733,DMFS,OOD,transbig,PMF,40
9.4,0.25587367649165993,0.18785530086172733,DMFS,OOD,transbig,PMF,40
9.6,0.25724702793017146,0.18785530086172733,DMFS,OOD,transbig,PMF,40
9.8,0.25480517659711255,0.1878553008617273,DMFS,OOD,transbig,PMF,40
10.0,0.26576655618747447,0.193688818532266,DMFS,OOD,transbig,PMF,40
1.8,0.05512391497099197,0.052469135802469126,DMFS,OOD,transbig,PMF,41
2.0,0.09781044691238382,0.06570758085909602,DMFS,OOD,transbig,PMF,41
2.2,0.10437102961760221,0.07848688909294971,DMFS,OOD,transbig,PMF,41
2.4,0.10616944143004733,0.08264462809917357,DMFS,OOD,transbig,PMF,41
2.6,0.11325868903726884,0.0908070605040302,DMFS,OOD,transbig,PMF,41
2.8,0.11656143461558269,0.09483423436416938,DMFS,OOD,transbig,PMF,41
3.0,0.11933390694797505,0.09880981495044178,DMFS,OOD,transbig,PMF,41
3.2,0.12411469949384124,0.10665040665642696,DMFS,OOD,transbig,PMF,41
3.4,0.1364483685592404,0.11804184506887137,DMFS,OOD,transbig,PMF,41
3.6,0.14079651768866364,0.1217486363508713,DMFS,OOD,transbig,PMF,41
3.8,0.14079651768866364,0.1217486363508713,DMFS,OOD,transbig,PMF,41
4.0,0.16676528711561286,0.1217486363508713,DMFS,OOD,transbig,PMF,41
4.2,0.16676528711561286,0.1217486363508713,DMFS,OOD,transbig,PMF,41
4.4,0.1694116509697277,0.1254689695296743,DMFS,OOD,transbig,PMF,41
4.6,0.1694116509697277,0.1254689695296743,DMFS,OOD,transbig,PMF,41
4.8,0.1733260568578619,0.14668365280037993,DMFS,OOD,transbig,PMF,41
5.0,0.1718833870830517,0.15006241476650098,DMFS,OOD,transbig,PMF,41
5.2,0.1718833870830517,0.15006241476650098,DMFS,OOD,transbig,PMF,41
5.4,0.1759045215403234,0.15338500649738537,DMFS,OOD,transbig,PMF,41
5.6,0.1759045215403234,0.15338500649738537,DMFS,OOD,transbig,PMF,41
5.8,0.1763208260672936,0.1533850064973854,DMFS,OOD,transbig,PMF,41
6.0,0.21851895918186917,0.1533850064973854,DMFS,OOD,transbig,PMF,41
6.2,0.22132030771086797,0.15669431493859232,DMFS,OOD,transbig,PMF,41
6.4,0.22132030771086797,0.15669431493859232,DMFS,OOD,transbig,PMF,41
6.6,0.22422852191233564,0.15996758361154823,DMFS,OOD,transbig,PMF,41
6.8,0.22394351578512722,0.1631824075767943,DMFS,OOD,transbig,PMF,41
7.0,0.2214696361330597,0.16318240757679434,DMFS,OOD,transbig,PMF,41
7.2,0.2226883325752526,0.16638191447345785,DMFS,OOD,transbig,PMF,41
7.4,0.22317334434048175,0.16638191447345785,DMFS,OOD,transbig,PMF,41
7.6,0.22234074270789328,0.16638191447345782,DMFS,OOD,transbig,PMF,41
7.8,0.2219113543082688,0.16638191447345782,DMFS,OOD,transbig,PMF,41
8.0,0.26378460289665434,0.17592050605797635,DMFS,OOD,transbig,PMF,41
8.2,0.2678384821462204,0.18197294747058057,DMFS,OOD,transbig,PMF,41
8.4,0.2678384821462204,0.18197294747058057,DMFS,OOD,transbig,PMF,41
8.6,0.2676244051929732,0.1849024572700375,DMFS,OOD,transbig,PMF,41
8.8,0.2685056092654661,0.18490245727003757,DMFS,OOD,transbig,PMF,41
9.0,0.2685056092654661,0.18490245727003757,DMFS,OOD,transbig,PMF,41
9.2,0.2651250286664805,0.18785530086172733,DMFS,OOD,transbig,PMF,41
9.4,0.2651250286664805,0.18785530086172733,DMFS,OOD,transbig,PMF,41
9.6,0.26602257276792657,0.18785530086172733,DMFS,OOD,transbig,PMF,41
9.8,0.26420783022195743,0.1878553008617273,DMFS,OOD,transbig,PMF,41
10.0,0.2780895330038469,0.193688818532266,DMFS,OOD,transbig,PMF,41
1.8,0.06066384170036743,0.052469135802469126,DMFS,OOD,transbig,PMF,42
2.0,0.07007678842549991,0.06570758085909602,DMFS,OOD,transbig,PMF,42
2.2,0.08018083896546067,0.07848688909294971,DMFS,OOD,transbig,PMF,42
2.4,0.08411972160537452,0.08264462809917357,DMFS,OOD,transbig,PMF,42
2.6,0.0899406768963134,0.0908070605040302,DMFS,OOD,transbig,PMF,42
2.8,0.09403512789786825,0.09483423436416938,DMFS,OOD,transbig,PMF,42
3.0,0.09842581504115455,0.09880981495044178,DMFS,OOD,transbig,PMF,42
3.2,0.1058733741120886,0.10665040665642696,DMFS,OOD,transbig,PMF,42
3.4,0.11640030818220012,0.11804184506887137,DMFS,OOD,transbig,PMF,42
3.6,0.1348984838044571,0.1217486363508713,DMFS,OOD,transbig,PMF,42
3.8,0.1348984838044571,0.1217486363508713,DMFS,OOD,transbig,PMF,42
4.0,0.1348984838044571,0.1217486363508713,DMFS,OOD,transbig,PMF,42
4.2,0.1348984838044571,0.1217486363508713,DMFS,OOD,transbig,PMF,42
4.4,0.13819301032352294,0.1254689695296743,DMFS,OOD,transbig,PMF,42
4.6,0.13819301032352294,0.1254689695296743,DMFS,OOD,transbig,PMF,42
4.8,0.15781081362056976,0.14668365280037993,DMFS,OOD,transbig,PMF,42
5.0,0.16063618977760177,0.15006241476650098,DMFS,OOD,transbig,PMF,42
5.2,0.16063618977760177,0.15006241476650098,DMFS,OOD,transbig,PMF,42
5.4,0.1757082750431541,0.15338500649738537,DMFS,OOD,transbig,PMF,42
5.6,0.1757082750431541,0.15338500649738537,DMFS,OOD,transbig,PMF,42
5.8,0.17591506183477323,0.1533850064973854,DMFS,OOD,transbig,PMF,42
6.0,0.17591506183477323,0.1533850064973854,DMFS,OOD,transbig,PMF,42
6.2,0.17523917135292985,0.15669431493859232,DMFS,OOD,transbig,PMF,42
6.4,0.17523917135292985,0.15669431493859232,DMFS,OOD,transbig,PMF,42
6.6,0.1793631749379614,0.15996758361154823,DMFS,OOD,transbig,PMF,42
6.8,0.1817392474006433,0.1631824075767943,DMFS,OOD,transbig,PMF,42
7.0,0.17981216612752693,0.16318240757679434,DMFS,OOD,transbig,PMF,42
7.2,0.20574332142121762,0.16638191447345785,DMFS,OOD,transbig,PMF,42
7.4,0.20615514432416254,0.16638191447345785,DMFS,OOD,transbig,PMF,42
7.6,0.20650849103352772,0.16638191447345782,DMFS,OOD,transbig,PMF,42
7.8,0.20731581883944142,0.16638191447345782,DMFS,OOD,transbig,PMF,42
8.0,0.21398730748476327,0.17592050605797635,DMFS,OOD,transbig,PMF,42
8.2,0.21723758324207174,0.18197294747058057,DMFS,OOD,transbig,PMF,42
8.4,0.21723758324207174,0.18197294747058057,DMFS,OOD,transbig,PMF,42
8.6,0.22072594420968628,0.1849024572700375,DMFS,OOD,transbig,PMF,42
8.8,0.2505262410357096,0.18490245727003757,DMFS,OOD,transbig,PMF,42
9.0,0.2505262410357096,0.18490245727003757,DMFS,OOD,transbig,PMF,42
9.2,0.25207852076890486,0.18785530086172733,DMFS,OOD,transbig,PMF,42
9.4,0.25207852076890486,0.18785530086172733,DMFS,OOD,transbig,PMF,42
9.6,0.25013433944778746,0.18785530086172733,DMFS,OOD,transbig,PMF,42
9.8,0.24668424470930386,0.1878553008617273,DMFS,OOD,transbig,PMF,42
10.0,0.24236836701844927,0.193688818532266,DMFS,OOD,transbig,PMF,42
1.8,0.05499320545757944,0.052469135802469126,DMFS,OOD,transbig,PMF,43
2.0,0.06867185612093603,0.06570758085909602,DMFS,OOD,transbig,PMF,43
2.2,0.08544438209301766,0.07848688909294971,DMFS,OOD,transbig,PMF,43
2.4,0.08932717616013075,0.08264462809917357,DMFS,OOD,transbig,PMF,43
2.6,0.09697074756583052,0.0908070605040302,DMFS,OOD,transbig,PMF,43
2.8,0.10103633001362856,0.09483423436416938,DMFS,OOD,transbig,PMF,43
3.0,0.10513592963739982,0.09880981495044178,DMFS,OOD,transbig,PMF,43
3.2,0.11372791759153342,0.10665040665642696,DMFS,OOD,transbig,PMF,43
3.4,0.12519513023342002,0.11804184506887137,DMFS,OOD,transbig,PMF,43
3.6,0.12967143326793523,0.1217486363508713,DMFS,OOD,transbig,PMF,43
3.8,0.12967143326793523,0.1217486363508713,DMFS,OOD,transbig,PMF,43
4.0,0.12967143326793523,0.1217486363508713,DMFS,OOD,transbig,PMF,43
4.2,0.15414980567630598,0.1217486363508713,DMFS,OOD,transbig,PMF,43
4.4,0.1568544761344664,0.1254689695296743,DMFS,OOD,transbig,PMF,43
4.6,0.1568544761344664,0.1254689695296743,DMFS,OOD,transbig,PMF,43
4.8,0.16851201737950927,0.14668365280037993,DMFS,OOD,transbig,PMF,43
5.0,0.1706156220893448,0.15006241476650098,DMFS,OOD,transbig,PMF,43
5.2,0.1706156220893448,0.15006241476650098,DMFS,OOD,transbig,PMF,43
5.4,0.17419483594450513,0.15338500649738537,DMFS,OOD,transbig,PMF,43
5.6,0.17419483594450513,0.15338500649738537,DMFS,OOD,transbig,PMF,43
5.8,0.17457815492484768,0.1533850064973854,DMFS,OOD,transbig,PMF,43
6.0,0.17457815492484768,0.1533850064973854,DMFS,OOD,transbig,PMF,43
6.2,0.22156079524088268,0.15669431493859232,DMFS,OOD,transbig,PMF,43
6.4,0.22156079524088268,0.15669431493859232,DMFS,OOD,transbig,PMF,43
6.6,0.22468815217818958,0.15996758361154823,DMFS,OOD,transbig,PMF,43
6.8,0.22727974381400726,0.1631824075767943,DMFS,OOD,transbig,PMF,43
7.0,0.2273078251836313,0.16318240757679434,DMFS,OOD,transbig,PMF,43
7.2,0.2312620915116601,0.16638191447345785,DMFS,OOD,transbig,PMF,43
7.4,0.23123859941783773,0.16638191447345785,DMFS,OOD,transbig,PMF,43
7.6,0.23154725075473218,0.16638191447345782,DMFS,OOD,transbig,PMF,43
7.8,0.23080137684359192,0.16638191447345782,DMFS,OOD,transbig,PMF,43
8.0,0.22951901256217147,0.17592050605797635,DMFS,OOD,transbig,PMF,43
8.2,0.24712951613837472,0.18197294747058057,DMFS,OOD,transbig,PMF,43
8.4,0.24712951613837472,0.18197294747058057,DMFS,OOD,transbig,PMF,43
8.6,0.24800168777051013,0.1849024572700375,DMFS,OOD,transbig,PMF,43
8.8,0.24860794187798332,0.18490245727003757,DMFS,OOD,transbig,PMF,43
9.0,0.24860794187798332,0.18490245727003757,DMFS,OOD,transbig,PMF,43
9.2,0.24761319439116772,0.18785530086172733,DMFS,OOD,transbig,PMF,43
9.4,0.24761319439116772,0.18785530086172733,DMFS,OOD,transbig,PMF,43
9.6,0.24771343905644563,0.18785530086172733,DMFS,OOD,transbig,PMF,43
9.8,0.2473506896885027,0.1878553008617273,DMFS,OOD,transbig,PMF,43
10.0,0.2540226295111422,0.193688818532266,DMFS,OOD,transbig,PMF,43
1.8,0.08846111131993062,0.052469135802469126,DMFS,OOD,transbig,PMF,44
2.0,0.0990482635264671,0.06570758085909602,DMFS,OOD,transbig,PMF,44
2.2,0.10831637758753371,0.07848688909294971,DMFS,OOD,transbig,PMF,44
2.4,0.11214505063719074,0.08264462809917357,DMFS,OOD,transbig,PMF,44
2.6,0.11827335095720916,0.0908070605040302,DMFS,OOD,transbig,PMF,44
2.8,0.12298651902863633,0.09483423436416938,DMFS,OOD,transbig,PMF,44
3.0,0.12681778524940482,0.09880981495044178,DMFS,OOD,transbig,PMF,44
3.2,0.13382102404188495,0.10665040665642696,DMFS,OOD,transbig,PMF,44
3.4,0.14769505059196278,0.11804184506887137,DMFS,OOD,transbig,PMF,44
3.6,0.16176538468559176,0.1217486363508713,DMFS,OOD,transbig,PMF,44
3.8,0.16176538468559176,0.1217486363508713,DMFS,OOD,transbig,PMF,44
4.0,0.16176538468559176,0.1217486363508713,DMFS,OOD,transbig,PMF,44
4.2,0.16176538468559176,0.1217486363508713,DMFS,OOD,transbig,PMF,44
4.4,0.16444887801059638,0.1254689695296743,DMFS,OOD,transbig,PMF,44
4.6,0.16444887801059638,0.1254689695296743,DMFS,OOD,transbig,PMF,44
4.8,0.18772884764894585,0.14668365280037993,DMFS,OOD,transbig,PMF,44
5.0,0.1878281655272761,0.15006241476650098,DMFS,OOD,transbig,PMF,44
5.2,0.1979873631619775,0.15006241476650098,DMFS,OOD,transbig,PMF,44
5.4,0.2019617863231358,0.15338500649738537,DMFS,OOD,transbig,PMF,44
5.6,0.2019617863231358,0.15338500649738537,DMFS,OOD,transbig,PMF,44
5.8,0.2024990920651082,0.1533850064973854,DMFS,OOD,transbig,PMF,44
6.0,0.2024990920651082,0.1533850064973854,DMFS,OOD,transbig,PMF,44
6.2,0.20555594654333934,0.15669431493859232,DMFS,OOD,transbig,PMF,44
6.4,0.20555594654333934,0.15669431493859232,DMFS,OOD,transbig,PMF,44
6.6,0.20968863946137703,0.15996758361154823,DMFS,OOD,transbig,PMF,44
6.8,0.21316676345479135,0.1631824075767943,DMFS,OOD,transbig,PMF,44
7.0,0.21681806571204582,0.16318240757679434,DMFS,OOD,transbig,PMF,44
7.2,0.2208889509463251,0.16638191447345785,DMFS,OOD,transbig,PMF,44
7.4,0.22003287102013389,0.16638191447345785,DMFS,OOD,transbig,PMF,44
7.6,0.21854100955475192,0.16638191447345782,DMFS,OOD,transbig,PMF,44
7.8,0.21906758070187235,0.16638191447345782,DMFS,OOD,transbig,PMF,44
8.0,0.22581404155983698,0.17592050605797635,DMFS,OOD,transbig,PMF,44
8.2,0.22859001971791645,0.18197294747058057,DMFS,OOD,transbig,PMF,44
8.4,0.22859001971791645,0.18197294747058057,DMFS,OOD,transbig,PMF,44
8.6,0.25944886162381636,0.1849024572700375,DMFS,OOD,transbig,PMF,44
8.8,0.2593855765325913,0.18490245727003757,DMFS,OOD,transbig,PMF,44
9.0,0.2593855765325913,0.18490245727003757,DMFS,OOD,transbig,PMF,44
9.2,0.2568982347866378,0.18785530086172733,DMFS,OOD,transbig,PMF,44
9.4,0.2568982347866378,0.18785530086172733,DMFS,OOD,transbig,PMF,44
9.6,0.25680237206753137,0.18785530086172733,DMFS,OOD,transbig,PMF,44
9.8,0.25282930147714133,0.1878553008617273,DMFS,OOD,transbig,PMF,44
10.0,0.25879742931480426,0.193688818532266,DMFS,OOD,transbig,PMF,44
1.8,0.06310349478667739,0.052469135802469126,DMFS,OOD,transbig,RSF,40
2.0,0.07893579238129562,0.06570758085909602,DMFS,OOD,transbig,RSF,40
2.2,0.09716062196026494,0.07848688909294971,DMFS,OOD,transbig,RSF,40
2.4,0.11214540531146493,0.08264462809917357,DMFS,OOD,transbig,RSF,40
2.6,0.11603837371082103,0.0908070605040302,DMFS,OOD,transbig,RSF,40
2.8,0.12181546780590193,0.09483423436416938,DMFS,OOD,transbig,RSF,40
3.0,0.12913191727083992,0.09880981495044178,DMFS,OOD,transbig,RSF,40
3.2,0.1383985764889285,0.10665040665642696,DMFS,OOD,transbig,RSF,40
3.4,0.14893246641206648,0.11804184506887137,DMFS,OOD,transbig,RSF,40
3.6,0.15024218849203227,0.1217486363508713,DMFS,OOD,transbig,RSF,40
3.8,0.15024218849203227,0.1217486363508713,DMFS,OOD,transbig,RSF,40
4.0,0.15024218849203227,0.1217486363508713,DMFS,OOD,transbig,RSF,40
4.2,0.15024218849203227,0.1217486363508713,DMFS,OOD,transbig,RSF,40
4.4,0.15138237026369936,0.1254689695296743,DMFS,OOD,transbig,RSF,40
4.6,0.15708786132247285,0.1254689695296743,DMFS,OOD,transbig,RSF,40
4.8,0.17320508575624846,0.14668365280037993,DMFS,OOD,transbig,RSF,40
5.0,0.17981476008443642,0.15006241476650098,DMFS,OOD,transbig,RSF,40
5.2,0.17981476008443642,0.15006241476650098,DMFS,OOD,transbig,RSF,40
5.4,0.18119889309882792,0.15338500649738537,DMFS,OOD,transbig,RSF,40
5.6,0.18119889309882792,0.15338500649738537,DMFS,OOD,transbig,RSF,40
5.8,0.18148345973057886,0.1533850064973854,DMFS,OOD,transbig,RSF,40
6.0,0.18148345973057886,0.1533850064973854,DMFS,OOD,transbig,RSF,40
6.2,0.18250641126874395,0.15669431493859232,DMFS,OOD,transbig,RSF,40
6.4,0.18250641126874395,0.15669431493859232,DMFS,OOD,transbig,RSF,40
6.6,0.18494697257909123,0.15996758361154823,DMFS,OOD,transbig,RSF,40
6.8,0.1857194874064221,0.1631824075767943,DMFS,OOD,transbig,RSF,40
7.0,0.19253823581937565,0.16318240757679434,DMFS,OOD,transbig,RSF,40
7.2,0.1935227306697867,0.16638191447345785,DMFS,OOD,transbig,RSF,40
7.4,0.19374262938592351,0.16638191447345785,DMFS,OOD,transbig,RSF,40
7.6,0.19373531015533646,0.16638191447345782,DMFS,OOD,transbig,RSF,40
7.8,0.19374833837508038,0.16638191447345782,DMFS,OOD,transbig,RSF,40
8.0,0.1958176414316884,0.17592050605797635,DMFS,OOD,transbig,RSF,40
8.2,0.2078254933670299,0.18197294747058057,DMFS,OOD,transbig,RSF,40
8.4,0.2078254933670299,0.18197294747058057,DMFS,OOD,transbig,RSF,40
8.6,0.21548663564760784,0.1849024572700375,DMFS,OOD,transbig,RSF,40
8.8,0.21589068050604254,0.18490245727003757,DMFS,OOD,transbig,RSF,40
9.0,0.21589068050604254,0.18490245727003757,DMFS,OOD,transbig,RSF,40
9.2,0.2160006172771691,0.18785530086172733,DMFS,OOD,transbig,RSF,40
9.4,0.2160006172771691,0.18785530086172733,DMFS,OOD,transbig,RSF,40
9.6,0.21625865464950272,0.18785530086172733,DMFS,OOD,transbig,RSF,40
9.8,0.21588610953000542,0.1878553008617273,DMFS,OOD,transbig,RSF,40
10.0,0.21869090820914175,0.193688818532266,DMFS,OOD,transbig,RSF,40
1.8,0.053641891070169805,0.052469135802469126,DMFS,OOD,transbig,RSF,41
2.0,0.06810727612831312,0.06570758085909602,DMFS,OOD,transbig,RSF,41
2.2,0.08320959564156663,0.07848688909294971,DMFS,OOD,transbig,RSF,41
2.4,0.08846039354317299,0.08264462809917357,DMFS,OOD,transbig,RSF,41
2.6,0.09665784357990716,0.0908070605040302,DMFS,OOD,transbig,RSF,41
2.8,0.10205291785393696,0.09483423436416938,DMFS,OOD,transbig,RSF,41
3.0,0.10489191302449756,0.09880981495044178,DMFS,OOD,transbig,RSF,41
3.2,0.11250970519087913,0.10665040665642696,DMFS,OOD,transbig,RSF,41
3.4,0.12088762016824812,0.11804184506887137,DMFS,OOD,transbig,RSF,41
3.6,0.12575528533625216,0.1217486363508713,DMFS,OOD,transbig,RSF,41
3.8,0.12575528533625216,0.1217486363508713,DMFS,OOD,transbig,RSF,41
4.0,0.12811026336275327,0.1217486363508713,DMFS,OOD,transbig,RSF,41
4.2,0.12811026336275327,0.1217486363508713,DMFS,OOD,transbig,RSF,41
4.4,0.13065133144385888,0.1254689695296743,DMFS,OOD,transbig,RSF,41
4.6,0.13352622546487922,0.1254689695296743,DMFS,OOD,transbig,RSF,41
4.8,0.15130589577836434,0.14668365280037993,DMFS,OOD,transbig,RSF,41
5.0,0.15638995200029368,0.15006241476650098,DMFS,OOD,transbig,RSF,41
5.2,0.1597607728003194,0.15006241476650098,DMFS,OOD,transbig,RSF,41
5.4,0.16284985060338772,0.15338500649738537,DMFS,OOD,transbig,RSF,41
5.6,0.1672405642517679,0.15338500649738537,DMFS,OOD,transbig,RSF,41
5.8,0.16748554337174146,0.1533850064973854,DMFS,OOD,transbig,RSF,41
6.0,0.16748554337174146,0.1533850064973854,DMFS,OOD,transbig,RSF,41
6.2,0.16903525783537632,0.15669431493859232,DMFS,OOD,transbig,RSF,41
6.4,0.16903525783537632,0.15669431493859232,DMFS,OOD,transbig,RSF,41
6.6,0.1721419212202142,0.15996758361154823,DMFS,OOD,transbig,RSF,41
6.8,0.1792215935050902,0.1631824075767943,DMFS,OOD,transbig,RSF,41
7.0,0.1786947036540466,0.16318240757679434,DMFS,OOD,transbig,RSF,41
7.2,0.18034551397114124,0.16638191447345785,DMFS,OOD,transbig,RSF,41
7.4,0.1806190957199595,0.16638191447345785,DMFS,OOD,transbig,RSF,41
7.6,0.1859499491221487,0.16638191447345782,DMFS,OOD,transbig,RSF,41
7.8,0.18576014689622458,0.16638191447345782,DMFS,OOD,transbig,RSF,41
8.0,0.18921213420447178,0.17592050605797635,DMFS,OOD,transbig,RSF,41
8.2,0.19320448311565705,0.18197294747058057,DMFS,OOD,transbig,RSF,41
8.4,0.19320448311565705,0.18197294747058057,DMFS,OOD,transbig,RSF,41
8.6,0.19978121230005128,0.1849024572700375,DMFS,OOD,transbig,RSF,41
8.8,0.20003479822866072,0.18490245727003757,DMFS,OOD,transbig,RSF,41
9.0,0.20003479822866072,0.18490245727003757,DMFS,OOD,transbig,RSF,41
9.2,0.2008987936511145,0.18785530086172733,DMFS,OOD,transbig,RSF,41
9.4,0.2008987936511145,0.18785530086172733,DMFS,OOD,transbig,RSF,41
9.6,0.21332018359262014,0.18785530086172733,DMFS,OOD,transbig,RSF,41
9.8,0.21278223618540226,0.1878553008617273,DMFS,OOD,transbig,RSF,41
10.0,0.2154027547228342,0.193688818532266,DMFS,OOD,transbig,RSF,41
1.8,0.05204281248673633,0.052469135802469126,DMFS,OOD,transbig,RSF,42
2.0,0.06535561119667067,0.06570758085909602,DMFS,OOD,transbig,RSF,42
2.2,0.07794833556336919,0.07848688909294971,DMFS,OOD,transbig,RSF,42
2.4,0.08267512023617851,0.08264462809917357,DMFS,OOD,transbig,RSF,42
2.6,0.09025491768230419,0.0908070605040302,DMFS,OOD,transbig,RSF,42
2.8,0.09435787494632386,0.09483423436416938,DMFS,OOD,transbig,RSF,42
3.0,0.09845482382844137,0.09880981495044178,DMFS,OOD,transbig,RSF,42
3.2,0.10663822037142391,0.10665040665642696,DMFS,OOD,transbig,RSF,42
3.4,0.11802995012430115,0.11804184506887137,DMFS,OOD,transbig,RSF,42
3.6,0.12186025156164057,0.1217486363508713,DMFS,OOD,transbig,RSF,42
3.8,0.12186025156164057,0.1217486363508713,DMFS,OOD,transbig,RSF,42
4.0,0.12186025156164057,0.1217486363508713,DMFS,OOD,transbig,RSF,42
4.2,0.12186025156164057,0.1217486363508713,DMFS,OOD,transbig,RSF,42
4.4,0.12548063369002097,0.1254689695296743,DMFS,OOD,transbig,RSF,42
4.6,0.12548063369002097,0.1254689695296743,DMFS,OOD,transbig,RSF,42
4.8,0.1474570188673782,0.14668365280037993,DMFS,OOD,transbig,RSF,42
5.0,0.150548049562743,0.15006241476650098,DMFS,OOD,transbig,RSF,42
5.2,0.15032204377439803,0.15006241476650098,DMFS,OOD,transbig,RSF,42
5.4,0.1535809445625467,0.15338500649738537,DMFS,OOD,transbig,RSF,42
5.6,0.1535809445625467,0.15338500649738537,DMFS,OOD,transbig,RSF,42
5.8,0.15365449537861603,0.1533850064973854,DMFS,OOD,transbig,RSF,42
6.0,0.15365449537861603,0.1533850064973854,DMFS,OOD,transbig,RSF,42
6.2,0.1570496322648173,0.15669431493859232,DMFS,OOD,transbig,RSF,42
6.4,0.15771153446532282,0.15669431493859232,DMFS,OOD,transbig,RSF,42
6.6,0.1612819339683642,0.15996758361154823,DMFS,OOD,transbig,RSF,42
6.8,0.16521872177898,0.1631824075767943,DMFS,OOD,transbig,RSF,42
7.0,0.165072500150424,0.16318240757679434,DMFS,OOD,transbig,RSF,42
7.2,0.1676922335461779,0.16638191447345785,DMFS,OOD,transbig,RSF,42
7.4,0.16763679197212095,0.16638191447345785,DMFS,OOD,transbig,RSF,42
7.6,0.1675210005442168,0.16638191447345782,DMFS,OOD,transbig,RSF,42
7.8,0.1676831863722589,0.16638191447345782,DMFS,OOD,transbig,RSF,42
8.0,0.17732807717537005,0.17592050605797635,DMFS,OOD,transbig,RSF,42
8.2,0.18481898633919414,0.18197294747058057,DMFS,OOD,transbig,RSF,42
8.4,0.18481898633919414,0.18197294747058057,DMFS,OOD,transbig,RSF,42
8.6,0.18976740248574783,0.1849024572700375,DMFS,OOD,transbig,RSF,42
8.8,0.18962010750800704,0.18490245727003757,DMFS,OOD,transbig,RSF,42
9.0,0.19995160095140913,0.18490245727003757,DMFS,OOD,transbig,RSF,42
9.2,0.20185600343929336,0.18785530086172733,DMFS,OOD,transbig,RSF,42
9.4,0.20185600343929336,0.18785530086172733,DMFS,OOD,transbig,RSF,42
9.6,0.2019810024947699,0.18785530086172733,DMFS,OOD,transbig,RSF,42
9.8,0.20200353997927065,0.1878553008617273,DMFS,OOD,transbig,RSF,42
10.0,0.20459503954112562,0.193688818532266,DMFS,OOD,transbig,RSF,42
1.8,0.05170812258452739,0.052469135802469126,DMFS,OOD,transbig,RSF,43
2.0,0.0647228732362577,0.06570758085909602,DMFS,OOD,transbig,RSF,43
2.2,0.0765822754723026,0.07848688909294971,DMFS,OOD,transbig,RSF,43
2.4,0.080453419008403,0.08264462809917357,DMFS,OOD,transbig,RSF,43
2.6,0.08869834958068669,0.0908070605040302,DMFS,OOD,transbig,RSF,43
2.8,0.09304132448104682,0.09483423436416938,DMFS,OOD,transbig,RSF,43
3.0,0.09711508934086215,0.09880981495044178,DMFS,OOD,transbig,RSF,43
3.2,0.10493998231547091,0.10665040665642696,DMFS,OOD,transbig,RSF,43
3.4,0.1158361464221309,0.11804184506887137,DMFS,OOD,transbig,RSF,43
3.6,0.11946332392219777,0.1217486363508713,DMFS,OOD,transbig,RSF,43
3.8,0.12106090359689295,0.1217486363508713,DMFS,OOD,transbig,RSF,43
4.0,0.12294647049946493,0.1217486363508713,DMFS,OOD,transbig,RSF,43
4.2,0.12554482567451195,0.1217486363508713,DMFS,OOD,transbig,RSF,43
4.4,0.12850329490224593,0.1254689695296743,DMFS,OOD,transbig,RSF,43
4.6,0.1315110598378284,0.1254689695296743,DMFS,OOD,transbig,RSF,43
4.8,0.14572904260502048,0.14668365280037993,DMFS,OOD,transbig,RSF,43
5.0,0.15378984104490603,0.15006241476650098,DMFS,OOD,transbig,RSF,43
5.2,0.15690968349731266,0.15006241476650098,DMFS,OOD,transbig,RSF,43
5.4,0.15956024011942938,0.15338500649738537,DMFS,OOD,transbig,RSF,43
5.6,0.15956024011942938,0.15338500649738537,DMFS,OOD,transbig,RSF,43
5.8,0.15975405676451837,0.1533850064973854,DMFS,OOD,transbig,RSF,43
6.0,0.15975405676451837,0.1533850064973854,DMFS,OOD,transbig,RSF,43
6.2,0.16107085995547873,0.15669431493859232,DMFS,OOD,transbig,RSF,43
6.4,0.1658556505808316,0.15669431493859232,DMFS,OOD,transbig,RSF,43
6.6,0.168719958647198,0.15996758361154823,DMFS,OOD,transbig,RSF,43
6.8,0.1707420812730162,0.1631824075767943,DMFS,OOD,transbig,RSF,43
7.0,0.17042028139949317,0.16318240757679434,DMFS,OOD,transbig,RSF,43
7.2,0.1727128054300483,0.16638191447345785,DMFS,OOD,transbig,RSF,43
7.4,0.1729701438808627,0.16638191447345785,DMFS,OOD,transbig,RSF,43
7.6,0.17301999332838774,0.16638191447345782,DMFS,OOD,transbig,RSF,43
7.8,0.1728316446547553,0.16638191447345782,DMFS,OOD,transbig,RSF,43
8.0,0.17672976452510267,0.17592050605797635,DMFS,OOD,transbig,RSF,43
8.2,0.18064951538006924,0.18197294747058057,DMFS,OOD,transbig,RSF,43
8.4,0.18064951538006924,0.18197294747058057,DMFS,OOD,transbig,RSF,43
8.6,0.18796074043793637,0.1849024572700375,DMFS,OOD,transbig,RSF,43
8.8,0.18826040001480343,0.18490245727003757,DMFS,OOD,transbig,RSF,43
9.0,0.18826040001480343,0.18490245727003757,DMFS,OOD,transbig,RSF,43
9.2,0.1886895154236559,0.18785530086172733,DMFS,OOD,transbig,RSF,43
9.4,0.1886895154236559,0.18785530086172733,DMFS,OOD,transbig,RSF,43
9.6,0.1887656345305883,0.18785530086172733,DMFS,OOD,transbig,RSF,43
9.8,0.18869166302337517,0.1878553008617273,DMFS,OOD,transbig,RSF,43
10.0,0.1944518396386894,0.193688818532266,DMFS,OOD,transbig,RSF,43
1.8,0.05761846261845984,0.052469135802469126,DMFS,OOD,transbig,RSF,44
2.0,0.0726226976467068,0.06570758085909602,DMFS,OOD,transbig,RSF,44
2.2,0.08399901752775953,0.07848688909294971,DMFS,OOD,transbig,RSF,44
2.4,0.0869051310897173,0.08264462809917357,DMFS,OOD,transbig,RSF,44
2.6,0.09326745008233205,0.0908070605040302,DMFS,OOD,transbig,RSF,44
2.8,0.09858305505629374,0.09483423436416938,DMFS,OOD,transbig,RSF,44
3.0,0.1014313587015426,0.09880981495044178,DMFS,OOD,transbig,RSF,44
3.2,0.10933986685787578,0.10665040665642696,DMFS,OOD,transbig,RSF,44
3.4,0.11853090206049569,0.11804184506887137,DMFS,OOD,transbig,RSF,44
3.6,0.12152319957743278,0.1217486363508713,DMFS,OOD,transbig,RSF,44
3.8,0.12325797471391399,0.1217486363508713,DMFS,OOD,transbig,RSF,44
4.0,0.12325797471391399,0.1217486363508713,DMFS,OOD,transbig,RSF,44
4.2,0.12550129981888777,0.1217486363508713,DMFS,OOD,transbig,RSF,44
4.4,0.13092009003966124,0.1254689695296743,DMFS,OOD,transbig,RSF,44
4.6,0.13092009003966124,0.1254689695296743,DMFS,OOD,transbig,RSF,44
4.8,0.15013945010586432,0.14668365280037993,DMFS,OOD,transbig,RSF,44
5.0,0.1524863469460031,0.15006241476650098,DMFS,OOD,transbig,RSF,44
5.2,0.1524863469460031,0.15006241476650098,DMFS,OOD,transbig,RSF,44
5.4,0.15529852080878614,0.15338500649738537,DMFS,OOD,transbig,RSF,44
5.6,0.15529852080878614,0.15338500649738537,DMFS,OOD,transbig,RSF,44
5.8,0.15548644763084504,0.1533850064973854,DMFS,OOD,transbig,RSF,44
6.0,0.15548644763084504,0.1533850064973854,DMFS,OOD,transbig,RSF,44
6.2,0.15772937647689408,0.15669431493859232,DMFS,OOD,transbig,RSF,44
6.4,0.15772937647689408,0.15669431493859232,DMFS,OOD,transbig,RSF,44
6.6,0.1609649550485118,0.15996758361154823,DMFS,OOD,transbig,RSF,44
6.8,0.16362179852296785,0.1631824075767943,DMFS,OOD,transbig,RSF,44
7.0,0.16334571010373503,0.16318240757679434,DMFS,OOD,transbig,RSF,44
7.2,0.1662973675798233,0.16638191447345785,DMFS,OOD,transbig,RSF,44
7.4,0.16646557800486494,0.16638191447345785,DMFS,OOD,transbig,RSF,44
7.6,0.16651981101721633,0.16638191447345782,DMFS,OOD,transbig,RSF,44
7.8,0.16640773272637246,0.16638191447345782,DMFS,OOD,transbig,RSF,44
8.0,0.17342898308626772,0.17592050605797635,DMFS,OOD,transbig,RSF,44
8.2,0.17866520080416676,0.18197294747058057,DMFS,OOD,transbig,RSF,44
8.4,0.18098742578057542,0.18197294747058057,DMFS,OOD,transbig,RSF,44
8.6,0.18216446999200236,0.1849024572700375,DMFS,OOD,transbig,RSF,44
8.8,0.1823415105529693,0.18490245727003757,DMFS,OOD,transbig,RSF,44
9.0,0.1823415105529693,0.18490245727003757,DMFS,OOD,transbig,RSF,44
9.2,0.18440991224789519,0.18785530086172733,DMFS,OOD,transbig,RSF,44
9.4,0.18440991224789519,0.18785530086172733,DMFS,OOD,transbig,RSF,44
9.6,0.18847385106359912,0.18785530086172733,DMFS,OOD,transbig,RSF,44
9.8,0.18790871423799002,0.1878553008617273,DMFS,OOD,transbig,RSF,44
10.0,0.19312954521651335,0.193688818532266,DMFS,OOD,transbig,RSF,44
1.2,0.03139604773619074,0.034153229975602675,DMFS,OOD,mainz,TabSurv_M,40
1.4,0.04775439510995608,0.05280479833112718,DMFS,OOD,mainz,TabSurv_M,40
1.6,0.051295232507371,0.057360369746582415,DMFS,OOD,mainz,TabSurv_M,40
1.8,0.05184004055933503,0.057360369746582415,DMFS,OOD,mainz,TabSurv_M,40
2.0,0.059904761291458976,0.06636068029600105,DMFS,OOD,mainz,TabSurv_M,40
2.2,0.06444768698644948,0.07080477884563305,DMFS,OOD,mainz,TabSurv_M,40
2.4,0.06607654453319914,0.07080477884563305,DMFS,OOD,mainz,TabSurv_M,40
2.6,0.07540958203897558,0.07957967170122875,DMFS,OOD,mainz,TabSurv_M,40
2.8,0.07933743990921861,0.08388435735160721,DMFS,OOD,mainz,TabSurv_M,40
3.0,0.08392845609030727,0.08815853671826432,DMFS,OOD,mainz,TabSurv_M,40
3.2,0.09086043631441211,0.09653981197372939,DMFS,OOD,mainz,TabSurv_M,40
3.4,0.09581767313104868,0.10064690786253734,DMFS,OOD,mainz,TabSurv_M,40
3.6,0.1016204743489983,0.10472240139884807,DMFS,OOD,mainz,TabSurv_M,40
3.8,0.11136235571324545,0.11675702182129687,DMFS,OOD,mainz,TabSurv_M,40
4.0,0.11294874622755527,0.11675702182129685,DMFS,OOD,mainz,TabSurv_M,40
4.2,0.11489394829386666,0.11675702182129687,DMFS,OOD,mainz,TabSurv_M,40
4.4,0.11660839435320511,0.11675702182129687,DMFS,OOD,mainz,TabSurv_M,40
4.6,0.11870095250277603,0.11675702182129688,DMFS,OOD,mainz,TabSurv_M,40
4.8,0.12816116580829623,0.12473345970863069,DMFS,OOD,mainz,TabSurv_M,40
5.0,0.1304787290967125,0.12473345970863071,DMFS,OOD,mainz,TabSurv_M,40
5.2,0.13641677821865839,0.12868129198522463,DMFS,OOD,mainz,TabSurv_M,40
5.4,0.1393445386351335,0.12868129198522463,DMFS,OOD,mainz,TabSurv_M,40
5.6,0.14297984676139383,0.12868129198522463,DMFS,OOD,mainz,TabSurv_M,40
5.8,0.14730263807597524,0.12868129198522463,DMFS,OOD,mainz,TabSurv_M,40
6.0,0.15370874273359506,0.1330241171966627,DMFS,OOD,mainz,TabSurv_M,40
6.2,0.15927459743083477,0.13752007569646438,DMFS,OOD,mainz,TabSurv_M,40
6.4,0.1643777698632691,0.14196351423781362,DMFS,OOD,mainz,TabSurv_M,40
6.6,0.16911459521267638,0.15072260048867248,DMFS,OOD,mainz,TabSurv_M,40
6.8,0.1724874959939984,0.1507226004886725,DMFS,OOD,mainz,TabSurv_M,40
7.0,0.17625626699946753,0.15072260048867248,DMFS,OOD,mainz,TabSurv_M,40
7.2,0.1816171679602323,0.1507226004886725,DMFS,OOD,mainz,TabSurv_M,40
7.4,0.18300949539677971,0.15072260048867248,DMFS,OOD,mainz,TabSurv_M,40
7.6,0.18743521141868436,0.15595357087742087,DMFS,OOD,mainz,TabSurv_M,40
7.8,0.19373435526366145,0.15595357087742087,DMFS,OOD,mainz,TabSurv_M,40
8.0,0.20179074865353488,0.15595357087742087,DMFS,OOD,mainz,TabSurv_M,40
8.2,0.2104797784239856,0.16176984347315282,DMFS,OOD,mainz,TabSurv_M,40
8.4,0.2186836410928935,0.16746021978093584,DMFS,OOD,mainz,TabSurv_M,40
8.6,0.22672447797303058,0.17316918625160235,DMFS,OOD,mainz,TabSurv_M,40
8.8,0.2316007733683155,0.17316918625160235,DMFS,OOD,mainz,TabSurv_M,40
9.0,0.23871679489235323,0.17316918625160235,DMFS,OOD,mainz,TabSurv_M,40
9.2,0.24564095009739068,0.18419220622846183,DMFS,OOD,mainz,TabSurv_M,40
9.4,0.2560006981102466,0.18419220622846183,DMFS,OOD,mainz,TabSurv_M,40
9.6,0.2569996912524452,0.1898736181450969,DMFS,OOD,mainz,TabSurv_M,40
9.8,0.2645948647777109,0.18987361814509682,DMFS,OOD,mainz,TabSurv_M,40
10.0,0.27076765603148173,0.18987361814509687,DMFS,OOD,mainz,TabSurv_M,40
1.2,0.032052975916560825,0.034153229975602675,DMFS,OOD,mainz,TabSurv_M,41
1.4,0.04906860369454422,0.05280479833112718,DMFS,OOD,mainz,TabSurv_M,41
1.6,0.05334386270212027,0.057360369746582415,DMFS,OOD,mainz,TabSurv_M,41
1.8,0.053617183100235354,0.057360369746582415,DMFS,OOD,mainz,TabSurv_M,41
2.0,0.061303175146037676,0.06636068029600105,DMFS,OOD,mainz,TabSurv_M,41
2.2,0.06549970814412612,0.07080477884563305,DMFS,OOD,mainz,TabSurv_M,41
2.4,0.06617325320318532,0.07080477884563305,DMFS,OOD,mainz,TabSurv_M,41
2.6,0.07556529831717676,0.07957967170122875,DMFS,OOD,mainz,TabSurv_M,41
2.8,0.07973353391929257,0.08388435735160721,DMFS,OOD,mainz,TabSurv_M,41
3.0,0.08360615607019387,0.08815853671826432,DMFS,OOD,mainz,TabSurv_M,41
3.2,0.09091100349476616,0.09653981197372939,DMFS,OOD,mainz,TabSurv_M,41
3.4,0.0957265307803365,0.10064690786253734,DMFS,OOD,mainz,TabSurv_M,41
3.6,0.10137410833159137,0.10472240139884807,DMFS,OOD,mainz,TabSurv_M,41
3.8,0.11229185548584024,0.11675702182129687,DMFS,OOD,mainz,TabSurv_M,41
4.0,0.11387149241662313,0.11675702182129685,DMFS,OOD,mainz,TabSurv_M,41
4.2,0.11589484022689564,0.11675702182129687,DMFS,OOD,mainz,TabSurv_M,41
4.4,0.1179019538192222,0.11675702182129687,DMFS,OOD,mainz,TabSurv_M,41
4.6,0.12024645364159665,0.11675702182129688,DMFS,OOD,mainz,TabSurv_M,41
4.8,0.1293000385835535,0.12473345970863069,DMFS,OOD,mainz,TabSurv_M,41
5.0,0.13188878321543548,0.12473345970863071,DMFS,OOD,mainz,TabSurv_M,41
5.2,0.1377056027490037,0.12868129198522463,DMFS,OOD,mainz,TabSurv_M,41
5.4,0.14109689145967105,0.12868129198522463,DMFS,OOD,mainz,TabSurv_M,41
5.6,0.14500339864297632,0.12868129198522463,DMFS,OOD,mainz,TabSurv_M,41
5.8,0.14941787795577227,0.12868129198522463,DMFS,OOD,mainz,TabSurv_M,41
6.0,0.15679958823175746,0.1330241171966627,DMFS,OOD,mainz,TabSurv_M,41
6.2,0.16333592050035634,0.13752007569646438,DMFS,OOD,mainz,TabSurv_M,41
6.4,0.1699687756375129,0.14196351423781362,DMFS,OOD,mainz,TabSurv_M,41
6.6,0.1755854004091777,0.15072260048867248,DMFS,OOD,mainz,TabSurv_M,41
6.8,0.17895930574229577,0.1507226004886725,DMFS,OOD,mainz,TabSurv_M,41
7.0,0.18408505910024356,0.15072260048867248,DMFS,OOD,mainz,TabSurv_M,41
7.2,0.19011414060944393,0.1507226004886725,DMFS,OOD,mainz,TabSurv_M,41
7.4,0.1939624269467542,0.15072260048867248,DMFS,OOD,mainz,TabSurv_M,41
7.6,0.19933448878365542,0.15595357087742087,DMFS,OOD,mainz,TabSurv_M,41
7.8,0.20530945951052004,0.15595357087742087,DMFS,OOD,mainz,TabSurv_M,41
8.0,0.2137215094093409,0.15595357087742087,DMFS,OOD,mainz,TabSurv_M,41
8.2,0.2221700208175676,0.16176984347315282,DMFS,OOD,mainz,TabSurv_M,41
8.4,0.23063457012989239,0.16746021978093584,DMFS,OOD,mainz,TabSurv_M,41
8.6,0.23878826695070576,0.17316918625160235,DMFS,OOD,mainz,TabSurv_M,41
8.8,0.24441291511721042,0.17316918625160235,DMFS,OOD,mainz,TabSurv_M,41
9.0,0.2513643557889851,0.17316918625160235,DMFS,OOD,mainz,TabSurv_M,41
9.2,0.2576530961410643,0.18419220622846183,DMFS,OOD,mainz,TabSurv_M,41
9.4,0.2665167217492889,0.18419220622846183,DMFS,OOD,mainz,TabSurv_M,41
9.6,0.2674732266597167,0.1898736181450969,DMFS,OOD,mainz,TabSurv_M,41
9.8,0.27435561991076424,0.18987361814509682,DMFS,OOD,mainz,TabSurv_M,41
10.0,0.28068971740401805,0.18987361814509687,DMFS,OOD,mainz,TabSurv_M,41
1.2,0.03196851235839332,0.034153229975602675,DMFS,OOD,mainz,TabSurv_M,42
1.4,0.04886057658374739,0.05280479833112718,DMFS,OOD,mainz,TabSurv_M,42
1.6,0.05243087114446585,0.057360369746582415,DMFS,OOD,mainz,TabSurv_M,42
1.8,0.05275789715456603,0.057360369746582415,DMFS,OOD,mainz,TabSurv_M,42
2.0,0.06117930529804227,0.06636068029600105,DMFS,OOD,mainz,TabSurv_M,42
2.2,0.06545614341576424,0.07080477884563305,DMFS,OOD,mainz,TabSurv_M,42
2.4,0.06627041141558339,0.07080477884563305,DMFS,OOD,mainz,TabSurv_M,42
2.6,0.07465679018973254,0.07957967170122875,DMFS,OOD,mainz,TabSurv_M,42
2.8,0.07860720657280375,0.08388435735160721,DMFS,OOD,mainz,TabSurv_M,42
3.0,0.08192405249986277,0.08815853671826432,DMFS,OOD,mainz,TabSurv_M,42
3.2,0.08888792811579459,0.09653981197372939,DMFS,OOD,mainz,TabSurv_M,42
3.4,0.093539696352995,0.10064690786253734,DMFS,OOD,mainz,TabSurv_M,42
3.6,0.09854483946978318,0.10472240139884807,DMFS,OOD,mainz,TabSurv_M,42
3.8,0.10963027339388731,0.11675702182129687,DMFS,OOD,mainz,TabSurv_M,42
4.0,0.11106137636596841,0.11675702182129685,DMFS,OOD,mainz,TabSurv_M,42
4.2,0.11291583925942071,0.11675702182129687,DMFS,OOD,mainz,TabSurv_M,42
4.4,0.11465753085852742,0.11675702182129687,DMFS,OOD,mainz,TabSurv_M,42
4.6,0.11664851771183582,0.11675702182129688,DMFS,OOD,mainz,TabSurv_M,42
4.8,0.12467731115784084,0.12473345970863069,DMFS,OOD,mainz,TabSurv_M,42
5.0,0.1270444888694196,0.12473345970863071,DMFS,OOD,mainz,TabSurv_M,42
5.2,0.13146478899067496,0.12868129198522463,DMFS,OOD,mainz,TabSurv_M,42
5.4,0.13454210057456398,0.12868129198522463,DMFS,OOD,mainz,TabSurv_M,42
5.6,0.13800518013460622,0.12868129198522463,DMFS,OOD,mainz,TabSurv_M,42
5.8,0.1422575780894861,0.12868129198522463,DMFS,OOD,mainz,TabSurv_M,42
6.0,0.1510629549897909,0.1330241171966627,DMFS,OOD,mainz,TabSurv_M,42
6.2,0.15721386053227815,0.13752007569646438,DMFS,OOD,mainz,TabSurv_M,42
6.4,0.16337540224405106,0.14196351423781362,DMFS,OOD,mainz,TabSurv_M,42
6.6,0.16862997818668313,0.15072260048867248,DMFS,OOD,mainz,TabSurv_M,42
6.8,0.1729828372177242,0.1507226004886725,DMFS,OOD,mainz,TabSurv_M,42
7.0,0.17805226588334616,0.15072260048867248,DMFS,OOD,mainz,TabSurv_M,42
7.2,0.18417045172603927,0.1507226004886725,DMFS,OOD,mainz,TabSurv_M,42
7.4,0.1881009297845894,0.15072260048867248,DMFS,OOD,mainz,TabSurv_M,42
7.6,0.1934870500639623,0.15595357087742087,DMFS,OOD,mainz,TabSurv_M,42
7.8,0.20064142642676508,0.15595357087742087,DMFS,OOD,mainz,TabSurv_M,42
8.0,0.2099350203303162,0.15595357087742087,DMFS,OOD,mainz,TabSurv_M,42
8.2,0.22013499791485322,0.16176984347315282,DMFS,OOD,mainz,TabSurv_M,42
8.4,0.22737266533515543,0.16746021978093584,DMFS,OOD,mainz,TabSurv_M,42
8.6,0.23701700460846162,0.17316918625160235,DMFS,OOD,mainz,TabSurv_M,42
8.8,0.2438756823221562,0.17316918625160235,DMFS,OOD,mainz,TabSurv_M,42
9.0,0.25289957259773393,0.17316918625160235,DMFS,OOD,mainz,TabSurv_M,42
9.2,0.25966262153775765,0.18419220622846183,DMFS,OOD,mainz,TabSurv_M,42
9.4,0.27034476152164444,0.18419220622846183,DMFS,OOD,mainz,TabSurv_M,42
9.6,0.27474914555099844,0.1898736181450969,DMFS,OOD,mainz,TabSurv_M,42
9.8,0.28325268386843233,0.18987361814509682,DMFS,OOD,mainz,TabSurv_M,42
10.0,0.29377224798834906,0.18987361814509687,DMFS,OOD,mainz,TabSurv_M,42
1.2,0.031507859076738406,0.034153229975602675,DMFS,OOD,mainz,TabSurv_M,43
1.4,0.04727912526093448,0.05280479833112718,DMFS,OOD,mainz,TabSurv_M,43
1.6,0.051111364783633005,0.057360369746582415,DMFS,OOD,mainz,TabSurv_M,43
1.8,0.05146702562986624,0.057360369746582415,DMFS,OOD,mainz,TabSurv_M,43
2.0,0.059217747023624395,0.06636068029600105,DMFS,OOD,mainz,TabSurv_M,43
2.2,0.06295572250103042,0.07080477884563305,DMFS,OOD,mainz,TabSurv_M,43
2.4,0.06384947507061689,0.07080477884563305,DMFS,OOD,mainz,TabSurv_M,43
2.6,0.07219520913545475,0.07957967170122875,DMFS,OOD,mainz,TabSurv_M,43
2.8,0.07593709629743675,0.08388435735160721,DMFS,OOD,mainz,TabSurv_M,43
3.0,0.0798126060181589,0.08815853671826432,DMFS,OOD,mainz,TabSurv_M,43
3.2,0.08762226814299946,0.09653981197372939,DMFS,OOD,mainz,TabSurv_M,43
3.4,0.09285171699068494,0.10064690786253734,DMFS,OOD,mainz,TabSurv_M,43
3.6,0.09930842095283031,0.10472240139884807,DMFS,OOD,mainz,TabSurv_M,43
3.8,0.11029878279564453,0.11675702182129687,DMFS,OOD,mainz,TabSurv_M,43
4.0,0.11265804959083468,0.11675702182129685,DMFS,OOD,mainz,TabSurv_M,43
4.2,0.11560075984537463,0.11675702182129687,DMFS,OOD,mainz,TabSurv_M,43
4.4,0.11853330606750109,0.11675702182129687,DMFS,OOD,mainz,TabSurv_M,43
4.6,0.12185196957777737,0.11675702182129688,DMFS,OOD,mainz,TabSurv_M,43
4.8,0.131187074930756,0.12473345970863069,DMFS,OOD,mainz,TabSurv_M,43
5.0,0.13508463744320898,0.12473345970863071,DMFS,OOD,mainz,TabSurv_M,43
5.2,0.14177140146612735,0.12868129198522463,DMFS,OOD,mainz,TabSurv_M,43
5.4,0.14613442857547843,0.12868129198522463,DMFS,OOD,mainz,TabSurv_M,43
5.6,0.1515121958996751,0.12868129198522463,DMFS,OOD,mainz,TabSurv_M,43
5.8,0.15821744128664836,0.12868129198522463,DMFS,OOD,mainz,TabSurv_M,43
6.0,0.16713829823901388,0.1330241171966627,DMFS,OOD,mainz,TabSurv_M,43
6.2,0.17466272342858014,0.13752007569646438,DMFS,OOD,mainz,TabSurv_M,43
6.4,0.18188697701757583,0.14196351423781362,DMFS,OOD,mainz,TabSurv_M,43
6.6,0.18946719814699153,0.15072260048867248,DMFS,OOD,mainz,TabSurv_M,43
6.8,0.19485244727101458,0.1507226004886725,DMFS,OOD,mainz,TabSurv_M,43
7.0,0.2016751821349491,0.15072260048867248,DMFS,OOD,mainz,TabSurv_M,43
7.2,0.21016407372171578,0.1507226004886725,DMFS,OOD,mainz,TabSurv_M,43
7.4,0.2146126255352609,0.15072260048867248,DMFS,OOD,mainz,TabSurv_M,43
7.6,0.22085943003098174,0.15595357087742087,DMFS,OOD,mainz,TabSurv_M,43
7.8,0.22952340690085293,0.15595357087742087,DMFS,OOD,mainz,TabSurv_M,43
8.0,0.24081814303433022,0.15595357087742087,DMFS,OOD,mainz,TabSurv_M,43
8.2,0.2531435190871203,0.16176984347315282,DMFS,OOD,mainz,TabSurv_M,43
8.4,0.2636738455810662,0.16746021978093584,DMFS,OOD,mainz,TabSurv_M,43
8.6,0.27293328818246176,0.17316918625160235,DMFS,OOD,mainz,TabSurv_M,43
8.8,0.2790228674166995,0.17316918625160235,DMFS,OOD,mainz,TabSurv_M,43
9.0,0.2878017672303123,0.17316918625160235,DMFS,OOD,mainz,TabSurv_M,43
9.2,0.29429382991324876,0.18419220622846183,DMFS,OOD,mainz,TabSurv_M,43
9.4,0.30725182676157753,0.18419220622846183,DMFS,OOD,mainz,TabSurv_M,43
9.6,0.3071969787760317,0.1898736181450969,DMFS,OOD,mainz,TabSurv_M,43
9.8,0.31664504757193646,0.18987361814509682,DMFS,OOD,mainz,TabSurv_M,43
10.0,0.32378216581182445,0.18987361814509687,DMFS,OOD,mainz,TabSurv_M,43
1.2,0.03020758243882027,0.034153229975602675,DMFS,OOD,mainz,TabSurv_M,44
1.4,0.04658205973147181,0.05280479833112718,DMFS,OOD,mainz,TabSurv_M,44
1.6,0.050247656318676295,0.057360369746582415,DMFS,OOD,mainz,TabSurv_M,44
1.8,0.05032277273733793,0.057360369746582415,DMFS,OOD,mainz,TabSurv_M,44
2.0,0.05800624071707666,0.06636068029600105,DMFS,OOD,mainz,TabSurv_M,44
2.2,0.0617381598513246,0.07080477884563305,DMFS,OOD,mainz,TabSurv_M,44
2.4,0.06230773456930549,0.07080477884563305,DMFS,OOD,mainz,TabSurv_M,44
2.6,0.07086218248703782,0.07957967170122875,DMFS,OOD,mainz,TabSurv_M,44
2.8,0.07499287368543348,0.08388435735160721,DMFS,OOD,mainz,TabSurv_M,44
3.0,0.07841360361050226,0.08815853671826432,DMFS,OOD,mainz,TabSurv_M,44
3.2,0.08635155204167848,0.09653981197372939,DMFS,OOD,mainz,TabSurv_M,44
3.4,0.09157029514756665,0.10064690786253734,DMFS,OOD,mainz,TabSurv_M,44
3.6,0.0968996036867619,0.10472240139884807,DMFS,OOD,mainz,TabSurv_M,44
3.8,0.10691837906913743,0.11675702182129687,DMFS,OOD,mainz,TabSurv_M,44
4.0,0.1087552849546925,0.11675702182129685,DMFS,OOD,mainz,TabSurv_M,44
4.2,0.11108204791972874,0.11675702182129687,DMFS,OOD,mainz,TabSurv_M,44
4.4,0.11340674012326661,0.11675702182129687,DMFS,OOD,mainz,TabSurv_M,44
4.6,0.11592801322802292,0.11675702182129688,DMFS,OOD,mainz,TabSurv_M,44
4.8,0.12502982198734158,0.12473345970863069,DMFS,OOD,mainz,TabSurv_M,44
5.0,0.12820148792997232,0.12473345970863071,DMFS,OOD,mainz,TabSurv_M,44
5.2,0.13398095235487453,0.12868129198522463,DMFS,OOD,mainz,TabSurv_M,44
5.4,0.13732262024750086,0.12868129198522463,DMFS,OOD,mainz,TabSurv_M,44
5.6,0.1417785498355407,0.12868129198522463,DMFS,OOD,mainz,TabSurv_M,44
5.8,0.14681594668332504,0.12868129198522463,DMFS,OOD,mainz,TabSurv_M,44
6.0,0.1562128533211832,0.1330241171966627,DMFS,OOD,mainz,TabSurv_M,44
6.2,0.16314417202658332,0.13752007569646438,DMFS,OOD,mainz,TabSurv_M,44
6.4,0.1701251215062981,0.14196351423781362,DMFS,OOD,mainz,TabSurv_M,44
6.6,0.17442743869330218,0.15072260048867248,DMFS,OOD,mainz,TabSurv_M,44
6.8,0.17903879660148347,0.1507226004886725,DMFS,OOD,mainz,TabSurv_M,44
7.0,0.18548002167610697,0.15072260048867248,DMFS,OOD,mainz,TabSurv_M,44
7.2,0.1922166877209518,0.1507226004886725,DMFS,OOD,mainz,TabSurv_M,44
7.4,0.196523227690898,0.15072260048867248,DMFS,OOD,mainz,TabSurv_M,44
7.6,0.20192990067084843,0.15595357087742087,DMFS,OOD,mainz,TabSurv_M,44
7.8,0.21058830694993794,0.15595357087742087,DMFS,OOD,mainz,TabSurv_M,44
8.0,0.22161918359527125,0.15595357087742087,DMFS,OOD,mainz,TabSurv_M,44
8.2,0.23027560042772316,0.16176984347315282,DMFS,OOD,mainz,TabSurv_M,44
8.4,0.23798046519187668,0.16746021978093584,DMFS,OOD,mainz,TabSurv_M,44
8.6,0.2473355620852339,0.17316918625160235,DMFS,OOD,mainz,TabSurv_M,44
8.8,0.25239047769556194,0.17316918625160235,DMFS,OOD,mainz,TabSurv_M,44
9.0,0.26079029007418514,0.17316918625160235,DMFS,OOD,mainz,TabSurv_M,44
9.2,0.2674280692916769,0.18419220622846183,DMFS,OOD,mainz,TabSurv_M,44
9.4,0.2768429239369239,0.18419220622846183,DMFS,OOD,mainz,TabSurv_M,44
9.6,0.2770005542655111,0.1898736181450969,DMFS,OOD,mainz,TabSurv_M,44
9.8,0.28601817358573967,0.18987361814509682,DMFS,OOD,mainz,TabSurv_M,44
10.0,0.2941473727170263,0.18987361814509687,DMFS,OOD,mainz,TabSurv_M,44
1.2,0.03705496467415396,0.034153229975602675,DMFS,OOD,mainz,DeepHS,40
1.4,0.05537435324441011,0.05280479833112718,DMFS,OOD,mainz,DeepHS,40
1.6,0.05827865481537213,0.057360369746582415,DMFS,OOD,mainz,DeepHS,40
1.8,0.05827865481537213,0.057360369746582415,DMFS,OOD,mainz,DeepHS,40
2.0,0.06768549336756802,0.06636068029600105,DMFS,OOD,mainz,DeepHS,40
2.2,0.08106834040516356,0.07080477884563305,DMFS,OOD,mainz,DeepHS,40
2.4,0.08106834040516356,0.07080477884563305,DMFS,OOD,mainz,DeepHS,40
2.6,0.08853063140308308,0.07957967170122875,DMFS,OOD,mainz,DeepHS,40
2.8,0.09057587337218681,0.08388435735160721,DMFS,OOD,mainz,DeepHS,40
3.0,0.09300875530683463,0.08815853671826432,DMFS,OOD,mainz,DeepHS,40
3.2,0.09741591841812186,0.09653981197372939,DMFS,OOD,mainz,DeepHS,40
3.4,0.10006315901201748,0.10064690786253734,DMFS,OOD,mainz,DeepHS,40
3.6,0.10484128487515448,0.10472240139884807,DMFS,OOD,mainz,DeepHS,40
3.8,0.11454965247563326,0.11675702182129687,DMFS,OOD,mainz,DeepHS,40
4.0,0.11475670436510993,0.11675702182129685,DMFS,OOD,mainz,DeepHS,40
4.2,0.12935670385108156,0.11675702182129687,DMFS,OOD,mainz,DeepHS,40
4.4,0.12935670385108156,0.11675702182129687,DMFS,OOD,mainz,DeepHS,40
4.6,0.12931521538683832,0.11675702182129688,DMFS,OOD,mainz,DeepHS,40
4.8,0.13783973622638132,0.12473345970863069,DMFS,OOD,mainz,DeepHS,40
5.0,0.13792423777002324,0.12473345970863071,DMFS,OOD,mainz,DeepHS,40
5.2,0.14059021781057812,0.12868129198522463,DMFS,OOD,mainz,DeepHS,40
5.4,0.14161855414294042,0.12868129198522463,DMFS,OOD,mainz,DeepHS,40
5.6,0.1427785336569399,0.12868129198522463,DMFS,OOD,mainz,DeepHS,40
5.8,0.14463518487462815,0.12868129198522463,DMFS,OOD,mainz,DeepHS,40
6.0,0.15165752822977263,0.1330241171966627,DMFS,OOD,mainz,DeepHS,40
6.2,0.1744638650813281,0.13752007569646438,DMFS,OOD,mainz,DeepHS,40
6.4,0.17676780716346216,0.14196351423781362,DMFS,OOD,mainz,DeepHS,40
6.6,0.17693137466444328,0.15072260048867248,DMFS,OOD,mainz,DeepHS,40
6.8,0.17783855799684908,0.1507226004886725,DMFS,OOD,mainz,DeepHS,40
7.0,0.17770169764539517,0.15072260048867248,DMFS,OOD,mainz,DeepHS,40
7.2,0.1778728818151941,0.1507226004886725,DMFS,OOD,mainz,DeepHS,40
7.4,0.17494606561601858,0.15072260048867248,DMFS,OOD,mainz,DeepHS,40
7.6,0.17286317781681915,0.15595357087742087,DMFS,OOD,mainz,DeepHS,40
7.8,0.17526936507884558,0.15595357087742087,DMFS,OOD,mainz,DeepHS,40
8.0,0.17675160447408533,0.15595357087742087,DMFS,OOD,mainz,DeepHS,40
8.2,0.20439909435266038,0.16176984347315282,DMFS,OOD,mainz,DeepHS,40
8.4,0.20647006665498835,0.16746021978093584,DMFS,OOD,mainz,DeepHS,40
8.6,0.2097560477246925,0.17316918625160235,DMFS,OOD,mainz,DeepHS,40
8.8,0.20610176810863606,0.17316918625160235,DMFS,OOD,mainz,DeepHS,40
9.0,0.20610176810863606,0.17316918625160235,DMFS,OOD,mainz,DeepHS,40
9.2,0.20779440137791594,0.18419220622846183,DMFS,OOD,mainz,DeepHS,40
9.4,0.21174202731332514,0.18419220622846183,DMFS,OOD,mainz,DeepHS,40
9.6,0.20930388133253902,0.1898736181450969,DMFS,OOD,mainz,DeepHS,40
9.8,0.21152599252391088,0.18987361814509682,DMFS,OOD,mainz,DeepHS,40
10.0,0.21265517436549902,0.18987361814509687,DMFS,OOD,mainz,DeepHS,40
1.2,0.035148835832339444,0.034153229975602675,DMFS,OOD,mainz,DeepHS,41
1.4,0.05403370196325083,0.05280479833112718,DMFS,OOD,mainz,DeepHS,41
1.6,0.05862792173904764,0.057360369746582415,DMFS,OOD,mainz,DeepHS,41
1.8,0.05862792173904764,0.057360369746582415,DMFS,OOD,mainz,DeepHS,41
2.0,0.06854389685320499,0.06636068029600105,DMFS,OOD,mainz,DeepHS,41
2.2,0.07211664434135441,0.07080477884563305,DMFS,OOD,mainz,DeepHS,41
2.4,0.07211664434135441,0.07080477884563305,DMFS,OOD,mainz,DeepHS,41
2.6,0.08039885402847594,0.07957967170122875,DMFS,OOD,mainz,DeepHS,41
2.8,0.08335140810264594,0.08388435735160721,DMFS,OOD,mainz,DeepHS,41
3.0,0.08675416573435495,0.08815853671826432,DMFS,OOD,mainz,DeepHS,41
3.2,0.0948957236295343,0.09653981197372939,DMFS,OOD,mainz,DeepHS,41
3.4,0.09829969562974851,0.10064690786253734,DMFS,OOD,mainz,DeepHS,41
3.6,0.10275252156529545,0.10472240139884807,DMFS,OOD,mainz,DeepHS,41
3.8,0.11423278494415796,0.11675702182129687,DMFS,OOD,mainz,DeepHS,41
4.0,0.1252909984983179,0.11675702182129685,DMFS,OOD,mainz,DeepHS,41
4.2,0.12504760214625005,0.11675702182129687,DMFS,OOD,mainz,DeepHS,41
4.4,0.12504760214625005,0.11675702182129687,DMFS,OOD,mainz,DeepHS,41
4.6,0.1252362566824786,0.11675702182129688,DMFS,OOD,mainz,DeepHS,41
4.8,0.1315345599094085,0.12473345970863069,DMFS,OOD,mainz,DeepHS,41
5.0,0.1313779540988368,0.12473345970863071,DMFS,OOD,mainz,DeepHS,41
5.2,0.13426729983533098,0.12868129198522463,DMFS,OOD,mainz,DeepHS,41
5.4,0.13452906869327638,0.12868129198522463,DMFS,OOD,mainz,DeepHS,41
5.6,0.13473163324219023,0.12868129198522463,DMFS,OOD,mainz,DeepHS,41
5.8,0.13484396815224722,0.12868129198522463,DMFS,OOD,mainz,DeepHS,41
6.0,0.16649485128729624,0.1330241171966627,DMFS,OOD,mainz,DeepHS,41
6.2,0.168713972545773,0.13752007569646438,DMFS,OOD,mainz,DeepHS,41
6.4,0.17100183264901214,0.14196351423781362,DMFS,OOD,mainz,DeepHS,41
6.6,0.17496361293338902,0.15072260048867248,DMFS,OOD,mainz,DeepHS,41
6.8,0.17502101085278723,0.1507226004886725,DMFS,OOD,mainz,DeepHS,41
7.0,0.1748054481167899,0.15072260048867248,DMFS,OOD,mainz,DeepHS,41
7.2,0.17490537193188055,0.1507226004886725,DMFS,OOD,mainz,DeepHS,41
7.4,0.17451632113538224,0.15072260048867248,DMFS,OOD,mainz,DeepHS,41
7.6,0.17704971270810765,0.15595357087742087,DMFS,OOD,mainz,DeepHS,41
7.8,0.17592494360380123,0.15595357087742087,DMFS,OOD,mainz,DeepHS,41
8.0,0.20296701896038002,0.15595357087742087,DMFS,OOD,mainz,DeepHS,41
8.2,0.20394520586902856,0.16176984347315282,DMFS,OOD,mainz,DeepHS,41
8.4,0.20727395186270972,0.16746021978093584,DMFS,OOD,mainz,DeepHS,41
8.6,0.20918978914943842,0.17316918625160235,DMFS,OOD,mainz,DeepHS,41
8.8,0.2083208107910205,0.17316918625160235,DMFS,OOD,mainz,DeepHS,41
9.0,0.2083208107910205,0.17316918625160235,DMFS,OOD,mainz,DeepHS,41
9.2,0.2105245121685499,0.18419220622846183,DMFS,OOD,mainz,DeepHS,41
9.4,0.21194697194694767,0.18419220622846183,DMFS,OOD,mainz,DeepHS,41
9.6,0.21228757517225186,0.1898736181450969,DMFS,OOD,mainz,DeepHS,41
9.8,0.21363323028313663,0.18987361814509682,DMFS,OOD,mainz,DeepHS,41
10.0,0.23234346732260772,0.18987361814509687,DMFS,OOD,mainz,DeepHS,41
1.2,0.037414236498846086,0.034153229975602675,DMFS,OOD,mainz,DeepHS,42
1.4,0.055711274026619184,0.05280479833112718,DMFS,OOD,mainz,DeepHS,42
1.6,0.06070924591389268,0.057360369746582415,DMFS,OOD,mainz,DeepHS,42
1.8,0.07401844413337905,0.057360369746582415,DMFS,OOD,mainz,DeepHS,42
2.0,0.08326579804706685,0.06636068029600105,DMFS,OOD,mainz,DeepHS,42
2.2,0.08847673489469696,0.07080477884563305,DMFS,OOD,mainz,DeepHS,42
2.4,0.08847673489469696,0.07080477884563305,DMFS,OOD,mainz,DeepHS,42
2.6,0.09594750532457771,0.07957967170122875,DMFS,OOD,mainz,DeepHS,42
2.8,0.1011565043733502,0.08388435735160721,DMFS,OOD,mainz,DeepHS,42
3.0,0.10480086101610847,0.08815853671826432,DMFS,OOD,mainz,DeepHS,42
3.2,0.11277379761353476,0.09653981197372939,DMFS,OOD,mainz,DeepHS,42
3.4,0.11625959361639851,0.10064690786253734,DMFS,OOD,mainz,DeepHS,42
3.6,0.13338153082470192,0.10472240139884807,DMFS,OOD,mainz,DeepHS,42
3.8,0.14443372051793638,0.11675702182129687,DMFS,OOD,mainz,DeepHS,42
4.0,0.14452270323293534,0.11675702182129685,DMFS,OOD,mainz,DeepHS,42
4.2,0.14493092873264732,0.11675702182129687,DMFS,OOD,mainz,DeepHS,42
4.4,0.14493092873264732,0.11675702182129687,DMFS,OOD,mainz,DeepHS,42
4.6,0.144826914733194,0.11675702182129688,DMFS,OOD,mainz,DeepHS,42
4.8,0.14998015955904526,0.12473345970863069,DMFS,OOD,mainz,DeepHS,42
5.0,0.15022968914586113,0.12473345970863071,DMFS,OOD,mainz,DeepHS,42
5.2,0.1529762111502782,0.12868129198522463,DMFS,OOD,mainz,DeepHS,42
5.4,0.16463666881459976,0.12868129198522463,DMFS,OOD,mainz,DeepHS,42
5.6,0.16447651200313437,0.12868129198522463,DMFS,OOD,mainz,DeepHS,42
5.8,0.1643669666527956,0.12868129198522463,DMFS,OOD,mainz,DeepHS,42
6.0,0.16911298063540325,0.1330241171966627,DMFS,OOD,mainz,DeepHS,42
6.2,0.17078126875811417,0.13752007569646438,DMFS,OOD,mainz,DeepHS,42
6.4,0.17436637849169348,0.14196351423781362,DMFS,OOD,mainz,DeepHS,42
6.6,0.18622777149611758,0.15072260048867248,DMFS,OOD,mainz,DeepHS,42
6.8,0.18597610796192385,0.1507226004886725,DMFS,OOD,mainz,DeepHS,42
7.0,0.18544400041192183,0.15072260048867248,DMFS,OOD,mainz,DeepHS,42
7.2,0.20219427936879478,0.1507226004886725,DMFS,OOD,mainz,DeepHS,42
7.4,0.20334545739592233,0.15072260048867248,DMFS,OOD,mainz,DeepHS,42
7.6,0.21103473275222298,0.15595357087742087,DMFS,OOD,mainz,DeepHS,42
7.8,0.20839692423710296,0.15595357087742087,DMFS,OOD,mainz,DeepHS,42
8.0,0.20830588744984482,0.15595357087742087,DMFS,OOD,mainz,DeepHS,42
8.2,0.20900647843428166,0.16176984347315282,DMFS,OOD,mainz,DeepHS,42
8.4,0.21144946170585155,0.16746021978093584,DMFS,OOD,mainz,DeepHS,42
8.6,0.21207507214842994,0.17316918625160235,DMFS,OOD,mainz,DeepHS,42
8.8,0.3258778528059521,0.17316918625160235,DMFS,OOD,mainz,DeepHS,42
9.0,0.3258778528059521,0.17316918625160235,DMFS,OOD,mainz,DeepHS,42
9.2,0.32024623509847294,0.18419220622846183,DMFS,OOD,mainz,DeepHS,42
9.4,0.3111404174604332,0.18419220622846183,DMFS,OOD,mainz,DeepHS,42
9.6,0.3206506014296632,0.1898736181450969,DMFS,OOD,mainz,DeepHS,42
9.8,0.3189938151756083,0.18987361814509682,DMFS,OOD,mainz,DeepHS,42
10.0,0.32297164414665125,0.18987361814509687,DMFS,OOD,mainz,DeepHS,42
1.2,0.03996857096746938,0.034153229975602675,DMFS,OOD,mainz,DeepHS,43
1.4,0.05568879942025474,0.05280479833112718,DMFS,OOD,mainz,DeepHS,43
1.6,0.05985007931453603,0.057360369746582415,DMFS,OOD,mainz,DeepHS,43
1.8,0.05985007931453603,0.057360369746582415,DMFS,OOD,mainz,DeepHS,43
2.0,0.06800916586245419,0.06636068029600105,DMFS,OOD,mainz,DeepHS,43
2.2,0.0836704711579607,0.07080477884563305,DMFS,OOD,mainz,DeepHS,43
2.4,0.0836704711579607,0.07080477884563305,DMFS,OOD,mainz,DeepHS,43
2.6,0.09044433076841159,0.07957967170122875,DMFS,OOD,mainz,DeepHS,43
2.8,0.09403305636128177,0.08388435735160721,DMFS,OOD,mainz,DeepHS,43
3.0,0.09795945110502867,0.08815853671826432,DMFS,OOD,mainz,DeepHS,43
3.2,0.10271577545646336,0.09653981197372939,DMFS,OOD,mainz,DeepHS,43
3.4,0.1061974553491145,0.10064690786253734,DMFS,OOD,mainz,DeepHS,43
3.6,0.10957928983870324,0.10472240139884807,DMFS,OOD,mainz,DeepHS,43
3.8,0.12057854817765704,0.11675702182129687,DMFS,OOD,mainz,DeepHS,43
4.0,0.1206616401316834,0.11675702182129685,DMFS,OOD,mainz,DeepHS,43
4.2,0.14407660731037517,0.11675702182129687,DMFS,OOD,mainz,DeepHS,43
4.4,0.14407660731037517,0.11675702182129687,DMFS,OOD,mainz,DeepHS,43
4.6,0.14420689773607712,0.11675702182129688,DMFS,OOD,mainz,DeepHS,43
4.8,0.14946902574942647,0.12473345970863069,DMFS,OOD,mainz,DeepHS,43
5.0,0.1494766392847977,0.12473345970863071,DMFS,OOD,mainz,DeepHS,43
5.2,0.15250097076820382,0.12868129198522463,DMFS,OOD,mainz,DeepHS,43
5.4,0.15277865929169918,0.12868129198522463,DMFS,OOD,mainz,DeepHS,43
5.6,0.15331563888367564,0.12868129198522463,DMFS,OOD,mainz,DeepHS,43
5.8,0.15320035120354705,0.12868129198522463,DMFS,OOD,mainz,DeepHS,43
6.0,0.154268744152359,0.1330241171966627,DMFS,OOD,mainz,DeepHS,43
6.2,0.1920112055498059,0.13752007569646438,DMFS,OOD,mainz,DeepHS,43
6.4,0.1938803689130296,0.14196351423781362,DMFS,OOD,mainz,DeepHS,43
6.6,0.19599417943028022,0.15072260048867248,DMFS,OOD,mainz,DeepHS,43
6.8,0.19673722499862406,0.1507226004886725,DMFS,OOD,mainz,DeepHS,43
7.0,0.19770338426401074,0.15072260048867248,DMFS,OOD,mainz,DeepHS,43
7.2,0.19814730378470158,0.1507226004886725,DMFS,OOD,mainz,DeepHS,43
7.4,0.19702322897388355,0.15072260048867248,DMFS,OOD,mainz,DeepHS,43
7.6,0.1993783540135631,0.15595357087742087,DMFS,OOD,mainz,DeepHS,43
7.8,0.20068127598993654,0.15595357087742087,DMFS,OOD,mainz,DeepHS,43
8.0,0.2015905063888365,0.15595357087742087,DMFS,OOD,mainz,DeepHS,43
8.2,0.24205043145570676,0.16176984347315282,DMFS,OOD,mainz,DeepHS,43
8.4,0.24377750674675874,0.16746021978093584,DMFS,OOD,mainz,DeepHS,43
8.6,0.24566999116780885,0.17316918625160235,DMFS,OOD,mainz,DeepHS,43
8.8,0.24425402041992256,0.17316918625160235,DMFS,OOD,mainz,DeepHS,43
9.0,0.24425402041992256,0.17316918625160235,DMFS,OOD,mainz,DeepHS,43
9.2,0.24586270048461864,0.18419220622846183,DMFS,OOD,mainz,DeepHS,43
9.4,0.24571971682047042,0.18419220622846183,DMFS,OOD,mainz,DeepHS,43
9.6,0.24112749085949653,0.1898736181450969,DMFS,OOD,mainz,DeepHS,43
9.8,0.2440379384482168,0.18987361814509682,DMFS,OOD,mainz,DeepHS,43
10.0,0.24086171751607574,0.18987361814509687,DMFS,OOD,mainz,DeepHS,43
1.2,0.03411023499893559,0.034153229975602675,DMFS,OOD,mainz,DeepHS,44
1.4,0.051550931141612806,0.05280479833112718,DMFS,OOD,mainz,DeepHS,44
1.6,0.05603390891919079,0.057360369746582415,DMFS,OOD,mainz,DeepHS,44
1.8,0.07163899006962306,0.057360369746582415,DMFS,OOD,mainz,DeepHS,44
2.0,0.07434436865152436,0.06636068029600105,DMFS,OOD,mainz,DeepHS,44
2.2,0.07589643221458581,0.07080477884563305,DMFS,OOD,mainz,DeepHS,44
2.4,0.07589643221458581,0.07080477884563305,DMFS,OOD,mainz,DeepHS,44
2.6,0.08363237610774776,0.07957967170122875,DMFS,OOD,mainz,DeepHS,44
2.8,0.08754738981245204,0.08388435735160721,DMFS,OOD,mainz,DeepHS,44
3.0,0.08979981673566488,0.08815853671826432,DMFS,OOD,mainz,DeepHS,44
3.2,0.09400448871169279,0.09653981197372939,DMFS,OOD,mainz,DeepHS,44
3.4,0.09832296390214151,0.10064690786253734,DMFS,OOD,mainz,DeepHS,44
3.6,0.10968478116275737,0.10472240139884807,DMFS,OOD,mainz,DeepHS,44
3.8,0.12021984977869561,0.11675702182129687,DMFS,OOD,mainz,DeepHS,44
4.0,0.12049401653575142,0.11675702182129685,DMFS,OOD,mainz,DeepHS,44
4.2,0.12097611731223278,0.11675702182129687,DMFS,OOD,mainz,DeepHS,44
4.4,0.12097611731223278,0.11675702182129687,DMFS,OOD,mainz,DeepHS,44
4.6,0.12109174685872556,0.11675702182129688,DMFS,OOD,mainz,DeepHS,44
4.8,0.12889987605810707,0.12473345970863069,DMFS,OOD,mainz,DeepHS,44
5.0,0.12916174530972155,0.12473345970863071,DMFS,OOD,mainz,DeepHS,44
5.2,0.14284887002103075,0.12868129198522463,DMFS,OOD,mainz,DeepHS,44
5.4,0.144325563313662,0.12868129198522463,DMFS,OOD,mainz,DeepHS,44
5.6,0.14534629315370146,0.12868129198522463,DMFS,OOD,mainz,DeepHS,44
5.8,0.1471437249505702,0.12868129198522463,DMFS,OOD,mainz,DeepHS,44
6.0,0.1534572905653461,0.1330241171966627,DMFS,OOD,mainz,DeepHS,44
6.2,0.15832922591870432,0.13752007569646438,DMFS,OOD,mainz,DeepHS,44
6.4,0.16139523154532565,0.14196351423781362,DMFS,OOD,mainz,DeepHS,44
6.6,0.1645538978421579,0.15072260048867248,DMFS,OOD,mainz,DeepHS,44
6.8,0.1657201777319726,0.1507226004886725,DMFS,OOD,mainz,DeepHS,44
7.0,0.17858253296871218,0.15072260048867248,DMFS,OOD,mainz,DeepHS,44
7.2,0.1795164793565359,0.1507226004886725,DMFS,OOD,mainz,DeepHS,44
7.4,0.17601080642303246,0.15072260048867248,DMFS,OOD,mainz,DeepHS,44
7.6,0.17984487559082388,0.15595357087742087,DMFS,OOD,mainz,DeepHS,44
7.8,0.17832295169500545,0.15595357087742087,DMFS,OOD,mainz,DeepHS,44
8.0,0.18110149607653026,0.15595357087742087,DMFS,OOD,mainz,DeepHS,44
8.2,0.18800995458494782,0.16176984347315282,DMFS,OOD,mainz,DeepHS,44
8.4,0.19375147737003776,0.16746021978093584,DMFS,OOD,mainz,DeepHS,44
8.6,0.2146368992564117,0.17316918625160235,DMFS,OOD,mainz,DeepHS,44
8.8,0.21059624842403976,0.17316918625160235,DMFS,OOD,mainz,DeepHS,44
9.0,0.21059624842403976,0.17316918625160235,DMFS,OOD,mainz,DeepHS,44
9.2,0.21862552013322717,0.18419220622846183,DMFS,OOD,mainz,DeepHS,44
9.4,0.21622388364801318,0.18419220622846183,DMFS,OOD,mainz,DeepHS,44
9.6,0.2125043738474308,0.1898736181450969,DMFS,OOD,mainz,DeepHS,44
9.8,0.2151327942834056,0.18987361814509682,DMFS,OOD,mainz,DeepHS,44
10.0,0.21509256520913259,0.18987361814509687,DMFS,OOD,mainz,DeepHS,44
1.2,0.03355454205296782,0.034153229975602675,DMFS,OOD,mainz,DeepSurv,40
1.4,0.05395996388357844,0.05280479833112718,DMFS,OOD,mainz,DeepSurv,40
1.6,0.05778877335411099,0.057360369746582415,DMFS,OOD,mainz,DeepSurv,40
1.8,0.057896002993408746,0.057360369746582415,DMFS,OOD,mainz,DeepSurv,40
2.0,0.06943066441149198,0.06636068029600105,DMFS,OOD,mainz,DeepSurv,40
2.2,0.07768671401986568,0.07080477884563305,DMFS,OOD,mainz,DeepSurv,40
2.4,0.08733182452992894,0.07080477884563305,DMFS,OOD,mainz,DeepSurv,40
2.6,0.09615825284572298,0.07957967170122875,DMFS,OOD,mainz,DeepSurv,40
2.8,0.10499221975217111,0.08388435735160721,DMFS,OOD,mainz,DeepSurv,40
3.0,0.11144470879051481,0.08815853671826432,DMFS,OOD,mainz,DeepSurv,40
3.2,0.11579223519663163,0.09653981197372939,DMFS,OOD,mainz,DeepSurv,40
3.4,0.12393698635299306,0.10064690786253734,DMFS,OOD,mainz,DeepSurv,40
3.6,0.129197636064598,0.10472240139884807,DMFS,OOD,mainz,DeepSurv,40
3.8,0.1423691232246444,0.11675702182129687,DMFS,OOD,mainz,DeepSurv,40
4.0,0.1427076081277664,0.11675702182129685,DMFS,OOD,mainz,DeepSurv,40
4.2,0.1433809885431183,0.11675702182129687,DMFS,OOD,mainz,DeepSurv,40
4.4,0.1433809885431183,0.11675702182129687,DMFS,OOD,mainz,DeepSurv,40
4.6,0.15102436512328613,0.11675702182129688,DMFS,OOD,mainz,DeepSurv,40
4.8,0.1849313828761945,0.12473345970863069,DMFS,OOD,mainz,DeepSurv,40
5.0,0.19776714433847217,0.12473345970863071,DMFS,OOD,mainz,DeepSurv,40
5.2,0.19742332939257992,0.12868129198522463,DMFS,OOD,mainz,DeepSurv,40
5.4,0.2007441508485967,0.12868129198522463,DMFS,OOD,mainz,DeepSurv,40
5.6,0.2028314202049469,0.12868129198522463,DMFS,OOD,mainz,DeepSurv,40
5.8,0.2070441413808728,0.12868129198522463,DMFS,OOD,mainz,DeepSurv,40
6.0,0.21828053655619806,0.1330241171966627,DMFS,OOD,mainz,DeepSurv,40
6.2,0.22377736412033536,0.13752007569646438,DMFS,OOD,mainz,DeepSurv,40
6.4,0.22090617816934952,0.14196351423781362,DMFS,OOD,mainz,DeepSurv,40
6.6,0.22453152758214798,0.15072260048867248,DMFS,OOD,mainz,DeepSurv,40
6.8,0.22499270470660437,0.1507226004886725,DMFS,OOD,mainz,DeepSurv,40
7.0,0.23725520775928644,0.15072260048867248,DMFS,OOD,mainz,DeepSurv,40
7.2,0.23995786083763362,0.1507226004886725,DMFS,OOD,mainz,DeepSurv,40
7.4,0.23816098668441252,0.15072260048867248,DMFS,OOD,mainz,DeepSurv,40
7.6,0.23455785099793203,0.15595357087742087,DMFS,OOD,mainz,DeepSurv,40
7.8,0.23988648985913283,0.15595357087742087,DMFS,OOD,mainz,DeepSurv,40
8.0,0.2394503218369821,0.15595357087742087,DMFS,OOD,mainz,DeepSurv,40
8.2,0.2700021641958489,0.16176984347315282,DMFS,OOD,mainz,DeepSurv,40
8.4,0.279924851933569,0.16746021978093584,DMFS,OOD,mainz,DeepSurv,40
8.6,0.3008986252809551,0.17316918625160235,DMFS,OOD,mainz,DeepSurv,40
8.8,0.3001280785047024,0.17316918625160235,DMFS,OOD,mainz,DeepSurv,40
9.0,0.3001280785047024,0.17316918625160235,DMFS,OOD,mainz,DeepSurv,40
9.2,0.303579931730289,0.18419220622846183,DMFS,OOD,mainz,DeepSurv,40
9.4,0.30790850909524403,0.18419220622846183,DMFS,OOD,mainz,DeepSurv,40
9.6,0.3126487267279488,0.1898736181450969,DMFS,OOD,mainz,DeepSurv,40
9.8,0.30445424584831765,0.18987361814509682,DMFS,OOD,mainz,DeepSurv,40
10.0,0.307546916747179,0.18987361814509687,DMFS,OOD,mainz,DeepSurv,40
1.2,0.03353312586324993,0.034153229975602675,DMFS,OOD,mainz,DeepSurv,41
1.4,0.05276725173839408,0.05280479833112718,DMFS,OOD,mainz,DeepSurv,41
1.6,0.0575106093447067,0.057360369746582415,DMFS,OOD,mainz,DeepSurv,41
1.8,0.05690561419439418,0.057360369746582415,DMFS,OOD,mainz,DeepSurv,41
2.0,0.06517683122848787,0.06636068029600105,DMFS,OOD,mainz,DeepSurv,41
2.2,0.0681505646290034,0.07080477884563305,DMFS,OOD,mainz,DeepSurv,41
2.4,0.06781949027887162,0.07080477884563305,DMFS,OOD,mainz,DeepSurv,41
2.6,0.07768034343660697,0.07957967170122875,DMFS,OOD,mainz,DeepSurv,41
2.8,0.08076401394428459,0.08388435735160721,DMFS,OOD,mainz,DeepSurv,41
3.0,0.08499911888499344,0.08815853671826432,DMFS,OOD,mainz,DeepSurv,41
3.2,0.09274077416422603,0.09653981197372939,DMFS,OOD,mainz,DeepSurv,41
3.4,0.09671372638246467,0.10064690786253734,DMFS,OOD,mainz,DeepSurv,41
3.6,0.1021035051194847,0.10472240139884807,DMFS,OOD,mainz,DeepSurv,41
3.8,0.11212005607829603,0.11675702182129687,DMFS,OOD,mainz,DeepSurv,41
4.0,0.11230352887050518,0.11675702182129685,DMFS,OOD,mainz,DeepSurv,41
4.2,0.1125534495294051,0.11675702182129687,DMFS,OOD,mainz,DeepSurv,41
4.4,0.1125534495294051,0.11675702182129687,DMFS,OOD,mainz,DeepSurv,41
4.6,0.11342203534108888,0.11675702182129688,DMFS,OOD,mainz,DeepSurv,41
4.8,0.12786690000255566,0.12473345970863069,DMFS,OOD,mainz,DeepSurv,41
5.0,0.13220518820288027,0.12473345970863071,DMFS,OOD,mainz,DeepSurv,41
5.2,0.14003530904849545,0.12868129198522463,DMFS,OOD,mainz,DeepSurv,41
5.4,0.14109869510081416,0.12868129198522463,DMFS,OOD,mainz,DeepSurv,41
5.6,0.15189889684652536,0.12868129198522463,DMFS,OOD,mainz,DeepSurv,41
5.8,0.15395275135857697,0.12868129198522463,DMFS,OOD,mainz,DeepSurv,41
6.0,0.1586497290184656,0.1330241171966627,DMFS,OOD,mainz,DeepSurv,41
6.2,0.16510798954498995,0.13752007569646438,DMFS,OOD,mainz,DeepSurv,41
6.4,0.1704530562265436,0.14196351423781362,DMFS,OOD,mainz,DeepSurv,41
6.6,0.1742304224631827,0.15072260048867248,DMFS,OOD,mainz,DeepSurv,41
6.8,0.18280192442717813,0.1507226004886725,DMFS,OOD,mainz,DeepSurv,41
7.0,0.18327054654672562,0.15072260048867248,DMFS,OOD,mainz,DeepSurv,41
7.2,0.18507055243923262,0.1507226004886725,DMFS,OOD,mainz,DeepSurv,41
7.4,0.18187103132159627,0.15072260048867248,DMFS,OOD,mainz,DeepSurv,41
7.6,0.18708271396665754,0.15595357087742087,DMFS,OOD,mainz,DeepSurv,41
7.8,0.18935020372121955,0.15595357087742087,DMFS,OOD,mainz,DeepSurv,41
8.0,0.1942341440789162,0.15595357087742087,DMFS,OOD,mainz,DeepSurv,41
8.2,0.1997888201471228,0.16176984347315282,DMFS,OOD,mainz,DeepSurv,41
8.4,0.20828769087343615,0.16746021978093584,DMFS,OOD,mainz,DeepSurv,41
8.6,0.2301848481032508,0.17316918625160235,DMFS,OOD,mainz,DeepSurv,41
8.8,0.22887622321359713,0.17316918625160235,DMFS,OOD,mainz,DeepSurv,41
9.0,0.22887622321359713,0.17316918625160235,DMFS,OOD,mainz,DeepSurv,41
9.2,0.22940592222283407,0.18419220622846183,DMFS,OOD,mainz,DeepSurv,41
9.4,0.23046283044992397,0.18419220622846183,DMFS,OOD,mainz,DeepSurv,41
9.6,0.24600454935777513,0.1898736181450969,DMFS,OOD,mainz,DeepSurv,41
9.8,0.23924297955318397,0.18987361814509682,DMFS,OOD,mainz,DeepSurv,41
10.0,0.23967210625813212,0.18987361814509687,DMFS,OOD,mainz,DeepSurv,41
1.2,0.03527864501766412,0.034153229975602675,DMFS,OOD,mainz,DeepSurv,42
1.4,0.055611992249725066,0.05280479833112718,DMFS,OOD,mainz,DeepSurv,42
1.6,0.06077003201604359,0.057360369746582415,DMFS,OOD,mainz,DeepSurv,42
1.8,0.05999667373864002,0.057360369746582415,DMFS,OOD,mainz,DeepSurv,42
2.0,0.06979532220093515,0.06636068029600105,DMFS,OOD,mainz,DeepSurv,42
2.2,0.0744276641170018,0.07080477884563305,DMFS,OOD,mainz,DeepSurv,42
2.4,0.07389149575582994,0.07080477884563305,DMFS,OOD,mainz,DeepSurv,42
2.6,0.08423231514596403,0.07957967170122875,DMFS,OOD,mainz,DeepSurv,42
2.8,0.08945296605830151,0.08388435735160721,DMFS,OOD,mainz,DeepSurv,42
3.0,0.09461944591936207,0.08815853671826432,DMFS,OOD,mainz,DeepSurv,42
3.2,0.10366148477761623,0.09653981197372939,DMFS,OOD,mainz,DeepSurv,42
3.4,0.10725065414939472,0.10064690786253734,DMFS,OOD,mainz,DeepSurv,42
3.6,0.11252467736223977,0.10472240139884807,DMFS,OOD,mainz,DeepSurv,42
3.8,0.12862929339938822,0.11675702182129687,DMFS,OOD,mainz,DeepSurv,42
4.0,0.1286429648218728,0.11675702182129685,DMFS,OOD,mainz,DeepSurv,42
4.2,0.12867083026958473,0.11675702182129687,DMFS,OOD,mainz,DeepSurv,42
4.4,0.12867083026958473,0.11675702182129687,DMFS,OOD,mainz,DeepSurv,42
4.6,0.12866289257284846,0.11675702182129688,DMFS,OOD,mainz,DeepSurv,42
4.8,0.13917329297540706,0.12473345970863069,DMFS,OOD,mainz,DeepSurv,42
5.0,0.1380768598058248,0.12473345970863071,DMFS,OOD,mainz,DeepSurv,42
5.2,0.14257305324899947,0.12868129198522463,DMFS,OOD,mainz,DeepSurv,42
5.4,0.14278495364678606,0.12868129198522463,DMFS,OOD,mainz,DeepSurv,42
5.6,0.1428829472347204,0.12868129198522463,DMFS,OOD,mainz,DeepSurv,42
5.8,0.1430905866029866,0.12868129198522463,DMFS,OOD,mainz,DeepSurv,42
6.0,0.1497132215816685,0.1330241171966627,DMFS,OOD,mainz,DeepSurv,42
6.2,0.1564535056253665,0.13752007569646438,DMFS,OOD,mainz,DeepSurv,42
6.4,0.16420448270532526,0.14196351423781362,DMFS,OOD,mainz,DeepSurv,42
6.6,0.17646288547259306,0.15072260048867248,DMFS,OOD,mainz,DeepSurv,42
6.8,0.17836423115820046,0.1507226004886725,DMFS,OOD,mainz,DeepSurv,42
7.0,0.17910833751857566,0.15072260048867248,DMFS,OOD,mainz,DeepSurv,42
7.2,0.17961970968780386,0.1507226004886725,DMFS,OOD,mainz,DeepSurv,42
7.4,0.18078966622418155,0.15072260048867248,DMFS,OOD,mainz,DeepSurv,42
7.6,0.1862508233949582,0.15595357087742087,DMFS,OOD,mainz,DeepSurv,42
7.8,0.1876629443964666,0.15595357087742087,DMFS,OOD,mainz,DeepSurv,42
8.0,0.18904894949013604,0.15595357087742087,DMFS,OOD,mainz,DeepSurv,42
8.2,0.20517458686087578,0.16176984347315282,DMFS,OOD,mainz,DeepSurv,42
8.4,0.2145466045096035,0.16746021978093584,DMFS,OOD,mainz,DeepSurv,42
8.6,0.23886968850331824,0.17316918625160235,DMFS,OOD,mainz,DeepSurv,42
8.8,0.23950200833535726,0.17316918625160235,DMFS,OOD,mainz,DeepSurv,42
9.0,0.28274965997328416,0.17316918625160235,DMFS,OOD,mainz,DeepSurv,42
9.2,0.2947685891073599,0.18419220622846183,DMFS,OOD,mainz,DeepSurv,42
9.4,0.27952554437641647,0.18419220622846183,DMFS,OOD,mainz,DeepSurv,42
9.6,0.28635674021715396,0.1898736181450969,DMFS,OOD,mainz,DeepSurv,42
9.8,0.2953740506920641,0.18987361814509682,DMFS,OOD,mainz,DeepSurv,42
10.0,0.29785382482941186,0.18987361814509687,DMFS,OOD,mainz,DeepSurv,42
1.2,0.035405843706315415,0.034153229975602675,DMFS,OOD,mainz,DeepSurv,43
1.4,0.055925133182492835,0.05280479833112718,DMFS,OOD,mainz,DeepSurv,43
1.6,0.0610843786121373,0.057360369746582415,DMFS,OOD,mainz,DeepSurv,43
1.8,0.0610843786121373,0.057360369746582415,DMFS,OOD,mainz,DeepSurv,43
2.0,0.07144420985912327,0.06636068029600105,DMFS,OOD,mainz,DeepSurv,43
2.2,0.0765923283632551,0.07080477884563305,DMFS,OOD,mainz,DeepSurv,43
2.4,0.07616908992075276,0.07080477884563305,DMFS,OOD,mainz,DeepSurv,43
2.6,0.086118649681178,0.07957967170122875,DMFS,OOD,mainz,DeepSurv,43
2.8,0.0906614081883816,0.08388435735160721,DMFS,OOD,mainz,DeepSurv,43
3.0,0.09513089330670059,0.08815853671826432,DMFS,OOD,mainz,DeepSurv,43
3.2,0.1040234369082815,0.09653981197372939,DMFS,OOD,mainz,DeepSurv,43
3.4,0.10800967908850395,0.10064690786253734,DMFS,OOD,mainz,DeepSurv,43
3.6,0.11046847612044462,0.10472240139884807,DMFS,OOD,mainz,DeepSurv,43
3.8,0.12298549127726975,0.11675702182129687,DMFS,OOD,mainz,DeepSurv,43
4.0,0.11969330257860562,0.11675702182129685,DMFS,OOD,mainz,DeepSurv,43
4.2,0.11595449426140529,0.11675702182129687,DMFS,OOD,mainz,DeepSurv,43
4.4,0.11595449426140529,0.11675702182129687,DMFS,OOD,mainz,DeepSurv,43
4.6,0.11244197239812972,0.11675702182129688,DMFS,OOD,mainz,DeepSurv,43
4.8,0.11876030362273741,0.12473345970863069,DMFS,OOD,mainz,DeepSurv,43
5.0,0.11551306608792337,0.12473345970863071,DMFS,OOD,mainz,DeepSurv,43
5.2,0.12082945458453499,0.12868129198522463,DMFS,OOD,mainz,DeepSurv,43
5.4,0.1217350820285175,0.12868129198522463,DMFS,OOD,mainz,DeepSurv,43
5.6,0.12228024708378409,0.12868129198522463,DMFS,OOD,mainz,DeepSurv,43
5.8,0.12335886300627592,0.12868129198522463,DMFS,OOD,mainz,DeepSurv,43
6.0,0.13082579959657972,0.1330241171966627,DMFS,OOD,mainz,DeepSurv,43
6.2,0.13764858311048622,0.13752007569646438,DMFS,OOD,mainz,DeepSurv,43
6.4,0.1493497279496191,0.14196351423781362,DMFS,OOD,mainz,DeepSurv,43
6.6,0.1609681391436083,0.15072260048867248,DMFS,OOD,mainz,DeepSurv,43
6.8,0.16215379024399362,0.1507226004886725,DMFS,OOD,mainz,DeepSurv,43
7.0,0.16356458081252875,0.15072260048867248,DMFS,OOD,mainz,DeepSurv,43
7.2,0.16456118000517989,0.1507226004886725,DMFS,OOD,mainz,DeepSurv,43
7.4,0.1669262511526074,0.15072260048867248,DMFS,OOD,mainz,DeepSurv,43
7.6,0.17332434852335,0.15595357087742087,DMFS,OOD,mainz,DeepSurv,43
7.8,0.17679346784367245,0.15595357087742087,DMFS,OOD,mainz,DeepSurv,43
8.0,0.17202622989034985,0.15595357087742087,DMFS,OOD,mainz,DeepSurv,43
8.2,0.18084824799382004,0.16176984347315282,DMFS,OOD,mainz,DeepSurv,43
8.4,0.1908551817416576,0.16746021978093584,DMFS,OOD,mainz,DeepSurv,43
8.6,0.21804559170966553,0.17316918625160235,DMFS,OOD,mainz,DeepSurv,43
8.8,0.2166015949442992,0.17316918625160235,DMFS,OOD,mainz,DeepSurv,43
9.0,0.2166015949442992,0.17316918625160235,DMFS,OOD,mainz,DeepSurv,43
9.2,0.2344459984492387,0.18419220622846183,DMFS,OOD,mainz,DeepSurv,43
9.4,0.2286962337922951,0.18419220622846183,DMFS,OOD,mainz,DeepSurv,43
9.6,0.23860030315729805,0.1898736181450969,DMFS,OOD,mainz,DeepSurv,43
9.8,0.2412089389614686,0.18987361814509682,DMFS,OOD,mainz,DeepSurv,43
10.0,0.2424920444975661,0.18987361814509687,DMFS,OOD,mainz,DeepSurv,43
1.2,0.03340333462821049,0.034153229975602675,DMFS,OOD,mainz,DeepSurv,44
1.4,0.052082769819376755,0.05280479833112718,DMFS,OOD,mainz,DeepSurv,44
1.6,0.05655812342587292,0.057360369746582415,DMFS,OOD,mainz,DeepSurv,44
1.8,0.056144981321342706,0.057360369746582415,DMFS,OOD,mainz,DeepSurv,44
2.0,0.06492141006146439,0.06636068029600105,DMFS,OOD,mainz,DeepSurv,44
2.2,0.06876819281177517,0.07080477884563305,DMFS,OOD,mainz,DeepSurv,44
2.4,0.06876819281177517,0.07080477884563305,DMFS,OOD,mainz,DeepSurv,44
2.6,0.07873681877483493,0.07957967170122875,DMFS,OOD,mainz,DeepSurv,44
2.8,0.08273814377766277,0.08388435735160721,DMFS,OOD,mainz,DeepSurv,44
3.0,0.08762095423419523,0.08815853671826432,DMFS,OOD,mainz,DeepSurv,44
3.2,0.09579928917064333,0.09653981197372939,DMFS,OOD,mainz,DeepSurv,44
3.4,0.10103711680722709,0.10064690786253734,DMFS,OOD,mainz,DeepSurv,44
3.6,0.10633344479997867,0.10472240139884807,DMFS,OOD,mainz,DeepSurv,44
3.8,0.11958371348939387,0.11675702182129687,DMFS,OOD,mainz,DeepSurv,44
4.0,0.11967655741511103,0.11675702182129685,DMFS,OOD,mainz,DeepSurv,44
4.2,0.11925839139182719,0.11675702182129687,DMFS,OOD,mainz,DeepSurv,44
4.4,0.11911651396113801,0.11675702182129687,DMFS,OOD,mainz,DeepSurv,44
4.6,0.11909367641024204,0.11675702182129688,DMFS,OOD,mainz,DeepSurv,44
4.8,0.1316954517608047,0.12473345970863069,DMFS,OOD,mainz,DeepSurv,44
5.0,0.13191746305534027,0.12473345970863071,DMFS,OOD,mainz,DeepSurv,44
5.2,0.1356736825355126,0.12868129198522463,DMFS,OOD,mainz,DeepSurv,44
5.4,0.1367908671583745,0.12868129198522463,DMFS,OOD,mainz,DeepSurv,44
5.6,0.13752533593517413,0.12868129198522463,DMFS,OOD,mainz,DeepSurv,44
5.8,0.13881639619947608,0.12868129198522463,DMFS,OOD,mainz,DeepSurv,44
6.0,0.14700607566517507,0.1330241171966627,DMFS,OOD,mainz,DeepSurv,44
6.2,0.15250318324881643,0.13752007569646438,DMFS,OOD,mainz,DeepSurv,44
6.4,0.1595590437139393,0.14196351423781362,DMFS,OOD,mainz,DeepSurv,44
6.6,0.16175178837178536,0.15072260048867248,DMFS,OOD,mainz,DeepSurv,44
6.8,0.1627023260331471,0.1507226004886725,DMFS,OOD,mainz,DeepSurv,44
7.0,0.16376267684136359,0.15072260048867248,DMFS,OOD,mainz,DeepSurv,44
7.2,0.16451405266466013,0.1507226004886725,DMFS,OOD,mainz,DeepSurv,44
7.4,0.1616875659809511,0.15072260048867248,DMFS,OOD,mainz,DeepSurv,44
7.6,0.16274170470046637,0.15595357087742087,DMFS,OOD,mainz,DeepSurv,44
7.8,0.16323514640340317,0.15595357087742087,DMFS,OOD,mainz,DeepSurv,44
8.0,0.16488601719190119,0.15595357087742087,DMFS,OOD,mainz,DeepSurv,44
8.2,0.17211778019629695,0.16176984347315282,DMFS,OOD,mainz,DeepSurv,44
8.4,0.18475216859077495,0.16746021978093584,DMFS,OOD,mainz,DeepSurv,44
8.6,0.19574265900768809,0.17316918625160235,DMFS,OOD,mainz,DeepSurv,44
8.8,0.1881934685534798,0.17316918625160235,DMFS,OOD,mainz,DeepSurv,44
9.0,0.1881934685534798,0.17316918625160235,DMFS,OOD,mainz,DeepSurv,44
9.2,0.20600480242582875,0.18419220622846183,DMFS,OOD,mainz,DeepSurv,44
9.4,0.2083587879663024,0.18419220622846183,DMFS,OOD,mainz,DeepSurv,44
9.6,0.21511756668688511,0.1898736181450969,DMFS,OOD,mainz,DeepSurv,44
9.8,0.21049055635411185,0.18987361814509682,DMFS,OOD,mainz,DeepSurv,44
10.0,0.2108750558790648,0.18987361814509687,DMFS,OOD,mainz,DeepSurv,44
1.2,0.03312175829427946,0.034153229975602675,DMFS,OOD,mainz,ENCox,40
1.4,0.05292275529186166,0.05280479833112718,DMFS,OOD,mainz,ENCox,40
1.6,0.059401724280956414,0.057360369746582415,DMFS,OOD,mainz,ENCox,40
1.8,0.06280893061143114,0.057360369746582415,DMFS,OOD,mainz,ENCox,40
2.0,0.07847565933452555,0.06636068029600105,DMFS,OOD,mainz,ENCox,40
2.2,0.09624662416921431,0.07080477884563305,DMFS,OOD,mainz,ENCox,40
2.4,0.12281108273762405,0.07080477884563305,DMFS,OOD,mainz,ENCox,40
2.6,0.1292045285381586,0.07957967170122875,DMFS,OOD,mainz,ENCox,40
2.8,0.14220756744781732,0.08388435735160721,DMFS,OOD,mainz,ENCox,40
3.0,0.15144613122440337,0.08815853671826432,DMFS,OOD,mainz,ENCox,40
3.2,0.16028241792844028,0.09653981197372939,DMFS,OOD,mainz,ENCox,40
3.4,0.17562925143329833,0.10064690786253734,DMFS,OOD,mainz,ENCox,40
3.6,0.18032060174731168,0.10472240139884807,DMFS,OOD,mainz,ENCox,40
3.8,0.18428670482427698,0.11675702182129687,DMFS,OOD,mainz,ENCox,40
4.0,0.18489868262659265,0.11675702182129685,DMFS,OOD,mainz,ENCox,40
4.2,0.18349360135440038,0.11675702182129687,DMFS,OOD,mainz,ENCox,40
4.4,0.18349360135440038,0.11675702182129687,DMFS,OOD,mainz,ENCox,40
4.6,0.19665124374853293,0.11675702182129688,DMFS,OOD,mainz,ENCox,40
4.8,0.22920004674379185,0.12473345970863069,DMFS,OOD,mainz,ENCox,40
5.0,0.24578194440327963,0.12473345970863071,DMFS,OOD,mainz,ENCox,40
5.2,0.24372549099486127,0.12868129198522463,DMFS,OOD,mainz,ENCox,40
5.4,0.24632206106060373,0.12868129198522463,DMFS,OOD,mainz,ENCox,40
5.6,0.2506358654488748,0.12868129198522463,DMFS,OOD,mainz,ENCox,40
5.8,0.25493060652892024,0.12868129198522463,DMFS,OOD,mainz,ENCox,40
6.0,0.2556838673454928,0.1330241171966627,DMFS,OOD,mainz,ENCox,40
6.2,0.25810297436387036,0.13752007569646438,DMFS,OOD,mainz,ENCox,40
6.4,0.25330796193086547,0.14196351423781362,DMFS,OOD,mainz,ENCox,40
6.6,0.2582715986865763,0.15072260048867248,DMFS,OOD,mainz,ENCox,40
6.8,0.2553116735798013,0.1507226004886725,DMFS,OOD,mainz,ENCox,40
7.0,0.27171651426038357,0.15072260048867248,DMFS,OOD,mainz,ENCox,40
7.2,0.2725310330384,0.1507226004886725,DMFS,OOD,mainz,ENCox,40
7.4,0.27510696676558427,0.15072260048867248,DMFS,OOD,mainz,ENCox,40
7.6,0.270400848619191,0.15595357087742087,DMFS,OOD,mainz,ENCox,40
7.8,0.27237242532262357,0.15595357087742087,DMFS,OOD,mainz,ENCox,40
8.0,0.277494765568251,0.15595357087742087,DMFS,OOD,mainz,ENCox,40
8.2,0.3156263450003766,0.16176984347315282,DMFS,OOD,mainz,ENCox,40
8.4,0.32002877108698385,0.16746021978093584,DMFS,OOD,mainz,ENCox,40
8.6,0.34701280459180917,0.17316918625160235,DMFS,OOD,mainz,ENCox,40
8.8,0.3408284432981747,0.17316918625160235,DMFS,OOD,mainz,ENCox,40
9.0,0.3408284432981747,0.17316918625160235,DMFS,OOD,mainz,ENCox,40
9.2,0.3376814569720111,0.18419220622846183,DMFS,OOD,mainz,ENCox,40
9.4,0.35103740291225394,0.18419220622846183,DMFS,OOD,mainz,ENCox,40
9.6,0.3383255396457669,0.1898736181450969,DMFS,OOD,mainz,ENCox,40
9.8,0.33841158911567404,0.18987361814509682,DMFS,OOD,mainz,ENCox,40
10.0,0.34131381765984803,0.18987361814509687,DMFS,OOD,mainz,ENCox,40
1.2,0.03359559549799144,0.034153229975602675,DMFS,OOD,mainz,ENCox,41
1.4,0.05182543888035205,0.05280479833112718,DMFS,OOD,mainz,ENCox,41
1.6,0.05606471959946119,0.057360369746582415,DMFS,OOD,mainz,ENCox,41
1.8,0.056396520095709196,0.057360369746582415,DMFS,OOD,mainz,ENCox,41
2.0,0.06552309887643432,0.06636068029600105,DMFS,OOD,mainz,ENCox,41
2.2,0.07320568884985833,0.07080477884563305,DMFS,OOD,mainz,ENCox,41
2.4,0.07518099882363888,0.07080477884563305,DMFS,OOD,mainz,ENCox,41
2.6,0.0848258628603218,0.07957967170122875,DMFS,OOD,mainz,ENCox,41
2.8,0.09024831106899715,0.08388435735160721,DMFS,OOD,mainz,ENCox,41
3.0,0.09311102607289562,0.08815853671826432,DMFS,OOD,mainz,ENCox,41
3.2,0.10169973769540089,0.09653981197372939,DMFS,OOD,mainz,ENCox,41
3.4,0.10479165973213464,0.10064690786253734,DMFS,OOD,mainz,ENCox,41
3.6,0.11056220163433103,0.10472240139884807,DMFS,OOD,mainz,ENCox,41
3.8,0.11966797321411093,0.11675702182129687,DMFS,OOD,mainz,ENCox,41
4.0,0.12211484609490206,0.11675702182129685,DMFS,OOD,mainz,ENCox,41
4.2,0.1223329140637805,0.11675702182129687,DMFS,OOD,mainz,ENCox,41
4.4,0.1223329140637805,0.11675702182129687,DMFS,OOD,mainz,ENCox,41
4.6,0.12505130979457593,0.11675702182129688,DMFS,OOD,mainz,ENCox,41
4.8,0.137599565047728,0.12473345970863069,DMFS,OOD,mainz,ENCox,41
5.0,0.1414939387585864,0.12473345970863071,DMFS,OOD,mainz,ENCox,41
5.2,0.14847532063851823,0.12868129198522463,DMFS,OOD,mainz,ENCox,41
5.4,0.14899076830147467,0.12868129198522463,DMFS,OOD,mainz,ENCox,41
5.6,0.15443300089921755,0.12868129198522463,DMFS,OOD,mainz,ENCox,41
5.8,0.15518774271138272,0.12868129198522463,DMFS,OOD,mainz,ENCox,41
6.0,0.15805860190606025,0.1330241171966627,DMFS,OOD,mainz,ENCox,41
6.2,0.16144369447570994,0.13752007569646438,DMFS,OOD,mainz,ENCox,41
6.4,0.16386713845543066,0.14196351423781362,DMFS,OOD,mainz,ENCox,41
6.6,0.16744724239172665,0.15072260048867248,DMFS,OOD,mainz,ENCox,41
6.8,0.1738451645614526,0.1507226004886725,DMFS,OOD,mainz,ENCox,41
7.0,0.17391803163438158,0.15072260048867248,DMFS,OOD,mainz,ENCox,41
7.2,0.17424431287418835,0.1507226004886725,DMFS,OOD,mainz,ENCox,41
7.4,0.1733025980231294,0.15072260048867248,DMFS,OOD,mainz,ENCox,41
7.6,0.1815342753923156,0.15595357087742087,DMFS,OOD,mainz,ENCox,41
7.8,0.18271183476689198,0.15595357087742087,DMFS,OOD,mainz,ENCox,41
8.0,0.18481104063518067,0.15595357087742087,DMFS,OOD,mainz,ENCox,41
8.2,0.18743775017034764,0.16176984347315282,DMFS,OOD,mainz,ENCox,41
8.4,0.19093467384914795,0.16746021978093584,DMFS,OOD,mainz,ENCox,41
8.6,0.20383002747453374,0.17316918625160235,DMFS,OOD,mainz,ENCox,41
8.8,0.20308808768534298,0.17316918625160235,DMFS,OOD,mainz,ENCox,41
9.0,0.20308808768534298,0.17316918625160235,DMFS,OOD,mainz,ENCox,41
9.2,0.20757272007719366,0.18419220622846183,DMFS,OOD,mainz,ENCox,41
9.4,0.2088504259680394,0.18419220622846183,DMFS,OOD,mainz,ENCox,41
9.6,0.2171346171656143,0.1898736181450969,DMFS,OOD,mainz,ENCox,41
9.8,0.2156520954447884,0.18987361814509682,DMFS,OOD,mainz,ENCox,41
10.0,0.21481791199439598,0.18987361814509687,DMFS,OOD,mainz,ENCox,41
1.2,0.03513791778875039,0.034153229975602675,DMFS,OOD,mainz,ENCox,42
1.4,0.055265960298584674,0.05280479833112718,DMFS,OOD,mainz,ENCox,42
1.6,0.0603837428154254,0.057360369746582415,DMFS,OOD,mainz,ENCox,42
1.8,0.059925696365606795,0.057360369746582415,DMFS,OOD,mainz,ENCox,42
2.0,0.07024111801509056,0.06636068029600105,DMFS,OOD,mainz,ENCox,42
2.2,0.07487454948364378,0.07080477884563305,DMFS,OOD,mainz,ENCox,42
2.4,0.07541571024488443,0.07080477884563305,DMFS,OOD,mainz,ENCox,42
2.6,0.08501612448235717,0.07957967170122875,DMFS,OOD,mainz,ENCox,42
2.8,0.09023664058311506,0.08388435735160721,DMFS,OOD,mainz,ENCox,42
3.0,0.09280570710931042,0.08815853671826432,DMFS,OOD,mainz,ENCox,42
3.2,0.09578497501156696,0.09653981197372939,DMFS,OOD,mainz,ENCox,42
3.4,0.1011891675140555,0.10064690786253734,DMFS,OOD,mainz,ENCox,42
3.6,0.1059943055586524,0.10472240139884807,DMFS,OOD,mainz,ENCox,42
3.8,0.12054344496146083,0.11675702182129687,DMFS,OOD,mainz,ENCox,42
4.0,0.1206236064123431,0.11675702182129685,DMFS,OOD,mainz,ENCox,42
4.2,0.12079157860986153,0.11675702182129687,DMFS,OOD,mainz,ENCox,42
4.4,0.12079157860986153,0.11675702182129687,DMFS,OOD,mainz,ENCox,42
4.6,0.12081481385126251,0.11675702182129688,DMFS,OOD,mainz,ENCox,42
4.8,0.12893252153205748,0.12473345970863069,DMFS,OOD,mainz,ENCox,42
5.0,0.13017616341425206,0.12473345970863071,DMFS,OOD,mainz,ENCox,42
5.2,0.13564089053138134,0.12868129198522463,DMFS,OOD,mainz,ENCox,42
5.4,0.13650492325825206,0.12868129198522463,DMFS,OOD,mainz,ENCox,42
5.6,0.13696145694281062,0.12868129198522463,DMFS,OOD,mainz,ENCox,42
5.8,0.13558807563096384,0.12868129198522463,DMFS,OOD,mainz,ENCox,42
6.0,0.1428343346001131,0.1330241171966627,DMFS,OOD,mainz,ENCox,42
6.2,0.154458769790984,0.13752007569646438,DMFS,OOD,mainz,ENCox,42
6.4,0.1708076264572134,0.14196351423781362,DMFS,OOD,mainz,ENCox,42
6.6,0.17853543234952546,0.15072260048867248,DMFS,OOD,mainz,ENCox,42
6.8,0.19231809217399715,0.1507226004886725,DMFS,OOD,mainz,ENCox,42
7.0,0.19438285177811987,0.15072260048867248,DMFS,OOD,mainz,ENCox,42
7.2,0.19539150631090207,0.1507226004886725,DMFS,OOD,mainz,ENCox,42
7.4,0.19763739898121066,0.15072260048867248,DMFS,OOD,mainz,ENCox,42
7.6,0.19228868808671312,0.15595357087742087,DMFS,OOD,mainz,ENCox,42
7.8,0.19474829217048895,0.15595357087742087,DMFS,OOD,mainz,ENCox,42
8.0,0.19534975680211977,0.15595357087742087,DMFS,OOD,mainz,ENCox,42
8.2,0.22476192455643448,0.16176984347315282,DMFS,OOD,mainz,ENCox,42
8.4,0.23484352912049108,0.16746021978093584,DMFS,OOD,mainz,ENCox,42
8.6,0.27039109318100313,0.17316918625160235,DMFS,OOD,mainz,ENCox,42
8.8,0.26454253295745617,0.17316918625160235,DMFS,OOD,mainz,ENCox,42
9.0,0.3298169441270959,0.17316918625160235,DMFS,OOD,mainz,ENCox,42
9.2,0.31887382320754776,0.18419220622846183,DMFS,OOD,mainz,ENCox,42
9.4,0.30978351860153464,0.18419220622846183,DMFS,OOD,mainz,ENCox,42
9.6,0.2980809935228905,0.1898736181450969,DMFS,OOD,mainz,ENCox,42
9.8,0.2963630418001616,0.18987361814509682,DMFS,OOD,mainz,ENCox,42
10.0,0.2979166889290381,0.18987361814509687,DMFS,OOD,mainz,ENCox,42
1.2,0.033625082538470644,0.034153229975602675,DMFS,OOD,mainz,ENCox,43
1.4,0.05179278657120905,0.05280479833112718,DMFS,OOD,mainz,ENCox,43
1.6,0.05619722541112851,0.057360369746582415,DMFS,OOD,mainz,ENCox,43
1.8,0.05619722541112851,0.057360369746582415,DMFS,OOD,mainz,ENCox,43
2.0,0.06475505489162668,0.06636068029600105,DMFS,OOD,mainz,ENCox,43
2.2,0.0687238034186518,0.07080477884563305,DMFS,OOD,mainz,ENCox,43
2.4,0.06873369862130407,0.07080477884563305,DMFS,OOD,mainz,ENCox,43
2.6,0.07698282967329118,0.07957967170122875,DMFS,OOD,mainz,ENCox,43
2.8,0.08146296698923267,0.08388435735160721,DMFS,OOD,mainz,ENCox,43
3.0,0.08548735989225457,0.08815853671826432,DMFS,OOD,mainz,ENCox,43
3.2,0.09338847826817227,0.09653981197372939,DMFS,OOD,mainz,ENCox,43
3.4,0.09767618867311358,0.10064690786253734,DMFS,OOD,mainz,ENCox,43
3.6,0.1024234767040409,0.10472240139884807,DMFS,OOD,mainz,ENCox,43
3.8,0.11215518502233264,0.11675702182129687,DMFS,OOD,mainz,ENCox,43
4.0,0.11359846169175986,0.11675702182129685,DMFS,OOD,mainz,ENCox,43
4.2,0.1155982354176351,0.11675702182129687,DMFS,OOD,mainz,ENCox,43
4.4,0.1155982354176351,0.11675702182129687,DMFS,OOD,mainz,ENCox,43
4.6,0.11791356349183683,0.11675702182129688,DMFS,OOD,mainz,ENCox,43
4.8,0.12633230447162158,0.12473345970863069,DMFS,OOD,mainz,ENCox,43
5.0,0.13227966180184378,0.12473345970863071,DMFS,OOD,mainz,ENCox,43
5.2,0.1384751590622571,0.12868129198522463,DMFS,OOD,mainz,ENCox,43
5.4,0.13864724638301318,0.12868129198522463,DMFS,OOD,mainz,ENCox,43
5.6,0.13857320297868905,0.12868129198522463,DMFS,OOD,mainz,ENCox,43
5.8,0.13925859226817047,0.12868129198522463,DMFS,OOD,mainz,ENCox,43
6.0,0.141956245503002,0.1330241171966627,DMFS,OOD,mainz,ENCox,43
6.2,0.1447210108547211,0.13752007569646438,DMFS,OOD,mainz,ENCox,43
6.4,0.15135240838845557,0.14196351423781362,DMFS,OOD,mainz,ENCox,43
6.6,0.15625655238867375,0.15072260048867248,DMFS,OOD,mainz,ENCox,43
6.8,0.15678200624460642,0.1507226004886725,DMFS,OOD,mainz,ENCox,43
7.0,0.15701371149543858,0.15072260048867248,DMFS,OOD,mainz,ENCox,43
7.2,0.15724867347157104,0.1507226004886725,DMFS,OOD,mainz,ENCox,43
7.4,0.15729091050496474,0.15072260048867248,DMFS,OOD,mainz,ENCox,43
7.6,0.16016374784961218,0.15595357087742087,DMFS,OOD,mainz,ENCox,43
7.8,0.1604560514759047,0.15595357087742087,DMFS,OOD,mainz,ENCox,43
8.0,0.16144162985027438,0.15595357087742087,DMFS,OOD,mainz,ENCox,43
8.2,0.16634668540599937,0.16176984347315282,DMFS,OOD,mainz,ENCox,43
8.4,0.17047573336155794,0.16746021978093584,DMFS,OOD,mainz,ENCox,43
8.6,0.18023284089199507,0.17316918625160235,DMFS,OOD,mainz,ENCox,43
8.8,0.1800855921728051,0.17316918625160235,DMFS,OOD,mainz,ENCox,43
9.0,0.1800855921728051,0.17316918625160235,DMFS,OOD,mainz,ENCox,43
9.2,0.18768989258186358,0.18419220622846183,DMFS,OOD,mainz,ENCox,43
9.4,0.18867280997450145,0.18419220622846183,DMFS,OOD,mainz,ENCox,43
9.6,0.19053743997100375,0.1898736181450969,DMFS,OOD,mainz,ENCox,43
9.8,0.1901429528848619,0.18987361814509682,DMFS,OOD,mainz,ENCox,43
10.0,0.1898765546934406,0.18987361814509687,DMFS,OOD,mainz,ENCox,43
1.2,0.030694104676829103,0.034153229975602675,DMFS,OOD,mainz,ENCox,44
1.4,0.04567956318020256,0.05280479833112718,DMFS,OOD,mainz,ENCox,44
1.6,0.0504204987222065,0.057360369746582415,DMFS,OOD,mainz,ENCox,44
1.8,0.05081175929411485,0.057360369746582415,DMFS,OOD,mainz,ENCox,44
2.0,0.06125881164865848,0.06636068029600105,DMFS,OOD,mainz,ENCox,44
2.2,0.0682528536443389,0.07080477884563305,DMFS,OOD,mainz,ENCox,44
2.4,0.0682528536443389,0.07080477884563305,DMFS,OOD,mainz,ENCox,44
2.6,0.07688805410880507,0.07957967170122875,DMFS,OOD,mainz,ENCox,44
2.8,0.08518513686025862,0.08388435735160721,DMFS,OOD,mainz,ENCox,44
3.0,0.08965631904141672,0.08815853671826432,DMFS,OOD,mainz,ENCox,44
3.2,0.09844562858425246,0.09653981197372939,DMFS,OOD,mainz,ENCox,44
3.4,0.10336061985866594,0.10064690786253734,DMFS,OOD,mainz,ENCox,44
3.6,0.10852415647113751,0.10472240139884807,DMFS,OOD,mainz,ENCox,44
3.8,0.12570310667146375,0.11675702182129687,DMFS,OOD,mainz,ENCox,44
4.0,0.12599943124911264,0.11675702182129685,DMFS,OOD,mainz,ENCox,44
4.2,0.1335759470249969,0.11675702182129687,DMFS,OOD,mainz,ENCox,44
4.4,0.14230922247083563,0.11675702182129687,DMFS,OOD,mainz,ENCox,44
4.6,0.1423681903568967,0.11675702182129688,DMFS,OOD,mainz,ENCox,44
4.8,0.17346828903515746,0.12473345970863069,DMFS,OOD,mainz,ENCox,44
5.0,0.1739583660969551,0.12473345970863071,DMFS,OOD,mainz,ENCox,44
5.2,0.17794177723200139,0.12868129198522463,DMFS,OOD,mainz,ENCox,44
5.4,0.17718607422465077,0.12868129198522463,DMFS,OOD,mainz,ENCox,44
5.6,0.17807514681413436,0.12868129198522463,DMFS,OOD,mainz,ENCox,44
5.8,0.1812995378940517,0.12868129198522463,DMFS,OOD,mainz,ENCox,44
6.0,0.19027581818331835,0.1330241171966627,DMFS,OOD,mainz,ENCox,44
6.2,0.19253116316171254,0.13752007569646438,DMFS,OOD,mainz,ENCox,44
6.4,0.19922700641594954,0.14196351423781362,DMFS,OOD,mainz,ENCox,44
6.6,0.1977100268961699,0.15072260048867248,DMFS,OOD,mainz,ENCox,44
6.8,0.1990791589367236,0.1507226004886725,DMFS,OOD,mainz,ENCox,44
7.0,0.2012402148198252,0.15072260048867248,DMFS,OOD,mainz,ENCox,44
7.2,0.20330365121328087,0.1507226004886725,DMFS,OOD,mainz,ENCox,44
7.4,0.2022388240184103,0.15072260048867248,DMFS,OOD,mainz,ENCox,44
7.6,0.20839356554692315,0.15595357087742087,DMFS,OOD,mainz,ENCox,44
7.8,0.2092092325079059,0.15595357087742087,DMFS,OOD,mainz,ENCox,44
8.0,0.21016305992815462,0.15595357087742087,DMFS,OOD,mainz,ENCox,44
8.2,0.2080661018168518,0.16176984347315282,DMFS,OOD,mainz,ENCox,44
8.4,0.24082635983473152,0.16746021978093584,DMFS,OOD,mainz,ENCox,44
8.6,0.2509445374515575,0.17316918625160235,DMFS,OOD,mainz,ENCox,44
8.8,0.24738597755985933,0.17316918625160235,DMFS,OOD,mainz,ENCox,44
9.0,0.24738597755985933,0.17316918625160235,DMFS,OOD,mainz,ENCox,44
9.2,0.2597474040760218,0.18419220622846183,DMFS,OOD,mainz,ENCox,44
9.4,0.2644142165064608,0.18419220622846183,DMFS,OOD,mainz,ENCox,44
9.6,0.27904578718425077,0.1898736181450969,DMFS,OOD,mainz,ENCox,44
9.8,0.29099007188059334,0.18987361814509682,DMFS,OOD,mainz,ENCox,44
10.0,0.28908581825547774,0.18987361814509687,DMFS,OOD,mainz,ENCox,44
1.2,0.1528657127547496,0.034153229975602675,DMFS,OOD,mainz,LH,40
1.4,0.15651045909078765,0.05280479833112718,DMFS,OOD,mainz,LH,40
1.6,0.15852318055117212,0.057360369746582415,DMFS,OOD,mainz,LH,40
1.8,0.15852318055117212,0.057360369746582415,DMFS,OOD,mainz,LH,40
2.0,0.16109537769422808,0.06636068029600105,DMFS,OOD,mainz,LH,40
2.2,0.4286533931066811,0.07080477884563305,DMFS,OOD,mainz,LH,40
2.4,0.4286533931066811,0.07080477884563305,DMFS,OOD,mainz,LH,40
2.6,0.423674367013424,0.07957967170122875,DMFS,OOD,mainz,LH,40
2.8,0.4190734628419064,0.08388435735160721,DMFS,OOD,mainz,LH,40
3.0,0.41487778387488644,0.08815853671826432,DMFS,OOD,mainz,LH,40
3.2,0.40862670003796375,0.09653981197372939,DMFS,OOD,mainz,LH,40
3.4,0.40680948414089857,0.10064690786253734,DMFS,OOD,mainz,LH,40
3.6,0.40853671191934715,0.10472240139884807,DMFS,OOD,mainz,LH,40
3.8,0.4030740119189444,0.11675702182129687,DMFS,OOD,mainz,LH,40
4.0,0.40341427166555704,0.11675702182129685,DMFS,OOD,mainz,LH,40
4.2,0.517489413543705,0.11675702182129687,DMFS,OOD,mainz,LH,40
4.4,0.517489413543705,0.11675702182129687,DMFS,OOD,mainz,LH,40
4.6,0.5171826158625497,0.11675702182129688,DMFS,OOD,mainz,LH,40
4.8,0.5117096712714568,0.12473345970863069,DMFS,OOD,mainz,LH,40
5.0,0.5116535366724044,0.12473345970863071,DMFS,OOD,mainz,LH,40
5.2,0.510468826196628,0.12868129198522463,DMFS,OOD,mainz,LH,40
5.4,0.5116391401935456,0.12868129198522463,DMFS,OOD,mainz,LH,40
5.6,0.5120454757526633,0.12868129198522463,DMFS,OOD,mainz,LH,40
5.8,0.517960579749149,0.12868129198522463,DMFS,OOD,mainz,LH,40
6.0,0.5169343221512489,0.1330241171966627,DMFS,OOD,mainz,LH,40
6.2,0.6170969617722207,0.13752007569646438,DMFS,OOD,mainz,LH,40
6.4,0.611919821151296,0.14196351423781362,DMFS,OOD,mainz,LH,40
6.6,0.6022329678563644,0.15072260048867248,DMFS,OOD,mainz,LH,40
6.8,0.602740430117512,0.1507226004886725,DMFS,OOD,mainz,LH,40
7.0,0.6007591533198733,0.15072260048867248,DMFS,OOD,mainz,LH,40
7.2,0.6050750885961557,0.1507226004886725,DMFS,OOD,mainz,LH,40
7.4,0.6046837812515722,0.15072260048867248,DMFS,OOD,mainz,LH,40
7.6,0.5972868921737616,0.15595357087742087,DMFS,OOD,mainz,LH,40
7.8,0.5951382784853806,0.15595357087742087,DMFS,OOD,mainz,LH,40
8.0,0.5992989338415801,0.15595357087742087,DMFS,OOD,mainz,LH,40
8.2,0.657051769108302,0.16176984347315282,DMFS,OOD,mainz,LH,40
8.4,0.6493446021909682,0.16746021978093584,DMFS,OOD,mainz,LH,40
8.6,0.6391800101078035,0.17316918625160235,DMFS,OOD,mainz,LH,40
8.8,0.6377577534463437,0.17316918625160235,DMFS,OOD,mainz,LH,40
9.0,0.6377577534463437,0.17316918625160235,DMFS,OOD,mainz,LH,40
9.2,0.6248544056283266,0.18419220622846183,DMFS,OOD,mainz,LH,40
9.4,0.6279123166901797,0.18419220622846183,DMFS,OOD,mainz,LH,40
9.6,0.613559044739822,0.1898736181450969,DMFS,OOD,mainz,LH,40
9.8,0.6104771154523972,0.18987361814509682,DMFS,OOD,mainz,LH,40
10.0,0.6086120816646587,0.18987361814509687,DMFS,OOD,mainz,LH,40
1.2,0.03348971514935599,0.034153229975602675,DMFS,OOD,mainz,LH,41
1.4,0.05222319779395395,0.05280479833112718,DMFS,OOD,mainz,LH,41
1.6,0.056890151961536455,0.057360369746582415,DMFS,OOD,mainz,LH,41
1.8,0.056890151961536455,0.057360369746582415,DMFS,OOD,mainz,LH,41
2.0,0.08374588224916335,0.06636068029600105,DMFS,OOD,mainz,LH,41
2.2,0.08617833502660187,0.07080477884563305,DMFS,OOD,mainz,LH,41
2.4,0.08617833502660187,0.07080477884563305,DMFS,OOD,mainz,LH,41
2.6,0.09621595849719868,0.07957967170122875,DMFS,OOD,mainz,LH,41
2.8,0.09270678548413482,0.08388435735160721,DMFS,OOD,mainz,LH,41
3.0,0.09678050398659842,0.08815853671826432,DMFS,OOD,mainz,LH,41
3.2,0.10569908956762625,0.09653981197372939,DMFS,OOD,mainz,LH,41
3.4,0.11000544092684197,0.10064690786253734,DMFS,OOD,mainz,LH,41
3.6,0.1149867717333166,0.10472240139884807,DMFS,OOD,mainz,LH,41
3.8,0.12498105812887822,0.11675702182129687,DMFS,OOD,mainz,LH,41
4.0,0.18928954573226375,0.11675702182129685,DMFS,OOD,mainz,LH,41
4.2,0.1909066873245622,0.11675702182129687,DMFS,OOD,mainz,LH,41
4.4,0.1909066873245622,0.11675702182129687,DMFS,OOD,mainz,LH,41
4.6,0.19161987856963542,0.11675702182129688,DMFS,OOD,mainz,LH,41
4.8,0.20186008405273032,0.12473345970863069,DMFS,OOD,mainz,LH,41
5.0,0.20228007021933622,0.12473345970863071,DMFS,OOD,mainz,LH,41
5.2,0.20650918844506705,0.12868129198522463,DMFS,OOD,mainz,LH,41
5.4,0.20522521702112917,0.12868129198522463,DMFS,OOD,mainz,LH,41
5.6,0.2079639363749669,0.12868129198522463,DMFS,OOD,mainz,LH,41
5.8,0.21229631654509476,0.12868129198522463,DMFS,OOD,mainz,LH,41
6.0,0.2552955085678067,0.1330241171966627,DMFS,OOD,mainz,LH,41
6.2,0.2629987521629476,0.13752007569646438,DMFS,OOD,mainz,LH,41
6.4,0.26765356244130495,0.14196351423781362,DMFS,OOD,mainz,LH,41
6.6,0.26984962125527745,0.15072260048867248,DMFS,OOD,mainz,LH,41
6.8,0.263929128816401,0.1507226004886725,DMFS,OOD,mainz,LH,41
7.0,0.25944277347130074,0.15072260048867248,DMFS,OOD,mainz,LH,41
7.2,0.26297611559688616,0.1507226004886725,DMFS,OOD,mainz,LH,41
7.4,0.2523062190595926,0.15072260048867248,DMFS,OOD,mainz,LH,41
7.6,0.24768493337374087,0.15595357087742087,DMFS,OOD,mainz,LH,41
7.8,0.2532641645992625,0.15595357087742087,DMFS,OOD,mainz,LH,41
8.0,0.2703690592514725,0.15595357087742087,DMFS,OOD,mainz,LH,41
8.2,0.27430806814301073,0.16176984347315282,DMFS,OOD,mainz,LH,41
8.4,0.28119701103058964,0.16746021978093584,DMFS,OOD,mainz,LH,41
8.6,0.27819775814392356,0.17316918625160235,DMFS,OOD,mainz,LH,41
8.8,0.2742280679882652,0.17316918625160235,DMFS,OOD,mainz,LH,41
9.0,0.2742280679882652,0.17316918625160235,DMFS,OOD,mainz,LH,41
9.2,0.28322838166927655,0.18419220622846183,DMFS,OOD,mainz,LH,41
9.4,0.29296139721570874,0.18419220622846183,DMFS,OOD,mainz,LH,41
9.6,0.3001951734327041,0.1898736181450969,DMFS,OOD,mainz,LH,41
9.8,0.29352856192661775,0.18987361814509682,DMFS,OOD,mainz,LH,41
10.0,0.3153965341286639,0.18987361814509687,DMFS,OOD,mainz,LH,41
1.2,0.0423429632582865,0.034153229975602675,DMFS,OOD,mainz,LH,42
1.4,0.05760664367153409,0.05280479833112718,DMFS,OOD,mainz,LH,42
1.6,0.061028414400780315,0.057360369746582415,DMFS,OOD,mainz,LH,42
1.8,0.07189493917147108,0.057360369746582415,DMFS,OOD,mainz,LH,42
2.0,0.07950714897617092,0.06636068029600105,DMFS,OOD,mainz,LH,42
2.2,0.08028292127234629,0.07080477884563305,DMFS,OOD,mainz,LH,42
2.4,0.08028292127234629,0.07080477884563305,DMFS,OOD,mainz,LH,42
2.6,0.08675886131662444,0.07957967170122875,DMFS,OOD,mainz,LH,42
2.8,0.09113988571287047,0.08388435735160721,DMFS,OOD,mainz,LH,42
3.0,0.09374875780695961,0.08815853671826432,DMFS,OOD,mainz,LH,42
3.2,0.09536540981223635,0.09653981197372939,DMFS,OOD,mainz,LH,42
3.4,0.09872876019701766,0.10064690786253734,DMFS,OOD,mainz,LH,42
3.6,0.10854501031391188,0.10472240139884807,DMFS,OOD,mainz,LH,42
3.8,0.12016359654342441,0.11675702182129687,DMFS,OOD,mainz,LH,42
4.0,0.12039278804959654,0.11675702182129685,DMFS,OOD,mainz,LH,42
4.2,0.12077187519530563,0.11675702182129687,DMFS,OOD,mainz,LH,42
4.4,0.12077187519530563,0.11675702182129687,DMFS,OOD,mainz,LH,42
4.6,0.12071490178894458,0.11675702182129688,DMFS,OOD,mainz,LH,42
4.8,0.12849111577639605,0.12473345970863069,DMFS,OOD,mainz,LH,42
5.0,0.12875474191124384,0.12473345970863071,DMFS,OOD,mainz,LH,42
5.2,0.13216702534943922,0.12868129198522463,DMFS,OOD,mainz,LH,42
5.4,0.15624528771222296,0.12868129198522463,DMFS,OOD,mainz,LH,42
5.6,0.15729407828679495,0.12868129198522463,DMFS,OOD,mainz,LH,42
5.8,0.15911865923293783,0.12868129198522463,DMFS,OOD,mainz,LH,42
6.0,0.16708425023297266,0.1330241171966627,DMFS,OOD,mainz,LH,42
6.2,0.17212674606625916,0.13752007569646438,DMFS,OOD,mainz,LH,42
6.4,0.17622390427010937,0.14196351423781362,DMFS,OOD,mainz,LH,42
6.6,0.18024122376513282,0.15072260048867248,DMFS,OOD,mainz,LH,42
6.8,0.18030573631922558,0.1507226004886725,DMFS,OOD,mainz,LH,42
7.0,0.18223668901620427,0.15072260048867248,DMFS,OOD,mainz,LH,42
7.2,0.20254522269714287,0.1507226004886725,DMFS,OOD,mainz,LH,42
7.4,0.20153058091297205,0.15072260048867248,DMFS,OOD,mainz,LH,42
7.6,0.1983890263042057,0.15595357087742087,DMFS,OOD,mainz,LH,42
7.8,0.199424167993275,0.15595357087742087,DMFS,OOD,mainz,LH,42
8.0,0.20305128906264067,0.15595357087742087,DMFS,OOD,mainz,LH,42
8.2,0.20899693098659405,0.16176984347315282,DMFS,OOD,mainz,LH,42
8.4,0.21656260051465087,0.16746021978093584,DMFS,OOD,mainz,LH,42
8.6,0.22685110182420573,0.17316918625160235,DMFS,OOD,mainz,LH,42
8.8,0.2650501640082301,0.17316918625160235,DMFS,OOD,mainz,LH,42
9.0,0.2650501640082301,0.17316918625160235,DMFS,OOD,mainz,LH,42
9.2,0.263094268714653,0.18419220622846183,DMFS,OOD,mainz,LH,42
9.4,0.2576159038240328,0.18419220622846183,DMFS,OOD,mainz,LH,42
9.6,0.25100085161340435,0.1898736181450969,DMFS,OOD,mainz,LH,42
9.8,0.25071421472077254,0.18987361814509682,DMFS,OOD,mainz,LH,42
10.0,0.2528919110400226,0.18987361814509687,DMFS,OOD,mainz,LH,42
1.2,0.03365317526717515,0.034153229975602675,DMFS,OOD,mainz,LH,43
1.4,0.052381856693163364,0.05280479833112718,DMFS,OOD,mainz,LH,43
1.6,0.05733029234058419,0.057360369746582415,DMFS,OOD,mainz,LH,43
1.8,0.05733029234058419,0.057360369746582415,DMFS,OOD,mainz,LH,43
2.0,0.06692745122766697,0.06636068029600105,DMFS,OOD,mainz,LH,43
2.2,0.0649292496863582,0.07080477884563305,DMFS,OOD,mainz,LH,43
2.4,0.0649292496863582,0.07080477884563305,DMFS,OOD,mainz,LH,43
2.6,0.07449408571459123,0.07957967170122875,DMFS,OOD,mainz,LH,43
2.8,0.0793184077087739,0.08388435735160721,DMFS,OOD,mainz,LH,43
3.0,0.08428263487037978,0.08815853671826432,DMFS,OOD,mainz,LH,43
3.2,0.09226936362650083,0.09653981197372939,DMFS,OOD,mainz,LH,43
3.4,0.09722482648116701,0.10064690786253734,DMFS,OOD,mainz,LH,43
3.6,0.10182571532152775,0.10472240139884807,DMFS,OOD,mainz,LH,43
3.8,0.11620069718538781,0.11675702182129687,DMFS,OOD,mainz,LH,43
4.0,0.11622913062659755,0.11675702182129685,DMFS,OOD,mainz,LH,43
4.2,0.10795084655062755,0.11675702182129687,DMFS,OOD,mainz,LH,43
4.4,0.10795084655062755,0.11675702182129687,DMFS,OOD,mainz,LH,43
4.6,0.10792300452006845,0.11675702182129688,DMFS,OOD,mainz,LH,43
4.8,0.11695767945620154,0.12473345970863069,DMFS,OOD,mainz,LH,43
5.0,0.11709013639061988,0.12473345970863071,DMFS,OOD,mainz,LH,43
5.2,0.12198644618622151,0.12868129198522463,DMFS,OOD,mainz,LH,43
5.4,0.12219064127728696,0.12868129198522463,DMFS,OOD,mainz,LH,43
5.6,0.12252549167007203,0.12868129198522463,DMFS,OOD,mainz,LH,43
5.8,0.12324614276760286,0.12868129198522463,DMFS,OOD,mainz,LH,43
6.0,0.1289665664645746,0.1330241171966627,DMFS,OOD,mainz,LH,43
6.2,0.15820069208085255,0.13752007569646438,DMFS,OOD,mainz,LH,43
6.4,0.16417290661063344,0.14196351423781362,DMFS,OOD,mainz,LH,43
6.6,0.16514656976469375,0.15072260048867248,DMFS,OOD,mainz,LH,43
6.8,0.16280840647102643,0.1507226004886725,DMFS,OOD,mainz,LH,43
7.0,0.16482289846032175,0.15072260048867248,DMFS,OOD,mainz,LH,43
7.2,0.16627300552826962,0.1507226004886725,DMFS,OOD,mainz,LH,43
7.4,0.16758365513404802,0.15072260048867248,DMFS,OOD,mainz,LH,43
7.6,0.17083390428052336,0.15595357087742087,DMFS,OOD,mainz,LH,43
7.8,0.17335249345532752,0.15595357087742087,DMFS,OOD,mainz,LH,43
8.0,0.17667940218376404,0.15595357087742087,DMFS,OOD,mainz,LH,43
8.2,0.2640723509715187,0.16176984347315282,DMFS,OOD,mainz,LH,43
8.4,0.2665661066400331,0.16746021978093584,DMFS,OOD,mainz,LH,43
8.6,0.27365056200770893,0.17316918625160235,DMFS,OOD,mainz,LH,43
8.8,0.2718507056933118,0.17316918625160235,DMFS,OOD,mainz,LH,43
9.0,0.2718507056933118,0.17316918625160235,DMFS,OOD,mainz,LH,43
9.2,0.27974087203451714,0.18419220622846183,DMFS,OOD,mainz,LH,43
9.4,0.28013802610758626,0.18419220622846183,DMFS,OOD,mainz,LH,43
9.6,0.2676445962925752,0.1898736181450969,DMFS,OOD,mainz,LH,43
9.8,0.2624544875794874,0.18987361814509682,DMFS,OOD,mainz,LH,43
10.0,0.2630691793674434,0.18987361814509687,DMFS,OOD,mainz,LH,43
1.2,0.03460294058936077,0.034153229975602675,DMFS,OOD,mainz,LH,44
1.4,0.05434831345201465,0.05280479833112718,DMFS,OOD,mainz,LH,44
1.6,0.05921028584083174,0.057360369746582415,DMFS,OOD,mainz,LH,44
1.8,0.056723503370544444,0.057360369746582415,DMFS,OOD,mainz,LH,44
2.0,0.06458854597200245,0.06636068029600105,DMFS,OOD,mainz,LH,44
2.2,0.06921374708037945,0.07080477884563305,DMFS,OOD,mainz,LH,44
2.4,0.06921374708037945,0.07080477884563305,DMFS,OOD,mainz,LH,44
2.6,0.07908485941950345,0.07957967170122875,DMFS,OOD,mainz,LH,44
2.8,0.0842409639839164,0.08388435735160721,DMFS,OOD,mainz,LH,44
3.0,0.08935143470825857,0.08815853671826432,DMFS,OOD,mainz,LH,44
3.2,0.09855327133019945,0.09653981197372939,DMFS,OOD,mainz,LH,44
3.4,0.10368717268830054,0.10064690786253734,DMFS,OOD,mainz,LH,44
3.6,0.10796683407320906,0.10472240139884807,DMFS,OOD,mainz,LH,44
3.8,0.12311618974018249,0.11675702182129687,DMFS,OOD,mainz,LH,44
4.0,0.12319907495652785,0.11675702182129685,DMFS,OOD,mainz,LH,44
4.2,0.12336491248551425,0.11675702182129687,DMFS,OOD,mainz,LH,44
4.4,0.12336491248551425,0.11675702182129687,DMFS,OOD,mainz,LH,44
4.6,0.12344403233211816,0.11675702182129688,DMFS,OOD,mainz,LH,44
4.8,0.13412756422980762,0.12473345970863069,DMFS,OOD,mainz,LH,44
5.0,0.13421739431929577,0.12473345970863071,DMFS,OOD,mainz,LH,44
5.2,0.15107341898136706,0.12868129198522463,DMFS,OOD,mainz,LH,44
5.4,0.15222663793089716,0.12868129198522463,DMFS,OOD,mainz,LH,44
5.6,0.15303124516846975,0.12868129198522463,DMFS,OOD,mainz,LH,44
5.8,0.15434839515362309,0.12868129198522463,DMFS,OOD,mainz,LH,44
6.0,0.16246791942399177,0.1330241171966627,DMFS,OOD,mainz,LH,44
6.2,0.16771228516295839,0.13752007569646438,DMFS,OOD,mainz,LH,44
6.4,0.17215323703884838,0.14196351423781362,DMFS,OOD,mainz,LH,44
6.6,0.1823687963219045,0.15072260048867248,DMFS,OOD,mainz,LH,44
6.8,0.18352054821177635,0.1507226004886725,DMFS,OOD,mainz,LH,44
7.0,0.19546816324376884,0.15072260048867248,DMFS,OOD,mainz,LH,44
7.2,0.19666505909727172,0.1507226004886725,DMFS,OOD,mainz,LH,44
7.4,0.1940754284344436,0.15072260048867248,DMFS,OOD,mainz,LH,44
7.6,0.19468627917280557,0.15595357087742087,DMFS,OOD,mainz,LH,44
7.8,0.19858045200429086,0.15595357087742087,DMFS,OOD,mainz,LH,44
8.0,0.2015172948326515,0.15595357087742087,DMFS,OOD,mainz,LH,44
8.2,0.20088001268262926,0.16176984347315282,DMFS,OOD,mainz,LH,44
8.4,0.21070688465845452,0.16746021978093584,DMFS,OOD,mainz,LH,44
8.6,0.23069612743128118,0.17316918625160235,DMFS,OOD,mainz,LH,44
8.8,0.22649453133955647,0.17316918625160235,DMFS,OOD,mainz,LH,44
9.0,0.22649453133955647,0.17316918625160235,DMFS,OOD,mainz,LH,44
9.2,0.2450109571414415,0.18419220622846183,DMFS,OOD,mainz,LH,44
9.4,0.24441886337184132,0.18419220622846183,DMFS,OOD,mainz,LH,44
9.6,0.24606844959127686,0.1898736181450969,DMFS,OOD,mainz,LH,44
9.8,0.24215948525355635,0.18987361814509682,DMFS,OOD,mainz,LH,44
10.0,0.24357684281002243,0.18987361814509687,DMFS,OOD,mainz,LH,44
1.2,0.037328695838826684,0.034153229975602675,DMFS,OOD,mainz,MTLR,40
1.4,0.05118143584334826,0.05280479833112718,DMFS,OOD,mainz,MTLR,40
1.6,0.05538928222309339,0.057360369746582415,DMFS,OOD,mainz,MTLR,40
1.8,0.05538928222309339,0.057360369746582415,DMFS,OOD,mainz,MTLR,40
2.0,0.0632816286490861,0.06636068029600105,DMFS,OOD,mainz,MTLR,40
2.2,0.11347545384782438,0.07080477884563305,DMFS,OOD,mainz,MTLR,40
2.4,0.11347545384782438,0.07080477884563305,DMFS,OOD,mainz,MTLR,40
2.6,0.12038719103306733,0.07957967170122875,DMFS,OOD,mainz,MTLR,40
2.8,0.12057725297558511,0.08388435735160721,DMFS,OOD,mainz,MTLR,40
3.0,0.12012202240387092,0.08815853671826432,DMFS,OOD,mainz,MTLR,40
3.2,0.1213403526132037,0.09653981197372939,DMFS,OOD,mainz,MTLR,40
3.4,0.12471646720809101,0.10064690786253734,DMFS,OOD,mainz,MTLR,40
3.6,0.1300229441510052,0.10472240139884807,DMFS,OOD,mainz,MTLR,40
3.8,0.13459923845090477,0.11675702182129687,DMFS,OOD,mainz,MTLR,40
4.0,0.13505238810447376,0.11675702182129685,DMFS,OOD,mainz,MTLR,40
4.2,0.17055576376700843,0.11675702182129687,DMFS,OOD,mainz,MTLR,40
4.4,0.17055576376700843,0.11675702182129687,DMFS,OOD,mainz,MTLR,40
4.6,0.17128061117090496,0.11675702182129688,DMFS,OOD,mainz,MTLR,40
4.8,0.1816692024209779,0.12473345970863069,DMFS,OOD,mainz,MTLR,40
5.0,0.18176032633685438,0.12473345970863071,DMFS,OOD,mainz,MTLR,40
5.2,0.1878642293811022,0.12868129198522463,DMFS,OOD,mainz,MTLR,40
5.4,0.1878036773452264,0.12868129198522463,DMFS,OOD,mainz,MTLR,40
5.6,0.19028312620800225,0.12868129198522463,DMFS,OOD,mainz,MTLR,40
5.8,0.19340056712514644,0.12868129198522463,DMFS,OOD,mainz,MTLR,40
6.0,0.20326458412158963,0.1330241171966627,DMFS,OOD,mainz,MTLR,40
6.2,0.2551732054838298,0.13752007569646438,DMFS,OOD,mainz,MTLR,40
6.4,0.25509807013905267,0.14196351423781362,DMFS,OOD,mainz,MTLR,40
6.6,0.2597480505594737,0.15072260048867248,DMFS,OOD,mainz,MTLR,40
6.8,0.26123296154292397,0.1507226004886725,DMFS,OOD,mainz,MTLR,40
7.0,0.2585210060219395,0.15072260048867248,DMFS,OOD,mainz,MTLR,40
7.2,0.2621489613457766,0.1507226004886725,DMFS,OOD,mainz,MTLR,40
7.4,0.2564733874557831,0.15072260048867248,DMFS,OOD,mainz,MTLR,40
7.6,0.2565053173788416,0.15595357087742087,DMFS,OOD,mainz,MTLR,40
7.8,0.2635134023805374,0.15595357087742087,DMFS,OOD,mainz,MTLR,40
8.0,0.26474883031474405,0.15595357087742087,DMFS,OOD,mainz,MTLR,40
8.2,0.2927161469411908,0.16176984347315282,DMFS,OOD,mainz,MTLR,40
8.4,0.3013809117485445,0.16746021978093584,DMFS,OOD,mainz,MTLR,40
8.6,0.30641346755976895,0.17316918625160235,DMFS,OOD,mainz,MTLR,40
8.8,0.30184604951800337,0.17316918625160235,DMFS,OOD,mainz,MTLR,40
9.0,0.30184604951800337,0.17316918625160235,DMFS,OOD,mainz,MTLR,40
9.2,0.31270582962706084,0.18419220622846183,DMFS,OOD,mainz,MTLR,40
9.4,0.3238570242215013,0.18419220622846183,DMFS,OOD,mainz,MTLR,40
9.6,0.3084500511160562,0.1898736181450969,DMFS,OOD,mainz,MTLR,40
9.8,0.30951319694018176,0.18987361814509682,DMFS,OOD,mainz,MTLR,40
10.0,0.30714517370367156,0.18987361814509687,DMFS,OOD,mainz,MTLR,40
1.2,0.03615128105519617,0.034153229975602675,DMFS,OOD,mainz,MTLR,41
1.4,0.052750786429184834,0.05280479833112718,DMFS,OOD,mainz,MTLR,41
1.6,0.056626337126268765,0.057360369746582415,DMFS,OOD,mainz,MTLR,41
1.8,0.056626337126268765,0.057360369746582415,DMFS,OOD,mainz,MTLR,41
2.0,0.0761776958240012,0.06636068029600105,DMFS,OOD,mainz,MTLR,41
2.2,0.07639984135542167,0.07080477884563305,DMFS,OOD,mainz,MTLR,41
2.4,0.07639984135542167,0.07080477884563305,DMFS,OOD,mainz,MTLR,41
2.6,0.08575368124039401,0.07957967170122875,DMFS,OOD,mainz,MTLR,41
2.8,0.08503699910026111,0.08388435735160721,DMFS,OOD,mainz,MTLR,41
3.0,0.08692208641241533,0.08815853671826432,DMFS,OOD,mainz,MTLR,41
3.2,0.0944299561747879,0.09653981197372939,DMFS,OOD,mainz,MTLR,41
3.4,0.09741424657862302,0.10064690786253734,DMFS,OOD,mainz,MTLR,41
3.6,0.10263062342544399,0.10472240139884807,DMFS,OOD,mainz,MTLR,41
3.8,0.10999930722261421,0.11675702182129687,DMFS,OOD,mainz,MTLR,41
4.0,0.13527270679291933,0.11675702182129685,DMFS,OOD,mainz,MTLR,41
4.2,0.13623234593425274,0.11675702182129687,DMFS,OOD,mainz,MTLR,41
4.4,0.13623234593425274,0.11675702182129687,DMFS,OOD,mainz,MTLR,41
4.6,0.13659067567220057,0.11675702182129688,DMFS,OOD,mainz,MTLR,41
4.8,0.14605967004072654,0.12473345970863069,DMFS,OOD,mainz,MTLR,41
5.0,0.14642684402974296,0.12473345970863071,DMFS,OOD,mainz,MTLR,41
5.2,0.14921653253523257,0.12868129198522463,DMFS,OOD,mainz,MTLR,41
5.4,0.14846897056016262,0.12868129198522463,DMFS,OOD,mainz,MTLR,41
5.6,0.14999240008837,0.12868129198522463,DMFS,OOD,mainz,MTLR,41
5.8,0.15251245043599077,0.12868129198522463,DMFS,OOD,mainz,MTLR,41
6.0,0.1868761252074853,0.1330241171966627,DMFS,OOD,mainz,MTLR,41
6.2,0.193281107828206,0.13752007569646438,DMFS,OOD,mainz,MTLR,41
6.4,0.19510865059535676,0.14196351423781362,DMFS,OOD,mainz,MTLR,41
6.6,0.19774919776203148,0.15072260048867248,DMFS,OOD,mainz,MTLR,41
6.8,0.1987826496365002,0.1507226004886725,DMFS,OOD,mainz,MTLR,41
7.0,0.19778289185285147,0.15072260048867248,DMFS,OOD,mainz,MTLR,41
7.2,0.2000375382236328,0.1507226004886725,DMFS,OOD,mainz,MTLR,41
7.4,0.19812886199042573,0.15072260048867248,DMFS,OOD,mainz,MTLR,41
7.6,0.19542723921792077,0.15595357087742087,DMFS,OOD,mainz,MTLR,41
7.8,0.19812586413246183,0.15595357087742087,DMFS,OOD,mainz,MTLR,41
8.0,0.24344523824688252,0.15595357087742087,DMFS,OOD,mainz,MTLR,41
8.2,0.25331349086792765,0.16176984347315282,DMFS,OOD,mainz,MTLR,41
8.4,0.2627531786708623,0.16746021978093584,DMFS,OOD,mainz,MTLR,41
8.6,0.26927780549695046,0.17316918625160235,DMFS,OOD,mainz,MTLR,41
8.8,0.2656617537397035,0.17316918625160235,DMFS,OOD,mainz,MTLR,41
9.0,0.2656617537397035,0.17316918625160235,DMFS,OOD,mainz,MTLR,41
9.2,0.27044347776726746,0.18419220622846183,DMFS,OOD,mainz,MTLR,41
9.4,0.2786021349294583,0.18419220622846183,DMFS,OOD,mainz,MTLR,41
9.6,0.27815410304758775,0.1898736181450969,DMFS,OOD,mainz,MTLR,41
9.8,0.2782025380417387,0.18987361814509682,DMFS,OOD,mainz,MTLR,41
10.0,0.29169351764940044,0.18987361814509687,DMFS,OOD,mainz,MTLR,41
1.2,0.03504567290723044,0.034153229975602675,DMFS,OOD,mainz,MTLR,42
1.4,0.053661352640473135,0.05280479833112718,DMFS,OOD,mainz,MTLR,42
1.6,0.05830647099562587,0.057360369746582415,DMFS,OOD,mainz,MTLR,42
1.8,0.07940186376034455,0.057360369746582415,DMFS,OOD,mainz,MTLR,42
2.0,0.08449704004247927,0.06636068029600105,DMFS,OOD,mainz,MTLR,42
2.2,0.08591019876821882,0.07080477884563305,DMFS,OOD,mainz,MTLR,42
2.4,0.08591019876821882,0.07080477884563305,DMFS,OOD,mainz,MTLR,42
2.6,0.09437332729870834,0.07957967170122875,DMFS,OOD,mainz,MTLR,42
2.8,0.09951557780077704,0.08388435735160721,DMFS,OOD,mainz,MTLR,42
3.0,0.10224891401401105,0.08815853671826432,DMFS,OOD,mainz,MTLR,42
3.2,0.10298863624776435,0.09653981197372939,DMFS,OOD,mainz,MTLR,42
3.4,0.10782229482016352,0.10064690786253734,DMFS,OOD,mainz,MTLR,42
3.6,0.13811007468262168,0.10472240139884807,DMFS,OOD,mainz,MTLR,42
3.8,0.15185851217116694,0.11675702182129687,DMFS,OOD,mainz,MTLR,42
4.0,0.15232450006755321,0.11675702182129685,DMFS,OOD,mainz,MTLR,42
4.2,0.1532560386443687,0.11675702182129687,DMFS,OOD,mainz,MTLR,42
4.4,0.1532560386443687,0.11675702182129687,DMFS,OOD,mainz,MTLR,42
4.6,0.1530581221893251,0.11675702182129688,DMFS,OOD,mainz,MTLR,42
4.8,0.161875336889998,0.12473345970863069,DMFS,OOD,mainz,MTLR,42
5.0,0.1623658898062469,0.12473345970863071,DMFS,OOD,mainz,MTLR,42
5.2,0.16353043663313793,0.12868129198522463,DMFS,OOD,mainz,MTLR,42
5.4,0.20861268559790125,0.12868129198522463,DMFS,OOD,mainz,MTLR,42
5.6,0.20999093724855172,0.12868129198522463,DMFS,OOD,mainz,MTLR,42
5.8,0.2127402147174522,0.12868129198522463,DMFS,OOD,mainz,MTLR,42
6.0,0.22547811747014637,0.1330241171966627,DMFS,OOD,mainz,MTLR,42
6.2,0.23290292654332795,0.13752007569646438,DMFS,OOD,mainz,MTLR,42
6.4,0.2337710622031166,0.14196351423781362,DMFS,OOD,mainz,MTLR,42
6.6,0.23943838808843332,0.15072260048867248,DMFS,OOD,mainz,MTLR,42
6.8,0.23649480918620605,0.1507226004886725,DMFS,OOD,mainz,MTLR,42
7.0,0.2388947288714124,0.15072260048867248,DMFS,OOD,mainz,MTLR,42
7.2,0.29582731518047856,0.1507226004886725,DMFS,OOD,mainz,MTLR,42
7.4,0.292791189218039,0.15072260048867248,DMFS,OOD,mainz,MTLR,42
7.6,0.290348947805887,0.15595357087742087,DMFS,OOD,mainz,MTLR,42
7.8,0.29390855494328766,0.15595357087742087,DMFS,OOD,mainz,MTLR,42
8.0,0.2988295308355949,0.15595357087742087,DMFS,OOD,mainz,MTLR,42
8.2,0.3133975499894312,0.16176984347315282,DMFS,OOD,mainz,MTLR,42
8.4,0.32354529142441785,0.16746021978093584,DMFS,OOD,mainz,MTLR,42
8.6,0.3372954074466466,0.17316918625160235,DMFS,OOD,mainz,MTLR,42
8.8,0.3729031521764364,0.17316918625160235,DMFS,OOD,mainz,MTLR,42
9.0,0.3729031521764364,0.17316918625160235,DMFS,OOD,mainz,MTLR,42
9.2,0.3603608498254464,0.18419220622846183,DMFS,OOD,mainz,MTLR,42
9.4,0.3474107475463444,0.18419220622846183,DMFS,OOD,mainz,MTLR,42
9.6,0.3449374819407949,0.1898736181450969,DMFS,OOD,mainz,MTLR,42
9.8,0.3493960024681036,0.18987361814509682,DMFS,OOD,mainz,MTLR,42
10.0,0.3512822437116831,0.18987361814509687,DMFS,OOD,mainz,MTLR,42
1.2,0.03429602818544817,0.034153229975602675,DMFS,OOD,mainz,MTLR,43
1.4,0.05274528902204803,0.05280479833112718,DMFS,OOD,mainz,MTLR,43
1.6,0.057167557535736824,0.057360369746582415,DMFS,OOD,mainz,MTLR,43
1.8,0.057167557535736824,0.057360369746582415,DMFS,OOD,mainz,MTLR,43
2.0,0.06639649203583593,0.06636068029600105,DMFS,OOD,mainz,MTLR,43
2.2,0.06949518152572637,0.07080477884563305,DMFS,OOD,mainz,MTLR,43
2.4,0.06949518152572637,0.07080477884563305,DMFS,OOD,mainz,MTLR,43
2.6,0.07652008430192855,0.07957967170122875,DMFS,OOD,mainz,MTLR,43
2.8,0.07901800263722157,0.08388435735160721,DMFS,OOD,mainz,MTLR,43
3.0,0.08274136897875092,0.08815853671826432,DMFS,OOD,mainz,MTLR,43
3.2,0.0902887674970013,0.09653981197372939,DMFS,OOD,mainz,MTLR,43
3.4,0.09478380941945726,0.10064690786253734,DMFS,OOD,mainz,MTLR,43
3.6,0.09944452681467723,0.10472240139884807,DMFS,OOD,mainz,MTLR,43
3.8,0.11023536269840911,0.11675702182129687,DMFS,OOD,mainz,MTLR,43
4.0,0.11017668326178329,0.11675702182129685,DMFS,OOD,mainz,MTLR,43
4.2,0.12106010332992931,0.11675702182129687,DMFS,OOD,mainz,MTLR,43
4.4,0.12106010332992931,0.11675702182129687,DMFS,OOD,mainz,MTLR,43
4.6,0.1214529544480052,0.11675702182129688,DMFS,OOD,mainz,MTLR,43
4.8,0.13071182138334797,0.12473345970863069,DMFS,OOD,mainz,MTLR,43
5.0,0.1311160415963596,0.12473345970863071,DMFS,OOD,mainz,MTLR,43
5.2,0.13471521001454953,0.12868129198522463,DMFS,OOD,mainz,MTLR,43
5.4,0.13595541585912685,0.12868129198522463,DMFS,OOD,mainz,MTLR,43
5.6,0.13672305975917606,0.12868129198522463,DMFS,OOD,mainz,MTLR,43
5.8,0.13836104159538049,0.12868129198522463,DMFS,OOD,mainz,MTLR,43
6.0,0.14303707532032225,0.1330241171966627,DMFS,OOD,mainz,MTLR,43
6.2,0.1877923508365001,0.13752007569646438,DMFS,OOD,mainz,MTLR,43
6.4,0.19334930949768217,0.14196351423781362,DMFS,OOD,mainz,MTLR,43
6.6,0.19292009274242122,0.15072260048867248,DMFS,OOD,mainz,MTLR,43
6.8,0.19432712054799978,0.1507226004886725,DMFS,OOD,mainz,MTLR,43
7.0,0.1965513174428356,0.15072260048867248,DMFS,OOD,mainz,MTLR,43
7.2,0.1984417227129537,0.1507226004886725,DMFS,OOD,mainz,MTLR,43
7.4,0.19915577046245653,0.15072260048867248,DMFS,OOD,mainz,MTLR,43
7.6,0.1991112888012706,0.15595357087742087,DMFS,OOD,mainz,MTLR,43
7.8,0.20297460660737646,0.15595357087742087,DMFS,OOD,mainz,MTLR,43
8.0,0.20734688960495276,0.15595357087742087,DMFS,OOD,mainz,MTLR,43
8.2,0.25279575707425656,0.16176984347315282,DMFS,OOD,mainz,MTLR,43
8.4,0.25265863419874285,0.16746021978093584,DMFS,OOD,mainz,MTLR,43
8.6,0.26361776960537014,0.17316918625160235,DMFS,OOD,mainz,MTLR,43
8.8,0.26061914403922715,0.17316918625160235,DMFS,OOD,mainz,MTLR,43
9.0,0.26061914403922715,0.17316918625160235,DMFS,OOD,mainz,MTLR,43
9.2,0.26378277822918006,0.18419220622846183,DMFS,OOD,mainz,MTLR,43
9.4,0.2704141056435309,0.18419220622846183,DMFS,OOD,mainz,MTLR,43
9.6,0.25538226871538855,0.1898736181450969,DMFS,OOD,mainz,MTLR,43
9.8,0.2530246088725492,0.18987361814509682,DMFS,OOD,mainz,MTLR,43
10.0,0.24711695499259442,0.18987361814509687,DMFS,OOD,mainz,MTLR,43
1.2,0.03500706624180141,0.034153229975602675,DMFS,OOD,mainz,MTLR,44
1.4,0.05238914731116152,0.05280479833112718,DMFS,OOD,mainz,MTLR,44
1.6,0.0559259129216382,0.057360369746582415,DMFS,OOD,mainz,MTLR,44
1.8,0.06580798064544388,0.057360369746582415,DMFS,OOD,mainz,MTLR,44
2.0,0.06949031418809049,0.06636068029600105,DMFS,OOD,mainz,MTLR,44
2.2,0.07128541035314813,0.07080477884563305,DMFS,OOD,mainz,MTLR,44
2.4,0.07128541035314813,0.07080477884563305,DMFS,OOD,mainz,MTLR,44
2.6,0.07927292901972854,0.07957967170122875,DMFS,OOD,mainz,MTLR,44
2.8,0.08303093627902237,0.08388435735160721,DMFS,OOD,mainz,MTLR,44
3.0,0.0848755725479911,0.08815853671826432,DMFS,OOD,mainz,MTLR,44
3.2,0.0916330785419517,0.09653981197372939,DMFS,OOD,mainz,MTLR,44
3.4,0.09656829149251918,0.10064690786253734,DMFS,OOD,mainz,MTLR,44
3.6,0.15247255921196043,0.10472240139884807,DMFS,OOD,mainz,MTLR,44
3.8,0.15768927464964683,0.11675702182129687,DMFS,OOD,mainz,MTLR,44
4.0,0.15833503916877126,0.11675702182129685,DMFS,OOD,mainz,MTLR,44
4.2,0.1596484062305277,0.11675702182129687,DMFS,OOD,mainz,MTLR,44
4.4,0.1596484062305277,0.11675702182129687,DMFS,OOD,mainz,MTLR,44
4.6,0.1596715804548933,0.11675702182129688,DMFS,OOD,mainz,MTLR,44
4.8,0.1697663908170605,0.12473345970863069,DMFS,OOD,mainz,MTLR,44
5.0,0.17045011238070756,0.12473345970863071,DMFS,OOD,mainz,MTLR,44
5.2,0.19879411094960414,0.12868129198522463,DMFS,OOD,mainz,MTLR,44
5.4,0.2000858165851488,0.12868129198522463,DMFS,OOD,mainz,MTLR,44
5.6,0.2031011706671098,0.12868129198522463,DMFS,OOD,mainz,MTLR,44
5.8,0.20730035599137708,0.12868129198522463,DMFS,OOD,mainz,MTLR,44
6.0,0.2204836808975197,0.1330241171966627,DMFS,OOD,mainz,MTLR,44
6.2,0.220385644951617,0.13752007569646438,DMFS,OOD,mainz,MTLR,44
6.4,0.2277590441549734,0.14196351423781362,DMFS,OOD,mainz,MTLR,44
6.6,0.22412848479447173,0.15072260048867248,DMFS,OOD,mainz,MTLR,44
6.8,0.2240222649754267,0.1507226004886725,DMFS,OOD,mainz,MTLR,44
7.0,0.24207963175202118,0.15072260048867248,DMFS,OOD,mainz,MTLR,44
7.2,0.24488346343100387,0.1507226004886725,DMFS,OOD,mainz,MTLR,44
7.4,0.24062406533042044,0.15072260048867248,DMFS,OOD,mainz,MTLR,44
7.6,0.23751332427314112,0.15595357087742087,DMFS,OOD,mainz,MTLR,44
7.8,0.23776526564303843,0.15595357087742087,DMFS,OOD,mainz,MTLR,44
8.0,0.24314854089585694,0.15595357087742087,DMFS,OOD,mainz,MTLR,44
8.2,0.24612747645594082,0.16176984347315282,DMFS,OOD,mainz,MTLR,44
8.4,0.25724090268806515,0.16746021978093584,DMFS,OOD,mainz,MTLR,44
8.6,0.27937468549028954,0.17316918625160235,DMFS,OOD,mainz,MTLR,44
8.8,0.27195602923846307,0.17316918625160235,DMFS,OOD,mainz,MTLR,44
9.0,0.27195602923846307,0.17316918625160235,DMFS,OOD,mainz,MTLR,44
9.2,0.2691156780303666,0.18419220622846183,DMFS,OOD,mainz,MTLR,44
9.4,0.26913027051987926,0.18419220622846183,DMFS,OOD,mainz,MTLR,44
9.6,0.25073745383576757,0.1898736181450969,DMFS,OOD,mainz,MTLR,44
9.8,0.24493417542900772,0.18987361814509682,DMFS,OOD,mainz,MTLR,44
10.0,0.24736994144077915,0.18987361814509687,DMFS,OOD,mainz,MTLR,44
1.2,0.035406839944361765,0.034153229975602675,DMFS,OOD,mainz,PCHazard,40
1.4,0.05593303741251929,0.05280479833112718,DMFS,OOD,mainz,PCHazard,40
1.6,0.061092326505266595,0.057360369746582415,DMFS,OOD,mainz,PCHazard,40
1.8,0.061092326505266595,0.057360369746582415,DMFS,OOD,mainz,PCHazard,40
2.0,0.17668444822472076,0.06636068029600105,DMFS,OOD,mainz,PCHazard,40
2.2,0.17599452440064056,0.07080477884563305,DMFS,OOD,mainz,PCHazard,40
2.4,0.17599452440064056,0.07080477884563305,DMFS,OOD,mainz,PCHazard,40
2.6,0.17742790815242956,0.07957967170122875,DMFS,OOD,mainz,PCHazard,40
2.8,0.17561610239828462,0.08388435735160721,DMFS,OOD,mainz,PCHazard,40
3.0,0.17419292720787957,0.08815853671826432,DMFS,OOD,mainz,PCHazard,40
3.2,0.17241001624375862,0.09653981197372939,DMFS,OOD,mainz,PCHazard,40
3.4,0.17436536650311654,0.10064690786253734,DMFS,OOD,mainz,PCHazard,40
3.6,0.17790303636303087,0.10472240139884807,DMFS,OOD,mainz,PCHazard,40
3.8,0.39134106772613564,0.11675702182129687,DMFS,OOD,mainz,PCHazard,40
4.0,0.39222370163890063,0.11675702182129685,DMFS,OOD,mainz,PCHazard,40
4.2,0.3929990280162939,0.11675702182129687,DMFS,OOD,mainz,PCHazard,40
4.4,0.3929990280162939,0.11675702182129687,DMFS,OOD,mainz,PCHazard,40
4.6,0.3928962083373979,0.11675702182129688,DMFS,OOD,mainz,PCHazard,40
4.8,0.3914819021980333,0.12473345970863069,DMFS,OOD,mainz,PCHazard,40
5.0,0.3915861714367791,0.12473345970863071,DMFS,OOD,mainz,PCHazard,40
5.2,0.3925676757843457,0.12868129198522463,DMFS,OOD,mainz,PCHazard,40
5.4,0.39277332673965815,0.12868129198522463,DMFS,OOD,mainz,PCHazard,40
5.6,0.48491718288520114,0.12868129198522463,DMFS,OOD,mainz,PCHazard,40
5.8,0.48977431795658,0.12868129198522463,DMFS,OOD,mainz,PCHazard,40
6.0,0.48974796387353126,0.1330241171966627,DMFS,OOD,mainz,PCHazard,40
6.2,0.4870941556370003,0.13752007569646438,DMFS,OOD,mainz,PCHazard,40
6.4,0.4808041923717187,0.14196351423781362,DMFS,OOD,mainz,PCHazard,40
6.6,0.4745916130636598,0.15072260048867248,DMFS,OOD,mainz,PCHazard,40
6.8,0.47486581771782554,0.1507226004886725,DMFS,OOD,mainz,PCHazard,40
7.0,0.4741053074369093,0.15072260048867248,DMFS,OOD,mainz,PCHazard,40
7.2,0.4781351581102324,0.1507226004886725,DMFS,OOD,mainz,PCHazard,40
7.4,0.5555192419364278,0.15072260048867248,DMFS,OOD,mainz,PCHazard,40
7.6,0.5480948415660086,0.15595357087742087,DMFS,OOD,mainz,PCHazard,40
7.8,0.5477438931372671,0.15595357087742087,DMFS,OOD,mainz,PCHazard,40
8.0,0.5545625359222821,0.15595357087742087,DMFS,OOD,mainz,PCHazard,40
8.2,0.5481778446737009,0.16176984347315282,DMFS,OOD,mainz,PCHazard,40
8.4,0.5410201340306866,0.16746021978093584,DMFS,OOD,mainz,PCHazard,40
8.6,0.5338681419698588,0.17316918625160235,DMFS,OOD,mainz,PCHazard,40
8.8,0.5307400794724662,0.17316918625160235,DMFS,OOD,mainz,PCHazard,40
9.0,0.5307400794724662,0.17316918625160235,DMFS,OOD,mainz,PCHazard,40
9.2,0.5745745029915628,0.18419220622846183,DMFS,OOD,mainz,PCHazard,40
9.4,0.5812869144062578,0.18419220622846183,DMFS,OOD,mainz,PCHazard,40
9.6,0.5654044244099802,0.1898736181450969,DMFS,OOD,mainz,PCHazard,40
9.8,0.561342904163126,0.18987361814509682,DMFS,OOD,mainz,PCHazard,40
10.0,0.5585327412899703,0.18987361814509687,DMFS,OOD,mainz,PCHazard,40
1.2,0.035406839944361765,0.034153229975602675,DMFS,OOD,mainz,PCHazard,41
1.4,0.05593303741251929,0.05280479833112718,DMFS,OOD,mainz,PCHazard,41
1.6,0.061092326505266595,0.057360369746582415,DMFS,OOD,mainz,PCHazard,41
1.8,0.06469998003185953,0.057360369746582415,DMFS,OOD,mainz,PCHazard,41
2.0,0.07323949760070624,0.06636068029600105,DMFS,OOD,mainz,PCHazard,41
2.2,0.07419196646009601,0.07080477884563305,DMFS,OOD,mainz,PCHazard,41
2.4,0.07419196646009601,0.07080477884563305,DMFS,OOD,mainz,PCHazard,41
2.6,0.08364101525515596,0.07957967170122875,DMFS,OOD,mainz,PCHazard,41
2.8,0.08764570390732843,0.08388435735160721,DMFS,OOD,mainz,PCHazard,41
3.0,0.09237481197553117,0.08815853671826432,DMFS,OOD,mainz,PCHazard,41
3.2,0.09882398901816998,0.09653981197372939,DMFS,OOD,mainz,PCHazard,41
3.4,0.10312431730889093,0.10064690786253734,DMFS,OOD,mainz,PCHazard,41
3.6,0.17373434965633805,0.10472240139884807,DMFS,OOD,mainz,PCHazard,41
3.8,0.18080979552564203,0.11675702182129687,DMFS,OOD,mainz,PCHazard,41
4.0,0.18148101717385162,0.11675702182129685,DMFS,OOD,mainz,PCHazard,41
4.2,0.1828475168489857,0.11675702182129687,DMFS,OOD,mainz,PCHazard,41
4.4,0.1828475168489857,0.11675702182129687,DMFS,OOD,mainz,PCHazard,41
4.6,0.1835433339258662,0.11675702182129688,DMFS,OOD,mainz,PCHazard,41
4.8,0.19367965760256511,0.12473345970863069,DMFS,OOD,mainz,PCHazard,41
5.0,0.1941626519381043,0.12473345970863071,DMFS,OOD,mainz,PCHazard,41
5.2,0.1951802643637282,0.12868129198522463,DMFS,OOD,mainz,PCHazard,41
5.4,0.23968327635549663,0.12868129198522463,DMFS,OOD,mainz,PCHazard,41
5.6,0.24328840410228372,0.12868129198522463,DMFS,OOD,mainz,PCHazard,41
5.8,0.2494361458674993,0.12868129198522463,DMFS,OOD,mainz,PCHazard,41
6.0,0.2589711830033541,0.1330241171966627,DMFS,OOD,mainz,PCHazard,41
6.2,0.26798394822277016,0.13752007569646438,DMFS,OOD,mainz,PCHazard,41
6.4,0.26835027092926805,0.14196351423781362,DMFS,OOD,mainz,PCHazard,41
6.6,0.2756454188794783,0.15072260048867248,DMFS,OOD,mainz,PCHazard,41
6.8,0.26709680110530204,0.1507226004886725,DMFS,OOD,mainz,PCHazard,41
7.0,0.2615022260274197,0.15072260048867248,DMFS,OOD,mainz,PCHazard,41
7.2,0.2823590343996489,0.1507226004886725,DMFS,OOD,mainz,PCHazard,41
7.4,0.2737584534982064,0.15072260048867248,DMFS,OOD,mainz,PCHazard,41
7.6,0.2708979582090423,0.15595357087742087,DMFS,OOD,mainz,PCHazard,41
7.8,0.2776306776048024,0.15595357087742087,DMFS,OOD,mainz,PCHazard,41
8.0,0.2871153836012724,0.15595357087742087,DMFS,OOD,mainz,PCHazard,41
8.2,0.293708821788575,0.16176984347315282,DMFS,OOD,mainz,PCHazard,41
8.4,0.3023653505449315,0.16746021978093584,DMFS,OOD,mainz,PCHazard,41
8.6,0.3052761227552843,0.17316918625160235,DMFS,OOD,mainz,PCHazard,41
8.8,0.30143054850319045,0.17316918625160235,DMFS,OOD,mainz,PCHazard,41
9.0,0.3118431879473958,0.17316918625160235,DMFS,OOD,mainz,PCHazard,41
9.2,0.32163104329858244,0.18419220622846183,DMFS,OOD,mainz,PCHazard,41
9.4,0.33395352134376205,0.18419220622846183,DMFS,OOD,mainz,PCHazard,41
9.6,0.33591005225462267,0.1898736181450969,DMFS,OOD,mainz,PCHazard,41
9.8,0.3301767266524167,0.18987361814509682,DMFS,OOD,mainz,PCHazard,41
10.0,0.3239874800150349,0.18987361814509687,DMFS,OOD,mainz,PCHazard,41
1.2,0.035406839944361765,0.034153229975602675,DMFS,OOD,mainz,PCHazard,42
1.4,0.05593303741251929,0.05280479833112718,DMFS,OOD,mainz,PCHazard,42
1.6,0.08884443368001545,0.057360369746582415,DMFS,OOD,mainz,PCHazard,42
1.8,0.08884443368001545,0.057360369746582415,DMFS,OOD,mainz,PCHazard,42
2.0,0.0920936407480313,0.06636068029600105,DMFS,OOD,mainz,PCHazard,42
2.2,0.09190966606701716,0.07080477884563305,DMFS,OOD,mainz,PCHazard,42
2.4,0.09190966606701716,0.07080477884563305,DMFS,OOD,mainz,PCHazard,42
2.6,0.09727656856138303,0.07957967170122875,DMFS,OOD,mainz,PCHazard,42
2.8,0.1010908606937998,0.08388435735160721,DMFS,OOD,mainz,PCHazard,42
3.0,0.10469616167758025,0.08815853671826432,DMFS,OOD,mainz,PCHazard,42
3.2,0.13936788690725443,0.09653981197372939,DMFS,OOD,mainz,PCHazard,42
3.4,0.1432018124881507,0.10064690786253734,DMFS,OOD,mainz,PCHazard,42
3.6,0.1469185623331058,0.10472240139884807,DMFS,OOD,mainz,PCHazard,42
3.8,0.15807703339389317,0.11675702182129687,DMFS,OOD,mainz,PCHazard,42
4.0,0.1585013939455786,0.11675702182129685,DMFS,OOD,mainz,PCHazard,42
4.2,0.15952797335294389,0.11675702182129687,DMFS,OOD,mainz,PCHazard,42
4.4,0.15952797335294389,0.11675702182129687,DMFS,OOD,mainz,PCHazard,42
4.6,0.1580839012864712,0.11675702182129688,DMFS,OOD,mainz,PCHazard,42
4.8,0.18643098679451944,0.12473345970863069,DMFS,OOD,mainz,PCHazard,42
5.0,0.18718101614361907,0.12473345970863071,DMFS,OOD,mainz,PCHazard,42
5.2,0.18942071531333446,0.12868129198522463,DMFS,OOD,mainz,PCHazard,42
5.4,0.19277994036884308,0.12868129198522463,DMFS,OOD,mainz,PCHazard,42
5.6,0.1940584715207379,0.12868129198522463,DMFS,OOD,mainz,PCHazard,42
5.8,0.19749733703679356,0.12868129198522463,DMFS,OOD,mainz,PCHazard,42
6.0,0.2072510892474454,0.1330241171966627,DMFS,OOD,mainz,PCHazard,42
6.2,0.2127007963657831,0.13752007569646438,DMFS,OOD,mainz,PCHazard,42
6.4,0.24326798072115932,0.14196351423781362,DMFS,OOD,mainz,PCHazard,42
6.6,0.24561324421837155,0.15072260048867248,DMFS,OOD,mainz,PCHazard,42
6.8,0.2447630266601645,0.1507226004886725,DMFS,OOD,mainz,PCHazard,42
7.0,0.2490141784110856,0.15072260048867248,DMFS,OOD,mainz,PCHazard,42
7.2,0.2517742637240222,0.1507226004886725,DMFS,OOD,mainz,PCHazard,42
7.4,0.2498134020758666,0.15072260048867248,DMFS,OOD,mainz,PCHazard,42
7.6,0.24374933494705353,0.15595357087742087,DMFS,OOD,mainz,PCHazard,42
7.8,0.2463404938156472,0.15595357087742087,DMFS,OOD,mainz,PCHazard,42
8.0,0.27196389038618773,0.15595357087742087,DMFS,OOD,mainz,PCHazard,42
8.2,0.2792689212717031,0.16176984347315282,DMFS,OOD,mainz,PCHazard,42
8.4,0.2866411758894627,0.16746021978093584,DMFS,OOD,mainz,PCHazard,42
8.6,0.2988210730275023,0.17316918625160235,DMFS,OOD,mainz,PCHazard,42
8.8,0.2916031159815503,0.17316918625160235,DMFS,OOD,mainz,PCHazard,42
9.0,0.2916031159815503,0.17316918625160235,DMFS,OOD,mainz,PCHazard,42
9.2,0.29686005064504056,0.18419220622846183,DMFS,OOD,mainz,PCHazard,42
9.4,0.2908053808968796,0.18419220622846183,DMFS,OOD,mainz,PCHazard,42
9.6,0.3153252128831411,0.1898736181450969,DMFS,OOD,mainz,PCHazard,42
9.8,0.3174178310379452,0.18987361814509682,DMFS,OOD,mainz,PCHazard,42
10.0,0.3204318713168782,0.18987361814509687,DMFS,OOD,mainz,PCHazard,42
1.2,0.035406839944361765,0.034153229975602675,DMFS,OOD,mainz,PCHazard,43
1.4,0.05593303741251929,0.05280479833112718,DMFS,OOD,mainz,PCHazard,43
1.6,0.061092326505266595,0.057360369746582415,DMFS,OOD,mainz,PCHazard,43
1.8,0.061092326505266595,0.057360369746582415,DMFS,OOD,mainz,PCHazard,43
2.0,0.06587913147119173,0.06636068029600105,DMFS,OOD,mainz,PCHazard,43
2.2,0.06925813226438234,0.07080477884563305,DMFS,OOD,mainz,PCHazard,43
2.4,0.06925813226438234,0.07080477884563305,DMFS,OOD,mainz,PCHazard,43
2.6,0.07691574006140937,0.07957967170122875,DMFS,OOD,mainz,PCHazard,43
2.8,0.08137126234117355,0.08388435735160721,DMFS,OOD,mainz,PCHazard,43
3.0,0.08601800625226647,0.08815853671826432,DMFS,OOD,mainz,PCHazard,43
3.2,0.0939483697907577,0.09653981197372939,DMFS,OOD,mainz,PCHazard,43
3.4,0.09839322602049391,0.10064690786253734,DMFS,OOD,mainz,PCHazard,43
3.6,0.10258286276803728,0.10472240139884807,DMFS,OOD,mainz,PCHazard,43
3.8,0.11176252827951676,0.11675702182129687,DMFS,OOD,mainz,PCHazard,43
4.0,0.11188427624626905,0.11675702182129685,DMFS,OOD,mainz,PCHazard,43
4.2,0.11210519465241578,0.11675702182129687,DMFS,OOD,mainz,PCHazard,43
4.4,0.11210519465241578,0.11675702182129687,DMFS,OOD,mainz,PCHazard,43
4.6,0.11215036726402612,0.11675702182129688,DMFS,OOD,mainz,PCHazard,43
4.8,0.12092009463136005,0.12473345970863069,DMFS,OOD,mainz,PCHazard,43
5.0,0.12111956375084582,0.12473345970863071,DMFS,OOD,mainz,PCHazard,43
5.2,0.12457409849788455,0.12868129198522463,DMFS,OOD,mainz,PCHazard,43
5.4,0.12511250244740368,0.12868129198522463,DMFS,OOD,mainz,PCHazard,43
5.6,0.142678615498507,0.12868129198522463,DMFS,OOD,mainz,PCHazard,43
5.8,0.14435402972668177,0.12868129198522463,DMFS,OOD,mainz,PCHazard,43
6.0,0.14303566812697205,0.1330241171966627,DMFS,OOD,mainz,PCHazard,43
6.2,0.1487944153600006,0.13752007569646438,DMFS,OOD,mainz,PCHazard,43
6.4,0.15416048273508184,0.14196351423781362,DMFS,OOD,mainz,PCHazard,43
6.6,0.1588136389785963,0.15072260048867248,DMFS,OOD,mainz,PCHazard,43
6.8,0.15994767326053327,0.1507226004886725,DMFS,OOD,mainz,PCHazard,43
7.0,0.1616123692773795,0.15072260048867248,DMFS,OOD,mainz,PCHazard,43
7.2,0.16265782277029367,0.1507226004886725,DMFS,OOD,mainz,PCHazard,43
7.4,0.18789049357457543,0.15072260048867248,DMFS,OOD,mainz,PCHazard,43
7.6,0.19189688978303987,0.15595357087742087,DMFS,OOD,mainz,PCHazard,43
7.8,0.19678001665179848,0.15595357087742087,DMFS,OOD,mainz,PCHazard,43
8.0,0.2004959972593223,0.15595357087742087,DMFS,OOD,mainz,PCHazard,43
8.2,0.20828039825883068,0.16176984347315282,DMFS,OOD,mainz,PCHazard,43
8.4,0.21418332956746597,0.16746021978093584,DMFS,OOD,mainz,PCHazard,43
8.6,0.2233140820580231,0.17316918625160235,DMFS,OOD,mainz,PCHazard,43
8.8,0.21992805911196484,0.17316918625160235,DMFS,OOD,mainz,PCHazard,43
9.0,0.21992805911196484,0.17316918625160235,DMFS,OOD,mainz,PCHazard,43
9.2,0.26797516608940153,0.18419220622846183,DMFS,OOD,mainz,PCHazard,43
9.4,0.2679887806560315,0.18419220622846183,DMFS,OOD,mainz,PCHazard,43
9.6,0.2689447453644983,0.1898736181450969,DMFS,OOD,mainz,PCHazard,43
9.8,0.26185962934349427,0.18987361814509682,DMFS,OOD,mainz,PCHazard,43
10.0,0.2640102149497327,0.18987361814509687,DMFS,OOD,mainz,PCHazard,43
1.2,0.035406839944361765,0.034153229975602675,DMFS,OOD,mainz,PCHazard,44
1.4,0.05593303741251929,0.05280479833112718,DMFS,OOD,mainz,PCHazard,44
1.6,0.054976685672819194,0.057360369746582415,DMFS,OOD,mainz,PCHazard,44
1.8,0.054976685672819194,0.057360369746582415,DMFS,OOD,mainz,PCHazard,44
2.0,0.06423692402320816,0.06636068029600105,DMFS,OOD,mainz,PCHazard,44
2.2,0.06778819783043268,0.07080477884563305,DMFS,OOD,mainz,PCHazard,44
2.4,0.06778819783043268,0.07080477884563305,DMFS,OOD,mainz,PCHazard,44
2.6,0.07766910658264756,0.07957967170122875,DMFS,OOD,mainz,PCHazard,44
2.8,0.08269045490183816,0.08388435735160721,DMFS,OOD,mainz,PCHazard,44
3.0,0.08757636691118571,0.08815853671826432,DMFS,OOD,mainz,PCHazard,44
3.2,0.09200321772930634,0.09653981197372939,DMFS,OOD,mainz,PCHazard,44
3.4,0.09723189693791873,0.10064690786253734,DMFS,OOD,mainz,PCHazard,44
3.6,0.1021630741085374,0.10472240139884807,DMFS,OOD,mainz,PCHazard,44
3.8,0.11682533429881005,0.11675702182129687,DMFS,OOD,mainz,PCHazard,44
4.0,0.11689388630046105,0.11675702182129685,DMFS,OOD,mainz,PCHazard,44
4.2,0.11702972262084338,0.11675702182129687,DMFS,OOD,mainz,PCHazard,44
4.4,0.11702972262084338,0.11675702182129687,DMFS,OOD,mainz,PCHazard,44
4.6,0.11708174004169397,0.11675702182129688,DMFS,OOD,mainz,PCHazard,44
4.8,0.12901740723862465,0.12473345970863069,DMFS,OOD,mainz,PCHazard,44
5.0,0.1291552348685768,0.12473345970863071,DMFS,OOD,mainz,PCHazard,44
5.2,0.13380851710101171,0.12868129198522463,DMFS,OOD,mainz,PCHazard,44
5.4,0.13446272900856462,0.12868129198522463,DMFS,OOD,mainz,PCHazard,44
5.6,0.1349278610031286,0.12868129198522463,DMFS,OOD,mainz,PCHazard,44
5.8,0.13558129587471324,0.12868129198522463,DMFS,OOD,mainz,PCHazard,44
6.0,0.14281632471745623,0.1330241171966627,DMFS,OOD,mainz,PCHazard,44
6.2,0.15168601866513834,0.13752007569646438,DMFS,OOD,mainz,PCHazard,44
6.4,0.1586623860227446,0.14196351423781362,DMFS,OOD,mainz,PCHazard,44
6.6,0.1704876546396546,0.15072260048867248,DMFS,OOD,mainz,PCHazard,44
6.8,0.17154725143202879,0.1507226004886725,DMFS,OOD,mainz,PCHazard,44
7.0,0.172685779694035,0.15072260048867248,DMFS,OOD,mainz,PCHazard,44
7.2,0.17349660749089743,0.1507226004886725,DMFS,OOD,mainz,PCHazard,44
7.4,0.16977149895554394,0.15072260048867248,DMFS,OOD,mainz,PCHazard,44
7.6,0.17327641870751442,0.15595357087742087,DMFS,OOD,mainz,PCHazard,44
7.8,0.18108950874979654,0.15595357087742087,DMFS,OOD,mainz,PCHazard,44
8.0,0.18343922190468767,0.15595357087742087,DMFS,OOD,mainz,PCHazard,44
8.2,0.17666775155698666,0.16176984347315282,DMFS,OOD,mainz,PCHazard,44
8.4,0.18658127390276,0.16746021978093584,DMFS,OOD,mainz,PCHazard,44
8.6,0.1975588532097025,0.17316918625160235,DMFS,OOD,mainz,PCHazard,44
8.8,0.1964500123800564,0.17316918625160235,DMFS,OOD,mainz,PCHazard,44
9.0,0.1964500123800564,0.17316918625160235,DMFS,OOD,mainz,PCHazard,44
9.2,0.2164283356590364,0.18419220622846183,DMFS,OOD,mainz,PCHazard,44
9.4,0.21797547283728896,0.18419220622846183,DMFS,OOD,mainz,PCHazard,44
9.6,0.22602371455049566,0.1898736181450969,DMFS,OOD,mainz,PCHazard,44
9.8,0.22263036245438753,0.18987361814509682,DMFS,OOD,mainz,PCHazard,44
10.0,0.22374092031253448,0.18987361814509687,DMFS,OOD,mainz,PCHazard,44
1.2,0.03438695164751762,0.034153229975602675,DMFS,OOD,mainz,PMF,40
1.4,0.05379321941144633,0.05280479833112718,DMFS,OOD,mainz,PMF,40
1.6,0.05869203996069002,0.057360369746582415,DMFS,OOD,mainz,PMF,40
1.8,0.05869203996069002,0.057360369746582415,DMFS,OOD,mainz,PMF,40
2.0,0.0687739787162113,0.06636068029600105,DMFS,OOD,mainz,PMF,40
2.2,0.09950701875032589,0.07080477884563305,DMFS,OOD,mainz,PMF,40
2.4,0.09950701875032589,0.07080477884563305,DMFS,OOD,mainz,PMF,40
2.6,0.10801386253851243,0.07957967170122875,DMFS,OOD,mainz,PMF,40
2.8,0.1086930160676565,0.08388435735160721,DMFS,OOD,mainz,PMF,40
3.0,0.11199843149571986,0.08815853671826432,DMFS,OOD,mainz,PMF,40
3.2,0.11221881538221934,0.09653981197372939,DMFS,OOD,mainz,PMF,40
3.4,0.1173370776779374,0.10064690786253734,DMFS,OOD,mainz,PMF,40
3.6,0.12242289533125959,0.10472240139884807,DMFS,OOD,mainz,PMF,40
3.8,0.126791095791122,0.11675702182129687,DMFS,OOD,mainz,PMF,40
4.0,0.1271774932948682,0.11675702182129685,DMFS,OOD,mainz,PMF,40
4.2,0.19281108888208698,0.11675702182129687,DMFS,OOD,mainz,PMF,40
4.4,0.19281108888208698,0.11675702182129687,DMFS,OOD,mainz,PMF,40
4.6,0.19298743151711592,0.11675702182129688,DMFS,OOD,mainz,PMF,40
4.8,0.20231625431187275,0.12473345970863069,DMFS,OOD,mainz,PMF,40
5.0,0.20325218444655102,0.12473345970863071,DMFS,OOD,mainz,PMF,40
5.2,0.205825902815293,0.12868129198522463,DMFS,OOD,mainz,PMF,40
5.4,0.2086753706536028,0.12868129198522463,DMFS,OOD,mainz,PMF,40
5.6,0.21176824468070174,0.12868129198522463,DMFS,OOD,mainz,PMF,40
5.8,0.21705426574134504,0.12868129198522463,DMFS,OOD,mainz,PMF,40
6.0,0.23064783035842745,0.1330241171966627,DMFS,OOD,mainz,PMF,40
6.2,0.24785233223632827,0.13752007569646438,DMFS,OOD,mainz,PMF,40
6.4,0.2478460811093457,0.14196351423781362,DMFS,OOD,mainz,PMF,40
6.6,0.23932752126551474,0.15072260048867248,DMFS,OOD,mainz,PMF,40
6.8,0.24248499676749596,0.1507226004886725,DMFS,OOD,mainz,PMF,40
7.0,0.24192100524756627,0.15072260048867248,DMFS,OOD,mainz,PMF,40
7.2,0.24520314298099444,0.1507226004886725,DMFS,OOD,mainz,PMF,40
7.4,0.23737152294540476,0.15072260048867248,DMFS,OOD,mainz,PMF,40
7.6,0.23179314973561044,0.15595357087742087,DMFS,OOD,mainz,PMF,40
7.8,0.23702159801829104,0.15595357087742087,DMFS,OOD,mainz,PMF,40
8.0,0.23869855958481265,0.15595357087742087,DMFS,OOD,mainz,PMF,40
8.2,0.2639563340058037,0.16176984347315282,DMFS,OOD,mainz,PMF,40
8.4,0.26625326803550825,0.16746021978093584,DMFS,OOD,mainz,PMF,40
8.6,0.27558935889212416,0.17316918625160235,DMFS,OOD,mainz,PMF,40
8.8,0.2689372835546427,0.17316918625160235,DMFS,OOD,mainz,PMF,40
9.0,0.2689372835546427,0.17316918625160235,DMFS,OOD,mainz,PMF,40
9.2,0.27811704708141505,0.18419220622846183,DMFS,OOD,mainz,PMF,40
9.4,0.2833338524537895,0.18419220622846183,DMFS,OOD,mainz,PMF,40
9.6,0.2705658210833409,0.1898736181450969,DMFS,OOD,mainz,PMF,40
9.8,0.2699248720366582,0.18987361814509682,DMFS,OOD,mainz,PMF,40
10.0,0.272492977491612,0.18987361814509687,DMFS,OOD,mainz,PMF,40
1.2,0.036200381752855754,0.034153229975602675,DMFS,OOD,mainz,PMF,41
1.4,0.05416239063834578,0.05280479833112718,DMFS,OOD,mainz,PMF,41
1.6,0.058662259909806835,0.057360369746582415,DMFS,OOD,mainz,PMF,41
1.8,0.058662259909806835,0.057360369746582415,DMFS,OOD,mainz,PMF,41
2.0,0.08261763101345775,0.06636068029600105,DMFS,OOD,mainz,PMF,41
2.2,0.08414947886579846,0.07080477884563305,DMFS,OOD,mainz,PMF,41
2.4,0.08414947886579846,0.07080477884563305,DMFS,OOD,mainz,PMF,41
2.6,0.09201731084159612,0.07957967170122875,DMFS,OOD,mainz,PMF,41
2.8,0.09409734458473264,0.08388435735160721,DMFS,OOD,mainz,PMF,41
3.0,0.09650018612446758,0.08815853671826432,DMFS,OOD,mainz,PMF,41
3.2,0.104974514842859,0.09653981197372939,DMFS,OOD,mainz,PMF,41
3.4,0.10782413836240007,0.10064690786253734,DMFS,OOD,mainz,PMF,41
3.6,0.11205141470292307,0.10472240139884807,DMFS,OOD,mainz,PMF,41
3.8,0.12091525539084763,0.11675702182129687,DMFS,OOD,mainz,PMF,41
4.0,0.15450123693141513,0.11675702182129685,DMFS,OOD,mainz,PMF,41
4.2,0.1539107652156988,0.11675702182129687,DMFS,OOD,mainz,PMF,41
4.4,0.1539107652156988,0.11675702182129687,DMFS,OOD,mainz,PMF,41
4.6,0.1542026985736883,0.11675702182129688,DMFS,OOD,mainz,PMF,41
4.8,0.161141869544578,0.12473345970863069,DMFS,OOD,mainz,PMF,41
5.0,0.16149847823793678,0.12473345970863071,DMFS,OOD,mainz,PMF,41
5.2,0.16400498443445372,0.12868129198522463,DMFS,OOD,mainz,PMF,41
5.4,0.16497299272983232,0.12868129198522463,DMFS,OOD,mainz,PMF,41
5.6,0.16657677241612354,0.12868129198522463,DMFS,OOD,mainz,PMF,41
5.8,0.16684956329232417,0.12868129198522463,DMFS,OOD,mainz,PMF,41
6.0,0.2108655857369937,0.1330241171966627,DMFS,OOD,mainz,PMF,41
6.2,0.21202152133617297,0.13752007569646438,DMFS,OOD,mainz,PMF,41
6.4,0.2132509937846867,0.14196351423781362,DMFS,OOD,mainz,PMF,41
6.6,0.2116420364144814,0.15072260048867248,DMFS,OOD,mainz,PMF,41
6.8,0.21170062986789817,0.1507226004886725,DMFS,OOD,mainz,PMF,41
7.0,0.2122076474876843,0.15072260048867248,DMFS,OOD,mainz,PMF,41
7.2,0.2130990810573523,0.1507226004886725,DMFS,OOD,mainz,PMF,41
7.4,0.20591242454163955,0.15072260048867248,DMFS,OOD,mainz,PMF,41
7.6,0.20523746505029905,0.15595357087742087,DMFS,OOD,mainz,PMF,41
7.8,0.20752230403428887,0.15595357087742087,DMFS,OOD,mainz,PMF,41
8.0,0.2454230224600124,0.15595357087742087,DMFS,OOD,mainz,PMF,41
8.2,0.24486968374124846,0.16176984347315282,DMFS,OOD,mainz,PMF,41
8.4,0.24675537927153143,0.16746021978093584,DMFS,OOD,mainz,PMF,41
8.6,0.24955701303228905,0.17316918625160235,DMFS,OOD,mainz,PMF,41
8.8,0.24376676772204134,0.17316918625160235,DMFS,OOD,mainz,PMF,41
9.0,0.24376676772204134,0.17316918625160235,DMFS,OOD,mainz,PMF,41
9.2,0.24346732103603805,0.18419220622846183,DMFS,OOD,mainz,PMF,41
9.4,0.24696856282998328,0.18419220622846183,DMFS,OOD,mainz,PMF,41
9.6,0.24530714125395656,0.1898736181450969,DMFS,OOD,mainz,PMF,41
9.8,0.24233995705064745,0.18987361814509682,DMFS,OOD,mainz,PMF,41
10.0,0.25633869408586396,0.18987361814509687,DMFS,OOD,mainz,PMF,41
1.2,0.03607274701840339,0.034153229975602675,DMFS,OOD,mainz,PMF,42
1.4,0.05466928317090249,0.05280479833112718,DMFS,OOD,mainz,PMF,42
1.6,0.05936686694788436,0.057360369746582415,DMFS,OOD,mainz,PMF,42
1.8,0.07061801989211078,0.057360369746582415,DMFS,OOD,mainz,PMF,42
2.0,0.07914871489332866,0.06636068029600105,DMFS,OOD,mainz,PMF,42
2.2,0.07959198937479134,0.07080477884563305,DMFS,OOD,mainz,PMF,42
2.4,0.07959198937479134,0.07080477884563305,DMFS,OOD,mainz,PMF,42
2.6,0.08706372752796572,0.07957967170122875,DMFS,OOD,mainz,PMF,42
2.8,0.09150281478529738,0.08388435735160721,DMFS,OOD,mainz,PMF,42
3.0,0.09501912007683132,0.08815853671826432,DMFS,OOD,mainz,PMF,42
3.2,0.100444476422564,0.09653981197372939,DMFS,OOD,mainz,PMF,42
3.4,0.1047541132785181,0.10064690786253734,DMFS,OOD,mainz,PMF,42
3.6,0.12645051091353968,0.10472240139884807,DMFS,OOD,mainz,PMF,42
3.8,0.1398146103806416,0.11675702182129687,DMFS,OOD,mainz,PMF,42
4.0,0.14018380962104499,0.11675702182129685,DMFS,OOD,mainz,PMF,42
4.2,0.14087984923163327,0.11675702182129687,DMFS,OOD,mainz,PMF,42
4.4,0.14087984923163327,0.11675702182129687,DMFS,OOD,mainz,PMF,42
4.6,0.14095802086220416,0.11675702182129688,DMFS,OOD,mainz,PMF,42
4.8,0.14696966904524453,0.12473345970863069,DMFS,OOD,mainz,PMF,42
5.0,0.1473372278669102,0.12473345970863071,DMFS,OOD,mainz,PMF,42
5.2,0.1491037677523266,0.12868129198522463,DMFS,OOD,mainz,PMF,42
5.4,0.1674843511482236,0.12868129198522463,DMFS,OOD,mainz,PMF,42
5.6,0.1683026193872564,0.12868129198522463,DMFS,OOD,mainz,PMF,42
5.8,0.17015501100870822,0.12868129198522463,DMFS,OOD,mainz,PMF,42
6.0,0.17759542050213603,0.1330241171966627,DMFS,OOD,mainz,PMF,42
6.2,0.18037010983229107,0.13752007569646438,DMFS,OOD,mainz,PMF,42
6.4,0.18341755822376665,0.14196351423781362,DMFS,OOD,mainz,PMF,42
6.6,0.19180600195115624,0.15072260048867248,DMFS,OOD,mainz,PMF,42
6.8,0.1908903267396373,0.1507226004886725,DMFS,OOD,mainz,PMF,42
7.0,0.19268740286245278,0.15072260048867248,DMFS,OOD,mainz,PMF,42
7.2,0.2298235331799715,0.1507226004886725,DMFS,OOD,mainz,PMF,42
7.4,0.22844963355004894,0.15072260048867248,DMFS,OOD,mainz,PMF,42
7.6,0.2296261682043048,0.15595357087742087,DMFS,OOD,mainz,PMF,42
7.8,0.23197177382641712,0.15595357087742087,DMFS,OOD,mainz,PMF,42
8.0,0.23446349689050647,0.15595357087742087,DMFS,OOD,mainz,PMF,42
8.2,0.23590878575704252,0.16176984347315282,DMFS,OOD,mainz,PMF,42
8.4,0.2404877930993655,0.16746021978093584,DMFS,OOD,mainz,PMF,42
8.6,0.24827458383057388,0.17316918625160235,DMFS,OOD,mainz,PMF,42
8.8,0.2751231391844403,0.17316918625160235,DMFS,OOD,mainz,PMF,42
9.0,0.2751231391844403,0.17316918625160235,DMFS,OOD,mainz,PMF,42
9.2,0.2738248894669458,0.18419220622846183,DMFS,OOD,mainz,PMF,42
9.4,0.2682780599410988,0.18419220622846183,DMFS,OOD,mainz,PMF,42
9.6,0.2721617159970801,0.1898736181450969,DMFS,OOD,mainz,PMF,42
9.8,0.27169180987149,0.18987361814509682,DMFS,OOD,mainz,PMF,42
10.0,0.27448310445860186,0.18987361814509687,DMFS,OOD,mainz,PMF,42
1.2,0.03681051459604102,0.034153229975602675,DMFS,OOD,mainz,PMF,43
1.4,0.055111426457929984,0.05280479833112718,DMFS,OOD,mainz,PMF,43
1.6,0.05979172843064991,0.057360369746582415,DMFS,OOD,mainz,PMF,43
1.8,0.05979172843064991,0.057360369746582415,DMFS,OOD,mainz,PMF,43
2.0,0.06908882539807779,0.06636068029600105,DMFS,OOD,mainz,PMF,43
2.2,0.07204671147805648,0.07080477884563305,DMFS,OOD,mainz,PMF,43
2.4,0.07204671147805648,0.07080477884563305,DMFS,OOD,mainz,PMF,43
2.6,0.08043557686467848,0.07957967170122875,DMFS,OOD,mainz,PMF,43
2.8,0.08507458950480647,0.08388435735160721,DMFS,OOD,mainz,PMF,43
3.0,0.08944984814390068,0.08815853671826432,DMFS,OOD,mainz,PMF,43
3.2,0.09714936304345302,0.09653981197372939,DMFS,OOD,mainz,PMF,43
3.4,0.10137491485047409,0.10064690786253734,DMFS,OOD,mainz,PMF,43
3.6,0.10578125788544462,0.10472240139884807,DMFS,OOD,mainz,PMF,43
3.8,0.11940684018300039,0.11675702182129687,DMFS,OOD,mainz,PMF,43
4.0,0.11945310632550159,0.11675702182129685,DMFS,OOD,mainz,PMF,43
4.2,0.12471912824110355,0.11675702182129687,DMFS,OOD,mainz,PMF,43
4.4,0.12471912824110355,0.11675702182129687,DMFS,OOD,mainz,PMF,43
4.6,0.12507296466472606,0.11675702182129688,DMFS,OOD,mainz,PMF,43
4.8,0.13310680003078473,0.12473345970863069,DMFS,OOD,mainz,PMF,43
5.0,0.13326581429028272,0.12473345970863071,DMFS,OOD,mainz,PMF,43
5.2,0.1365660931291005,0.12868129198522463,DMFS,OOD,mainz,PMF,43
5.4,0.13620972371632842,0.12868129198522463,DMFS,OOD,mainz,PMF,43
5.6,0.13649312555569884,0.12868129198522463,DMFS,OOD,mainz,PMF,43
5.8,0.13758094867433365,0.12868129198522463,DMFS,OOD,mainz,PMF,43
6.0,0.13569703814235484,0.1330241171966627,DMFS,OOD,mainz,PMF,43
6.2,0.16364552225609644,0.13752007569646438,DMFS,OOD,mainz,PMF,43
6.4,0.16841311510958726,0.14196351423781362,DMFS,OOD,mainz,PMF,43
6.6,0.16762658352700896,0.15072260048867248,DMFS,OOD,mainz,PMF,43
6.8,0.1682999176591475,0.1507226004886725,DMFS,OOD,mainz,PMF,43
7.0,0.17007967111139902,0.15072260048867248,DMFS,OOD,mainz,PMF,43
7.2,0.1701774143447037,0.1507226004886725,DMFS,OOD,mainz,PMF,43
7.4,0.1706274770282198,0.15072260048867248,DMFS,OOD,mainz,PMF,43
7.6,0.17271220685735694,0.15595357087742087,DMFS,OOD,mainz,PMF,43
7.8,0.17529669128964698,0.15595357087742087,DMFS,OOD,mainz,PMF,43
8.0,0.1780721551863318,0.15595357087742087,DMFS,OOD,mainz,PMF,43
8.2,0.20447808828306863,0.16176984347315282,DMFS,OOD,mainz,PMF,43
8.4,0.20635078952184874,0.16746021978093584,DMFS,OOD,mainz,PMF,43
8.6,0.21275059724371304,0.17316918625160235,DMFS,OOD,mainz,PMF,43
8.8,0.2100432737600305,0.17316918625160235,DMFS,OOD,mainz,PMF,43
9.0,0.2100432737600305,0.17316918625160235,DMFS,OOD,mainz,PMF,43
9.2,0.2134158856622006,0.18419220622846183,DMFS,OOD,mainz,PMF,43
9.4,0.215493069595229,0.18419220622846183,DMFS,OOD,mainz,PMF,43
9.6,0.21536887730833187,0.1898736181450969,DMFS,OOD,mainz,PMF,43
9.8,0.21588442751801643,0.18987361814509682,DMFS,OOD,mainz,PMF,43
10.0,0.21088572496954505,0.18987361814509687,DMFS,OOD,mainz,PMF,43
1.2,0.03425042720236935,0.034153229975602675,DMFS,OOD,mainz,PMF,44
1.4,0.052700709116688,0.05280479833112718,DMFS,OOD,mainz,PMF,44
1.6,0.05746896505608408,0.057360369746582415,DMFS,OOD,mainz,PMF,44
1.8,0.08110954931018849,0.057360369746582415,DMFS,OOD,mainz,PMF,44
2.0,0.08544239848228216,0.06636068029600105,DMFS,OOD,mainz,PMF,44
2.2,0.08737643102652383,0.07080477884563305,DMFS,OOD,mainz,PMF,44
2.4,0.08737643102652383,0.07080477884563305,DMFS,OOD,mainz,PMF,44
2.6,0.09627422098765219,0.07957967170122875,DMFS,OOD,mainz,PMF,44
2.8,0.10055989184214333,0.08388435735160721,DMFS,OOD,mainz,PMF,44
3.0,0.10378621830254016,0.08815853671826432,DMFS,OOD,mainz,PMF,44
3.2,0.11067855880035234,0.09653981197372939,DMFS,OOD,mainz,PMF,44
3.4,0.11555348637721263,0.10064690786253734,DMFS,OOD,mainz,PMF,44
3.6,0.12929791062206564,0.10472240139884807,DMFS,OOD,mainz,PMF,44
3.8,0.14000365993610106,0.11675702182129687,DMFS,OOD,mainz,PMF,44
4.0,0.14036689199075644,0.11675702182129685,DMFS,OOD,mainz,PMF,44
4.2,0.14100504193876087,0.11675702182129687,DMFS,OOD,mainz,PMF,44
4.4,0.14100504193876087,0.11675702182129687,DMFS,OOD,mainz,PMF,44
4.6,0.14121622463810646,0.11675702182129688,DMFS,OOD,mainz,PMF,44
4.8,0.14871992286425542,0.12473345970863069,DMFS,OOD,mainz,PMF,44
5.0,0.14904842601417947,0.12473345970863071,DMFS,OOD,mainz,PMF,44
5.2,0.16168533592812273,0.12868129198522463,DMFS,OOD,mainz,PMF,44
5.4,0.16359146258725787,0.12868129198522463,DMFS,OOD,mainz,PMF,44
5.6,0.16501562690194418,0.12868129198522463,DMFS,OOD,mainz,PMF,44
5.8,0.16722835283647644,0.12868129198522463,DMFS,OOD,mainz,PMF,44
6.0,0.17380885954680106,0.1330241171966627,DMFS,OOD,mainz,PMF,44
6.2,0.17626166410186245,0.13752007569646438,DMFS,OOD,mainz,PMF,44
6.4,0.17995412186248275,0.14196351423781362,DMFS,OOD,mainz,PMF,44
6.6,0.18274888618944995,0.15072260048867248,DMFS,OOD,mainz,PMF,44
6.8,0.18193478476879155,0.1507226004886725,DMFS,OOD,mainz,PMF,44
7.0,0.18753028319199147,0.15072260048867248,DMFS,OOD,mainz,PMF,44
7.2,0.18873230128116184,0.1507226004886725,DMFS,OOD,mainz,PMF,44
7.4,0.18354609606473357,0.15072260048867248,DMFS,OOD,mainz,PMF,44
7.6,0.18061758355470278,0.15595357087742087,DMFS,OOD,mainz,PMF,44
7.8,0.18473610900645646,0.15595357087742087,DMFS,OOD,mainz,PMF,44
8.0,0.18790938831849135,0.15595357087742087,DMFS,OOD,mainz,PMF,44
8.2,0.18817656507585973,0.16176984347315282,DMFS,OOD,mainz,PMF,44
8.4,0.19533798786995937,0.16746021978093584,DMFS,OOD,mainz,PMF,44
8.6,0.22594968405797922,0.17316918625160235,DMFS,OOD,mainz,PMF,44
8.8,0.2203022479914857,0.17316918625160235,DMFS,OOD,mainz,PMF,44
9.0,0.2203022479914857,0.17316918625160235,DMFS,OOD,mainz,PMF,44
9.2,0.22992165806142026,0.18419220622846183,DMFS,OOD,mainz,PMF,44
9.4,0.22768087878317878,0.18419220622846183,DMFS,OOD,mainz,PMF,44
9.6,0.22571106488386136,0.1898736181450969,DMFS,OOD,mainz,PMF,44
9.8,0.22741672054057635,0.18987361814509682,DMFS,OOD,mainz,PMF,44
10.0,0.22869325935443985,0.18987361814509687,DMFS,OOD,mainz,PMF,44
1.2,0.03598850849638955,0.034153229975602675,DMFS,OOD,mainz,RSF,40
1.4,0.053461837028049325,0.05280479833112718,DMFS,OOD,mainz,RSF,40
1.6,0.05985853878968606,0.057360369746582415,DMFS,OOD,mainz,RSF,40
1.8,0.06425428466265123,0.057360369746582415,DMFS,OOD,mainz,RSF,40
2.0,0.07667027340545357,0.06636068029600105,DMFS,OOD,mainz,RSF,40
2.2,0.08923185101366553,0.07080477884563305,DMFS,OOD,mainz,RSF,40
2.4,0.1025413579469414,0.07080477884563305,DMFS,OOD,mainz,RSF,40
2.6,0.1069423856338629,0.07957967170122875,DMFS,OOD,mainz,RSF,40
2.8,0.11347594471192458,0.08388435735160721,DMFS,OOD,mainz,RSF,40
3.0,0.12098189696933849,0.08815853671826432,DMFS,OOD,mainz,RSF,40
3.2,0.13062928653637032,0.09653981197372939,DMFS,OOD,mainz,RSF,40
3.4,0.13790736063506068,0.10064690786253734,DMFS,OOD,mainz,RSF,40
3.6,0.14056300596966748,0.10472240139884807,DMFS,OOD,mainz,RSF,40
3.8,0.1459996048444861,0.11675702182129687,DMFS,OOD,mainz,RSF,40
4.0,0.14617199743185655,0.11675702182129685,DMFS,OOD,mainz,RSF,40
4.2,0.14651859524575184,0.11675702182129687,DMFS,OOD,mainz,RSF,40
4.4,0.14651859524575184,0.11675702182129687,DMFS,OOD,mainz,RSF,40
4.6,0.1524364408344781,0.11675702182129688,DMFS,OOD,mainz,RSF,40
4.8,0.16747980281467365,0.12473345970863069,DMFS,OOD,mainz,RSF,40
5.0,0.1744491002444807,0.12473345970863071,DMFS,OOD,mainz,RSF,40
5.2,0.17603303685797947,0.12868129198522463,DMFS,OOD,mainz,RSF,40
5.4,0.17629469475823492,0.12868129198522463,DMFS,OOD,mainz,RSF,40
5.6,0.17687810838689677,0.12868129198522463,DMFS,OOD,mainz,RSF,40
5.8,0.1775572482095241,0.12868129198522463,DMFS,OOD,mainz,RSF,40
6.0,0.17945899535884335,0.1330241171966627,DMFS,OOD,mainz,RSF,40
6.2,0.1811207258196901,0.13752007569646438,DMFS,OOD,mainz,RSF,40
6.4,0.18201060243226042,0.14196351423781362,DMFS,OOD,mainz,RSF,40
6.6,0.1844870987272332,0.15072260048867248,DMFS,OOD,mainz,RSF,40
6.8,0.18463267277110687,0.1507226004886725,DMFS,OOD,mainz,RSF,40
7.0,0.19325535602252578,0.15072260048867248,DMFS,OOD,mainz,RSF,40
7.2,0.19408670682060453,0.1507226004886725,DMFS,OOD,mainz,RSF,40
7.4,0.19297868549806033,0.15072260048867248,DMFS,OOD,mainz,RSF,40
7.6,0.19297900481180683,0.15595357087742087,DMFS,OOD,mainz,RSF,40
7.8,0.19378615534153285,0.15595357087742087,DMFS,OOD,mainz,RSF,40
8.0,0.1956022026765131,0.15595357087742087,DMFS,OOD,mainz,RSF,40
8.2,0.21038511483047706,0.16176984347315282,DMFS,OOD,mainz,RSF,40
8.4,0.21290817215551755,0.16746021978093584,DMFS,OOD,mainz,RSF,40
8.6,0.22530612301522018,0.17316918625160235,DMFS,OOD,mainz,RSF,40
8.8,0.22397005714591792,0.17316918625160235,DMFS,OOD,mainz,RSF,40
9.0,0.22397005714591792,0.17316918625160235,DMFS,OOD,mainz,RSF,40
9.2,0.2260681603373861,0.18419220622846183,DMFS,OOD,mainz,RSF,40
9.4,0.22771289685755206,0.18419220622846183,DMFS,OOD,mainz,RSF,40
9.6,0.22463996700077277,0.1898736181450969,DMFS,OOD,mainz,RSF,40
9.8,0.22375670357088762,0.18987361814509682,DMFS,OOD,mainz,RSF,40
10.0,0.22313836986227592,0.18987361814509687,DMFS,OOD,mainz,RSF,40
1.2,0.033444516049467146,0.034153229975602675,DMFS,OOD,mainz,RSF,41
1.4,0.05158085320695085,0.05280479833112718,DMFS,OOD,mainz,RSF,41
1.6,0.05563362042615184,0.057360369746582415,DMFS,OOD,mainz,RSF,41
1.8,0.056277957001684566,0.057360369746582415,DMFS,OOD,mainz,RSF,41
2.0,0.06570824601365041,0.06636068029600105,DMFS,OOD,mainz,RSF,41
2.2,0.073908733820875,0.07080477884563305,DMFS,OOD,mainz,RSF,41
2.4,0.07581486127963476,0.07080477884563305,DMFS,OOD,mainz,RSF,41
2.6,0.08467787934204164,0.07957967170122875,DMFS,OOD,mainz,RSF,41
2.8,0.09042476668843805,0.08388435735160721,DMFS,OOD,mainz,RSF,41
3.0,0.09311232133982486,0.08815853671826432,DMFS,OOD,mainz,RSF,41
3.2,0.10093998605429903,0.09653981197372939,DMFS,OOD,mainz,RSF,41
3.4,0.1039893745379623,0.10064690786253734,DMFS,OOD,mainz,RSF,41
3.6,0.11035780861115835,0.10472240139884807,DMFS,OOD,mainz,RSF,41
3.8,0.11904774112080511,0.11675702182129687,DMFS,OOD,mainz,RSF,41
4.0,0.12172516881697046,0.11675702182129685,DMFS,OOD,mainz,RSF,41
4.2,0.1219070342080408,0.11675702182129687,DMFS,OOD,mainz,RSF,41
4.4,0.1219070342080408,0.11675702182129687,DMFS,OOD,mainz,RSF,41
4.6,0.12503040390315667,0.11675702182129688,DMFS,OOD,mainz,RSF,41
4.8,0.1365145576978906,0.12473345970863069,DMFS,OOD,mainz,RSF,41
5.0,0.1405104827327357,0.12473345970863071,DMFS,OOD,mainz,RSF,41
5.2,0.14719771202553392,0.12868129198522463,DMFS,OOD,mainz,RSF,41
5.4,0.1474389048347395,0.12868129198522463,DMFS,OOD,mainz,RSF,41
5.6,0.15326309134207272,0.12868129198522463,DMFS,OOD,mainz,RSF,41
5.8,0.15422473200992004,0.12868129198522463,DMFS,OOD,mainz,RSF,41
6.0,0.15704238498325662,0.1330241171966627,DMFS,OOD,mainz,RSF,41
6.2,0.16010551605522227,0.13752007569646438,DMFS,OOD,mainz,RSF,41
6.4,0.1622027425392053,0.14196351423781362,DMFS,OOD,mainz,RSF,41
6.6,0.16663567544853974,0.15072260048867248,DMFS,OOD,mainz,RSF,41
6.8,0.17255370898653333,0.1507226004886725,DMFS,OOD,mainz,RSF,41
7.0,0.1724285393613117,0.15072260048867248,DMFS,OOD,mainz,RSF,41
7.2,0.17295655911492744,0.1507226004886725,DMFS,OOD,mainz,RSF,41
7.4,0.17237537092511135,0.15072260048867248,DMFS,OOD,mainz,RSF,41
7.6,0.17993009787773886,0.15595357087742087,DMFS,OOD,mainz,RSF,41
7.8,0.1803910902456577,0.15595357087742087,DMFS,OOD,mainz,RSF,41
8.0,0.18198470356263044,0.15595357087742087,DMFS,OOD,mainz,RSF,41
8.2,0.18564789669323076,0.16176984347315282,DMFS,OOD,mainz,RSF,41
8.4,0.18740849924816552,0.16746021978093584,DMFS,OOD,mainz,RSF,41
8.6,0.19999276742797448,0.17316918625160235,DMFS,OOD,mainz,RSF,41
8.8,0.1993739225842752,0.17316918625160235,DMFS,OOD,mainz,RSF,41
9.0,0.1993739225842752,0.17316918625160235,DMFS,OOD,mainz,RSF,41
9.2,0.2050442667243717,0.18419220622846183,DMFS,OOD,mainz,RSF,41
9.4,0.2060447128866667,0.18419220622846183,DMFS,OOD,mainz,RSF,41
9.6,0.2186924271644578,0.1898736181450969,DMFS,OOD,mainz,RSF,41
9.8,0.2169937978408355,0.18987361814509682,DMFS,OOD,mainz,RSF,41
10.0,0.2156992049779941,0.18987361814509687,DMFS,OOD,mainz,RSF,41
1.2,0.034229023147508246,0.034153229975602675,DMFS,OOD,mainz,RSF,42
1.4,0.05274830637236315,0.05280479833112718,DMFS,OOD,mainz,RSF,42
1.6,0.05751334504413506,0.057360369746582415,DMFS,OOD,mainz,RSF,42
1.8,0.0572901959299869,0.057360369746582415,DMFS,OOD,mainz,RSF,42
2.0,0.06634583732299806,0.06636068029600105,DMFS,OOD,mainz,RSF,42
2.2,0.07121739950562853,0.07080477884563305,DMFS,OOD,mainz,RSF,42
2.4,0.0720578687916299,0.07080477884563305,DMFS,OOD,mainz,RSF,42
2.6,0.08024422341988213,0.07957967170122875,DMFS,OOD,mainz,RSF,42
2.8,0.08433635168827737,0.08388435735160721,DMFS,OOD,mainz,RSF,42
3.0,0.08812916576078131,0.08815853671826432,DMFS,OOD,mainz,RSF,42
3.2,0.09626160038008648,0.09653981197372939,DMFS,OOD,mainz,RSF,42
3.4,0.10178336839188791,0.10064690786253734,DMFS,OOD,mainz,RSF,42
3.6,0.10555408184276502,0.10472240139884807,DMFS,OOD,mainz,RSF,42
3.8,0.11694786225916338,0.11675702182129687,DMFS,OOD,mainz,RSF,42
4.0,0.11698624585668554,0.11675702182129685,DMFS,OOD,mainz,RSF,42
4.2,0.11702465965023387,0.11675702182129687,DMFS,OOD,mainz,RSF,42
4.4,0.11702465965023387,0.11675702182129687,DMFS,OOD,mainz,RSF,42
4.6,0.1169254524163982,0.11675702182129688,DMFS,OOD,mainz,RSF,42
4.8,0.12413372731272482,0.12473345970863069,DMFS,OOD,mainz,RSF,42
5.0,0.1246520501121564,0.12473345970863071,DMFS,OOD,mainz,RSF,42
5.2,0.1286418387995395,0.12868129198522463,DMFS,OOD,mainz,RSF,42
5.4,0.12887180989244512,0.12868129198522463,DMFS,OOD,mainz,RSF,42
5.6,0.1288156824204737,0.12868129198522463,DMFS,OOD,mainz,RSF,42
5.8,0.12904912265529514,0.12868129198522463,DMFS,OOD,mainz,RSF,42
6.0,0.13394908306588896,0.1330241171966627,DMFS,OOD,mainz,RSF,42
6.2,0.13978165687619637,0.13752007569646438,DMFS,OOD,mainz,RSF,42
6.4,0.14513112464748326,0.14196351423781362,DMFS,OOD,mainz,RSF,42
6.6,0.15312801500833514,0.15072260048867248,DMFS,OOD,mainz,RSF,42
6.8,0.15539839178368767,0.1507226004886725,DMFS,OOD,mainz,RSF,42
7.0,0.15573021147992439,0.15072260048867248,DMFS,OOD,mainz,RSF,42
7.2,0.1559336973063694,0.1507226004886725,DMFS,OOD,mainz,RSF,42
7.4,0.15582004600157215,0.15072260048867248,DMFS,OOD,mainz,RSF,42
7.6,0.16020927805323923,0.15595357087742087,DMFS,OOD,mainz,RSF,42
7.8,0.1603381871738332,0.15595357087742087,DMFS,OOD,mainz,RSF,42
8.0,0.16053488788940476,0.15595357087742087,DMFS,OOD,mainz,RSF,42
8.2,0.16984770808608377,0.16176984347315282,DMFS,OOD,mainz,RSF,42
8.4,0.17414537867150812,0.16746021978093584,DMFS,OOD,mainz,RSF,42
8.6,0.18270581687376397,0.17316918625160235,DMFS,OOD,mainz,RSF,42
8.8,0.1824339072956937,0.17316918625160235,DMFS,OOD,mainz,RSF,42
9.0,0.19694509701188756,0.17316918625160235,DMFS,OOD,mainz,RSF,42
9.2,0.2008471247898641,0.18419220622846183,DMFS,OOD,mainz,RSF,42
9.4,0.1996731707885572,0.18419220622846183,DMFS,OOD,mainz,RSF,42
9.6,0.2020395195261006,0.1898736181450969,DMFS,OOD,mainz,RSF,42
9.8,0.20251817214037665,0.18987361814509682,DMFS,OOD,mainz,RSF,42
10.0,0.20255350987938775,0.18987361814509687,DMFS,OOD,mainz,RSF,42
1.2,0.03312204927469352,0.034153229975602675,DMFS,OOD,mainz,RSF,43
1.4,0.051064447042158276,0.05280479833112718,DMFS,OOD,mainz,RSF,43
1.6,0.05550188921749512,0.057360369746582415,DMFS,OOD,mainz,RSF,43
1.8,0.05550188921749512,0.057360369746582415,DMFS,OOD,mainz,RSF,43
2.0,0.06348154006785472,0.06636068029600105,DMFS,OOD,mainz,RSF,43
2.2,0.06721513078566242,0.07080477884563305,DMFS,OOD,mainz,RSF,43
2.4,0.06707021879218296,0.07080477884563305,DMFS,OOD,mainz,RSF,43
2.6,0.07561930117914663,0.07957967170122875,DMFS,OOD,mainz,RSF,43
2.8,0.0796880595686928,0.08388435735160721,DMFS,OOD,mainz,RSF,43
3.0,0.08422752726204222,0.08815853671826432,DMFS,OOD,mainz,RSF,43
3.2,0.09224471504033929,0.09653981197372939,DMFS,OOD,mainz,RSF,43
3.4,0.09674738611751027,0.10064690786253734,DMFS,OOD,mainz,RSF,43
3.6,0.10202125165741462,0.10472240139884807,DMFS,OOD,mainz,RSF,43
3.8,0.11242554172145962,0.11675702182129687,DMFS,OOD,mainz,RSF,43
4.0,0.11444774225197435,0.11675702182129685,DMFS,OOD,mainz,RSF,43
4.2,0.11695951336470625,0.11675702182129687,DMFS,OOD,mainz,RSF,43
4.4,0.11695951336470625,0.11675702182129687,DMFS,OOD,mainz,RSF,43
4.6,0.11991468352349424,0.11675702182129688,DMFS,OOD,mainz,RSF,43
4.8,0.12930524282654057,0.12473345970863069,DMFS,OOD,mainz,RSF,43
5.0,0.13723398596456055,0.12473345970863071,DMFS,OOD,mainz,RSF,43
5.2,0.14419457570733044,0.12868129198522463,DMFS,OOD,mainz,RSF,43
5.4,0.1442867514019559,0.12868129198522463,DMFS,OOD,mainz,RSF,43
5.6,0.1442540008927156,0.12868129198522463,DMFS,OOD,mainz,RSF,43
5.8,0.14520831452948213,0.12868129198522463,DMFS,OOD,mainz,RSF,43
6.0,0.14742755844308766,0.1330241171966627,DMFS,OOD,mainz,RSF,43
6.2,0.1498041217601434,0.13752007569646438,DMFS,OOD,mainz,RSF,43
6.4,0.15816548316076096,0.14196351423781362,DMFS,OOD,mainz,RSF,43
6.6,0.161309080853921,0.15072260048867248,DMFS,OOD,mainz,RSF,43
6.8,0.161788604893418,0.1507226004886725,DMFS,OOD,mainz,RSF,43
7.0,0.16210782500021717,0.15072260048867248,DMFS,OOD,mainz,RSF,43
7.2,0.16296480792178555,0.1507226004886725,DMFS,OOD,mainz,RSF,43
7.4,0.1622166495262879,0.15072260048867248,DMFS,OOD,mainz,RSF,43
7.6,0.16358764988153043,0.15595357087742087,DMFS,OOD,mainz,RSF,43
7.8,0.1642554616722351,0.15595357087742087,DMFS,OOD,mainz,RSF,43
8.0,0.1656990756477478,0.15595357087742087,DMFS,OOD,mainz,RSF,43
8.2,0.16988531559736716,0.16176984347315282,DMFS,OOD,mainz,RSF,43
8.4,0.17389054284958505,0.16746021978093584,DMFS,OOD,mainz,RSF,43
8.6,0.1876929854126361,0.17316918625160235,DMFS,OOD,mainz,RSF,43
8.8,0.18675224753537342,0.17316918625160235,DMFS,OOD,mainz,RSF,43
9.0,0.18675224753537342,0.17316918625160235,DMFS,OOD,mainz,RSF,43
9.2,0.19416824246318953,0.18419220622846183,DMFS,OOD,mainz,RSF,43
9.4,0.19582377026133307,0.18419220622846183,DMFS,OOD,mainz,RSF,43
9.6,0.19545680633751228,0.1898736181450969,DMFS,OOD,mainz,RSF,43
9.8,0.19580666208746428,0.18987361814509682,DMFS,OOD,mainz,RSF,43
10.0,0.19434585285027964,0.18987361814509687,DMFS,OOD,mainz,RSF,43
1.2,0.03376784373425656,0.034153229975602675,DMFS,OOD,mainz,RSF,44
1.4,0.05241206402524135,0.05280479833112718,DMFS,OOD,mainz,RSF,44
1.6,0.05747821340486252,0.057360369746582415,DMFS,OOD,mainz,RSF,44
1.8,0.05867232926340807,0.057360369746582415,DMFS,OOD,mainz,RSF,44
2.0,0.06930578574348077,0.06636068029600105,DMFS,OOD,mainz,RSF,44
2.2,0.07461433054931481,0.07080477884563305,DMFS,OOD,mainz,RSF,44
2.4,0.07461433054931481,0.07080477884563305,DMFS,OOD,mainz,RSF,44
2.6,0.08186254457881845,0.07957967170122875,DMFS,OOD,mainz,RSF,44
2.8,0.0871867710098323,0.08388435735160721,DMFS,OOD,mainz,RSF,44
3.0,0.0903104083908481,0.08815853671826432,DMFS,OOD,mainz,RSF,44
3.2,0.0985437271600476,0.09653981197372939,DMFS,OOD,mainz,RSF,44
3.4,0.10200605524837371,0.10064690786253734,DMFS,OOD,mainz,RSF,44
3.6,0.105371130932755,0.10472240139884807,DMFS,OOD,mainz,RSF,44
3.8,0.11645650183987268,0.11675702182129687,DMFS,OOD,mainz,RSF,44
4.0,0.11657258649138617,0.11675702182129685,DMFS,OOD,mainz,RSF,44
4.2,0.11878401335390762,0.11675702182129687,DMFS,OOD,mainz,RSF,44
4.4,0.12136119115213687,0.11675702182129687,DMFS,OOD,mainz,RSF,44
4.6,0.1213157301378933,0.11675702182129688,DMFS,OOD,mainz,RSF,44
4.8,0.13283596059121813,0.12473345970863069,DMFS,OOD,mainz,RSF,44
5.0,0.13288817215594384,0.12473345970863071,DMFS,OOD,mainz,RSF,44
5.2,0.13528997357311204,0.12868129198522463,DMFS,OOD,mainz,RSF,44
5.4,0.13525675378420104,0.12868129198522463,DMFS,OOD,mainz,RSF,44
5.6,0.13541623054074423,0.12868129198522463,DMFS,OOD,mainz,RSF,44
5.8,0.13605461799049562,0.12868129198522463,DMFS,OOD,mainz,RSF,44
6.0,0.1396496814625519,0.1330241171966627,DMFS,OOD,mainz,RSF,44
6.2,0.14265111068144742,0.13752007569646438,DMFS,OOD,mainz,RSF,44
6.4,0.14523702349782608,0.14196351423781362,DMFS,OOD,mainz,RSF,44
6.6,0.14950277834311607,0.15072260048867248,DMFS,OOD,mainz,RSF,44
6.8,0.1494363557506333,0.1507226004886725,DMFS,OOD,mainz,RSF,44
7.0,0.14944112675314897,0.15072260048867248,DMFS,OOD,mainz,RSF,44
7.2,0.1499645560030261,0.1507226004886725,DMFS,OOD,mainz,RSF,44
7.4,0.14892541300703474,0.15072260048867248,DMFS,OOD,mainz,RSF,44
7.6,0.15192793766681062,0.15595357087742087,DMFS,OOD,mainz,RSF,44
7.8,0.15202131814876377,0.15595357087742087,DMFS,OOD,mainz,RSF,44
8.0,0.15298548498648654,0.15595357087742087,DMFS,OOD,mainz,RSF,44
8.2,0.15870164682987126,0.16176984347315282,DMFS,OOD,mainz,RSF,44
8.4,0.1683812208236781,0.16746021978093584,DMFS,OOD,mainz,RSF,44
8.6,0.17405735507572126,0.17316918625160235,DMFS,OOD,mainz,RSF,44
8.8,0.17339795582618645,0.17316918625160235,DMFS,OOD,mainz,RSF,44
9.0,0.17339795582618645,0.17316918625160235,DMFS,OOD,mainz,RSF,44
9.2,0.18324903583360574,0.18419220622846183,DMFS,OOD,mainz,RSF,44
9.4,0.18371936857259108,0.18419220622846183,DMFS,OOD,mainz,RSF,44
9.6,0.19000180384238388,0.1898736181450969,DMFS,OOD,mainz,RSF,44
9.8,0.19044223192004728,0.18987361814509682,DMFS,OOD,mainz,RSF,44
10.0,0.1894675699391854,0.18987361814509687,DMFS,OOD,mainz,RSF,44
