group,n,pred_risk,obs_risk,obs_risk_lo,obs_risk_hi,horizon,scenario,setting,dataset,model,seed
1,198,0.023371005013494782,0.030303030303030387,0.013728946816702337,0.06620294922926262,3.0,RFS,InD,METABRIC,TabSurv_M,40
2,198,0.052724997804622455,0.05591856571984,0.031361701725717284,0.09869897640987535,3.0,RFS,InD,METABRIC,TabSurv_M,40
3,197,0.08612182358194728,0.11899121373538823,0.0807150046100038,0.1736257190998607,3.0,RFS,InD,METABRIC,TabSurv_M,40
4,198,0.13088354648965778,0.13197969543147203,0.0918446762676367,0.18775022555157184,3.0,RFS,InD,METABRIC,TabSurv_M,40
5,198,0.23404091807326885,0.255912448536347,0.20048537738124494,0.32328998099443573,3.0,RFS,InD,METABRIC,TabSurv_M,40
1,198,0.07202996109519341,0.08116171781065395,0.05052425910287206,0.12907181654079425,5.0,RFS,InD,METABRIC,TabSurv_M,40
2,198,0.13577679672626533,0.1123440397228086,0.07544379118088707,0.16560547359180033,5.0,RFS,InD,METABRIC,TabSurv_M,40
3,197,0.19342233565858172,0.2091630644310064,0.15799005595671367,0.2740141278249876,5.0,RFS,InD,METABRIC,TabSurv_M,40
4,198,0.25847622240432583,0.2845864846439041,0.2269389888104969,0.35320424251706906,5.0,RFS,InD,METABRIC,TabSurv_M,40
5,198,0.37745114378254824,0.3775214666256994,0.31330389956197724,0.450021460220027,5.0,RFS,InD,METABRIC,TabSurv_M,40
1,198,0.24679342905680338,0.20817040539401654,0.15716028662520742,0.2728593741331947,10.0,RFS,InD,METABRIC,TabSurv_M,40
2,198,0.3615138759516706,0.35977896973564294,0.29450184520406475,0.43450528207187766,10.0,RFS,InD,METABRIC,TabSurv_M,40
3,197,0.43232106769145445,0.43822139047671116,0.36838938155765333,0.5150401360361571,10.0,RFS,InD,METABRIC,TabSurv_M,40
4,198,0.499279678168923,0.4910916357629195,0.4221724623690972,0.5647805891358626,10.0,RFS,InD,METABRIC,TabSurv_M,40
5,198,0.5999065691021958,0.5440500166754636,0.47191266350345196,0.6194122656048906,10.0,RFS,InD,METABRIC,TabSurv_M,40
1,198,0.02088513414835689,0.051207955847131226,0.027884228021924695,0.09308398267971751,3.0,RFS,InD,METABRIC,TabSurv_M,41
2,198,0.05151735562266725,0.061279646993932846,0.035272265538958125,0.10538674082952237,3.0,RFS,InD,METABRIC,TabSurv_M,41
3,197,0.08739931964632218,0.060913705583756306,0.03505928044387241,0.10477090252388754,3.0,RFS,InD,METABRIC,TabSurv_M,41
4,198,0.14708466752611024,0.12470093378131841,0.08536898556888728,0.18028301744706354,3.0,RFS,InD,METABRIC,TabSurv_M,41
5,198,0.2552704561238337,0.2792924377217828,0.22160280883880645,0.3483152535479207,3.0,RFS,InD,METABRIC,TabSurv_M,41
1,198,0.0702395463230634,0.10795528424394407,0.07175861981413134,0.1607621687426386,5.0,RFS,InD,METABRIC,TabSurv_M,41
2,198,0.13563646210564506,0.1437983817790479,0.1016017445122619,0.2014499878226994,5.0,RFS,InD,METABRIC,TabSurv_M,41
3,197,0.19587249320170602,0.1120699379582627,0.07525798465631384,0.16520961865974126,5.0,RFS,InD,METABRIC,TabSurv_M,41
4,198,0.28032102729334973,0.25449500568091044,0.19884737231256278,0.3223056533715887,5.0,RFS,InD,METABRIC,TabSurv_M,41
5,198,0.40695357066814347,0.4605681972994027,0.3928800555096107,0.5339444803229533,5.0,RFS,InD,METABRIC,TabSurv_M,41
1,198,0.2458156979445255,0.2235437357869583,0.1702277710538036,0.29040508630166106,10.0,RFS,InD,METABRIC,TabSurv_M,41
2,198,0.36708861709845186,0.3114992733722942,0.24941210968429173,0.3846492824387211,10.0,RFS,InD,METABRIC,TabSurv_M,41
3,197,0.44392492716687587,0.38303593244125445,0.3172511238067883,0.4572783632097617,10.0,RFS,InD,METABRIC,TabSurv_M,41
4,198,0.5315208081344162,0.42535103941532526,0.35730032709031845,0.5005499989221356,10.0,RFS,InD,METABRIC,TabSurv_M,41
5,198,0.6452761755296679,0.6201878178723741,0.5491762658541013,0.6915986650141197,10.0,RFS,InD,METABRIC,TabSurv_M,41
1,198,0.026769944997748943,0.025434095850148886,0.01066546488106801,0.06002320045957188,3.0,RFS,InD,METABRIC,TabSurv_M,42
2,198,0.05919453531804711,0.050971250971251214,0.02775407240198624,0.09266237006278133,3.0,RFS,InD,METABRIC,TabSurv_M,42
3,197,0.09523545757768118,0.0923076923076922,0.05918475038454962,0.1425112874064708,3.0,RFS,InD,METABRIC,TabSurv_M,42
4,198,0.14441540837287903,0.15585110650630285,0.11164983053670108,0.2153090787135441,3.0,RFS,InD,METABRIC,TabSurv_M,42
5,198,0.23741527699460888,0.21887475186967564,0.16727189289073874,0.2834794054530133,3.0,RFS,InD,METABRIC,TabSurv_M,42
1,198,0.06711476770314304,0.07676248224241866,0.0469995107846225,0.12410588589969862,5.0,RFS,InD,METABRIC,TabSurv_M,42
2,198,0.1273312457282134,0.1281025321582131,0.08843441554530895,0.1836842775908406,5.0,RFS,InD,METABRIC,TabSurv_M,42
3,197,0.18506120394934253,0.22131038236818845,0.16918665861122983,0.2865085665597846,5.0,RFS,InD,METABRIC,TabSurv_M,42
4,198,0.2523828832188038,0.28400437666122724,0.22544449321820215,0.3539568607780743,5.0,RFS,InD,METABRIC,TabSurv_M,42
5,198,0.36350659725039897,0.443674456696477,0.3773314891928583,0.5160889703718852,5.0,RFS,InD,METABRIC,TabSurv_M,42
1,198,0.22344229167157953,0.2382845363229381,0.18290100200362858,0.3070221979103247,10.0,RFS,InD,METABRIC,TabSurv_M,42
2,198,0.3339648334064869,0.27424479852192807,0.21565716238994437,0.3449131878773236,10.0,RFS,InD,METABRIC,TabSurv_M,42
3,197,0.4129197627759827,0.47998605215018875,0.4105576938957115,0.5546671922761908,10.0,RFS,InD,METABRIC,TabSurv_M,42
4,198,0.48531180153591463,0.5112531514998926,0.43938250518614974,0.5875453092161828,10.0,RFS,InD,METABRIC,TabSurv_M,42
5,198,0.5895154173627044,0.6406312722977376,0.5702335507046037,0.7106719503674082,10.0,RFS,InD,METABRIC,TabSurv_M,42
1,198,0.026943877939744426,0.015228426395939021,0.004936992723094558,0.04646631825548586,3.0,RFS,InD,METABRIC,TabSurv_M,43
2,198,0.05733545169685826,0.04599935212180106,0.02420243814709655,0.08653661851308181,3.0,RFS,InD,METABRIC,TabSurv_M,43
3,197,0.09161480943563625,0.08780080074437657,0.055508235379632564,0.13746329933185386,3.0,RFS,InD,METABRIC,TabSurv_M,43
4,198,0.1488091159950603,0.11878433794251564,0.08057082239720836,0.1733352035401401,3.0,RFS,InD,METABRIC,TabSurv_M,43
5,198,0.25843982744698574,0.2576487873004718,0.20191992031286066,0.3253430200139322,3.0,RFS,InD,METABRIC,TabSurv_M,43
1,198,0.06815379587086765,0.0763872157651182,0.04676773064988593,0.1235108785114023,5.0,RFS,InD,METABRIC,TabSurv_M,43
2,198,0.12796744945073368,0.1129605620217985,0.07586811438888952,0.16648244170511417,5.0,RFS,InD,METABRIC,TabSurv_M,43
3,197,0.18672191552099238,0.19454608360277814,0.14494422433777,0.25837916699111274,5.0,RFS,InD,METABRIC,TabSurv_M,43
4,198,0.26960422535135287,0.25944478787343606,0.20337340641990043,0.327510997900332,5.0,RFS,InD,METABRIC,TabSurv_M,43
5,198,0.39935354632560655,0.4202076134577346,0.35408757993871554,0.49326215573970267,5.0,RFS,InD,METABRIC,TabSurv_M,43
1,198,0.21726054314411047,0.21875254370632324,0.1658725631881205,0.28538277522821676,10.0,RFS,InD,METABRIC,TabSurv_M,43
2,198,0.3343268675033492,0.30269674435420857,0.24089778552951024,0.3760049761227561,10.0,RFS,InD,METABRIC,TabSurv_M,43
3,197,0.41408412347590257,0.4282881521408536,0.3594988817294462,0.5042636562389049,10.0,RFS,InD,METABRIC,TabSurv_M,43
4,198,0.5024289520400943,0.5519036992215255,0.48099884293893747,0.6256437710485232,10.0,RFS,InD,METABRIC,TabSurv_M,43
5,198,0.6152154709955658,0.5604120839129512,0.48934680697239963,0.6340226383499385,10.0,RFS,InD,METABRIC,TabSurv_M,43
1,198,0.01775714794746553,0.035745275246149566,0.017201738185614546,0.07351689033073627,3.0,RFS,InD,METABRIC,TabSurv_M,44
2,198,0.0455164894311115,0.07153888582460022,0.04300266654074536,0.11780983794693789,3.0,RFS,InD,METABRIC,TabSurv_M,44
3,197,0.07954536295179183,0.11272571855967495,0.07571081814402447,0.16613937581657456,3.0,RFS,InD,METABRIC,TabSurv_M,44
4,198,0.13530347865037243,0.1387205623003538,0.09728904019321649,0.19578341052032056,3.0,RFS,InD,METABRIC,TabSurv_M,44
5,198,0.24117153009983025,0.2261395576194548,0.17354274475214826,0.29164185288531375,3.0,RFS,InD,METABRIC,TabSurv_M,44
1,198,0.05929926480957956,0.08165584796739689,0.05083668294083299,0.12983723210040676,5.0,RFS,InD,METABRIC,TabSurv_M,44
2,198,0.12092581812781517,0.13930980362848233,0.0977259325094354,0.1965603437944875,5.0,RFS,InD,METABRIC,TabSurv_M,44
3,197,0.18082436752803435,0.21148371842267988,0.16036788816537872,0.27601446551957487,5.0,RFS,InD,METABRIC,TabSurv_M,44
4,198,0.2586093180709415,0.2908191788239749,0.23204787983790176,0.3606286433478184,5.0,RFS,InD,METABRIC,TabSurv_M,44
5,198,0.38227257644287266,0.40998132614321714,0.3442405982803569,0.4829874942564275,5.0,RFS,InD,METABRIC,TabSurv_M,44
1,198,0.22979369578939496,0.17317781268014154,0.12626624581534407,0.23502667638025,10.0,RFS,InD,METABRIC,TabSurv_M,44
2,198,0.3556606944161232,0.35288208861408077,0.28872519280835296,0.426493315426405,10.0,RFS,InD,METABRIC,TabSurv_M,44
3,197,0.4352647961698813,0.42237722955743606,0.35427008324072873,0.4977710187919734,10.0,RFS,InD,METABRIC,TabSurv_M,44
4,198,0.508812342027221,0.4972087682885673,0.42734880163984723,0.5717484653162479,10.0,RFS,InD,METABRIC,TabSurv_M,44
5,198,0.6143282113051174,0.5630435841063115,0.49242834596453045,0.6360795190086608,10.0,RFS,InD,METABRIC,TabSurv_M,44
1,198,0.04000308236690483,0.12181590113853946,0.08335653228955842,0.1762345890556053,3.0,RFS,InD,METABRIC,DeepHS,40
2,198,0.05827273804732044,0.08632696339878665,0.05456949874981132,0.13519764551853664,3.0,RFS,InD,METABRIC,DeepHS,40
3,197,0.06922970386931133,0.07760100306492057,0.047522465035406025,0.12542240918240155,3.0,RFS,InD,METABRIC,DeepHS,40
4,198,0.07850684210507557,0.13263482576672725,0.09230633218202167,0.18866024922855285,3.0,RFS,InD,METABRIC,DeepHS,40
5,198,0.09440086194963167,0.17226913948225442,0.12630220807443482,0.2326003772752715,3.0,RFS,InD,METABRIC,DeepHS,40
1,198,0.1047593815760179,0.07758642327443632,0.04750725935526856,0.12541497209498909,5.0,RFS,InD,METABRIC,DeepHS,40
2,198,0.1336167599215652,0.14499671301794292,0.10246530835249412,0.20307712361399932,5.0,RFS,InD,METABRIC,DeepHS,40
3,197,0.15349421011009798,0.1892283743769133,0.14090866979957395,0.25152831519221075,5.0,RFS,InD,METABRIC,DeepHS,40
4,198,0.17079864848743787,0.30725218635905127,0.24763436345450995,0.3772431663356476,5.0,RFS,InD,METABRIC,DeepHS,40
5,198,0.22537460501747902,0.3403685382404129,0.2788357720785539,0.41115499278532064,5.0,RFS,InD,METABRIC,DeepHS,40
1,198,0.24497433653985612,0.311855843809157,0.25024866977220583,0.3843190651951057,10.0,RFS,InD,METABRIC,DeepHS,40
2,198,0.2915854902580531,0.309311715485562,0.2476292338407462,0.38203560987800933,10.0,RFS,InD,METABRIC,DeepHS,40
3,197,0.31746970124656176,0.4109207666489607,0.34321997703965856,0.4863094312229611,10.0,RFS,InD,METABRIC,DeepHS,40
4,198,0.34467682332703564,0.4490191978163518,0.38063419461965087,0.5236604089436596,10.0,RFS,InD,METABRIC,DeepHS,40
5,198,0.3884085239184023,0.5468689752468444,0.47598518074016705,0.6207650457972083,10.0,RFS,InD,METABRIC,DeepHS,40
1,198,0.030545039008362123,0.11167512690355319,0.07499229139803065,0.16463535431327359,3.0,RFS,InD,METABRIC,DeepHS,41
2,198,0.05039623439914048,0.12009225473127882,0.08147496005771626,0.1751868153792403,3.0,RFS,InD,METABRIC,DeepHS,41
3,197,0.06325352918073006,0.10369625673030292,0.06817218887352516,0.15611707133214492,3.0,RFS,InD,METABRIC,DeepHS,41
4,198,0.07439209415455057,0.11204210382673052,0.07523915308081564,0.1651693436027981,3.0,RFS,InD,METABRIC,DeepHS,41
5,198,0.09200754912212641,0.1270477618827872,0.08769551248577456,0.18221040612351513,3.0,RFS,InD,METABRIC,DeepHS,41
1,198,0.07828302154637347,0.11678044226617645,0.07918821733350534,0.17049196552775991,5.0,RFS,InD,METABRIC,DeepHS,41
2,198,0.11037429625337775,0.16188655195709256,0.11672526609706824,0.22219280513834483,5.0,RFS,InD,METABRIC,DeepHS,41
3,197,0.1366234442909357,0.19162027515742386,0.14273468899334474,0.2545925131736725,5.0,RFS,InD,METABRIC,DeepHS,41
4,198,0.1719936126410359,0.2661623327832121,0.20985819106026915,0.3340849010395345,5.0,RFS,InD,METABRIC,DeepHS,41
5,198,0.23803801307774552,0.337222510755954,0.27523264990322593,0.40877700717160725,5.0,RFS,InD,METABRIC,DeepHS,41
1,198,0.23990410656640024,0.32184412324486156,0.2594592937857394,0.39478087328934475,10.0,RFS,InD,METABRIC,DeepHS,41
2,198,0.31319659948349,0.3609200947754241,0.2954334825701078,0.4358618043875865,10.0,RFS,InD,METABRIC,DeepHS,41
3,197,0.35146229158198167,0.37888791067517136,0.3128850280065768,0.45360477881462213,10.0,RFS,InD,METABRIC,DeepHS,41
4,198,0.38595232126688717,0.4282566771802444,0.36016006563375613,0.5033899496564467,10.0,RFS,InD,METABRIC,DeepHS,41
5,198,0.43612552983592257,0.463365019998377,0.39507809209742994,0.5373395575689361,10.0,RFS,InD,METABRIC,DeepHS,41
1,198,0.03735690947734949,0.050761421319796884,0.027638913964970313,0.09228788384001396,3.0,RFS,InD,METABRIC,DeepHS,42
2,198,0.053986394947225395,0.08645904788036751,0.054653961449793065,0.13539993888816115,3.0,RFS,InD,METABRIC,DeepHS,42
3,197,0.06598433655530668,0.1503340566836786,0.1069767927274381,0.20909219996548467,3.0,RFS,InD,METABRIC,DeepHS,42
4,198,0.07943987906581224,0.138438880706922,0.09710746063107878,0.1953602585667953,3.0,RFS,InD,METABRIC,DeepHS,42
5,198,0.1083167339816238,0.11781940251072631,0.07990407149949086,0.17196825085562506,3.0,RFS,InD,METABRIC,DeepHS,42
1,198,0.08672341373231676,0.1129203149156709,0.07583878256671006,0.16642859240239705,5.0,RFS,InD,METABRIC,DeepHS,42
2,198,0.12076540125740899,0.14872994550225227,0.10581134820429083,0.20693188283945385,5.0,RFS,InD,METABRIC,DeepHS,42
3,197,0.1468249665299043,0.21774704201695472,0.16583707302320838,0.2829387393492572,5.0,RFS,InD,METABRIC,DeepHS,42
4,198,0.17244803152903163,0.31294159282265355,0.25289285639249726,0.38319723213730883,5.0,RFS,InD,METABRIC,DeepHS,42
5,198,0.2136350575119558,0.36095199964662894,0.2977675265149896,0.432893877755016,5.0,RFS,InD,METABRIC,DeepHS,42
1,198,0.28065517394229617,0.3464331102021643,0.28220179194691464,0.4204817018002581,10.0,RFS,InD,METABRIC,DeepHS,42
2,198,0.3198977808157603,0.3415392470395415,0.2773665471005742,0.41577569398439573,10.0,RFS,InD,METABRIC,DeepHS,42
3,197,0.3398485204895136,0.4311431895384523,0.36219551499081903,0.5071902149295753,10.0,RFS,InD,METABRIC,DeepHS,42
4,198,0.35870397060808507,0.4794059595490301,0.40959156555210474,0.5545555909147095,10.0,RFS,InD,METABRIC,DeepHS,42
5,198,0.3921918715491439,0.5372413993902868,0.46738105531899954,0.6103598470127328,10.0,RFS,InD,METABRIC,DeepHS,42
1,198,0.028324518841926497,0.08136070702915621,0.05065137804963349,0.12937687880625004,3.0,RFS,InD,METABRIC,DeepHS,43
2,198,0.0470452383913175,0.06120005206299628,0.035226087358091296,0.10525237370914575,3.0,RFS,InD,METABRIC,DeepHS,43
3,197,0.05795586956333993,0.0723364239713784,0.04348858408649581,0.11909167074499272,3.0,RFS,InD,METABRIC,DeepHS,43
4,198,0.06783403200332565,0.11982354906558645,0.08128831643454548,0.17480826591717624,3.0,RFS,InD,METABRIC,DeepHS,43
5,198,0.08504106721492728,0.1897326403612507,0.14126793795237003,0.252217097886013,3.0,RFS,InD,METABRIC,DeepHS,43
1,198,0.08594995375835535,0.1499176265558957,0.10667867810099774,0.20852328330484715,5.0,RFS,InD,METABRIC,DeepHS,43
2,198,0.12707377894960267,0.10846463466019796,0.07210309369452161,0.16149943179366555,5.0,RFS,InD,METABRIC,DeepHS,43
3,197,0.15572304320214364,0.18927144324682,0.1409465309040705,0.2515752198517618,5.0,RFS,InD,METABRIC,DeepHS,43
4,198,0.1986954714914765,0.290906719676403,0.23213196088635235,0.3607155031591164,5.0,RFS,InD,METABRIC,DeepHS,43
5,198,0.28553575488051985,0.3226892942866304,0.26154586749554165,0.393888543515732,5.0,RFS,InD,METABRIC,DeepHS,43
1,198,0.31976337655626164,0.28819913769624306,0.22869611637821086,0.35921622415779286,10.0,RFS,InD,METABRIC,DeepHS,43
2,198,0.3514259532846586,0.34214712862943175,0.27789895775124474,0.4164510240528866,10.0,RFS,InD,METABRIC,DeepHS,43
3,197,0.3751852536564551,0.4378426917931797,0.36869159871300694,0.5138545629366646,10.0,RFS,InD,METABRIC,DeepHS,43
4,198,0.40426584446068964,0.5048473536260074,0.43432774720943257,0.579854799386025,10.0,RFS,InD,METABRIC,DeepHS,43
5,198,0.449333903464404,0.4832746036893162,0.4134832378687002,0.5582517660888513,10.0,RFS,InD,METABRIC,DeepHS,43
1,198,0.04443382644894147,0.12932836806656478,0.0892953677148296,0.1853924753011268,3.0,RFS,InD,METABRIC,DeepHS,44
2,198,0.057811650362881745,0.12406398778091088,0.08492948311465975,0.17937982659299523,3.0,RFS,InD,METABRIC,DeepHS,44
3,197,0.06721154505831337,0.12827592881149508,0.08855821400200903,0.18392197399536125,3.0,RFS,InD,METABRIC,DeepHS,44
4,198,0.07627974014089565,0.09615069615069627,0.062433868122701464,0.14659748723800425,3.0,RFS,InD,METABRIC,DeepHS,44
5,198,0.09258546793099606,0.10706930116623903,0.0711571936864488,0.15948431608404867,3.0,RFS,InD,METABRIC,DeepHS,44
1,198,0.07131148498467725,0.1190061495508219,0.08072332768831236,0.1736509431813984,5.0,RFS,InD,METABRIC,DeepHS,44
2,198,0.10788048578031136,0.12775713643861697,0.08819137335980631,0.1832037969983571,5.0,RFS,InD,METABRIC,DeepHS,44
3,197,0.14028209326836058,0.2116234743396047,0.15990464894965206,0.27710398766447164,5.0,RFS,InD,METABRIC,DeepHS,44
4,198,0.1772166331007023,0.3426582666039456,0.2807718121675232,0.4137969503157156,5.0,RFS,InD,METABRIC,DeepHS,44
5,198,0.2350551952617337,0.328143007484727,0.2670642366400303,0.39895813791057133,5.0,RFS,InD,METABRIC,DeepHS,44
1,198,0.26943623026212055,0.2521995010404061,0.19568051033284417,0.32149123011756464,10.0,RFS,InD,METABRIC,DeepHS,44
2,198,0.3258664770559831,0.4344687728180259,0.3656485056329707,0.5102213484904591,10.0,RFS,InD,METABRIC,DeepHS,44
3,197,0.35655609332970556,0.4619451771367685,0.3929083618474358,0.5368546762085435,10.0,RFS,InD,METABRIC,DeepHS,44
4,198,0.3795300487316016,0.4538666098274349,0.38610379783607685,0.527582428979466,10.0,RFS,InD,METABRIC,DeepHS,44
5,198,0.4154035337645598,0.4004258417218628,0.3336875401719228,0.47508010298588055,10.0,RFS,InD,METABRIC,DeepHS,44
1,198,0.03428834225192214,0.05079415971982437,0.027655769572910494,0.09234990044015723,3.0,RFS,InD,METABRIC,DeepSurv,40
2,198,0.07226413699111553,0.11812719701572272,0.08011833464324147,0.17240108094603057,3.0,RFS,InD,METABRIC,DeepSurv,40
3,197,0.11079351914110523,0.12752830925419778,0.0880363537182699,0.18287368047488295,3.0,RFS,InD,METABRIC,DeepSurv,40
4,198,0.15667359034220377,0.13276230819778656,0.09239739974371763,0.18883493867456247,3.0,RFS,InD,METABRIC,DeepSurv,40
5,198,0.25402328688086884,0.16215795521351117,0.11754957961233481,0.22144536571477302,3.0,RFS,InD,METABRIC,DeepSurv,40
1,198,0.06813717159357938,0.09731872525300134,0.063198242158084,0.14834513183358478,5.0,RFS,InD,METABRIC,DeepSurv,40
2,198,0.14106906784905326,0.21208477155403405,0.1608327703519543,0.27677408000489,5.0,RFS,InD,METABRIC,DeepSurv,40
3,197,0.21188728609666002,0.19441246268142187,0.1454605526199514,0.2571878547930132,5.0,RFS,InD,METABRIC,DeepSurv,40
4,198,0.2920572760731283,0.251596627482638,0.19650922062263276,0.3187953582238955,5.0,RFS,InD,METABRIC,DeepSurv,40
5,198,0.44341220225047584,0.30606038399970004,0.24664524745373329,0.37584131811907673,5.0,RFS,InD,METABRIC,DeepSurv,40
1,198,0.14436383199210118,0.202372759822809,0.15143653685299263,0.2675451637048001,10.0,RFS,InD,METABRIC,DeepSurv,40
2,198,0.2867344217468994,0.3827780197424979,0.3165360620408695,0.4576151332179563,10.0,RFS,InD,METABRIC,DeepSurv,40
3,197,0.41103443851325716,0.4495384610178166,0.3802934451853742,0.525183821220877,10.0,RFS,InD,METABRIC,DeepSurv,40
4,198,0.5356531420139351,0.47482163863688753,0.40492515741888524,0.5502413452592969,10.0,RFS,InD,METABRIC,DeepSurv,40
5,198,0.7186631735865817,0.5212169353702745,0.4510639201689871,0.5952211263701082,10.0,RFS,InD,METABRIC,DeepSurv,40
1,198,0.01956648025849853,0.06636181312184686,0.03908151097887891,0.11154708894845933,3.0,RFS,InD,METABRIC,DeepSurv,41
2,198,0.05137412505920487,0.1073734320500015,0.07136465383601465,0.15992084189679845,3.0,RFS,InD,METABRIC,DeepSurv,41
3,197,0.09215414524078369,0.11780585249972997,0.07989670350258038,0.171944985904521,3.0,RFS,InD,METABRIC,DeepSurv,41
4,198,0.1402204241415467,0.11856342508101436,0.0804224694323642,0.17301352675258597,3.0,RFS,InD,METABRIC,DeepSurv,41
5,198,0.22949003255126452,0.1651985192929215,0.11980438557049133,0.22545724377825294,3.0,RFS,InD,METABRIC,DeepSurv,41
1,198,0.047769619659944015,0.10780346092016435,0.07165074318876186,0.1605534599121332,5.0,RFS,InD,METABRIC,DeepSurv,41
2,198,0.12253853678703308,0.18528525448118904,0.13730938058533515,0.2474601950640779,5.0,RFS,InD,METABRIC,DeepSurv,41
3,197,0.21317752333461937,0.2050325506546704,0.15480704401486978,0.26877450327629215,5.0,RFS,InD,METABRIC,DeepSurv,41
4,198,0.3124784706818937,0.26892613492013506,0.21212152348094127,0.3373819619310061,5.0,RFS,InD,METABRIC,DeepSurv,41
5,198,0.46780671871671775,0.30699703647992016,0.2469704960483613,0.3775668817178286,5.0,RFS,InD,METABRIC,DeepSurv,41
1,198,0.11141348396888887,0.23263722893291072,0.17786918592261325,0.30092820110380003,10.0,RFS,InD,METABRIC,DeepSurv,41
2,198,0.2708902389112145,0.34219999732592743,0.27798427016291727,0.4164576162798622,10.0,RFS,InD,METABRIC,DeepSurv,41
3,197,0.4401864447266922,0.42739600322660876,0.35967900288713506,0.502103173100396,10.0,RFS,InD,METABRIC,DeepSurv,41
4,198,0.5961262251090522,0.4752792676197397,0.40609554502964085,0.5498531823114914,10.0,RFS,InD,METABRIC,DeepSurv,41
5,198,0.7695898871958218,0.47773197016020386,0.4081353866415889,0.5526925710887642,10.0,RFS,InD,METABRIC,DeepSurv,41
1,198,0.031064459169753873,0.04094919217687076,0.02069116650017966,0.08021192707655234,3.0,RFS,InD,METABRIC,DeepSurv,42
2,198,0.06380200205427228,0.08728446494403952,0.0551824185088573,0.1366624387184111,3.0,RFS,InD,METABRIC,DeepSurv,42
3,197,0.09790595775933435,0.1082576906024374,0.07196203258160061,0.1612022490401066,3.0,RFS,InD,METABRIC,DeepSurv,42
4,198,0.14168782155923168,0.1225141041349691,0.08384840534665206,0.17720486217501874,3.0,RFS,InD,METABRIC,DeepSurv,42
5,198,0.22290473694753166,0.1831225609577184,0.13568011183817408,0.2446523801610092,3.0,RFS,InD,METABRIC,DeepSurv,42
1,198,0.0658378465609117,0.10269315186363526,0.06750248637228151,0.15464625248415131,5.0,RFS,InD,METABRIC,DeepSurv,42
2,198,0.1328523535319049,0.18113972244088827,0.13356939160152337,0.24312025842851237,5.0,RFS,InD,METABRIC,DeepSurv,42
3,197,0.19968814807494883,0.27527392907857884,0.2177901210637675,0.34427248247609565,5.0,RFS,InD,METABRIC,DeepSurv,42
4,198,0.28124708117860736,0.2821715246694906,0.22445221338661792,0.3510469200609375,5.0,RFS,InD,METABRIC,DeepSurv,42
5,198,0.41798536645041573,0.3113119920425267,0.251534646356702,0.3812886964946952,5.0,RFS,InD,METABRIC,DeepSurv,42
1,198,0.15271845189007846,0.29021302511583713,0.2289610137131286,0.36359165553566375,10.0,RFS,InD,METABRIC,DeepSurv,42
2,198,0.2943467780797168,0.3453135397592305,0.2805189420505755,0.42017285711305274,10.0,RFS,InD,METABRIC,DeepSurv,42
3,197,0.41994578069841804,0.4820475488573316,0.4124760118216215,0.5568170377222396,10.0,RFS,InD,METABRIC,DeepSurv,42
4,198,0.5537866710713415,0.49223795211221344,0.42301820313866945,0.5662288464532627,10.0,RFS,InD,METABRIC,DeepSurv,42
5,198,0.727646641809531,0.5231421925229134,0.4532478988559264,0.5967908626255416,10.0,RFS,InD,METABRIC,DeepSurv,42
1,198,0.02076674350584396,0.030695227310911566,0.013907302327271442,0.0670475054917915,3.0,RFS,InD,METABRIC,DeepSurv,43
2,198,0.04953686125350721,0.08238997497192813,0.05130155937030645,0.13097248557600538,3.0,RFS,InD,METABRIC,DeepSurv,43
3,197,0.08031989656729141,0.13855410241413002,0.09718527781947095,0.1955266344124501,3.0,RFS,InD,METABRIC,DeepSurv,43
4,198,0.12995845741695827,0.11304102876527922,0.07592335924036508,0.1665971777443882,3.0,RFS,InD,METABRIC,DeepSurv,43
5,198,0.27027594606683714,0.15953677066292526,0.11499171168931421,0.21907713105740112,3.0,RFS,InD,METABRIC,DeepSurv,43
1,198,0.04990724270994013,0.06171547555401258,0.03552401532806304,0.10612557989386817,5.0,RFS,InD,METABRIC,DeepSurv,43
2,198,0.11673266117018882,0.15019050158034464,0.10687642470398473,0.20889167547696852,5.0,RFS,InD,METABRIC,DeepSurv,43
3,197,0.18500373024625827,0.23753668889892965,0.18365224283132087,0.30404267834228915,5.0,RFS,InD,METABRIC,DeepSurv,43
4,198,0.2879701353082753,0.30406784550093746,0.24455247145014802,0.37410424987287105,5.0,RFS,InD,METABRIC,DeepSurv,43
5,198,0.5207523142053473,0.3069143862612931,0.24688021098340374,0.37749967534089823,5.0,RFS,InD,METABRIC,DeepSurv,43
1,198,0.11047519758494213,0.2570900306010442,0.19891823026025712,0.3284678196611338,10.0,RFS,InD,METABRIC,DeepSurv,43
2,198,0.2478103902604845,0.34491683117664407,0.2803638442648495,0.41947567747896763,10.0,RFS,InD,METABRIC,DeepSurv,43
3,197,0.3745962175620994,0.41343849087692985,0.3465855319605432,0.487670882553906,10.0,RFS,InD,METABRIC,DeepSurv,43
4,198,0.54010724614967,0.5126836614985661,0.44259639393084316,0.5869194570753122,10.0,RFS,InD,METABRIC,DeepSurv,43
5,198,0.7954283114740974,0.528485076607156,0.4572548291206958,0.6034220746321066,10.0,RFS,InD,METABRIC,DeepSurv,43
1,198,0.027438138169471663,0.0566382007935341,0.0317683829532911,0.09994609995811088,3.0,RFS,InD,METABRIC,DeepSurv,44
2,198,0.054334698903440226,0.10152284263959388,0.06672203982941727,0.15292791474755962,3.0,RFS,InD,METABRIC,DeepSurv,44
3,197,0.08507962729120012,0.11302080224979094,0.07590856375658317,0.16657022917294717,3.0,RFS,InD,METABRIC,DeepSurv,44
4,198,0.12440193331602847,0.1479370037745673,0.10524879174890711,0.2058388717366414,3.0,RFS,InD,METABRIC,DeepSurv,44
5,198,0.23218992051452098,0.16485713245965117,0.11954263786792052,0.22502202016649286,3.0,RFS,InD,METABRIC,DeepSurv,44
1,198,0.05922987364759349,0.12466554757327486,0.08534163934805417,0.1802386916336467,5.0,RFS,InD,METABRIC,DeepSurv,44
2,198,0.1155369941032294,0.16275562001450328,0.11799688666382868,0.22222687572610933,5.0,RFS,InD,METABRIC,DeepSurv,44
3,197,0.17751365779015013,0.22338768923716135,0.17079688598679799,0.2891270411240713,5.0,RFS,InD,METABRIC,DeepSurv,44
4,198,0.2529916266600291,0.26108726570850926,0.2052176207848322,0.32873702001708316,5.0,RFS,InD,METABRIC,DeepSurv,44
5,198,0.4336652111901779,0.3593256303739215,0.295912293420711,0.4316426043461825,5.0,RFS,InD,METABRIC,DeepSurv,44
1,198,0.14075323668393222,0.24909285751023702,0.19261153042305257,0.31858200533557235,10.0,RFS,InD,METABRIC,DeepSurv,44
2,198,0.2637862231996324,0.33308257167372046,0.2704464586579398,0.40572341026120373,10.0,RFS,InD,METABRIC,DeepSurv,44
3,197,0.3858585161000944,0.4224268853193408,0.35496873063050494,0.49702458576085473,10.0,RFS,InD,METABRIC,DeepSurv,44
4,198,0.5160074986592688,0.5109081019690069,0.4403427465722074,0.5857448315208769,10.0,RFS,InD,METABRIC,DeepSurv,44
5,198,0.7431545250501126,0.4874283757863269,0.4183551111136171,0.5614261769851348,10.0,RFS,InD,METABRIC,DeepSurv,44
1,198,0.021905509209392045,0.055661881977671634,0.031215813849503893,0.09825658037198859,3.0,RFS,InD,METABRIC,ENCox,40
2,198,0.04968373402200564,0.10614525139664832,0.0705342576470922,0.15814207930385593,3.0,RFS,InD,METABRIC,ENCox,40
3,197,0.08193630494442083,0.10256980553635286,0.06742251657350917,0.1544601844454122,3.0,RFS,InD,METABRIC,ENCox,40
4,198,0.13478482010388615,0.1543802701433984,0.11057599312620003,0.21333817666987243,3.0,RFS,InD,METABRIC,ENCox,40
5,198,0.31659470748796004,0.1737099339151712,0.12738209355242736,0.23448129952257568,3.0,RFS,InD,METABRIC,ENCox,40
1,198,0.0507780701825113,0.15300224168507448,0.10955915682313944,0.21151071069547356,5.0,RFS,InD,METABRIC,ENCox,40
2,198,0.11314058183419584,0.16730335000875973,0.12198136739715726,0.22715451344839854,5.0,RFS,InD,METABRIC,ENCox,40
3,197,0.18242334895932735,0.1801271032316104,0.1328187753720662,0.24178485774155434,5.0,RFS,InD,METABRIC,ENCox,40
4,198,0.28832586395620097,0.24906530757705303,0.19392731602166202,0.31653500893870745,5.0,RFS,InD,METABRIC,ENCox,40
5,198,0.5670464125648846,0.31335864265027846,0.2532385492175575,0.3836882143434118,5.0,RFS,InD,METABRIC,ENCox,40
1,198,0.1294921383713231,0.26012575230694224,0.20379173999316313,0.3285284635526785,10.0,RFS,InD,METABRIC,ENCox,40
2,198,0.27446747518549064,0.3564835778427259,0.2921382763957653,0.4301578777926256,10.0,RFS,InD,METABRIC,ENCox,40
3,197,0.4161635029134412,0.380843681021132,0.3130167793628955,0.4578060551305769,10.0,RFS,InD,METABRIC,ENCox,40
4,198,0.5940731845118783,0.5149523653903243,0.44372652059034257,0.5903815364178367,10.0,RFS,InD,METABRIC,ENCox,40
5,198,0.8672536308719621,0.5231478246784971,0.4535384904104469,0.5964802184471867,10.0,RFS,InD,METABRIC,ENCox,40
1,198,0.05950428530423328,0.056122448979591955,0.03147813878877803,0.0990486448815483,3.0,RFS,InD,METABRIC,ENCox,41
2,198,0.0838292171858778,0.04081849676406324,0.020624456976639394,0.07996115925175407,3.0,RFS,InD,METABRIC,ENCox,41
3,197,0.10201980982940209,0.12011612375648684,0.08149195498431483,0.17521959544385235,3.0,RFS,InD,METABRIC,ENCox,41
4,198,0.12449798439488266,0.15243268916792818,0.10915483460305353,0.21072636517073962,3.0,RFS,InD,METABRIC,ENCox,41
5,198,0.18056889811549523,0.20607571095525934,0.15559199426492987,0.2701284962207696,3.0,RFS,InD,METABRIC,ENCox,41
1,198,0.1364917734054604,0.11757628866799452,0.07973671341918331,0.17162252616895546,5.0,RFS,InD,METABRIC,ENCox,41
2,198,0.1891535090075599,0.10775321117275305,0.07162028188933434,0.16047322122812113,5.0,RFS,InD,METABRIC,ENCox,41
3,197,0.22717219772677735,0.19928905302181776,0.14921138317322957,0.2633872214400196,5.0,RFS,InD,METABRIC,ENCox,41
4,198,0.27264895974987685,0.26520092943015927,0.20906211776022054,0.33295053469961755,5.0,RFS,InD,METABRIC,ENCox,41
5,198,0.375280670294858,0.3848401204090428,0.32014044577101153,0.4576234285478529,5.0,RFS,InD,METABRIC,ENCox,41
1,198,0.2845539664379274,0.27010597802689107,0.2117208860969808,0.3407815040248102,10.0,RFS,InD,METABRIC,ENCox,41
2,198,0.3810104926427205,0.2894893518087005,0.2297204468004399,0.3607987026793459,10.0,RFS,InD,METABRIC,ENCox,41
3,197,0.44539323010420434,0.41340903162008347,0.34506026338158347,0.48949046821054054,10.0,RFS,InD,METABRIC,ENCox,41
4,198,0.5170849826600816,0.4542377838866045,0.38528038422064037,0.5293539660515066,10.0,RFS,InD,METABRIC,ENCox,41
5,198,0.6521597943001785,0.5300885094231029,0.46034228360012386,0.6033302443751656,10.0,RFS,InD,METABRIC,ENCox,41
1,198,0.08527864410419657,0.03630063420621921,0.017471700831415138,0.07463553044588589,3.0,RFS,InD,METABRIC,ENCox,42
2,198,0.10064094295405378,0.09620266839518188,0.06246814749035279,0.14667466063007584,3.0,RFS,InD,METABRIC,ENCox,42
3,197,0.11139590425539743,0.07220711683649228,0.043409002574216315,0.11888596191742873,3.0,RFS,InD,METABRIC,ENCox,42
4,198,0.12304220566845904,0.13193473193473204,0.09181183720261588,0.18768999234303096,3.0,RFS,InD,METABRIC,ENCox,42
5,198,0.15120806537493311,0.20480011566543788,0.15461885344749993,0.2684941810000301,3.0,RFS,InD,METABRIC,ENCox,42
1,198,0.1675437366721606,0.13653779668303823,0.0950722835280079,0.19404938673377936,5.0,RFS,InD,METABRIC,ENCox,42
2,198,0.19612009447030346,0.15264988857240336,0.1093024016303541,0.21103749671571315,5.0,RFS,InD,METABRIC,ENCox,42
3,197,0.2157832807695805,0.1914539531663101,0.14262128294465803,0.25435696766920957,5.0,RFS,InD,METABRIC,ENCox,42
4,198,0.23678445093559497,0.2644289044289041,0.20844274385294181,0.33201057722539395,5.0,RFS,InD,METABRIC,ENCox,42
5,198,0.28598125023071214,0.40724748926711074,0.3418445108488791,0.47994987570009484,5.0,RFS,InD,METABRIC,ENCox,42
1,198,0.3361933451108258,0.2971023859412004,0.23447077844840936,0.37197051255146873,10.0,RFS,InD,METABRIC,ENCox,42
2,198,0.38632844253019855,0.35984290905568783,0.29559893687073924,0.4332158708278212,10.0,RFS,InD,METABRIC,ENCox,42
3,197,0.4194116135539137,0.39311532358323364,0.32639398944486986,0.46807852540859785,10.0,RFS,InD,METABRIC,ENCox,42
4,198,0.4535933868451552,0.5136579436564521,0.4438935920561329,0.5874972127838116,10.0,RFS,InD,METABRIC,ENCox,42
5,198,0.5279087735847994,0.5683920556733589,0.4979876172968243,0.6410163299427989,10.0,RFS,InD,METABRIC,ENCox,42
1,198,0.06548212483675793,0.04082330292725933,0.02062607406017347,0.07997352222816267,3.0,RFS,InD,METABRIC,ENCox,43
2,198,0.08742788193201778,0.06699840279155234,0.03946104155298247,0.11259274397899355,3.0,RFS,InD,METABRIC,ENCox,43
3,197,0.10544069013014663,0.08802581010743538,0.055655477482331794,0.13779983373808402,3.0,RFS,InD,METABRIC,ENCox,43
4,198,0.12980413828233275,0.1391123043665381,0.09757886766753965,0.19630113264476512,3.0,RFS,InD,METABRIC,ENCox,43
5,198,0.18834397166666358,0.1887755102040819,0.1405757441583706,0.2509267734573092,3.0,RFS,InD,METABRIC,ENCox,43
1,198,0.14435922798484263,0.10317701379482236,0.06781779339677318,0.15537261121390744,5.0,RFS,InD,METABRIC,ENCox,43
2,198,0.19006296901991873,0.15034185996842753,0.10699221923916025,0.20908479317897366,5.0,RFS,InD,METABRIC,ENCox,43
3,197,0.22642223756325427,0.16690000339937505,0.12106435279913619,0.22770464329020457,5.0,RFS,InD,METABRIC,ENCox,43
4,198,0.2740347653326362,0.26976844571780234,0.21277342136648258,0.3384415796437139,5.0,RFS,InD,METABRIC,ENCox,43
5,198,0.37998031139975846,0.36855994950042126,0.30521266478537645,0.4403559771317307,5.0,RFS,InD,METABRIC,ENCox,43
1,198,0.28015204571714303,0.24606984955541011,0.18959768180753533,0.3157996837004048,10.0,RFS,InD,METABRIC,ENCox,43
2,198,0.359337426195241,0.3252876365864156,0.26240277361647224,0.39870570553230755,10.0,RFS,InD,METABRIC,ENCox,43
3,197,0.418561349665453,0.43100288325750824,0.3618244068814629,0.5073365999904776,10.0,RFS,InD,METABRIC,ENCox,43
4,198,0.4913619487273573,0.45138611106716287,0.3825301593413538,0.5264943802973989,10.0,RFS,InD,METABRIC,ENCox,43
5,198,0.631794264972812,0.5978668159588386,0.527911308970626,0.6689963120096232,10.0,RFS,InD,METABRIC,ENCox,43
1,198,0.044194077903574165,0.07115677984992907,0.04276837151519863,0.11719950726847173,3.0,RFS,InD,METABRIC,ENCox,44
2,198,0.07528064979447259,0.10787623029891069,0.07170495888100992,0.16064815297796664,3.0,RFS,InD,METABRIC,ENCox,44
3,197,0.10074048387217642,0.08158459364697268,0.05079453431412606,0.12971976911333916,3.0,RFS,InD,METABRIC,ENCox,44
4,198,0.13494327754685373,0.139532926572691,0.09788113057034187,0.19687392055644282,3.0,RFS,InD,METABRIC,ENCox,44
5,198,0.22798414227336344,0.18471487780427476,0.13687990618929746,0.2467193968014093,3.0,RFS,InD,METABRIC,ENCox,44
1,198,0.09406026264633795,0.10226317108654037,0.06720815954936377,0.15403151107349222,5.0,RFS,InD,METABRIC,ENCox,44
2,198,0.15739564492244912,0.19597407636150577,0.14666065107630488,0.2591751628575175,5.0,RFS,InD,METABRIC,ENCox,44
3,197,0.20736400518320539,0.18939724216166065,0.14103947619603152,0.2517415398424986,5.0,RFS,InD,METABRIC,ENCox,44
4,198,0.27172991392588375,0.286734333365118,0.2281987591208895,0.3564727996264523,5.0,RFS,InD,METABRIC,ENCox,44
5,198,0.4262769165815729,0.3573476470456022,0.29420713213917016,0.42940550569677394,5.0,RFS,InD,METABRIC,ENCox,44
1,198,0.2161127401120735,0.27307210672466287,0.2140542271771676,0.3444537410859534,10.0,RFS,InD,METABRIC,ENCox,44
2,198,0.345313923527496,0.3994073770064739,0.33223393511079446,0.4746522991453139,10.0,RFS,InD,METABRIC,ENCox,44
3,197,0.43735121954516104,0.3840156504231178,0.3187951788218718,0.4574957893517263,10.0,RFS,InD,METABRIC,ENCox,44
4,198,0.5432076607689713,0.4455235315654812,0.37690932749682715,0.5205767115508493,10.0,RFS,InD,METABRIC,ENCox,44
5,198,0.733414691882302,0.5033431677360047,0.43381569063354164,0.5772838392597048,10.0,RFS,InD,METABRIC,ENCox,44
1,198,0.0488222548455903,0.10195453358510265,0.06700857695182849,0.15356474352612604,3.0,RFS,InD,METABRIC,LH,40
2,198,0.07618233712032588,0.13265306122448994,0.0923239462460902,0.1886763862129961,3.0,RFS,InD,METABRIC,LH,40
3,197,0.09807775922233078,0.07677974592885728,0.04701160955251493,0.12412962414669726,3.0,RFS,InD,METABRIC,LH,40
4,198,0.12690801933558302,0.13204645896212341,0.09188282519834312,0.18786014829034592,3.0,RFS,InD,METABRIC,LH,40
5,198,0.19141889160329645,0.14789263877997316,0.10521551525194106,0.205781026867085,3.0,RFS,InD,METABRIC,LH,40
1,198,0.0928966198304687,0.1181557457745468,0.08013013268641067,0.17245768937797312,5.0,RFS,InD,METABRIC,LH,40
2,198,0.15044038614841423,0.16255960621442844,0.11785291248643792,0.22196575922124073,5.0,RFS,InD,METABRIC,LH,40
3,197,0.20148844434525157,0.19261997197878566,0.1434838078005385,0.25589621810056207,5.0,RFS,InD,METABRIC,LH,40
4,198,0.2784409836085156,0.2208883747866459,0.16883146501956758,0.2860204550460054,5.0,RFS,InD,METABRIC,LH,40
5,198,0.5284606697075446,0.36690000947640244,0.30375672393902375,0.438510322470236,5.0,RFS,InD,METABRIC,LH,40
1,198,0.1657590778789135,0.2537017656013911,0.19807580636568745,0.32154069773086436,10.0,RFS,InD,METABRIC,LH,40
2,198,0.30165670646561515,0.409851824048427,0.3423911063239754,0.48498978920672675,10.0,RFS,InD,METABRIC,LH,40
3,197,0.4443249818939848,0.3839992031977607,0.31758079955197105,0.4590034275831668,10.0,RFS,InD,METABRIC,LH,40
4,198,0.656458513980562,0.4508783733042916,0.3818171454543978,0.5262510374302792,10.0,RFS,InD,METABRIC,LH,40
5,198,0.9164469862112617,0.5388486695006958,0.4669428851292904,0.6141496487297231,10.0,RFS,InD,METABRIC,LH,40
1,198,0.04475837795421331,0.09347285606848155,0.05994227408756392,0.144265825216073,3.0,RFS,InD,METABRIC,LH,41
2,198,0.07477864322036204,0.09653130287648037,0.062686292144433,0.14715952392522458,3.0,RFS,InD,METABRIC,LH,41
3,197,0.10089768492025772,0.11836879619157858,0.0802853638150337,0.17274315955490815,3.0,RFS,InD,METABRIC,LH,41
4,198,0.13337311359366985,0.12789703382977213,0.08829229119148763,0.18339354894415638,3.0,RFS,InD,METABRIC,LH,41
5,198,0.21761469558031873,0.13821582109640285,0.09694219819624073,0.19506587521400476,3.0,RFS,InD,METABRIC,LH,41
1,198,0.08172160627866032,0.1450849404440564,0.10253203484503837,0.2031910430829157,5.0,RFS,InD,METABRIC,LH,41
2,198,0.13720226618978712,0.1335675733582783,0.09296449758473269,0.18995401508016774,5.0,RFS,InD,METABRIC,LH,41
3,197,0.19640145235255285,0.19721382696475565,0.14762152640184079,0.2607392394266662,5.0,RFS,InD,METABRIC,LH,41
4,198,0.2903005727613815,0.24259846447679512,0.18822775935104652,0.30942802151303983,5.0,RFS,InD,METABRIC,LH,41
5,198,0.5659380082906497,0.3526310007503656,0.29018657719403085,0.4240098404404328,5.0,RFS,InD,METABRIC,LH,41
1,198,0.18876157836480575,0.2628757506995474,0.205487065533413,0.3326279784394145,10.0,RFS,InD,METABRIC,LH,41
2,198,0.34061532249354354,0.3024438248959751,0.24137885252673297,0.37473802428983116,10.0,RFS,InD,METABRIC,LH,41
3,197,0.5121689283000637,0.40276697489182134,0.33578703764007223,0.47761913265102696,10.0,RFS,InD,METABRIC,LH,41
4,198,0.7204337009426319,0.48721717913416074,0.41665097250740635,0.5629378189614886,10.0,RFS,InD,METABRIC,LH,41
5,198,0.9179383067580557,0.5024854856061975,0.4327222803786821,0.5767235870400311,10.0,RFS,InD,METABRIC,LH,41
1,198,0.042586565619767314,0.10651032699150631,0.07078079641925039,0.15867149365197486,3.0,RFS,InD,METABRIC,LH,42
2,198,0.07145489044863769,0.08165259643312761,0.05083507667661813,0.12983109710171947,3.0,RFS,InD,METABRIC,LH,42
3,197,0.09587685771399948,0.08775057025030586,0.05548380145725418,0.13736822249035907,3.0,RFS,InD,METABRIC,LH,42
4,198,0.12468729687459541,0.12787111070131985,0.08827424412698204,0.1833571058021326,3.0,RFS,InD,METABRIC,LH,42
5,198,0.18396754066149393,0.13886437952400044,0.09740898502376294,0.19594780433758707,3.0,RFS,InD,METABRIC,LH,42
1,198,0.07540776542942933,0.1701365126233022,0.12409154038830794,0.23087620218105487,5.0,RFS,InD,METABRIC,LH,42
2,198,0.13222024627406187,0.14857817928787131,0.10570367376877077,0.2067227030272929,5.0,RFS,InD,METABRIC,LH,42
3,197,0.1808997885829906,0.22724311027078692,0.17441689950649186,0.29300365814871,5.0,RFS,InD,METABRIC,LH,42
4,198,0.25643061899175545,0.2253894213824189,0.17294116565154782,0.2907275114365616,5.0,RFS,InD,METABRIC,LH,42
5,198,0.5761752696331552,0.382838894145616,0.3184251988814738,0.45534926683676646,5.0,RFS,InD,METABRIC,LH,42
1,198,0.1977195092523941,0.27033634326445777,0.21194235856908195,0.3410078231648296,10.0,RFS,InD,METABRIC,LH,42
2,198,0.3788285685910119,0.3179199964345263,0.25629593390472316,0.39004534614327735,10.0,RFS,InD,METABRIC,LH,42
3,197,0.54905244299603,0.43564865439131784,0.3666446711598559,0.5115743145182801,10.0,RFS,InD,METABRIC,LH,42
4,198,0.7618341568594027,0.534681975996316,0.46374515793520155,0.609071323899637,10.0,RFS,InD,METABRIC,LH,42
5,198,0.9615176796979943,0.5849825462286727,0.5133272344928722,0.6583370505251709,10.0,RFS,InD,METABRIC,LH,42
1,198,0.04337498997197007,0.08165259643312761,0.05083507667661813,0.12983109710171947,3.0,RFS,InD,METABRIC,LH,43
2,198,0.06594213903552354,0.06701030927835039,0.039470505263873856,0.11260581683062221,3.0,RFS,InD,METABRIC,LH,43
3,197,0.08553790077945303,0.13914893599856826,0.09759975453559311,0.19636132406521145,3.0,RFS,InD,METABRIC,LH,43
4,198,0.11285013411984299,0.11435543731070852,0.07681572987786223,0.16849198960178868,3.0,RFS,InD,METABRIC,LH,43
5,198,0.17114973128444017,0.12180478251906812,0.08335396773980208,0.17620859143982526,3.0,RFS,InD,METABRIC,LH,43
1,198,0.06931629867264719,0.11215101522842641,0.07531697669655835,0.16531831287686816,5.0,RFS,InD,METABRIC,LH,43
2,198,0.11284885984478575,0.13907629383660847,0.09755373138907308,0.19625068790439015,5.0,RFS,InD,METABRIC,LH,43
3,197,0.1634071127412283,0.1890709018444351,0.14018462924921093,0.252333824105511,5.0,RFS,InD,METABRIC,LH,43
4,198,0.25222552214005983,0.2983180985427406,0.23923359539336997,0.36810087658956203,5.0,RFS,InD,METABRIC,LH,43
5,198,0.6039562657571896,0.3233265510770893,0.26211093951588416,0.3945882836691349,5.0,RFS,InD,METABRIC,LH,43
1,198,0.12909581083239932,0.26178707695005143,0.20512965999943777,0.3305427640093901,10.0,RFS,InD,METABRIC,LH,43
2,198,0.25649401455214527,0.3125522509341474,0.25018492393807223,0.3860254937090394,10.0,RFS,InD,METABRIC,LH,43
3,197,0.4241023564399196,0.45100544984001845,0.38127228460842555,0.5271734827828503,10.0,RFS,InD,METABRIC,LH,43
4,198,0.6934573922042895,0.5101628828885585,0.43932127517614405,0.5853376136373641,10.0,RFS,InD,METABRIC,LH,43
5,198,0.9630504086658735,0.5300644017935351,0.4585664201190317,0.6052395562790507,10.0,RFS,InD,METABRIC,LH,43
1,198,0.04290143257439739,0.10684450934139911,0.07100362862150233,0.1591621306514991,3.0,RFS,InD,METABRIC,LH,44
2,198,0.0642589144032411,0.10708413897297553,0.07116896163556363,0.15950210707949763,3.0,RFS,InD,METABRIC,LH,44
3,197,0.08245584504858491,0.14544229000765707,0.10278578679511086,0.20368321713577353,3.0,RFS,InD,METABRIC,LH,44
4,198,0.10726689630084568,0.08219729489288363,0.05118075566103386,0.13067159548084128,3.0,RFS,InD,METABRIC,LH,44
5,198,0.1595955707810142,0.14276924429208693,0.1008618826095623,0.2000490103526943,3.0,RFS,InD,METABRIC,LH,44
1,198,0.07693880796432495,0.13748945633003617,0.09641670689444648,0.1940831655717974,5.0,RFS,InD,METABRIC,LH,44
2,198,0.11705883103187638,0.17503202966377995,0.12836685964076433,0.23621748845842394,5.0,RFS,InD,METABRIC,LH,44
3,197,0.15652858515076226,0.21391859673331903,0.16229120340014014,0.2790275684232404,5.0,RFS,InD,METABRIC,LH,44
4,198,0.21974777814113733,0.30775628829154655,0.24759057159868203,0.37847343249513044,5.0,RFS,InD,METABRIC,LH,44
5,198,0.39309420763994707,0.297816858341291,0.23883724311274568,0.3674838145209596,5.0,RFS,InD,METABRIC,LH,44
1,198,0.15964258770750026,0.3362814670563027,0.2724746956994616,0.41031937413872477,10.0,RFS,InD,METABRIC,LH,44
2,198,0.27898576554625926,0.340944367176522,0.27714530606641796,0.41471387719040986,10.0,RFS,InD,METABRIC,LH,44
3,197,0.41549487328771406,0.40053404673298354,0.33439905963031336,0.47442988074915937,10.0,RFS,InD,METABRIC,LH,44
4,198,0.6130433070539224,0.46142879731358355,0.39274801419069194,0.5359393047068614,10.0,RFS,InD,METABRIC,LH,44
5,198,0.8674512246660089,0.46458097457410985,0.3955705312482184,0.5393580971277244,10.0,RFS,InD,METABRIC,LH,44
1,198,0.01582049050764604,0.045868438955465995,0.024132910052520606,0.08629519951018128,3.0,RFS,InD,METABRIC,MTLR,40
2,198,0.03172457760030573,0.08117068117068116,0.05053260482886701,0.12907915331404995,3.0,RFS,InD,METABRIC,MTLR,40
3,197,0.04988572319146945,0.07719975014092662,0.047273129328960994,0.1247901557014156,3.0,RFS,InD,METABRIC,MTLR,40
4,198,0.0772358699880465,0.1625061565181326,0.11781353137413686,0.22189477058787277,3.0,RFS,InD,METABRIC,MTLR,40
5,198,0.1308479044172499,0.2247154394363574,0.17239855282662808,0.28990920677474896,3.0,RFS,InD,METABRIC,MTLR,40
1,198,0.032818182249261876,0.07728126960684767,0.04731937295830346,0.12492976722093885,5.0,RFS,InD,METABRIC,MTLR,40
2,198,0.07609919797290456,0.14913274740535332,0.10610382327347145,0.20747472670653,5.0,RFS,InD,METABRIC,MTLR,40
3,197,0.12724698467303047,0.20665297600919352,0.15605892676187083,0.27082530168646923,5.0,RFS,InD,METABRIC,MTLR,40
4,198,0.21553290131116154,0.22839819044844356,0.17585827318841452,0.29361603861710694,5.0,RFS,InD,METABRIC,MTLR,40
5,198,0.44299643208282163,0.4008383542168985,0.33575985712895084,0.47340555187719635,5.0,RFS,InD,METABRIC,MTLR,40
1,198,0.10160865055190192,0.23826369266735092,0.18355144771424092,0.3059724412825282,10.0,RFS,InD,METABRIC,MTLR,40
2,198,0.24278931966935746,0.3316672075222866,0.26889521336918654,0.40456919199288033,10.0,RFS,InD,METABRIC,MTLR,40
3,197,0.37327679734544705,0.3910980473062369,0.3236038281766761,0.4671331853996229,10.0,RFS,InD,METABRIC,MTLR,40
4,198,0.5209769576486915,0.4971270484132535,0.4265875652740383,0.5724433216018328,10.0,RFS,InD,METABRIC,MTLR,40
5,198,0.7577514931409046,0.5778591454350847,0.5067662032612508,0.6508788360653119,10.0,RFS,InD,METABRIC,MTLR,40
1,198,0.022340996698899704,0.08240032219089821,0.05131061832226769,0.1309823645841236,3.0,RFS,InD,METABRIC,MTLR,41
2,198,0.039612150553501015,0.1021255147563489,0.06712099417508022,0.1538192949589342,3.0,RFS,InD,METABRIC,MTLR,41
3,197,0.05402038272867348,0.0819948469871804,0.05105123105568521,0.13036177736087762,3.0,RFS,InD,METABRIC,MTLR,41
4,198,0.07449942827224731,0.12691701362221608,0.08760359631994907,0.18202831947338982,3.0,RFS,InD,METABRIC,MTLR,41
5,198,0.1266029275426961,0.18224418854218916,0.1344246115482033,0.24451460000188086,3.0,RFS,InD,METABRIC,MTLR,41
1,198,0.03817799446558712,0.1180498716638465,0.08006083357454297,0.1722998346916811,5.0,RFS,InD,METABRIC,MTLR,41
2,198,0.07687905882344101,0.15413294188804427,0.11039594524927854,0.21300576575508767,5.0,RFS,InD,METABRIC,MTLR,41
3,197,0.12128076940623637,0.1805681294624436,0.1331385513716986,0.24237861516678494,5.0,RFS,InD,METABRIC,MTLR,41
4,198,0.212957094113032,0.287826537974497,0.2296092761061418,0.3570440655712518,5.0,RFS,InD,METABRIC,MTLR,41
5,198,0.44555184485936405,0.33379183533070955,0.2718966458189076,0.405400676259723,5.0,RFS,InD,METABRIC,MTLR,41
1,198,0.07740021805570584,0.27442168367947106,0.2151766453993591,0.3460352855604998,10.0,RFS,InD,METABRIC,MTLR,41
2,198,0.20057354400856325,0.2893641236531356,0.2290642381207708,0.3614388468310644,10.0,RFS,InD,METABRIC,MTLR,41
3,197,0.35242045288763674,0.40293258775742924,0.33540742380847044,0.47845845102872486,10.0,RFS,InD,METABRIC,MTLR,41
4,198,0.5474362638261583,0.46008806430813876,0.3918577344093901,0.5341196721275537,10.0,RFS,InD,METABRIC,MTLR,41
5,198,0.8009993382776627,0.524111262535667,0.4545318152161232,0.5973769149600925,10.0,RFS,InD,METABRIC,MTLR,41
1,198,0.021086903533550225,0.06158107654941303,0.03544604559907061,0.10589871896961067,3.0,RFS,InD,METABRIC,MTLR,42
2,198,0.037474957680461385,0.08670467476081078,0.05481003285776642,0.13577846896648815,3.0,RFS,InD,METABRIC,MTLR,42
3,197,0.0516575774565566,0.09669232028819374,0.0627919446497267,0.14739982432459042,3.0,RFS,InD,METABRIC,MTLR,42
4,198,0.06995553831861477,0.10850695737104654,0.0721334459758981,0.16155701033449998,3.0,RFS,InD,METABRIC,MTLR,42
5,198,0.11526873015394115,0.18875350306683591,0.14055521073056787,0.2509047790844874,3.0,RFS,InD,METABRIC,MTLR,42
1,198,0.03150534328788218,0.11456175785893319,0.07695109207687101,0.16879916223844116,5.0,RFS,InD,METABRIC,MTLR,42
2,198,0.06709358577776436,0.14295576258834097,0.10099625224049003,0.2003024176154382,5.0,RFS,InD,METABRIC,MTLR,42
3,197,0.10902783471315645,0.18096012994329969,0.1334535300425248,0.2428541361150589,5.0,RFS,InD,METABRIC,MTLR,42
4,198,0.19881193204359573,0.2924717368961971,0.23392773212641949,0.36185748855932776,5.0,RFS,InD,METABRIC,MTLR,42
5,198,0.5249916495698871,0.42168641567126475,0.355797943822191,0.4943996863880976,5.0,RFS,InD,METABRIC,MTLR,42
1,198,0.09965060786767439,0.22408348920758792,0.16991874333210477,0.2922320958163842,10.0,RFS,InD,METABRIC,MTLR,42
2,198,0.23704909616046482,0.35912091096081644,0.29398686534078367,0.4336937155316437,10.0,RFS,InD,METABRIC,MTLR,42
3,197,0.4078635177031386,0.44752848642940435,0.3780302491620181,0.5235578193823887,10.0,RFS,InD,METABRIC,MTLR,42
4,198,0.6151716092018166,0.48739978406178774,0.4180226813525202,0.5617472063693233,10.0,RFS,InD,METABRIC,MTLR,42
5,198,0.856707017229061,0.6153909917698567,0.5455233425132746,0.685816466965116,10.0,RFS,InD,METABRIC,MTLR,42
1,198,0.015717621704544684,0.0661862274079158,0.03897559273752493,0.11126202426408027,3.0,RFS,InD,METABRIC,MTLR,43
2,198,0.025846055059721977,0.0708151029006645,0.04256108838518069,0.11664784861175337,3.0,RFS,InD,METABRIC,MTLR,43
3,197,0.03436322048835948,0.15520252380147614,0.11118768518893718,0.21441945631740045,3.0,RFS,InD,METABRIC,MTLR,43
4,198,0.043964854394546664,0.15970057164076878,0.11511573529178987,0.21928868072572794,3.0,RFS,InD,METABRIC,MTLR,43
5,198,0.06606853249097111,0.07294965486801974,0.04385956103982458,0.12008401353851339,3.0,RFS,InD,METABRIC,MTLR,43
1,198,0.022374186250898574,0.11211559401398186,0.07529031791102914,0.16527267256402822,5.0,RFS,InD,METABRIC,MTLR,43
2,198,0.04692069900156272,0.13796799278109095,0.09676210867624335,0.19473210956714504,5.0,RFS,InD,METABRIC,MTLR,43
3,197,0.08467986620017115,0.15414853792424688,0.109744222990391,0.21423418817187057,5.0,RFS,InD,METABRIC,MTLR,43
4,198,0.1719458347017115,0.29245608171509674,0.23391885833480952,0.3618332842002112,5.0,RFS,InD,METABRIC,MTLR,43
5,198,0.41004539138138896,0.3652074874099738,0.30141892806397486,0.4377285866232682,5.0,RFS,InD,METABRIC,MTLR,43
1,198,0.06237510388547724,0.20857414350026504,0.15677870983481867,0.2744888417151742,10.0,RFS,InD,METABRIC,MTLR,43
2,198,0.17588394187917614,0.3922978440274939,0.3257196959714269,0.46711785732773947,10.0,RFS,InD,METABRIC,MTLR,43
3,197,0.3223337152887722,0.4744054251397414,0.4032115945575113,0.551353352145591,10.0,RFS,InD,METABRIC,MTLR,43
4,198,0.4880080683664842,0.4317430369699078,0.3633962877041501,0.507035202026332,10.0,RFS,InD,METABRIC,MTLR,43
5,198,0.7425120391628959,0.5570833039020169,0.4860054537555475,0.6308257821416136,10.0,RFS,InD,METABRIC,MTLR,43
1,198,0.009243041878998881,0.12379115859664336,0.08473611808331727,0.17900312533453944,3.0,RFS,InD,METABRIC,MTLR,44
2,198,0.021861962597779554,0.11747011789242567,0.07965990282019275,0.17147913389571934,3.0,RFS,InD,METABRIC,MTLR,44
3,197,0.03265249759412659,0.0875248700426664,0.05533652010760326,0.13702965211508944,3.0,RFS,InD,METABRIC,MTLR,44
4,198,0.045043852895197245,0.10245038821141661,0.06733684453558775,0.1542980187788855,3.0,RFS,InD,METABRIC,MTLR,44
5,198,0.07191984280191287,0.15280559747564826,0.10942740959473451,0.2112256817189191,3.0,RFS,InD,METABRIC,MTLR,44
1,198,0.01788977902344983,0.12764316188490354,0.08811224825577457,0.1830431299932902,5.0,RFS,InD,METABRIC,MTLR,44
2,198,0.04725510724867233,0.16079056938904612,0.11591562704516145,0.22074165766815113,5.0,RFS,InD,METABRIC,MTLR,44
3,197,0.08632871493470246,0.19396890818007384,0.14452801083447564,0.25759974277667075,5.0,RFS,InD,METABRIC,MTLR,44
4,198,0.15344892035831104,0.2696921616161828,0.21269603785048063,0.33837224618245965,5.0,RFS,InD,METABRIC,MTLR,44
5,198,0.3629331076988066,0.37708537363801564,0.3134427431549637,0.44887313781150984,5.0,RFS,InD,METABRIC,MTLR,44
1,198,0.05975487647634564,0.28767667119747653,0.22761052604319998,0.3595328195265052,10.0,RFS,InD,METABRIC,MTLR,44
2,198,0.1838739664867671,0.3606316280539653,0.29506320858164137,0.4356953910304616,10.0,RFS,InD,METABRIC,MTLR,44
3,197,0.3262859340851682,0.3899782274074436,0.3232464005727237,0.46509974794884956,10.0,RFS,InD,METABRIC,MTLR,44
4,198,0.47607515406126927,0.4622934602575488,0.3941152340563179,0.5361807109968753,10.0,RFS,InD,METABRIC,MTLR,44
5,198,0.7272709948245926,0.501683656299654,0.4328615280637591,0.5748859260870132,10.0,RFS,InD,METABRIC,MTLR,44
1,198,0.09213054330662043,0.07575757575757591,0.04637816726555288,0.12251409883971998,3.0,RFS,InD,METABRIC,PCHazard,40
2,198,0.15533470174278877,0.07144579594537592,0.042944112984924954,0.11766502861844408,3.0,RFS,InD,METABRIC,PCHazard,40
3,197,0.21193651681018966,0.13461413704572545,0.0937118801293344,0.19138822280467105,3.0,RFS,InD,METABRIC,PCHazard,40
4,198,0.2892425900155848,0.11693243885922111,0.0792901735240702,0.17071361589407064,3.0,RFS,InD,METABRIC,PCHazard,40
5,198,0.5168294153467874,0.192934268159753,0.14432871368654254,0.25529949336819946,3.0,RFS,InD,METABRIC,PCHazard,40
1,198,0.09213054330662043,0.13687375956679193,0.09597771540249345,0.19323786923717545,5.0,RFS,InD,METABRIC,PCHazard,40
2,198,0.15533470174278877,0.15409682130624314,0.11036362302184188,0.21296813781279622,5.0,RFS,InD,METABRIC,PCHazard,40
3,197,0.21193651681018966,0.20900971117831857,0.15786128493026363,0.2738366652575458,5.0,RFS,InD,METABRIC,PCHazard,40
4,198,0.2892425900155848,0.2299842720575912,0.1771174321939022,0.29556939151830763,5.0,RFS,InD,METABRIC,PCHazard,40
5,198,0.5168294153467874,0.3315905728729651,0.2704518474230624,0.40230372853431595,5.0,RFS,InD,METABRIC,PCHazard,40
1,198,0.18420648936069373,0.2930086258113811,0.23366438690640023,0.36348648515298587,10.0,RFS,InD,METABRIC,PCHazard,40
2,198,0.33841262411589573,0.35741910060442306,0.2925709198950538,0.43170480867173355,10.0,RFS,InD,METABRIC,PCHazard,40
3,197,0.48315374439742964,0.3932177458816899,0.32617559729738155,0.46858118286910866,10.0,RFS,InD,METABRIC,PCHazard,40
4,198,0.6692278309903964,0.4166369485694613,0.34833781129893837,0.49251463271241414,10.0,RFS,InD,METABRIC,PCHazard,40
5,198,0.9184081407960054,0.5777402016088521,0.5062879725071667,0.6511428688947054,10.0,RFS,InD,METABRIC,PCHazard,40
1,198,0.05713293257385793,0.06153846153846143,0.035423803202331294,0.10581965359547074,3.0,RFS,InD,METABRIC,PCHazard,41
2,198,0.11143609189023876,0.060606060606060774,0.034879818325787126,0.10425427911228313,3.0,RFS,InD,METABRIC,PCHazard,41
3,197,0.17758029487532406,0.10430025485532268,0.06857565798137066,0.15700204984072474,3.0,RFS,InD,METABRIC,PCHazard,41
4,198,0.2794021518543513,0.1482586222875003,0.10547826664567539,0.20627982619189222,3.0,RFS,InD,METABRIC,PCHazard,41
5,198,0.5990141891789708,0.20112950340798452,0.15120486826083135,0.2647836468129431,3.0,RFS,InD,METABRIC,PCHazard,41
1,198,0.05713293257385793,0.1286713286713287,0.08883725722060754,0.18447036257554372,5.0,RFS,InD,METABRIC,PCHazard,41
2,198,0.11143609189023876,0.1265401265401267,0.0873365257833757,0.18150758666452538,5.0,RFS,InD,METABRIC,PCHazard,41
3,197,0.17758029487532406,0.19407556043719476,0.14461690345785638,0.2577239315691865,5.0,RFS,InD,METABRIC,PCHazard,41
4,198,0.2794021518543513,0.2928724658295959,0.23426862113557023,0.3623173297058828,5.0,RFS,InD,METABRIC,PCHazard,41
5,198,0.5990141891789708,0.3325226771895664,0.2707854926825427,0.4039875205696335,5.0,RFS,InD,METABRIC,PCHazard,41
1,198,0.15605698781784136,0.26868021153999233,0.21063115720918246,0.3389690243849959,10.0,RFS,InD,METABRIC,PCHazard,41
2,198,0.3132631844944424,0.3300316421283158,0.2675509733292918,0.4026316553356851,10.0,RFS,InD,METABRIC,PCHazard,41
3,197,0.47581193637726876,0.36599225952181247,0.30013110333484594,0.4411628371901011,10.0,RFS,InD,METABRIC,PCHazard,41
4,198,0.6797540543807877,0.4659551617632103,0.39669948545398925,0.5409671441423692,10.0,RFS,InD,METABRIC,PCHazard,41
5,198,0.9290926008380787,0.526206672492781,0.4557684381234549,0.6003495143397032,10.0,RFS,InD,METABRIC,PCHazard,41
1,198,0.033513922884006696,0.05628615211948562,0.03156998674388778,0.0993343650347176,3.0,RFS,InD,METABRIC,PCHazard,42
2,198,0.07028324465558987,0.07120588602070099,0.04279874416322782,0.1172772575225024,3.0,RFS,InD,METABRIC,PCHazard,42
3,197,0.11153302368173744,0.08200324454445562,0.05105944038574084,0.1303677000331943,3.0,RFS,InD,METABRIC,PCHazard,42
4,198,0.1769605077276326,0.13902271521365395,0.09751558170596852,0.1961770550608951,3.0,RFS,InD,METABRIC,PCHazard,42
5,198,0.3515174002057374,0.1944040817069893,0.1454555000964768,0.2571749056540259,3.0,RFS,InD,METABRIC,PCHazard,42
1,198,0.033513922884006696,0.11293177801279675,0.07584892562602297,0.16644020575883067,5.0,RFS,InD,METABRIC,PCHazard,42
2,198,0.07028324465558987,0.19472711052189928,0.1456900966773481,0.25760846569533236,5.0,RFS,InD,METABRIC,PCHazard,42
3,197,0.11153302368173744,0.22176985338154065,0.1695425070256944,0.2870882892024518,5.0,RFS,InD,METABRIC,PCHazard,42
4,198,0.1769605077276326,0.27909850298724903,0.22144042951359344,0.3480890887216126,5.0,RFS,InD,METABRIC,PCHazard,42
5,198,0.3515174002057374,0.3452816102485312,0.28298168455926964,0.41683390074338933,5.0,RFS,InD,METABRIC,PCHazard,42
1,198,0.09132854896362382,0.31563677036487137,0.25331822948041716,0.3888526846261662,10.0,RFS,InD,METABRIC,PCHazard,42
2,198,0.20104432979015388,0.30014514310047125,0.2395735311534848,0.3718940452417563,10.0,RFS,InD,METABRIC,PCHazard,42
3,197,0.32872542390968595,0.3877179663643394,0.32063396049393755,0.46339293587613894,10.0,RFS,InD,METABRIC,PCHazard,42
4,198,0.5246324522627724,0.5576005936866772,0.48613893244156814,0.6317372784861659,10.0,RFS,InD,METABRIC,PCHazard,42
5,198,0.8515488534541636,0.57842809233637,0.5079907196754171,0.6507371658805341,10.0,RFS,InD,METABRIC,PCHazard,42
1,198,0.09305738680290454,0.08169771464131559,0.05086068603401572,0.12990811057718943,3.0,RFS,InD,METABRIC,PCHazard,43
2,198,0.1575805749556031,0.050843830355108866,0.027683476126640016,0.09243711045052139,3.0,RFS,InD,METABRIC,PCHazard,43
3,197,0.21386700505532588,0.07845127683724351,0.0480498369629363,0.12676442313115766,3.0,RFS,InD,METABRIC,PCHazard,43
4,198,0.29137166852902885,0.09205997321274884,0.05902090802055304,0.14214460829204945,3.0,RFS,InD,METABRIC,PCHazard,43
5,198,0.5005200061608445,0.22170413614444096,0.1694958602069665,0.2869987299292561,3.0,RFS,InD,METABRIC,PCHazard,43
1,198,0.09305738680290454,0.1387509937398982,0.09731434025539598,0.19581834660363395,5.0,RFS,InD,METABRIC,PCHazard,43
2,198,0.1575805749556031,0.12849192959930011,0.08870283614416752,0.18423688992637888,5.0,RFS,InD,METABRIC,PCHazard,43
3,197,0.21386700505532588,0.16841412200564276,0.12219859490192464,0.22968117982734992,5.0,RFS,InD,METABRIC,PCHazard,43
4,198,0.29137166852902885,0.2667401109464316,0.2103308387157108,0.33477497253225874,5.0,RFS,InD,METABRIC,PCHazard,43
5,198,0.5005200061608445,0.35805275769544154,0.2948169305470669,0.4302005052785719,5.0,RFS,InD,METABRIC,PCHazard,43
1,198,0.1573793204745861,0.3197380411648788,0.2573115113914375,0.3928559773958695,10.0,RFS,InD,METABRIC,PCHazard,43
2,198,0.29220722961907436,0.3079070546418152,0.246474767287453,0.3803703591774995,10.0,RFS,InD,METABRIC,PCHazard,43
3,197,0.4363838574910527,0.40581393644803676,0.3378956856629529,0.4817005872888376,10.0,RFS,InD,METABRIC,PCHazard,43
4,198,0.6362227244359074,0.45457144391886795,0.38614424520226354,0.5290464086249795,10.0,RFS,InD,METABRIC,PCHazard,43
5,198,0.9131182099580356,0.5735438535933175,0.5013180486169567,0.6479165541931116,10.0,RFS,InD,METABRIC,PCHazard,43
1,198,0.04130663052953855,0.0708413926499033,0.042577019162074015,0.1166903452088296,3.0,RFS,InD,METABRIC,PCHazard,44
2,198,0.08098460899458991,0.09783380623116311,0.06354102029163733,0.1491029099631067,3.0,RFS,InD,METABRIC,PCHazard,44
3,197,0.13164962154959664,0.07771321795613295,0.04759156840003276,0.1256007953245959,3.0,RFS,InD,METABRIC,PCHazard,44
4,198,0.21882454042482857,0.11248315651674379,0.07553788048506715,0.16580682212931674,3.0,RFS,InD,METABRIC,PCHazard,44
5,198,0.4132396179542999,0.22503286811533574,0.17266919556390115,0.2902712034405147,3.0,RFS,InD,METABRIC,PCHazard,44
1,198,0.04130663052953855,0.11670790875592973,0.07913369239950319,0.17039817442573546,5.0,RFS,InD,METABRIC,PCHazard,44
2,198,0.08098460899458991,0.20280531345045016,0.15248661872693092,0.26692542493410365,5.0,RFS,InD,METABRIC,PCHazard,44
3,197,0.13164962154959664,0.20437215149892185,0.15370189258019396,0.2689001055345287,5.0,RFS,InD,METABRIC,PCHazard,44
4,198,0.21882454042482857,0.25272404202268983,0.19741196633499025,0.3201709692385818,5.0,RFS,InD,METABRIC,PCHazard,44
5,198,0.4132396179542999,0.3543555082485894,0.2916618189516553,0.42597609260721314,5.0,RFS,InD,METABRIC,PCHazard,44
1,198,0.12809486340994786,0.2888317713398334,0.22918149351188544,0.36001623869095056,10.0,RFS,InD,METABRIC,PCHazard,44
2,198,0.2582974072658654,0.3416798252657254,0.2776312113366496,0.4157426364149087,10.0,RFS,InD,METABRIC,PCHazard,44
3,197,0.41220088446805925,0.4306223819755166,0.36243885142916876,0.505762980851723,10.0,RFS,InD,METABRIC,PCHazard,44
4,198,0.5989645692435178,0.4389349693792688,0.37064892727736387,0.5138593430214294,10.0,RFS,InD,METABRIC,PCHazard,44
5,198,0.8515698650237138,0.5014692755191652,0.4324710533548054,0.5748782353383937,10.0,RFS,InD,METABRIC,PCHazard,44
1,198,0.028996580176883273,0.1722444222444226,0.12628344832956384,0.2325685090636378,3.0,RFS,InD,METABRIC,PMF,40
2,198,0.04313544492528896,0.09169265040618801,0.05878164271358233,0.14159238711047173,3.0,RFS,InD,METABRIC,PMF,40
3,197,0.05127749376490637,0.08632261703327682,0.054567363988193285,0.13518946258013398,3.0,RFS,InD,METABRIC,PMF,40
4,198,0.06139358185758494,0.11320328316277017,0.07603371561292194,0.16683069260198857,3.0,RFS,InD,METABRIC,PMF,40
5,198,0.08445376609310959,0.1279235361790988,0.08830746719915639,0.1834372341723277,3.0,RFS,InD,METABRIC,PMF,40
1,198,0.06815714185888117,0.1440250347389085,0.10175644753982516,0.20177387814472614,5.0,RFS,InD,METABRIC,PMF,40
2,198,0.1043297326323962,0.10804214284847735,0.07181640899825337,0.1608899270572235,5.0,RFS,InD,METABRIC,PMF,40
3,197,0.13185998600751617,0.16564968238139965,0.12013708910681886,0.22605566261672494,5.0,RFS,InD,METABRIC,PMF,40
4,198,0.19545580371461732,0.25433213817180356,0.19921711946066634,0.32136589928905224,5.0,RFS,InD,METABRIC,PMF,40
5,198,0.48563844356874025,0.3888199902679199,0.3244463144926817,0.4610177117257439,5.0,RFS,InD,METABRIC,PMF,40
1,198,0.16825566598863312,0.259684991839228,0.20289929005988383,0.32878804443987275,10.0,RFS,InD,METABRIC,PMF,40
2,198,0.26145799021528227,0.31439407995566016,0.252913564291684,0.38653000233171464,10.0,RFS,InD,METABRIC,PMF,40
3,197,0.3477834529683069,0.4434538868836979,0.37293763688697956,0.5208753876564495,10.0,RFS,InD,METABRIC,PMF,40
4,198,0.4648494967306503,0.49773417605627157,0.4276357025790192,0.5725259168718825,10.0,RFS,InD,METABRIC,PMF,40
5,198,0.6807512728252796,0.5170430451776069,0.447038530385675,0.5910303762848658,10.0,RFS,InD,METABRIC,PMF,40
1,198,0.02395362745631825,0.11798227240439996,0.08001212879850572,0.1722081348341039,3.0,RFS,InD,METABRIC,PMF,41
2,198,0.03640621238284641,0.1300949813860165,0.08984192368447896,0.1864446103398224,3.0,RFS,InD,METABRIC,PMF,41
3,197,0.043846495563003615,0.15315993891069746,0.10968859441290635,0.21169615580097612,3.0,RFS,InD,METABRIC,PMF,41
4,198,0.05365095746637595,0.1027805721539099,0.06756006373504586,0.1547761620221514,3.0,RFS,InD,METABRIC,PMF,41
5,198,0.08067838019794887,0.07106598984771562,0.04271510101489706,0.11704816998225076,3.0,RFS,InD,METABRIC,PMF,41
1,198,0.05458639095527957,0.165185185185185,0.11980003084368152,0.225429905862915,5.0,RFS,InD,METABRIC,PMF,41
2,198,0.09619060188832909,0.1655691337062628,0.1200813815142392,0.22594232467044872,5.0,RFS,InD,METABRIC,PMF,41
3,197,0.15462447211221994,0.1533062190715111,0.10979052893290475,0.21190104464092763,5.0,RFS,InD,METABRIC,PMF,41
4,198,0.2670467971551298,0.23288187576195785,0.17940917352539743,0.29915023243050776,5.0,RFS,InD,METABRIC,PMF,41
5,198,0.5345270967844761,0.3562833039932085,0.2933257487793507,0.42815446014559466,5.0,RFS,InD,METABRIC,PMF,41
1,198,0.17480644523495376,0.28623043601589404,0.22704802576069638,0.3569223034932695,10.0,RFS,InD,METABRIC,PMF,41
2,198,0.30541599248394824,0.2948871166789496,0.23465753125829636,0.36649321287585723,10.0,RFS,InD,METABRIC,PMF,41
3,197,0.4237600825159683,0.36520653560346583,0.29966309672856783,0.4400033710776864,10.0,RFS,InD,METABRIC,PMF,41
4,198,0.5435774365458825,0.4958766612068991,0.42520891366110547,0.5713859966954253,10.0,RFS,InD,METABRIC,PMF,41
5,198,0.7215176941168429,0.5168750942464511,0.44671920801204346,0.5910374087185407,10.0,RFS,InD,METABRIC,PMF,41
1,198,0.025771291569025828,0.04591836734693888,0.024159830675598792,0.08638587901264183,3.0,RFS,InD,METABRIC,PMF,42
2,198,0.03931733424013311,0.09720293368069344,0.06312730715989201,0.1481610787891705,3.0,RFS,InD,METABRIC,PMF,42
3,197,0.04812032498684026,0.11315496098104794,0.07600390490847375,0.16675478978244174,3.0,RFS,InD,METABRIC,PMF,42
4,198,0.05729010370042589,0.11811235895952266,0.08010653268969092,0.17238321836667592,3.0,RFS,InD,METABRIC,PMF,42
5,198,0.07434581445925163,0.1683603087518296,0.12277019959740032,0.22854035615325385,3.0,RFS,InD,METABRIC,PMF,42
1,198,0.03830819840383048,0.10806092996256911,0.07183008363719134,0.16091505986152088,5.0,RFS,InD,METABRIC,PMF,42
2,198,0.07160379910709883,0.17373656445251884,0.12739839087826488,0.23452236191584752,5.0,RFS,InD,METABRIC,PMF,42
3,197,0.1146353861402134,0.19117480331323433,0.14240433918205375,0.25400576015774434,5.0,RFS,InD,METABRIC,PMF,42
4,198,0.19902081080157347,0.27862753759600234,0.22102396058352158,0.3475715337519325,5.0,RFS,InD,METABRIC,PMF,42
5,198,0.42909837130344275,0.40224114611896555,0.33701129836138566,0.47493749387934214,5.0,RFS,InD,METABRIC,PMF,42
1,198,0.11046404188329523,0.2971084158134575,0.2359197864830841,0.3699243484969086,10.0,RFS,InD,METABRIC,PMF,42
2,198,0.24144817151204503,0.34883434222674026,0.2839837139213366,0.42357611863413336,10.0,RFS,InD,METABRIC,PMF,42
3,197,0.3590434789657593,0.4417062165762903,0.37297182399222784,0.5170572665483226,10.0,RFS,InD,METABRIC,PMF,42
4,198,0.4590963889854123,0.49970943025724723,0.43056910476181176,0.5733417318574299,10.0,RFS,InD,METABRIC,PMF,42
5,198,0.6063182040898487,0.5507311501317783,0.4793537234772475,0.6250242100999457,10.0,RFS,InD,METABRIC,PMF,42
1,198,0.026995954790500678,0.056710899848154805,0.03181083829103648,0.1000679093735013,3.0,RFS,InD,METABRIC,PMF,43
2,198,0.03969442272427106,0.081459995165579,0.050714863375702746,0.12952894665506842,3.0,RFS,InD,METABRIC,PMF,43
3,197,0.04802277669083649,0.1246265147404595,0.08532343368817075,0.18016592016993338,3.0,RFS,InD,METABRIC,PMF,43
4,198,0.0577331811490685,0.14317480737313004,0.10114655831242536,0.20061400295417864,3.0,RFS,InD,METABRIC,PMF,43
5,198,0.07386286842702615,0.11812508974396363,0.08010977732356128,0.1724125733353732,3.0,RFS,InD,METABRIC,PMF,43
1,198,0.040189276138941445,0.09714675419429897,0.06309074571355733,0.14807657542712072,5.0,RFS,InD,METABRIC,PMF,43
2,198,0.07653438382678562,0.13498612514142105,0.09397073811127943,0.1919110081873111,5.0,RFS,InD,METABRIC,PMF,43
3,197,0.12011666830421099,0.2154265160811345,0.16342404254603626,0.2809857373909225,5.0,RFS,InD,METABRIC,PMF,43
4,198,0.20384997912127562,0.28086770251708804,0.2233836149190911,0.34949315343091947,5.0,RFS,InD,METABRIC,PMF,43
5,198,0.4771787223189768,0.3324047438700466,0.2707011947288459,0.40383081470979654,5.0,RFS,InD,METABRIC,PMF,43
1,198,0.1325959861278534,0.23494163962418035,0.1796165518858206,0.3038882900700879,10.0,RFS,InD,METABRIC,PMF,43
2,198,0.2421960159383639,0.37033624124400133,0.30402896522828815,0.4458661582573298,10.0,RFS,InD,METABRIC,PMF,43
3,197,0.33299586010463345,0.4007262990677305,0.3336190202511974,0.475828788483567,10.0,RFS,InD,METABRIC,PMF,43
4,198,0.4578035380503144,0.5343478380370457,0.46374710273248954,0.608379872494513,10.0,RFS,InD,METABRIC,PMF,43
5,198,0.6864067517747783,0.5139650122678604,0.4437998381320071,0.5882420619699138,10.0,RFS,InD,METABRIC,PMF,43
1,198,0.02697111681254223,0.10735279484354232,0.07134992373029336,0.15989261126333376,3.0,RFS,InD,METABRIC,PMF,44
2,198,0.04390855780755631,0.1218810939809819,0.08340008212256411,0.1763299496193127,3.0,RFS,InD,METABRIC,PMF,44
3,197,0.058327546579583646,0.15067964805991219,0.10722519561314903,0.20956246884952934,3.0,RFS,InD,METABRIC,PMF,44
4,198,0.07351381549931536,0.13319585448392568,0.0927077789567663,0.18942770069309078,3.0,RFS,InD,METABRIC,PMF,44
5,198,0.10712812344233195,0.07179487179487165,0.043159869156978226,0.11821804988351714,3.0,RFS,InD,METABRIC,PMF,44
1,198,0.04320816801051901,0.13894273606536622,0.09745488088200038,0.19607425414566915,5.0,RFS,InD,METABRIC,PMF,44
2,198,0.07731629862929836,0.17018477247062802,0.12414200224023686,0.23091433075719192,5.0,RFS,InD,METABRIC,PMF,44
3,197,0.11712435477881263,0.18049922927750983,0.13310120582403462,0.2422644442013996,5.0,RFS,InD,METABRIC,PMF,44
4,198,0.18785361388717034,0.2765925367019251,0.21883198770897683,0.3458993955378993,5.0,RFS,InD,METABRIC,PMF,44
5,198,0.39474090843489673,0.36338522271213924,0.3002785944946862,0.43511152772988115,5.0,RFS,InD,METABRIC,PMF,44
1,198,0.15422596383576442,0.24927065307698992,0.19267149626458202,0.31892335747876055,10.0,RFS,InD,METABRIC,PMF,44
2,198,0.2693844332237436,0.3643905068334323,0.29840430946593066,0.4398061914938418,10.0,RFS,InD,METABRIC,PMF,44
3,197,0.3766899913700704,0.43807495482287984,0.37033020907824976,0.5123827660737146,10.0,RFS,InD,METABRIC,PMF,44
4,198,0.5197468291629445,0.5003194777355167,0.4302861711073791,0.5749423436485235,10.0,RFS,InD,METABRIC,PMF,44
5,198,0.7547892341108033,0.4526408073751811,0.38516420976905685,0.5260644054802315,10.0,RFS,InD,METABRIC,PMF,44
1,198,0.09573204980956183,0.01528048939216442,0.004953894456574903,0.046623217122991445,3.0,RFS,InD,METABRIC,RSF,40
2,198,0.11201096875498993,0.0764827764827768,0.046828523402669964,0.12365792180496704,3.0,RFS,InD,METABRIC,RSF,40
3,197,0.12624094722234658,0.09195577635205765,0.05895278517571456,0.1419885450455307,3.0,RFS,InD,METABRIC,RSF,40
4,198,0.14103430389153837,0.19796954314720816,0.1487770110208173,0.26076147491386203,3.0,RFS,InD,METABRIC,RSF,40
5,198,0.1683328693563288,0.21024580555685146,0.15940070126911243,0.2744653002794766,3.0,RFS,InD,METABRIC,RSF,40
1,198,0.17352100213368735,0.06679080176374852,0.03933634855662038,0.11225429460718317,5.0,RFS,InD,METABRIC,RSF,40
2,198,0.2056030293907782,0.13932036088897704,0.09771658093106084,0.19660682343017666,5.0,RFS,InD,METABRIC,RSF,40
3,197,0.23137831990488894,0.18937115556882678,0.14101914673543858,0.2517088049721108,5.0,RFS,InD,METABRIC,RSF,40
4,198,0.25736596096645703,0.30655128469824355,0.24708764555612184,0.3763705428734234,5.0,RFS,InD,METABRIC,RSF,40
5,198,0.30053525862067637,0.3605193455349506,0.29735620217671577,0.43245418234472366,5.0,RFS,InD,METABRIC,RSF,40
1,198,0.3203237866512453,0.19020865934819076,0.14098065548852656,0.25391204476412776,10.0,RFS,InD,METABRIC,RSF,40
2,198,0.37226425909032723,0.3905050187208563,0.3226811670512636,0.4669870570075719,10.0,RFS,InD,METABRIC,RSF,40
3,197,0.4079995019181731,0.3957327054097095,0.3296408072295378,0.4697857822888821,10.0,RFS,InD,METABRIC,RSF,40
4,198,0.4381825427214305,0.5074111300423931,0.4373383631185246,0.5818206859679387,10.0,RFS,InD,METABRIC,RSF,40
5,198,0.48837056740967916,0.5539697990004615,0.4822611577240322,0.6285037885407032,10.0,RFS,InD,METABRIC,RSF,40
1,198,0.06633787805383856,0.03056472862701609,0.01384771278663377,0.0667676599968201,3.0,RFS,InD,METABRIC,RSF,41
2,198,0.08696343411098827,0.061704780084927524,0.03551954570445137,0.10610253875901765,3.0,RFS,InD,METABRIC,RSF,41
3,197,0.10711469444526633,0.13374206668115562,0.0930937080492138,0.19018429105046475,3.0,RFS,InD,METABRIC,RSF,41
4,198,0.12853817355753194,0.13799379400883172,0.09678407328579264,0.19476075752402333,3.0,RFS,InD,METABRIC,RSF,41
5,198,0.16777591362144006,0.2111524064546928,0.16011485108747725,0.2755906012912457,3.0,RFS,InD,METABRIC,RSF,41
1,198,0.15524173475275135,0.07681794738166758,0.04703356871526698,0.12419432860851709,5.0,RFS,InD,METABRIC,RSF,41
2,198,0.19759751540241818,0.16667441635616387,0.12090444378913168,0.22739414693572546,5.0,RFS,InD,METABRIC,RSF,41
3,197,0.2329099589798051,0.2367066433784233,0.18300768346242757,0.3029989697664631,5.0,RFS,InD,METABRIC,RSF,41
4,198,0.26811552469176475,0.25369475448216705,0.19820046362649169,0.32133855262183986,5.0,RFS,InD,METABRIC,RSF,41
5,198,0.32542890400597546,0.33909817268790765,0.2772991517113106,0.41030193317173014,5.0,RFS,InD,METABRIC,RSF,41
1,198,0.3277715092355555,0.20813035976463468,0.1558365533161289,0.2749014804727279,10.0,RFS,InD,METABRIC,RSF,41
2,198,0.39443329006734523,0.3912965747392738,0.32432839723976403,0.4666558690029312,10.0,RFS,InD,METABRIC,RSF,41
3,197,0.44402824652376516,0.3878499204186012,0.3220429649136479,0.4618985903296544,10.0,RFS,InD,METABRIC,RSF,41
4,198,0.4883687815280876,0.4757075445871941,0.4057736868051689,0.5511367308925449,10.0,RFS,InD,METABRIC,RSF,41
5,198,0.5526965596158095,0.491059162443669,0.42193817710248993,0.5649798884326406,10.0,RFS,InD,METABRIC,RSF,41
1,198,0.0724215627920748,0.0405844155844155,0.020505159734571343,0.07951129484914721,3.0,RFS,InD,METABRIC,RSF,42
2,198,0.09129094836687801,0.05652317675157914,0.031704571194846265,0.09974317671676591,3.0,RFS,InD,METABRIC,RSF,42
3,197,0.10611102000105804,0.05683885550471346,0.031884426129909715,0.10028574155896441,3.0,RFS,InD,METABRIC,RSF,42
4,198,0.12784664980088822,0.13754371144957445,0.09645870365667708,0.19415136049687487,3.0,RFS,InD,METABRIC,RSF,42
5,198,0.16938281420505408,0.25121696157633944,0.1962033511244763,0.31833483897363757,3.0,RFS,InD,METABRIC,RSF,42
1,198,0.14372510018974843,0.09164410638094878,0.05874947540308284,0.14152066100927363,5.0,RFS,InD,METABRIC,RSF,42
2,198,0.18016531732347277,0.14628057503057124,0.10339282577681663,0.20481571160858691,5.0,RFS,InD,METABRIC,RSF,42
3,197,0.20828017789095185,0.22724895143101298,0.17440358971629288,0.293038655321465,5.0,RFS,InD,METABRIC,RSF,42
4,198,0.2442614698048794,0.30801686909018045,0.24828371621974754,0.37812225394536314,5.0,RFS,InD,METABRIC,RSF,42
5,198,0.31112869038726343,0.3804646569656428,0.3163727633567347,0.4526727132544278,5.0,RFS,InD,METABRIC,RSF,42
1,198,0.30725109215938684,0.22643895735697206,0.17170025866840044,0.2952664767702242,10.0,RFS,InD,METABRIC,RSF,42
2,198,0.37398692814990725,0.3550066381457908,0.28932717893037874,0.4305134173059071,10.0,RFS,InD,METABRIC,RSF,42
3,197,0.41963289262074505,0.4709575811736285,0.4021138611912005,0.5452980684696161,10.0,RFS,InD,METABRIC,RSF,42
4,198,0.46502437043671657,0.5439131171733503,0.47257110773315847,0.6184134670961936,10.0,RFS,InD,METABRIC,RSF,42
5,198,0.5316747640720522,0.5405375074741126,0.4709152748081774,0.6132819178068838,10.0,RFS,InD,METABRIC,RSF,42
1,198,0.06477083461453216,0.03550814265099966,0.01708725683188117,0.07303585159133286,3.0,RFS,InD,METABRIC,RSF,43
2,198,0.08333921372288405,0.04129634062489618,0.020867784934347156,0.0808800754834833,3.0,RFS,InD,METABRIC,RSF,43
3,197,0.10152481806459766,0.07264036813203545,0.04366837004252411,0.11959427467076911,3.0,RFS,InD,METABRIC,RSF,43
4,198,0.12801654531498147,0.13809850805040513,0.09685603250779928,0.19490962508517018,3.0,RFS,InD,METABRIC,RSF,43
5,198,0.17589470232375945,0.23625209146681536,0.1826293444007856,0.30246601450310484,3.0,RFS,InD,METABRIC,RSF,43
1,198,0.14634067331901704,0.09148895795585565,0.058648096629121405,0.14128813144178154,5.0,RFS,InD,METABRIC,RSF,43
2,198,0.18574650961943348,0.12553707858066343,0.08594732179652831,0.1814657313528666,5.0,RFS,InD,METABRIC,RSF,43
3,197,0.21804880369738275,0.18870578185201625,0.1399060552856366,0.25186599458843195,5.0,RFS,InD,METABRIC,RSF,43
4,198,0.2605501220683859,0.31366316988661536,0.2535139673802844,0.3840152632198449,5.0,RFS,InD,METABRIC,RSF,43
5,198,0.3289356610991738,0.34162221428780626,0.2794092344625573,0.4132454611688434,5.0,RFS,InD,METABRIC,RSF,43
1,198,0.29011893784156956,0.22609811630869547,0.17211220604219402,0.2937720854023751,10.0,RFS,InD,METABRIC,RSF,43
2,198,0.3569789805797615,0.36031471418933814,0.29320208189606933,0.43742551498804094,10.0,RFS,InD,METABRIC,RSF,43
3,197,0.4008647714774621,0.45963902547920454,0.38992536113047727,0.5354368094044626,10.0,RFS,InD,METABRIC,RSF,43
4,198,0.4476854220183209,0.5053510796782873,0.43558917282323406,0.5794844238940664,10.0,RFS,InD,METABRIC,RSF,43
5,198,0.5182091419142906,0.5069221953066478,0.43755585711746026,0.5805535819225861,10.0,RFS,InD,METABRIC,RSF,43
1,198,0.07199342864932436,0.056097878432903925,0.031463943418372,0.09900700187732803,3.0,RFS,InD,METABRIC,RSF,44
2,198,0.09391334923830899,0.06725033131306812,0.03960968994570535,0.11301074513664167,3.0,RFS,InD,METABRIC,RSF,44
3,197,0.11193052342700474,0.11219844052540684,0.07535011093469834,0.165384751256351,3.0,RFS,InD,METABRIC,RSF,44
4,198,0.13389697309696313,0.14387266673875587,0.10164138713255233,0.2015767882167272,3.0,RFS,InD,METABRIC,RSF,44
5,198,0.17223453371211736,0.20488167646202715,0.15467587591660825,0.26860706187240935,3.0,RFS,InD,METABRIC,RSF,44
1,198,0.14809156879030091,0.09702864910986742,0.06301460038590845,0.14789731803700346,5.0,RFS,InD,METABRIC,RSF,44
2,198,0.18812006591546415,0.13991006205731515,0.09815556103773326,0.19738098223509348,5.0,RFS,InD,METABRIC,RSF,44
3,197,0.21829697958709018,0.2548987500682274,0.1997056029638744,0.3220059178233039,5.0,RFS,InD,METABRIC,RSF,44
4,198,0.2509864643968717,0.28728189450948804,0.2285892586131203,0.35720759501276234,5.0,RFS,InD,METABRIC,RSF,44
5,198,0.3038904444135801,0.353013774689683,0.2900583353134747,0.4250419162271992,5.0,RFS,InD,METABRIC,RSF,44
1,198,0.3111689162976814,0.22979398593041822,0.175649733571551,0.29737326025005706,10.0,RFS,InD,METABRIC,RSF,44
2,198,0.3778066508697741,0.36271838133608914,0.2974977430514135,0.43722057963963823,10.0,RFS,InD,METABRIC,RSF,44
3,197,0.4209688196932604,0.5191902964883809,0.4488703280216607,0.5934527195225304,10.0,RFS,InD,METABRIC,RSF,44
4,198,0.4606004643319833,0.42295847662819963,0.35477250850178543,0.49842401947242954,10.0,RFS,InD,METABRIC,RSF,44
5,198,0.5186835021683665,0.46935028671857104,0.4013173733377302,0.542805682398048,10.0,RFS,InD,METABRIC,RSF,44
1,100,0.09105725109577179,0.05078125,0.0156384718314595,0.1582882076404163,3.0,RFS,OOD,TCGA500,TabSurv_M,40
2,100,0.12863010585308074,0.05115788166635615,0.016731428121982028,0.15077654709662203,3.0,RFS,OOD,TCGA500,TabSurv_M,40
3,99,0.15881311833256423,0.10723547633040154,0.05372806007352693,0.20783814529496125,3.0,RFS,OOD,TCGA500,TabSurv_M,40
4,100,0.19310315310955048,0.0795071214392804,0.030078819900520082,0.2012708388425013,3.0,RFS,OOD,TCGA500,TabSurv_M,40
5,100,0.2545046246051788,0.1367380401234568,0.06915618421075043,0.26042920572606865,3.0,RFS,OOD,TCGA500,TabSurv_M,40
1,100,0.1720670711994171,0.12456144494834975,0.048773101779161165,0.29807062217532054,5.0,RFS,OOD,TCGA500,TabSurv_M,40
2,100,0.22563725471496582,0.09650984031625032,0.03764364919936103,0.2354299678571311,5.0,RFS,OOD,TCGA500,TabSurv_M,40
3,99,0.2643123040295611,0.15440626807096314,0.07955494707492794,0.28774381417548744,5.0,RFS,OOD,TCGA500,TabSurv_M,40
4,100,0.30584754586219787,0.18297149967329185,0.08893709045197473,0.3549518033227984,5.0,RFS,OOD,TCGA500,TabSurv_M,40
5,100,0.37219572961330416,0.24901328650863697,0.14087958338906192,0.4172874446776511,5.0,RFS,OOD,TCGA500,TabSurv_M,40
1,100,0.3580906629562378,0.11617021572334041,0.04565673946525395,0.27843244991267213,10.0,RFS,OOD,TCGA500,TabSurv_M,40
2,100,0.42500522315502165,0.3150096587622353,0.10786294996743118,0.7146969235569289,10.0,RFS,OOD,TCGA500,TabSurv_M,40
3,99,0.46507480108376703,0.15612396262922068,0.06977607767883032,0.32859452029003144,10.0,RFS,OOD,TCGA500,TabSurv_M,40
4,100,0.5061505651473999,0.32257828525934107,0.1585501757673916,0.5846560641189402,10.0,RFS,OOD,TCGA500,TabSurv_M,40
5,100,0.5667530915141106,0.26296902498745045,0.1487857435190264,0.4389481484365265,10.0,RFS,OOD,TCGA500,TabSurv_M,40
1,100,0.09807960391044616,0.017241379310344862,0.0024468028181940937,0.11615031715270852,3.0,RFS,OOD,TCGA500,TabSurv_M,41
2,100,0.12902227461338042,0.08501536885245897,0.03533855165354083,0.19700803669334155,3.0,RFS,OOD,TCGA500,TabSurv_M,41
3,99,0.1538982963321185,0.06714690533866563,0.027974560602574083,0.156568192371641,3.0,RFS,OOD,TCGA500,TabSurv_M,41
4,100,0.1854468286037445,0.15555845258177892,0.08459536624541908,0.276339700430865,3.0,RFS,OOD,TCGA500,TabSurv_M,41
5,100,0.24538897454738617,0.0932698131493136,0.0381605856489331,0.2183816857722446,3.0,RFS,OOD,TCGA500,TabSurv_M,41
1,100,0.19114479720592498,0.09591026747195863,0.03457029362303765,0.2509541993838337,5.0,RFS,OOD,TCGA500,TabSurv_M,41
2,100,0.2343885576725006,0.1519367525833043,0.07026999724067384,0.31116354602867236,5.0,RFS,OOD,TCGA500,TabSurv_M,41
3,99,0.26454114432286735,0.09413484467383149,0.04263694533030826,0.2009414974942466,5.0,RFS,OOD,TCGA500,TabSurv_M,41
4,100,0.3023496478796005,0.2594082341304891,0.1515457701920071,0.4223370882233132,5.0,RFS,OOD,TCGA500,TabSurv_M,41
5,100,0.3686574554443359,0.21285790262534454,0.10341315408214224,0.4083236711783129,5.0,RFS,OOD,TCGA500,TabSurv_M,41
1,100,0.3944304460287094,0.15562693178355314,0.051455600401090096,0.41823258241143013,10.0,RFS,OOD,TCGA500,TabSurv_M,41
2,100,0.4458899909257889,0.17502301803440656,0.09058101727540213,0.322853477101794,10.0,RFS,OOD,TCGA500,TabSurv_M,41
3,99,0.47702588216222896,0.2351028433151846,0.09390750703193895,0.5173246665955804,10.0,RFS,OOD,TCGA500,TabSurv_M,41
4,100,0.5160899224877358,0.2061548092917046,0.10191235034515178,0.39095693973997403,10.0,RFS,OOD,TCGA500,TabSurv_M,41
5,100,0.5765289098024369,0.3400811221323484,0.1937821111284942,0.5515759894503285,10.0,RFS,OOD,TCGA500,TabSurv_M,41
1,100,0.12391745328903198,0.019230769230769273,0.002731477902834345,0.12877466092821488,3.0,RFS,OOD,TCGA500,TabSurv_M,42
2,100,0.16433028280735015,0.11207109759891098,0.053348949931803724,0.22717609331855082,3.0,RFS,OOD,TCGA500,TabSurv_M,42
3,99,0.19539931265994756,0.06663020690912402,0.02534282246942421,0.1690826208512357,3.0,RFS,OOD,TCGA500,TabSurv_M,42
4,100,0.23074295222759247,0.04574827677624593,0.017389089243948774,0.1175073334887714,3.0,RFS,OOD,TCGA500,TabSurv_M,42
5,100,0.28267509520053863,0.17442241480690568,0.09555752575406551,0.3063479133161967,3.0,RFS,OOD,TCGA500,TabSurv_M,42
1,100,0.20597091436386109,0.09558998100664762,0.03020717292070374,0.2804358259900811,5.0,RFS,OOD,TCGA500,TabSurv_M,42
2,100,0.25879750728607176,0.20126701718030082,0.1088524172856945,0.35481712522645903,5.0,RFS,OOD,TCGA500,TabSurv_M,42
3,99,0.29537153244018555,0.11281995091164088,0.04586843620977421,0.26301733156049456,5.0,RFS,OOD,TCGA500,TabSurv_M,42
4,100,0.33655367732048036,0.09581908133909323,0.04578686453030245,0.1946454470548603,5.0,RFS,OOD,TCGA500,TabSurv_M,42
5,100,0.39447530031204225,0.3074118210397858,0.18342320967688086,0.4861626811846662,5.0,RFS,OOD,TCGA500,TabSurv_M,42
1,100,0.39979897797107694,0.12802584157656616,0.05069994654602983,0.30281745721542797,10.0,RFS,OOD,TCGA500,TabSurv_M,42
2,100,0.4587765061855316,0.25672902981538936,0.11560496865948677,0.5115595152562483,10.0,RFS,OOD,TCGA500,TabSurv_M,42
3,99,0.4958012474305702,0.1129897823609789,0.04208159564956304,0.28421535805486586,10.0,RFS,OOD,TCGA500,TabSurv_M,42
4,100,0.5360208183526993,0.2772216848214659,0.12529048072715743,0.5449577930112337,10.0,RFS,OOD,TCGA500,TabSurv_M,42
5,100,0.5888284566998482,0.3228821100264616,0.1966620566181373,0.5005579271576918,10.0,RFS,OOD,TCGA500,TabSurv_M,42
1,100,0.11225455403327941,0.045040485829959565,0.011266941660227348,0.17092752074551298,3.0,RFS,OOD,TCGA500,TabSurv_M,43
2,100,0.14901895940303803,0.03878308934663388,0.012479158151789238,0.11714481845324642,3.0,RFS,OOD,TCGA500,TabSurv_M,43
3,99,0.1814736326535543,0.1039557346693416,0.04957818491406574,0.21096456262858276,3.0,RFS,OOD,TCGA500,TabSurv_M,43
4,100,0.21727294683456422,0.09946230986762639,0.04785238563276106,0.20054558179510062,3.0,RFS,OOD,TCGA500,TabSurv_M,43
5,100,0.27781812131404876,0.1417454845555396,0.0671072461750215,0.28562656370246553,3.0,RFS,OOD,TCGA500,TabSurv_M,43
1,100,0.19969348430633546,0.05714285714285727,0.013220291172398535,0.22906460307903875,5.0,RFS,OOD,TCGA500,TabSurv_M,43
2,100,0.2500422441959381,0.15008846549288513,0.06803548246290647,0.31294032599948673,5.0,RFS,OOD,TCGA500,TabSurv_M,43
3,99,0.2892325490412086,0.20300152542495553,0.10838676423432403,0.36159034049052063,5.0,RFS,OOD,TCGA500,TabSurv_M,43
4,100,0.3287602460384369,0.11700104045417392,0.058729127143905435,0.22571617805250943,5.0,RFS,OOD,TCGA500,TabSurv_M,43
5,100,0.3971190357208252,0.30530117227702047,0.17147838855202302,0.5060973794962697,5.0,RFS,OOD,TCGA500,TabSurv_M,43
1,100,0.39183822929859163,0.03703703703703698,0.0053015132295072265,0.23505584585685546,10.0,RFS,OOD,TCGA500,TabSurv_M,43
2,100,0.4508626562356949,0.2712321718722225,0.1245955988346239,0.5287220230547246,10.0,RFS,OOD,TCGA500,TabSurv_M,43
3,99,0.4884481532405121,0.327828887195044,0.1625170877731006,0.5892424541425223,10.0,RFS,OOD,TCGA500,TabSurv_M,43
4,100,0.5235330179333687,0.10006777242732301,0.04323046446284773,0.22240594371731137,10.0,RFS,OOD,TCGA500,TabSurv_M,43
5,100,0.5884798017144203,0.3949818571623471,0.23251757215889812,0.6148564089715143,10.0,RFS,OOD,TCGA500,TabSurv_M,43
1,100,0.09229104459285736,0.03825136612021862,0.009553357402708684,0.14654875384269095,3.0,RFS,OOD,TCGA500,TabSurv_M,44
2,100,0.13270693242549897,0.027060931899641538,0.0066784405851988415,0.10623860062930834,3.0,RFS,OOD,TCGA500,TabSurv_M,44
3,99,0.16572030264921864,0.09072595473219203,0.04083366203949468,0.19504642439619335,3.0,RFS,OOD,TCGA500,TabSurv_M,44
4,100,0.2049584060907364,0.12767581935752315,0.06706901459843384,0.23566843691424566,3.0,RFS,OOD,TCGA500,TabSurv_M,44
5,100,0.2664752984046936,0.13454213816039173,0.06486063538693199,0.2675449878461873,3.0,RFS,OOD,TCGA500,TabSurv_M,44
1,100,0.16951083719730378,0.07524169819251791,0.023146895616503405,0.22993154953599848,5.0,RFS,OOD,TCGA500,TabSurv_M,44
2,100,0.22562507092952727,0.11185025888660405,0.04550115660511134,0.2607525504040975,5.0,RFS,OOD,TCGA500,TabSurv_M,44
3,99,0.2670312842937431,0.10698514288479677,0.045996699295740684,0.23807151629563583,5.0,RFS,OOD,TCGA500,TabSurv_M,44
4,100,0.3116107696294785,0.2721598065910128,0.1598696535687144,0.43972112093984994,5.0,RFS,OOD,TCGA500,TabSurv_M,44
5,100,0.38305390775203707,0.2249690266459995,0.12398339678398096,0.3877820038814256,5.0,RFS,OOD,TCGA500,TabSurv_M,44
1,100,0.36216622710227964,0.07534328358208975,0.022742999900892902,0.23411116492495976,10.0,RFS,OOD,TCGA500,TabSurv_M,44
2,100,0.42943112790584564,0.25303912948274354,0.10193125341342069,0.5469221588163535,10.0,RFS,OOD,TCGA500,TabSurv_M,44
3,99,0.4701950146694376,0.18877792335587684,0.06344948565485975,0.4871233908829402,10.0,RFS,OOD,TCGA500,TabSurv_M,44
4,100,0.5097716453671456,0.37070066085570075,0.21032185376609058,0.5968413919626698,10.0,RFS,OOD,TCGA500,TabSurv_M,44
5,100,0.5810402369499207,0.25085659533941074,0.13803724762998493,0.42969616559945545,10.0,RFS,OOD,TCGA500,TabSurv_M,44
1,100,0.03706998586654663,0.08028445543542162,0.03352565719772027,0.18567632002444456,3.0,RFS,OOD,TCGA500,DeepHS,40
2,100,0.056262672543525696,0.01449275362318836,0.002054289157979561,0.0984499533732226,3.0,RFS,OOD,TCGA500,DeepHS,40
3,99,0.06575023525893087,0.051851851851851816,0.016693110948848955,0.15499080725217818,3.0,RFS,OOD,TCGA500,DeepHS,40
4,100,0.07524735152721405,0.17538848940196305,0.09635203833639316,0.3072288241141391,3.0,RFS,OOD,TCGA500,DeepHS,40
5,100,0.08974015414714813,0.105622795846395,0.04765596543131645,0.22523200934935939,3.0,RFS,OOD,TCGA500,DeepHS,40
1,100,0.10926240384578705,0.06961318251640836,0.021914302912206085,0.20940041803330844,5.0,RFS,OOD,TCGA500,DeepHS,40
2,100,0.13363054335117341,0.11645268051817448,0.05320310053092203,0.24450973502940077,5.0,RFS,OOD,TCGA500,DeepHS,40
3,99,0.15394562001180168,0.19326486044251878,0.0934979508275453,0.3749064634164183,5.0,RFS,OOD,TCGA500,DeepHS,40
4,100,0.16978202521800995,0.20192193743331432,0.11032061601040888,0.35286459100801015,5.0,RFS,OOD,TCGA500,DeepHS,40
5,100,0.21819438755512238,0.23101846342377108,0.1241444534198044,0.4058247939869213,5.0,RFS,OOD,TCGA500,DeepHS,40
1,100,0.2735342645645142,0.07644122987076485,0.027377782057634192,0.2037148308639456,10.0,RFS,OOD,TCGA500,DeepHS,40
2,100,0.3048479735851288,0.2993973518893245,0.1268990136596332,0.6066049808009293,10.0,RFS,OOD,TCGA500,DeepHS,40
3,99,0.3285653910251579,0.6459006374279981,0.23122780083074412,0.9834068032463074,10.0,RFS,OOD,TCGA500,DeepHS,40
4,100,0.35369001924991605,0.15865454648156874,0.07648323086923603,0.31276433628086153,10.0,RFS,OOD,TCGA500,DeepHS,40
5,100,0.39382812440395354,0.25053710306431953,0.14202261927284598,0.41899080989105897,10.0,RFS,OOD,TCGA500,DeepHS,40
1,100,0.034634494185447694,0.08762960455226976,0.03985719787098452,0.18680483763511246,3.0,RFS,OOD,TCGA500,DeepHS,41
2,100,0.04756146430969238,0.09836083411611174,0.040337585499077955,0.2292395440924445,3.0,RFS,OOD,TCGA500,DeepHS,41
3,99,0.0579868278118095,0.061155721547878295,0.022258371593358084,0.16214889249925168,3.0,RFS,OOD,TCGA500,DeepHS,41
4,100,0.06941880226135254,0.10596108152316075,0.05030210087359632,0.21578593406997992,3.0,RFS,OOD,TCGA500,DeepHS,41
5,100,0.08495238244533539,0.0679044125748468,0.025513557547906962,0.1741408941204402,3.0,RFS,OOD,TCGA500,DeepHS,41
1,100,0.07933009505271911,0.11720753367003356,0.05234950467087718,0.25101572829414354,5.0,RFS,OOD,TCGA500,DeepHS,41
2,100,0.10678104162216187,0.022762951334379777,0.005735745871144893,0.08805184046728087,5.0,RFS,OOD,TCGA500,DeepHS,41
3,99,0.1318570664434722,0.28174849813681124,0.16146769558898544,0.4630777774762316,5.0,RFS,OOD,TCGA500,DeepHS,41
4,100,0.1644654268026352,0.17196085625790136,0.09127027833817836,0.31066399821942725,5.0,RFS,OOD,TCGA500,DeepHS,41
5,100,0.21365351140499114,0.18494031488063234,0.09487424135077704,0.34263399493208957,5.0,RFS,OOD,TCGA500,DeepHS,41
1,100,0.2572627854347229,0.19870653213480505,0.1116604841779566,0.3393146103948558,10.0,RFS,OOD,TCGA500,DeepHS,41
2,100,0.31740035116672516,0.20685706141210425,0.08187003454337405,0.4667632311047719,10.0,RFS,OOD,TCGA500,DeepHS,41
3,99,0.36099535467648747,0.14899391709346443,0.057963074792254154,0.3533323940106853,10.0,RFS,OOD,TCGA500,DeepHS,41
4,100,0.3996717405319214,0.40708012691250495,0.18762968169898653,0.7314681162803487,10.0,RFS,OOD,TCGA500,DeepHS,41
5,100,0.4422204804420471,0.17271421550949984,0.08138463703478749,0.34524966325835404,10.0,RFS,OOD,TCGA500,DeepHS,41
1,100,0.034982086420059205,0.05742250287026396,0.021855430215392047,0.14637232820576285,3.0,RFS,OOD,TCGA500,DeepHS,42
2,100,0.050073391795158385,0.10091740224788048,0.045030697521560636,0.2177733883269093,3.0,RFS,OOD,TCGA500,DeepHS,42
3,99,0.060281798093005864,0.07805192231470481,0.03226264305787896,0.18239971017209955,3.0,RFS,OOD,TCGA500,DeepHS,42
4,100,0.07143202602863312,0.05829268292682932,0.018375568660708774,0.17675386060273213,3.0,RFS,OOD,TCGA500,DeepHS,42
5,100,0.09475329697132111,0.12740961029556563,0.06251438684462485,0.25004310078376446,3.0,RFS,OOD,TCGA500,DeepHS,42
1,100,0.09154894232749938,0.08978469628228336,0.03254148115554145,0.2347167942788564,5.0,RFS,OOD,TCGA500,DeepHS,42
2,100,0.12137938737869262,0.08473529411764702,0.031693668277563036,0.21605545933260817,5.0,RFS,OOD,TCGA500,DeepHS,42
3,99,0.15026915615255182,0.21551477314154865,0.11876029533857912,0.37250425439635326,5.0,RFS,OOD,TCGA500,DeepHS,42
4,100,0.17664445638656617,0.21125085846739333,0.11797140513420123,0.36148603095263043,5.0,RFS,OOD,TCGA500,DeepHS,42
5,100,0.21988977909088134,0.1779858435977716,0.08446548814717947,0.35293732485907625,5.0,RFS,OOD,TCGA500,DeepHS,42
1,100,0.2875117039680481,0.17136984392419174,0.05860718138736343,0.44294989511039584,10.0,RFS,OOD,TCGA500,DeepHS,42
2,100,0.32029071569442746,0.26052194089729175,0.12997186613131473,0.48016308688147347,10.0,RFS,OOD,TCGA500,DeepHS,42
3,99,0.34022860575203945,0.18365326385028424,0.06487135306412983,0.45876366938186963,10.0,RFS,OOD,TCGA500,DeepHS,42
4,100,0.35918713867664337,0.24671886309745616,0.13857388921199776,0.4161519575782553,10.0,RFS,OOD,TCGA500,DeepHS,42
5,100,0.39065883696079257,0.2311092909661442,0.11235646971658309,0.4398192206729,10.0,RFS,OOD,TCGA500,DeepHS,42
1,100,0.035517809987068175,0.06442063346519611,0.024295457799035636,0.1649658325802308,3.0,RFS,OOD,TCGA500,DeepHS,43
2,100,0.05294233798980713,0.060350647354103115,0.02183788088048577,0.16095732835671417,3.0,RFS,OOD,TCGA500,DeepHS,43
3,99,0.06263748624108055,0.07131654708548918,0.02989964929651323,0.16500736906637048,3.0,RFS,OOD,TCGA500,DeepHS,43
4,100,0.07078866302967071,0.12908249896739388,0.06820405593136614,0.23692595428938223,3.0,RFS,OOD,TCGA500,DeepHS,43
5,100,0.08818156838417053,0.08367407282250572,0.031074320934760036,0.21485711796479678,3.0,RFS,OOD,TCGA500,DeepHS,43
1,100,0.09080974519252777,0.13782043179290127,0.051215551947620064,0.3418212047474217,5.0,RFS,OOD,TCGA500,DeepHS,43
2,100,0.12467113614082337,0.09578526453684932,0.03943151031722225,0.22275907132890582,5.0,RFS,OOD,TCGA500,DeepHS,43
3,99,0.14763114849726358,0.11129364102031802,0.0556378562664982,0.21587358787994737,5.0,RFS,OOD,TCGA500,DeepHS,43
4,100,0.18854446709156036,0.21458881987577638,0.10679165669648905,0.40347023444159824,5.0,RFS,OOD,TCGA500,DeepHS,43
5,100,0.264605992436409,0.2672395237211205,0.15419448668450253,0.4385993283531454,5.0,RFS,OOD,TCGA500,DeepHS,43
1,100,0.31991195023059843,0.24250319397337938,0.1099828114121002,0.48420196998334797,10.0,RFS,OOD,TCGA500,DeepHS,43
2,100,0.3480831253528595,0.2719905142008965,0.10646934718480816,0.591445443832998,10.0,RFS,OOD,TCGA500,DeepHS,43
3,99,0.36939636384597935,0.1899219459517839,0.09740089478595981,0.351378152376816,10.0,RFS,OOD,TCGA500,DeepHS,43
4,100,0.39905416667461396,0.21345505665665532,0.10758580890762826,0.3973899566605833,10.0,RFS,OOD,TCGA500,DeepHS,43
5,100,0.44881101489067077,0.16515433730041396,0.08254480171757994,0.3149127020367175,10.0,RFS,OOD,TCGA500,DeepHS,43
1,100,0.047452458143234254,0.0617662704527111,0.022726902939246174,0.16206616076577063,3.0,RFS,OOD,TCGA500,DeepHS,44
2,100,0.06098807752132416,0.05572215365365085,0.02104563120080083,0.1431979662004138,3.0,RFS,OOD,TCGA500,DeepHS,44
3,99,0.0700851498228131,0.07294488039896463,0.030399858145359504,0.16958619117241824,3.0,RFS,OOD,TCGA500,DeepHS,44
4,100,0.07974280655384064,0.101318837218343,0.045480424691876076,0.21742920278032907,3.0,RFS,OOD,TCGA500,DeepHS,44
5,100,0.0949912565946579,0.11997776863301945,0.05790980941450896,0.23953591964314735,3.0,RFS,OOD,TCGA500,DeepHS,44
1,100,0.08450819969177246,0.05017921146953397,0.012159852399434512,0.19477585367509032,5.0,RFS,OOD,TCGA500,DeepHS,44
2,100,0.11951315879821778,0.07996551898990922,0.029184965195260593,0.20904749015975155,5.0,RFS,OOD,TCGA500,DeepHS,44
3,99,0.14667858017815483,0.23976676300498057,0.137095685179209,0.3992885757342123,5.0,RFS,OOD,TCGA500,DeepHS,44
4,100,0.1839093953371048,0.1866985896443536,0.09562804524648749,0.3461455612494304,5.0,RFS,OOD,TCGA500,DeepHS,44
5,100,0.23979817271232606,0.2075516661275728,0.11533068496285881,0.35700112539358086,5.0,RFS,OOD,TCGA500,DeepHS,44
1,100,0.2914929783344269,0.23742842680801113,0.11805332311730277,0.44281908859108465,10.0,RFS,OOD,TCGA500,DeepHS,44
2,100,0.3301500099897385,0.2611058246751039,0.10771324044398556,0.5522175290604474,10.0,RFS,OOD,TCGA500,DeepHS,44
3,99,0.3546991426535327,0.1431017656625403,0.06701179222599962,0.2909661856543765,10.0,RFS,OOD,TCGA500,DeepHS,44
4,100,0.3759570324420929,0.12041949670228558,0.05262000913758291,0.2625591824294361,10.0,RFS,OOD,TCGA500,DeepHS,44
5,100,0.4092147374153137,0.35591028266861147,0.16280743958355715,0.6634672109314617,10.0,RFS,OOD,TCGA500,DeepHS,44
1,100,0.04373338282108307,0.045636432926829174,0.014716969413191894,0.1368461509901514,3.0,RFS,OOD,TCGA500,DeepSurv,40
2,100,0.08160571038722991,0.03289473684210531,0.008087694044439764,0.12870011915802326,3.0,RFS,OOD,TCGA500,DeepSurv,40
3,99,0.11439411567919182,0.06724927371479095,0.025724349547128322,0.16970154118872394,3.0,RFS,OOD,TCGA500,DeepSurv,40
4,100,0.1574973863363266,0.14444533404306203,0.07804601197562056,0.2588139372209244,3.0,RFS,OOD,TCGA500,DeepSurv,40
5,100,0.2455902111530304,0.12956131055845654,0.06096042688090064,0.2636963452658737,3.0,RFS,OOD,TCGA500,DeepSurv,40
1,100,0.08655726552009582,0.07010729362101309,0.025944082917850886,0.1820771325013273,5.0,RFS,OOD,TCGA500,DeepSurv,40
2,100,0.15852894842624665,0.1881444598603348,0.09095577402649002,0.3659162513839511,5.0,RFS,OOD,TCGA500,DeepSurv,40
3,99,0.21836993369189175,0.17962731040111435,0.08327142763362716,0.36294289664799584,5.0,RFS,OOD,TCGA500,DeepSurv,40
4,100,0.29337842762470245,0.14444533404306203,0.07804601197562056,0.2588139372209244,5.0,RFS,OOD,TCGA500,DeepSurv,40
5,100,0.43290369093418124,0.23265674753878918,0.1252301149652788,0.4079497703767989,5.0,RFS,OOD,TCGA500,DeepSurv,40
1,100,0.1816724246740341,0.2735213231414164,0.09088129119019606,0.6575690416544201,10.0,RFS,OOD,TCGA500,DeepSurv,40
2,100,0.3186223900318146,0.30412382273742977,0.13114250109573222,0.6074926675234372,10.0,RFS,OOD,TCGA500,DeepSurv,40
3,99,0.4218492369459133,0.17962731040111435,0.08327142763362716,0.36294289664799584,10.0,RFS,OOD,TCGA500,DeepSurv,40
4,100,0.537297034561634,0.14444533404306203,0.07804601197562056,0.2588139372209244,10.0,RFS,OOD,TCGA500,DeepSurv,40
5,100,0.7111270094662905,0.29660201857722346,0.15934739590360192,0.5099014178499823,10.0,RFS,OOD,TCGA500,DeepSurv,40
1,100,0.027794435024261474,0.06335726735881153,0.024051590080794827,0.16135875825640145,3.0,RFS,OOD,TCGA500,DeepSurv,41
2,100,0.06204344809055328,0.06194951605107846,0.023110030973996887,0.1604739047945739,3.0,RFS,OOD,TCGA500,DeepSurv,41
3,99,0.1089951450174505,0.11597760497570264,0.05771666863978808,0.22556094117969694,3.0,RFS,OOD,TCGA500,DeepSurv,41
4,100,0.1547113686800003,0.04377813294541366,0.014235135822374456,0.13044125289781527,3.0,RFS,OOD,TCGA500,DeepSurv,41
5,100,0.28076631009578706,0.1435616144577243,0.06740792253791006,0.29116998825977236,3.0,RFS,OOD,TCGA500,DeepSurv,41
1,100,0.06745773792266846,0.11255068819080671,0.05068569356769892,0.23974221127657236,5.0,RFS,OOD,TCGA500,DeepSurv,41
2,100,0.14684487760066986,0.06194951605107846,0.023110030973996887,0.1604739047945739,5.0,RFS,OOD,TCGA500,DeepSurv,41
3,99,0.24883061105554755,0.23371773055476286,0.13230831912634355,0.39306539424439213,5.0,RFS,OOD,TCGA500,DeepSurv,41
4,100,0.3408990252017975,0.14556271097227558,0.06966507185050141,0.29015416191452525,5.0,RFS,OOD,TCGA500,DeepSurv,41
5,100,0.5317040434572846,0.22965859501488428,0.11737449155429724,0.4203181166406049,5.0,RFS,OOD,TCGA500,DeepSurv,41
1,100,0.15518633127212525,0.15925854670707995,0.07236871457259597,0.33007104851403646,10.0,RFS,OOD,TCGA500,DeepSurv,41
2,100,0.3189776438474655,0.21829126337589866,0.05471385986819011,0.6596879971483195,10.0,RFS,OOD,TCGA500,DeepSurv,41
3,99,0.4994158148765564,0.23371773055476286,0.13230831912634355,0.39306539424439213,10.0,RFS,OOD,TCGA500,DeepSurv,41
4,100,0.6354848000407219,0.299467564275406,0.12872595555800348,0.6011927730321209,10.0,RFS,OOD,TCGA500,DeepSurv,41
5,100,0.8150137288893136,0.22965859501488428,0.11737449155429724,0.4203181166406049,10.0,RFS,OOD,TCGA500,DeepSurv,41
1,100,0.042638651728630066,0.012195121951219523,0.001726894064040363,0.08342128988058661,3.0,RFS,OOD,TCGA500,DeepSurv,42
2,100,0.07245798289775848,0.0578402192256281,0.022014002401626098,0.1474057425047457,3.0,RFS,OOD,TCGA500,DeepSurv,42
3,99,0.09911958617393417,0.1733250698621167,0.09732351084320845,0.29801743102417577,3.0,RFS,OOD,TCGA500,DeepSurv,42
4,100,0.1411658126115799,0.02724745134383688,0.006814524574792147,0.10560679726061184,3.0,RFS,OOD,TCGA500,DeepSurv,42
5,100,0.228103067278862,0.13702699087104964,0.0683143499750023,0.264299553587899,3.0,RFS,OOD,TCGA500,DeepSurv,42
1,100,0.08984945833683014,0.07135584967464914,0.021804992008765955,0.22009740192869198,5.0,RFS,OOD,TCGA500,DeepSurv,42
2,100,0.15013258695602416,0.09407713387079619,0.03644743017342855,0.23119464228483666,5.0,RFS,OOD,TCGA500,DeepSurv,42
3,99,0.20204834624974413,0.20512025948280455,0.11687814714982703,0.3455760593518459,5.0,RFS,OOD,TCGA500,DeepSurv,42
4,100,0.28024949848651887,0.20591677529031926,0.09700825131913227,0.4060581555635556,5.0,RFS,OOD,TCGA500,DeepSurv,42
5,100,0.42558936566114425,0.23185918967642882,0.12906373488458,0.39560670447091495,5.0,RFS,OOD,TCGA500,DeepSurv,42
1,100,0.2053043931722641,0.18743636846531797,0.053220434901043445,0.5451357542564887,10.0,RFS,OOD,TCGA500,DeepSurv,42
2,100,0.32844466626644137,0.13937327717725645,0.05753396184397963,0.31626877673701803,10.0,RFS,OOD,TCGA500,DeepSurv,42
3,99,0.42428295239053593,0.2934402306513818,0.14734935197311727,0.5308708054460769,10.0,RFS,OOD,TCGA500,DeepSurv,42
4,100,0.5520549404621125,0.20591677529031926,0.09700825131913227,0.4060581555635556,10.0,RFS,OOD,TCGA500,DeepSurv,42
5,100,0.7341854803264141,0.28672639041382675,0.15979518631414735,0.480939665976965,10.0,RFS,OOD,TCGA500,DeepSurv,42
1,100,0.02653388798236847,0.040895384981406546,0.013268181722009498,0.12236998637426355,3.0,RFS,OOD,TCGA500,DeepSurv,43
2,100,0.053782185316085813,0.11359084010248166,0.05414852087309263,0.2298425805619222,3.0,RFS,OOD,TCGA500,DeepSurv,43
3,99,0.08240723429304181,0.04875373878364897,0.015541982280621314,0.14742014484664878,3.0,RFS,OOD,TCGA500,DeepSurv,43
4,100,0.13147595763206482,0.09814209038650867,0.04347901331062909,0.21340623576300244,3.0,RFS,OOD,TCGA500,DeepSurv,43
5,100,0.2606184181571007,0.12281685360903905,0.0574795737425714,0.25178717802228634,3.0,RFS,OOD,TCGA500,DeepSurv,43
1,100,0.06354983150959015,0.12225629042785813,0.05335867505538794,0.26662623751452397,5.0,RFS,OOD,TCGA500,DeepSurv,43
2,100,0.12636163592338562,0.1421846839701435,0.07068891551179146,0.27445998921456327,5.0,RFS,OOD,TCGA500,DeepSurv,43
3,99,0.18956755086629076,0.10185360982443403,0.04197169977637272,0.23595224223134637,5.0,RFS,OOD,TCGA500,DeepSurv,43
4,100,0.290868404507637,0.2761551030784425,0.1534864858237338,0.4657043258300362,5.0,RFS,OOD,TCGA500,DeepSurv,43
5,100,0.5105199149250984,0.15655466693176834,0.07652337867073855,0.3052010311497241,5.0,RFS,OOD,TCGA500,DeepSurv,43
1,100,0.13964570701122284,0.23589275282782296,0.1106915240445937,0.46046413738517344,10.0,RFS,OOD,TCGA500,DeepSurv,43
2,100,0.26658069968223574,0.1421846839701435,0.07068891551179146,0.27445998921456327,10.0,RFS,OOD,TCGA500,DeepSurv,43
3,99,0.3828004797299703,0.251544674853695,0.07731856219012623,0.6476914148766821,10.0,RFS,OOD,TCGA500,DeepSurv,43
4,100,0.5439682304859161,0.3419591846167659,0.19120966988851773,0.5618778088629593,10.0,RFS,OOD,TCGA500,DeepSurv,43
5,100,0.78965970111778,0.15655466693176834,0.07652337867073855,0.3052010311497241,10.0,RFS,OOD,TCGA500,DeepSurv,43
1,100,0.026366347670555113,0.03409758965314513,0.008603064848008546,0.1300305943273583,3.0,RFS,OOD,TCGA500,DeepSurv,44
2,100,0.056918070912361146,0.051251653996429836,0.019337134612959384,0.1321663832594976,3.0,RFS,OOD,TCGA500,DeepSurv,44
3,99,0.09045575243054015,0.1450011083441266,0.07252349436541394,0.27816599683164467,3.0,RFS,OOD,TCGA500,DeepSurv,44
4,100,0.12980341792106628,0.0694664165391532,0.02875646621944994,0.16276764227983775,3.0,RFS,OOD,TCGA500,DeepSurv,44
5,100,0.2410185831785202,0.12986530093017234,0.06197916641457646,0.2609845515384298,3.0,RFS,OOD,TCGA500,DeepSurv,44
1,100,0.05696766316890717,0.09870290438029217,0.03554201731033646,0.25800854517464944,5.0,RFS,OOD,TCGA500,DeepSurv,44
2,100,0.12079674482345581,0.11455302619838903,0.05453997479803574,0.23196791936709837,5.0,RFS,OOD,TCGA500,DeepSurv,44
3,99,0.18809342203718243,0.18217497319872977,0.09355452141039777,0.3375106472989582,5.0,RFS,OOD,TCGA500,DeepSurv,44
4,100,0.2631198567152023,0.19013721546388862,0.0879705236975078,0.38306151279704914,5.0,RFS,OOD,TCGA500,DeepSurv,44
5,100,0.44728682704269884,0.230493123271581,0.12476827471112661,0.40256452714242064,5.0,RFS,OOD,TCGA500,DeepSurv,44
1,100,0.1357024508714676,0.09870290438029217,0.03554201731033646,0.25800854517464944,10.0,RFS,OOD,TCGA500,DeepSurv,44
2,100,0.2744225037097931,0.20182063659710547,0.09831994689341106,0.3879785105567862,10.0,RFS,OOD,TCGA500,DeepSurv,44
3,99,0.4053533902071943,0.27304442062109313,0.1269725273601392,0.5271098928601954,10.0,RFS,OOD,TCGA500,DeepSurv,44
4,100,0.5323801490664483,0.3926029115979165,0.1410307358267202,0.8050711733911526,10.0,RFS,OOD,TCGA500,DeepSurv,44
5,100,0.7572827654704452,0.230493123271581,0.12476827471112661,0.40256452714242064,10.0,RFS,OOD,TCGA500,DeepSurv,44
1,100,0.027454350590705872,0.012499999999999956,0.0017702994857047294,0.0854277658537006,3.0,RFS,OOD,TCGA500,ENCox,40
2,100,0.05118641614913941,0.020408163265306145,0.0029001902959957526,0.1361730971283749,3.0,RFS,OOD,TCGA500,ENCox,40
3,99,0.08134342383856726,0.10078061025122698,0.04522885429114154,0.21636403908260726,3.0,RFS,OOD,TCGA500,ENCox,40
4,100,0.13712117910385133,0.12092424551298342,0.06107534425432615,0.2317076841393363,3.0,RFS,OOD,TCGA500,ENCox,40
5,100,0.2887521901726723,0.17360382161203192,0.09396874393805976,0.3081945442316383,3.0,RFS,OOD,TCGA500,ENCox,40
1,100,0.06339653074741364,0.04541666666666666,0.010065685982971528,0.1922884512178381,5.0,RFS,OOD,TCGA500,ENCox,40
2,100,0.11648721694946289,0.07491645306771355,0.024491558845088468,0.21694164649414083,5.0,RFS,OOD,TCGA500,ENCox,40
3,99,0.18117609891024503,0.2591616385691179,0.13638415976616614,0.4586504701252643,5.0,RFS,OOD,TCGA500,ENCox,40
4,100,0.2929860669374466,0.16999545987828735,0.09228981120260848,0.3012985476378687,5.0,RFS,OOD,TCGA500,ENCox,40
5,100,0.5342941130325198,0.2791920056572712,0.1620884556770309,0.4545102086093905,5.0,RFS,OOD,TCGA500,ENCox,40
1,100,0.1599263620376587,0.20451388888888888,0.04539348687619715,0.6759566767831908,10.0,RFS,OOD,TCGA500,ENCox,40
2,100,0.28205323338508603,0.12360506080099176,0.0451431774057931,0.3139749743096619,10.0,RFS,OOD,TCGA500,ENCox,40
3,99,0.4137685786594044,0.2591616385691179,0.13638415976616614,0.4586504701252643,10.0,RFS,OOD,TCGA500,ENCox,40
4,100,0.6016815090179444,0.2722423959802375,0.14403431578309256,0.4776100174759724,10.0,RFS,OOD,TCGA500,ENCox,40
5,100,0.8453815719261183,0.2791920056572712,0.1620884556770309,0.4545102086093905,10.0,RFS,OOD,TCGA500,ENCox,40
1,100,0.06664122700691223,0.04186715205233704,0.013317713287667399,0.1275346070609502,3.0,RFS,OOD,TCGA500,ENCox,41
2,100,0.08516883850097656,0.07997932816537467,0.03327332853651588,0.18563316466020885,3.0,RFS,OOD,TCGA500,ENCox,41
3,99,0.10126258026469838,0.10798068481123801,0.051880489651926376,0.21736530061022497,3.0,RFS,OOD,TCGA500,ENCox,41
4,100,0.12168915808200836,0.08620612564812358,0.03862515518407983,0.1864260685447584,3.0,RFS,OOD,TCGA500,ENCox,41
5,100,0.16870561838150025,0.1059055710429665,0.04271808108298192,0.249518788705539,3.0,RFS,OOD,TCGA500,ENCox,41
1,100,0.1521411246061325,0.13371823334055277,0.058128366059080894,0.2911219980023919,5.0,RFS,OOD,TCGA500,ENCox,41
2,100,0.19200643122196198,0.07997932816537467,0.03327332853651588,0.18563316466020885,5.0,RFS,OOD,TCGA500,ENCox,41
3,99,0.2256206213825881,0.18443948325598913,0.09213729478549681,0.3495057224149327,5.0,RFS,OOD,TCGA500,ENCox,41
4,100,0.2670803838968277,0.18229952910179326,0.09904276455841288,0.3218337052403293,5.0,RFS,OOD,TCGA500,ENCox,41
5,100,0.35529603391885756,0.2231312850617776,0.11115137609486092,0.4178489978478921,5.0,RFS,OOD,TCGA500,ENCox,41
1,100,0.31403538048267365,0.20590838056217342,0.08790866377271556,0.43880702152670803,10.0,RFS,OOD,TCGA500,ENCox,41
2,100,0.38604502320289613,0.13109158771174279,0.05237565811328093,0.3072114771295762,10.0,RFS,OOD,TCGA500,ENCox,41
3,99,0.4428792999248312,0.3883296124419918,0.13865381344697136,0.801880690426054,10.0,RFS,OOD,TCGA500,ENCox,41
4,100,0.5086934381723404,0.2253363959911725,0.12317771374675657,0.39100084867533513,10.0,RFS,OOD,TCGA500,ENCox,41
5,100,0.6280748675763607,0.2231312850617776,0.11115137609486092,0.4178489978478921,10.0,RFS,OOD,TCGA500,ENCox,41
1,100,0.08504371404647827,0.04063333737569719,0.013164573620439213,0.12177150108963264,3.0,RFS,OOD,TCGA500,ENCox,42
2,100,0.0997364318370819,0.035853976531942666,0.00906461644333656,0.13619291581779336,3.0,RFS,OOD,TCGA500,ENCox,42
3,99,0.11046079914979261,0.04414014687882506,0.01397867196524083,0.13477925484532782,3.0,RFS,OOD,TCGA500,ENCox,42
4,100,0.12442158997058868,0.15030552948138542,0.08102098355071286,0.2694714747149086,3.0,RFS,OOD,TCGA500,ENCox,42
5,100,0.1522517728805542,0.1654072793003517,0.08317114929170122,0.31373770763470854,3.0,RFS,OOD,TCGA500,ENCox,42
1,100,0.16713110089302063,0.13069376302852176,0.056326606653277045,0.2870648390307956,5.0,RFS,OOD,TCGA500,ENCox,42
2,100,0.19445640325546265,0.08659850408289305,0.032807619926351506,0.21804627770487794,5.0,RFS,OOD,TCGA500,ENCox,42
3,99,0.2140834229161041,0.16772251759485923,0.07862366646351548,0.33741470765058357,5.0,RFS,OOD,TCGA500,ENCox,42
4,100,0.2392439752817154,0.23360890894399466,0.12637479899933612,0.40783061778803054,5.0,RFS,OOD,TCGA500,ENCox,42
5,100,0.287900293469429,0.19750699932726123,0.10383468152780617,0.3570012560967164,5.0,RFS,OOD,TCGA500,ENCox,42
1,100,0.3355778020620346,0.13069376302852176,0.056326606653277045,0.2870648390307956,10.0,RFS,OOD,TCGA500,ENCox,42
2,100,0.38348863542079925,0.24162024759019207,0.1121029490839629,0.4744602405746603,10.0,RFS,OOD,TCGA500,ENCox,42
3,99,0.41659100790216463,0.16772251759485923,0.07862366646351548,0.33741470765058357,10.0,RFS,OOD,TCGA500,ENCox,42
4,100,0.4574893325567245,0.23360890894399466,0.12637479899933612,0.40783061778803054,10.0,RFS,OOD,TCGA500,ENCox,42
5,100,0.5311125490069389,0.24471246995506946,0.13117840414488646,0.42888206884456814,10.0,RFS,OOD,TCGA500,ENCox,42
1,100,0.06368573606014252,0.053178597477072875,0.01988690238871882,0.13813251873847487,3.0,RFS,OOD,TCGA500,ENCox,43
2,100,0.08470170319080353,0.02621722846441954,0.006521559861442094,0.10225877291799423,3.0,RFS,OOD,TCGA500,ENCox,43
3,99,0.10318052708500564,0.06583021020042368,0.024122059105973648,0.17296758424451641,3.0,RFS,OOD,TCGA500,ENCox,43
4,100,0.13216460645198821,0.17469242614878588,0.09195856061363927,0.31760357426052477,3.0,RFS,OOD,TCGA500,ENCox,43
5,100,0.20779013335704805,0.12526920388421747,0.05889301446070305,0.2555525731747814,3.0,RFS,OOD,TCGA500,ENCox,43
1,100,0.14059046328067779,0.10947608627573335,0.047188567598485776,0.24278590719652704,5.0,RFS,OOD,TCGA500,ENCox,43
2,100,0.1844812560081482,0.11374332220226069,0.045763307263802844,0.26747226416869474,5.0,RFS,OOD,TCGA500,ENCox,43
3,99,0.22189703132167007,0.12137544094526331,0.05365823991190466,0.2618404540699496,5.0,RFS,OOD,TCGA500,ENCox,43
4,100,0.27848039209842684,0.29367269423259934,0.1681678684398875,0.48133979321260956,5.0,RFS,OOD,TCGA500,ENCox,43
5,100,0.41181493163108823,0.18965910970940703,0.09781377223015875,0.3492661729725097,5.0,RFS,OOD,TCGA500,ENCox,43
1,100,0.2735284608602524,0.17797792579298455,0.0727567229175552,0.3985995565456627,10.0,RFS,OOD,TCGA500,ENCox,43
2,100,0.3499893581867218,0.30365546744463345,0.12348525888709327,0.6298179764779669,10.0,RFS,OOD,TCGA500,ENCox,43
3,99,0.41130841199797813,0.12137544094526331,0.05365823991190466,0.2618404540699496,10.0,RFS,OOD,TCGA500,ENCox,43
4,100,0.4976795345544815,0.29367269423259934,0.1681678684398875,0.48133979321260956,10.0,RFS,OOD,TCGA500,ENCox,43
5,100,0.6671156091988086,0.2571875172336231,0.1292536289257774,0.47200347642660767,10.0,RFS,OOD,TCGA500,ENCox,43
1,100,0.04438661336898804,0.027830728173846797,0.006894153247990031,0.1087751548046727,3.0,RFS,OOD,TCGA500,ENCox,44
2,100,0.07056210339069366,0.0565322209280279,0.02129538577022483,0.1455716371968847,3.0,RFS,OOD,TCGA500,ENCox,44
3,99,0.09244392435960096,0.02250639386189257,0.005670687734501634,0.08709096612023748,3.0,RFS,OOD,TCGA500,ENCox,44
4,100,0.1291551911830902,0.10848765179870223,0.051740028343967626,0.21981501289259353,3.0,RFS,OOD,TCGA500,ENCox,44
5,100,0.24672690778970718,0.21910715017831672,0.12442376674145783,0.36892658943814916,3.0,RFS,OOD,TCGA500,ENCox,44
1,100,0.09444907605648041,0.06522185401331415,0.018527350154003308,0.21592118061772303,5.0,RFS,OOD,TCGA500,ENCox,44
2,100,0.14799278378486633,0.08273965923558269,0.03362696705493018,0.19592069793482236,5.0,RFS,OOD,TCGA500,ENCox,44
3,99,0.1912569710702607,0.1118274504014346,0.04442348864106482,0.26617962390422567,5.0,RFS,OOD,TCGA500,ENCox,44
4,100,0.2609745705127716,0.24595310419877336,0.1349035089016074,0.4230138367447126,5.0,RFS,OOD,TCGA500,ENCox,44
5,100,0.4507580015435815,0.3097464988183335,0.19066466291343487,0.477740781615157,5.0,RFS,OOD,TCGA500,ENCox,44
1,100,0.21687823057174682,0.14312003284553798,0.04378255588480917,0.41308898969263896,10.0,RFS,OOD,TCGA500,ENCox,44
2,100,0.3272748464345932,0.13669614986878376,0.05395589969264314,0.32262398634046263,10.0,RFS,OOD,TCGA500,ENCox,44
3,99,0.40856052107281154,0.1640728944954679,0.06906510527961862,0.3615956879095813,10.0,RFS,OOD,TCGA500,ENCox,44
4,100,0.5261247029900551,0.3402089661739267,0.17423858016662697,0.5947277143670946,10.0,RFS,OOD,TCGA500,ENCox,44
5,100,0.7529852843360277,0.3097464988183335,0.19066466291343487,0.477740781615157,10.0,RFS,OOD,TCGA500,ENCox,44
1,100,0.0556316739320755,0.129510543813245,0.06250882735647678,0.2577251413044832,3.0,RFS,OOD,TCGA500,LH,40
2,100,0.08626611649990082,0.061997209235799655,0.022950832119234543,0.16173879891482057,3.0,RFS,OOD,TCGA500,LH,40
3,99,0.10743842582509976,0.05698002020401938,0.021119794889929766,0.1489154605904236,3.0,RFS,OOD,TCGA500,LH,40
4,100,0.13632538557052612,0.032835820895522394,0.00825899670461594,0.125767555487851,3.0,RFS,OOD,TCGA500,LH,40
5,100,0.19329047977924346,0.13763646802869,0.07188489291135514,0.2546730042261197,3.0,RFS,OOD,TCGA500,LH,40
1,100,0.10865609765052796,0.179048601861315,0.07415816212617587,0.39659384991745517,5.0,RFS,OOD,TCGA500,LH,40
2,100,0.1707926297187805,0.11717510341805526,0.05599313972692799,0.23628049129043582,5.0,RFS,OOD,TCGA500,LH,40
3,99,0.2277414822819257,0.13248330297510635,0.054886806647723385,0.30078989135357104,5.0,RFS,OOD,TCGA500,LH,40
4,100,0.3173269772529602,0.17029283846857346,0.0873659006280515,0.3169657723281296,5.0,RFS,OOD,TCGA500,LH,40
5,100,0.5706715536117554,0.20525480215252978,0.11368693269893781,0.354233108107886,5.0,RFS,OOD,TCGA500,LH,40
1,100,0.2035297191143036,0.10359770421398506,0.03361274280676252,0.29519222460019934,10.0,RFS,OOD,TCGA500,LH,40
2,100,0.3307373666763306,0.10049183686610585,0.04013213546605554,0.23954506064804904,10.0,RFS,OOD,TCGA500,LH,40
3,99,0.4633967731938218,0.32399261075740515,0.16984282202984946,0.5611682812854986,10.0,RFS,OOD,TCGA500,LH,40
4,100,0.6464703607559205,0.3371473754538682,0.1476077475250107,0.653102676341516,10.0,RFS,OOD,TCGA500,LH,40
5,100,0.8909273246175143,0.23211726925228438,0.13041374770134317,0.3929898506288382,10.0,RFS,OOD,TCGA500,LH,40
1,100,0.04173379361629486,0.08061968194221403,0.03373726392644982,0.18606006807917563,3.0,RFS,OOD,TCGA500,LH,41
2,100,0.06778112888336181,0.049252013808975814,0.015886952811504207,0.14724730575477585,3.0,RFS,OOD,TCGA500,LH,41
3,99,0.09196964117011638,0.09318241765286372,0.04188680968826941,0.20036270422307645,3.0,RFS,OOD,TCGA500,LH,41
4,100,0.1286873525381088,0.11141588890004983,0.05392563937174821,0.22253579469757023,3.0,RFS,OOD,TCGA500,LH,41
5,100,0.2078474098443985,0.06882440611674312,0.02854537735814444,0.16102461800513979,3.0,RFS,OOD,TCGA500,LH,41
1,100,0.07278366327285767,0.06656903208627352,0.02157499950974695,0.19553399386134396,5.0,RFS,OOD,TCGA500,LH,41
2,100,0.124261714220047,0.09823680734998552,0.04464923233322726,0.20870572160786283,5.0,RFS,OOD,TCGA500,LH,41
3,99,0.17468402783075967,0.26476918944523775,0.15223242419278193,0.4360646434233497,5.0,RFS,OOD,TCGA500,LH,41
4,100,0.24749675929546355,0.14077363935854503,0.06922989105514654,0.2744790689014739,5.0,RFS,OOD,TCGA500,LH,41
5,100,0.5202269266173244,0.21154584848378977,0.10867900125901497,0.38799868860704967,5.0,RFS,OOD,TCGA500,LH,41
1,100,0.23876063644886017,0.16724920887469186,0.08438519414250056,0.316107674094562,10.0,RFS,OOD,TCGA500,LH,41
2,100,0.40379111289978026,0.12509214212000574,0.04453869453779025,0.3242788528079802,10.0,RFS,OOD,TCGA500,LH,41
3,99,0.5627442161844234,0.15775144537480057,0.058658661070053575,0.38589038432204226,10.0,RFS,OOD,TCGA500,LH,41
4,100,0.7211397039890289,0.3562239610330066,0.18231915372675522,0.6184821836965967,10.0,RFS,OOD,TCGA500,LH,41
5,100,0.9060672964365222,0.26178327768041243,0.1433426407787478,0.4486737774509235,10.0,RFS,OOD,TCGA500,LH,41
1,100,0.05123608708381653,0.05182092004381167,0.01947032135811544,0.13411775073728904,3.0,RFS,OOD,TCGA500,LH,42
2,100,0.07698527574539185,0.10562724734449114,0.04804163065170031,0.22362123488582852,3.0,RFS,OOD,TCGA500,LH,42
3,99,0.09724785462774412,0.07269372230521076,0.02745252324173253,0.1850444263597112,3.0,RFS,OOD,TCGA500,LH,42
4,100,0.12247445106506348,0.058420402201999844,0.021426396774389955,0.1540545560145523,3.0,RFS,OOD,TCGA500,LH,42
5,100,0.1682022988796234,0.13219126255140135,0.06569699870907786,0.25608295107878065,3.0,RFS,OOD,TCGA500,LH,42
1,100,0.087778599858284,0.10080399946732965,0.04031332576819513,0.23995050210964652,5.0,RFS,OOD,TCGA500,LH,42
2,100,0.14373730957508088,0.0858059342421813,0.030745150824157297,0.22719615166192186,5.0,RFS,OOD,TCGA500,LH,42
3,99,0.19862983744553844,0.16789549572379647,0.09131398281125036,0.29727368003665255,5.0,RFS,OOD,TCGA500,LH,42
4,100,0.2988246071338654,0.14116222620354846,0.06092562037271332,0.3081536514483735,5.0,RFS,OOD,TCGA500,LH,42
5,100,0.61565421174746,0.2886572441248343,0.16819598010488035,0.4673768544001279,5.0,RFS,OOD,TCGA500,LH,42
1,100,0.20618369221687316,0.15728402153067933,0.07006641349127318,0.3317715910606074,10.0,RFS,OOD,TCGA500,LH,42
2,100,0.3911681985855103,0.17540417466459401,0.06824556856202157,0.40916039233874024,10.0,RFS,OOD,TCGA500,LH,42
3,99,0.576062550448408,0.28271042508820887,0.14264665179349323,0.5119664690798447,10.0,RFS,OOD,TCGA500,LH,42
4,100,0.7919958698749542,0.34337912523051506,0.1005777789317055,0.811611947168472,10.0,RFS,OOD,TCGA500,LH,42
5,100,0.9635617037029605,0.267022819870405,0.15405731242909504,0.43829666601138473,10.0,RFS,OOD,TCGA500,LH,42
1,100,0.044206362962722776,0.1214515112570097,0.05829331621570699,0.24357362539466998,3.0,RFS,OOD,TCGA500,LH,43
2,100,0.06755916714668274,0.09150293209083493,0.041775891235191875,0.19410456264868203,3.0,RFS,OOD,TCGA500,LH,43
3,99,0.08743607696860728,0.04728453622384421,0.017970354810830313,0.1213690351881539,3.0,RFS,OOD,TCGA500,LH,43
4,100,0.10872874319553376,0.06791217935382698,0.02533363768462904,0.17531461275447713,3.0,RFS,OOD,TCGA500,LH,43
5,100,0.16536660015583038,0.08996273622571194,0.03706102071508344,0.2096793142639931,3.0,RFS,OOD,TCGA500,LH,43
1,100,0.07538313508033752,0.13378097456439364,0.059293759630901555,0.28640726773738523,5.0,RFS,OOD,TCGA500,LH,43
2,100,0.11929376959800721,0.15143567634009403,0.07508278651738876,0.2921163223554081,5.0,RFS,OOD,TCGA500,LH,43
3,99,0.1639537462080368,0.12306694533821028,0.05048420824890876,0.2831705673662227,5.0,RFS,OOD,TCGA500,LH,43
4,100,0.24620790719985963,0.19033957757116893,0.0937032584101708,0.36434814616457445,5.0,RFS,OOD,TCGA500,LH,43
5,100,0.6068256792379543,0.19150396819863147,0.10394517999691089,0.3375038899530254,5.0,RFS,OOD,TCGA500,LH,43
1,100,0.13918809294700624,0.27326481723126994,0.12779692933890663,0.525328767170882,10.0,RFS,OOD,TCGA500,LH,43
2,100,0.27369714975357057,0.06888519406845495,0.028746169399365362,0.16024823440561975,10.0,RFS,OOD,TCGA500,LH,43
3,99,0.4474413307628246,0.37302149047833266,0.15701618047576182,0.7208352654736419,10.0,RFS,OOD,TCGA500,LH,43
4,100,0.737748976573348,0.126372151294595,0.04616371779698514,0.32035339521467565,10.0,RFS,OOD,TCGA500,LH,43
5,100,0.9701125590858575,0.26909129365551177,0.1605026888108404,0.4297313113109318,10.0,RFS,OOD,TCGA500,LH,43
1,100,0.04908183753490448,0.15118693743929879,0.07689375170320056,0.2852418237071679,3.0,RFS,OOD,TCGA500,LH,44
2,100,0.06909713566303254,0.06775761383796586,0.02839961449132633,0.1570654710096343,3.0,RFS,OOD,TCGA500,LH,44
3,99,0.08280278817571775,0.032258064516129115,0.010519166524279311,0.09667445131272157,3.0,RFS,OOD,TCGA500,LH,44
4,100,0.1012092787027359,0.07467723004694826,0.027534801686972754,0.1940566492969621,3.0,RFS,OOD,TCGA500,LH,44
5,100,0.14821527004241944,0.11014262120926732,0.048657515577804844,0.23890650575206562,3.0,RFS,OOD,TCGA500,LH,44
1,100,0.07984942853450776,0.14251663817600146,0.06507334120147812,0.29624988630440574,5.0,RFS,OOD,TCGA500,LH,44
2,100,0.11440537691116333,0.1870007596230333,0.09662503411604395,0.3441161074491127,5.0,RFS,OOD,TCGA500,LH,44
3,99,0.1476494332756659,0.11911218131067569,0.052964351400692,0.2558939150986447,5.0,RFS,OOD,TCGA500,LH,44
4,100,0.19854649066925048,0.15960974052068078,0.0769589832255404,0.3144828109426623,5.0,RFS,OOD,TCGA500,LH,44
5,100,0.3512462167441845,0.17590439620879972,0.08823344918428988,0.33316596158787937,5.0,RFS,OOD,TCGA500,LH,44
1,100,0.15767427444458007,0.09194766906209695,0.03309564723746017,0.24150851076053403,10.0,RFS,OOD,TCGA500,LH,44
2,100,0.2659916239976883,0.3195590853097249,0.15593733699588386,0.5828883887982421,10.0,RFS,OOD,TCGA500,LH,44
3,99,0.3941747889374242,0.19143744454303457,0.0473965401726657,0.6054257598648956,10.0,RFS,OOD,TCGA500,LH,44
4,100,0.5764109766483307,0.2891109225492319,0.1613321444995326,0.4840972871201217,10.0,RFS,OOD,TCGA500,LH,44
5,100,0.8542869080099627,0.25160610953548257,0.13239698699234836,0.44647857971371174,10.0,RFS,OOD,TCGA500,LH,44
1,100,0.0196481990814209,0.01754385964912286,0.0024900551455954156,0.11807986411111804,3.0,RFS,OOD,TCGA500,MTLR,40
2,100,0.03774883806705475,0.043006174153715104,0.013886618721457467,0.12906025754746508,3.0,RFS,OOD,TCGA500,MTLR,40
3,99,0.05325037000155208,0.08844670690529555,0.03927895153690453,0.19266155114775774,3.0,RFS,OOD,TCGA500,MTLR,40
4,100,0.07759820520877839,0.0900424447255882,0.03990280407691249,0.1963913783322001,3.0,RFS,OOD,TCGA500,MTLR,40
5,100,0.13489017009735108,0.15939105065350478,0.0880697619441776,0.2789179402397579,3.0,RFS,OOD,TCGA500,MTLR,40
1,100,0.036935792565345765,0.06323185011709609,0.013824975127731176,0.263966378048732,5.0,RFS,OOD,TCGA500,MTLR,40
2,100,0.07903198301792144,0.08842839277946923,0.03088512057482584,0.23908713695224737,5.0,RFS,OOD,TCGA500,MTLR,40
3,99,0.1298388959181429,0.21225826379915003,0.11682792285348054,0.3675699558636357,5.0,RFS,OOD,TCGA500,MTLR,40
4,100,0.21345898985862732,0.12358019781342611,0.05401030539563867,0.26903161422967437,5.0,RFS,OOD,TCGA500,MTLR,40
5,100,0.451583508849144,0.2966341895845148,0.18484040491258702,0.454389149140326,5.0,RFS,OOD,TCGA500,MTLR,40
1,100,0.13606605112552642,0.02874276261373032,0.007201232144713687,0.1110229049073661,10.0,RFS,OOD,TCGA500,MTLR,40
2,100,0.27079865992069246,0.22481431112041017,0.09338763418220664,0.4838935052922346,10.0,RFS,OOD,TCGA500,MTLR,40
3,99,0.3927589913811346,0.25448442348968536,0.12451805628414758,0.47720785755901063,10.0,RFS,OOD,TCGA500,MTLR,40
4,100,0.5425723046064377,0.3574185160573027,0.16619208808699693,0.6590995905894556,10.0,RFS,OOD,TCGA500,MTLR,40
5,100,0.7441349500417709,0.25091261309105417,0.1398550175058253,0.4253553003420709,10.0,RFS,OOD,TCGA500,MTLR,40
1,100,0.02274109661579132,0.057093479968578165,0.020734683202243254,0.15205994629787967,3.0,RFS,OOD,TCGA500,MTLR,41
2,100,0.036267476677894595,0.11895740553082979,0.05647241602768305,0.24113818705306322,3.0,RFS,OOD,TCGA500,MTLR,41
3,99,0.05120376083585951,0.05085686532991063,0.016482082226444206,0.1511967986166517,3.0,RFS,OOD,TCGA500,MTLR,41
4,100,0.07305513918399811,0.07851120117077559,0.029054713186549286,0.20287183220021543,3.0,RFS,OOD,TCGA500,MTLR,41
5,100,0.1267138433456421,0.1110332505749202,0.056267022905373776,0.21273801521580848,3.0,RFS,OOD,TCGA500,MTLR,41
1,100,0.04955147504806519,0.1496837806872452,0.0689559741508321,0.3078684335203187,5.0,RFS,OOD,TCGA500,MTLR,41
2,100,0.08161043882369995,0.02720588235294108,0.0067801178142891105,0.10580492455059187,5.0,RFS,OOD,TCGA500,MTLR,41
3,99,0.12468777762518989,0.20968206578624482,0.11376110292453412,0.3677845496847505,5.0,RFS,OOD,TCGA500,MTLR,41
4,100,0.21844632506370545,0.1561836374761545,0.06860594498487549,0.33353413890601347,5.0,RFS,OOD,TCGA500,MTLR,41
5,100,0.4392627030611038,0.2242564815983572,0.1319686503625771,0.36594258325685436,5.0,RFS,OOD,TCGA500,MTLR,41
1,100,0.15963575303554534,0.18039516734881555,0.06028762382419428,0.4708234412461153,10.0,RFS,OOD,TCGA500,MTLR,41
2,100,0.31232399463653565,0.16534753862107265,0.0604056997028839,0.4080236237364545,10.0,RFS,OOD,TCGA500,MTLR,41
3,99,0.47616166117215397,0.30150486611912397,0.1399844740008418,0.574205300379609,10.0,RFS,OOD,TCGA500,MTLR,41
4,100,0.6449017649888993,0.14387524416900033,0.06850019744944225,0.28827075806258706,10.0,RFS,OOD,TCGA500,MTLR,41
5,100,0.8304585146903992,0.30468508991290544,0.18255330410236936,0.4806211389678786,10.0,RFS,OOD,TCGA500,MTLR,41
1,100,0.016664150953292847,0.027450980392156765,0.006831261934817645,0.10687471234943091,3.0,RFS,OOD,TCGA500,MTLR,42
2,100,0.0330394446849823,0.07500327665709483,0.030979750316851407,0.17564609636588635,3.0,RFS,OOD,TCGA500,MTLR,42
3,99,0.05338200836470633,0.14050852665041758,0.06956045767541996,0.27238804967696284,3.0,RFS,OOD,TCGA500,MTLR,42
4,100,0.07499224066734314,0.09561283515949015,0.043045423354518664,0.2051041226934358,3.0,RFS,OOD,TCGA500,MTLR,42
5,100,0.11269151389598847,0.0880127781260468,0.036711878115429086,0.20302361671397273,3.0,RFS,OOD,TCGA500,MTLR,42
1,100,0.023638232946395873,0.0733816964285714,0.02285461789840071,0.2221602495433186,5.0,RFS,OOD,TCGA500,MTLR,42
2,100,0.05970803678035736,0.09142213883677308,0.032135347779554735,0.24528705640166593,5.0,RFS,OOD,TCGA500,MTLR,42
3,99,0.11463550064298841,0.23744787451995242,0.13421164204495029,0.3994553134329374,5.0,RFS,OOD,TCGA500,MTLR,42
4,100,0.2408514004945755,0.06792032727516584,0.024668744830541933,0.17968348103617726,5.0,RFS,OOD,TCGA500,MTLR,42
5,100,0.5849477702379227,0.3223829027936579,0.19992406544189933,0.49288869699570015,5.0,RFS,OOD,TCGA500,MTLR,42
1,100,0.09223564386367798,0.1648670404875443,0.06267165597352842,0.3943904870615901,10.0,RFS,OOD,TCGA500,MTLR,42
2,100,0.22525651812553404,0.20374055487273646,0.08698513140880959,0.43469096699109644,10.0,RFS,OOD,TCGA500,MTLR,42
3,99,0.3850961917578572,0.2440894276206086,0.07251109598286942,0.6466421950883744,10.0,RFS,OOD,TCGA500,MTLR,42
4,100,0.6021291738748551,0.34058274038565894,0.20539548757158488,0.5295912240739149,10.0,RFS,OOD,TCGA500,MTLR,42
5,100,0.8632300889492035,0.2303014053118697,0.11844179854249393,0.41928976453384625,10.0,RFS,OOD,TCGA500,MTLR,42
1,100,0.016852579116821288,0.05793327061871578,0.021553975790454594,0.15079431624476625,3.0,RFS,OOD,TCGA500,MTLR,43
2,100,0.026531431078910827,0.08326787898166499,0.03779163213437131,0.17815430059356907,3.0,RFS,OOD,TCGA500,MTLR,43
3,99,0.03450930660421198,0.03473218182951909,0.011313273727818873,0.10401208629914915,3.0,RFS,OOD,TCGA500,MTLR,43
4,100,0.04283498644828796,0.1949413053242408,0.10284339172610457,0.35160902435706975,3.0,RFS,OOD,TCGA500,MTLR,43
5,100,0.05779140055179596,0.06903379772961804,0.02499068385050618,0.18305368735462613,3.0,RFS,OOD,TCGA500,MTLR,43
1,100,0.023422998785972596,0.10821526207136845,0.042306469943874214,0.2617308656327808,5.0,RFS,OOD,TCGA500,MTLR,43
2,100,0.04813000082969666,0.06594594594594583,0.020431823357543344,0.20184445977109533,5.0,RFS,OOD,TCGA500,MTLR,43
3,99,0.090417023861047,0.1872708614879175,0.10027977682968248,0.33428535256158765,5.0,RFS,OOD,TCGA500,MTLR,43
4,100,0.19391275823116302,0.20287698805177434,0.09704159599645479,0.39569031430177315,5.0,RFS,OOD,TCGA500,MTLR,43
5,100,0.4676155573129654,0.233555440886819,0.13538970454536936,0.3851325173217526,5.0,RFS,OOD,TCGA500,MTLR,43
1,100,0.06883244335651398,0.2233394652374031,0.07788296211725854,0.5451906823051536,10.0,RFS,OOD,TCGA500,MTLR,43
2,100,0.17717553913593292,0.08227378917319361,0.034327935076461924,0.19024555897025064,10.0,RFS,OOD,TCGA500,MTLR,43
3,99,0.3035656117429637,0.2696944910815503,0.12323090236598944,0.5281574223074347,10.0,RFS,OOD,TCGA500,MTLR,43
4,100,0.49115219235420227,0.2995504863514359,0.16513154423544107,0.504576416098947,10.0,RFS,OOD,TCGA500,MTLR,43
5,100,0.7980629682540894,0.2556285280088726,0.144268725703652,0.4284409425303063,10.0,RFS,OOD,TCGA500,MTLR,43
1,100,0.011267213225364685,0.057127430575354854,0.021450378292237726,0.14749750614057144,3.0,RFS,OOD,TCGA500,MTLR,44
2,100,0.023596816062927246,0.028781512605041915,0.007276039591903705,0.11022652128319044,3.0,RFS,OOD,TCGA500,MTLR,44
3,99,0.032525870535108775,0.10095000668566079,0.041436210715079747,0.23478422745104044,3.0,RFS,OOD,TCGA500,MTLR,44
4,100,0.04075855016708374,0.16836423443003568,0.09105020149687204,0.2995507588215933,3.0,RFS,OOD,TCGA500,MTLR,44
5,100,0.06114452004432678,0.06939275798924927,0.028897750972242564,0.16170381321920313,3.0,RFS,OOD,TCGA500,MTLR,44
1,100,0.023197925090789794,0.1024428649535265,0.04205565246698473,0.23804502317389076,5.0,RFS,OOD,TCGA500,MTLR,44
2,100,0.048578162789344785,0.10585783238262403,0.036168475794584376,0.2881195658737846,5.0,RFS,OOD,TCGA500,MTLR,44
3,99,0.07899038237754745,0.15906343732813388,0.07806495758716636,0.3087384158482467,5.0,RFS,OOD,TCGA500,MTLR,44
4,100,0.13385415494441985,0.21418573328880663,0.11804790603703808,0.37029094123135975,5.0,RFS,OOD,TCGA500,MTLR,44
5,100,0.35982396006584166,0.2124935188247351,0.11337218178401798,0.37764276019575693,5.0,RFS,OOD,TCGA500,MTLR,44
1,100,0.07749230325222016,0.17419007297549804,0.06892943717177935,0.40123454996036967,10.0,RFS,OOD,TCGA500,MTLR,44
2,100,0.20365614652633668,0.19819630660258036,0.07431403356905741,0.46840249379135024,10.0,RFS,OOD,TCGA500,MTLR,44
3,99,0.3400463443813902,0.21133046239531417,0.08445419964578105,0.4720628145623511,10.0,RFS,OOD,TCGA500,MTLR,44
4,100,0.48515471756458284,0.2802646325718319,0.1587464075768945,0.46510306204114293,10.0,RFS,OOD,TCGA500,MTLR,44
5,100,0.7559818488359451,0.2366462008348964,0.12389103272091428,0.4238023130654499,10.0,RFS,OOD,TCGA500,MTLR,44
1,100,0.09191280603408813,0.055322875846349095,0.017112801542717992,0.17109394666522992,3.0,RFS,OOD,TCGA500,PCHazard,40
2,100,0.15145668208599092,0.07624055095965221,0.03176281753756094,0.1770329958141622,3.0,RFS,OOD,TCGA500,PCHazard,40
3,99,0.20736114966748942,0.08813448802743595,0.03959887013350649,0.1899678235894613,3.0,RFS,OOD,TCGA500,PCHazard,40
4,100,0.2866834205389023,0.025416869030273515,0.0063723665321826495,0.09849015069587885,3.0,RFS,OOD,TCGA500,PCHazard,40
5,100,0.5056663367152214,0.17254058871421174,0.09449821886986742,0.30327029741754374,3.0,RFS,OOD,TCGA500,PCHazard,40
1,100,0.09191280603408813,0.08906134456612236,0.03194532970372621,0.23509284674053366,5.0,RFS,OOD,TCGA500,PCHazard,40
2,100,0.15145668208599092,0.07624055095965221,0.03176281753756094,0.1770329958141622,5.0,RFS,OOD,TCGA500,PCHazard,40
3,99,0.20736114966748942,0.146075942434026,0.0717589826101449,0.2845766617540241,5.0,RFS,OOD,TCGA500,PCHazard,40
4,100,0.2866834205389023,0.1919125923376449,0.09704930098413811,0.3590274310848185,5.0,RFS,OOD,TCGA500,PCHazard,40
5,100,0.5056663367152214,0.2656103535268649,0.15659390911968807,0.4285679264063722,5.0,RFS,OOD,TCGA500,PCHazard,40
1,100,0.22021355390548705,0.0879340277777777,0.025399188891646052,0.2805700483734802,10.0,RFS,OOD,TCGA500,PCHazard,40
2,100,0.3803231489658356,0.14603532174591616,0.06325640944600386,0.3170812754748563,10.0,RFS,OOD,TCGA500,PCHazard,40
3,99,0.5120778207225029,0.40434095411211934,0.14559622744467604,0.8183775561211142,10.0,RFS,OOD,TCGA500,PCHazard,40
4,100,0.6790823005139828,0.28955525094919754,0.139927566847315,0.539444710943467,10.0,RFS,OOD,TCGA500,PCHazard,40
5,100,0.9124546765390551,0.30616163945665087,0.18424517166485432,0.4811111590053865,10.0,RFS,OOD,TCGA500,PCHazard,40
1,100,0.06348545312881469,0.047196870925684364,0.015455469642862263,0.13934769978257178,3.0,RFS,OOD,TCGA500,PCHazard,41
2,100,0.11033261835575103,0.04471544715447162,0.011326004385025401,0.16783206863995703,3.0,RFS,OOD,TCGA500,PCHazard,41
3,99,0.15216898978358567,0.06917034410466805,0.028781864065759555,0.16132287911920717,3.0,RFS,OOD,TCGA500,PCHazard,41
4,100,0.24411002159118653,0.12452196594587295,0.06259312646083526,0.2393654871225127,3.0,RFS,OOD,TCGA500,PCHazard,41
5,100,0.5259691812098026,0.13125403211027542,0.0663724747491129,0.2504412291403859,3.0,RFS,OOD,TCGA500,PCHazard,41
1,100,0.06348545312881469,0.08689700130378086,0.029874139460931648,0.23850723172478638,5.0,RFS,OOD,TCGA500,PCHazard,41
2,100,0.11033261835575103,0.10372916470477445,0.03945867698667482,0.25762586732954296,5.0,RFS,OOD,TCGA500,PCHazard,41
3,99,0.15216898978358567,0.10640353034048133,0.04415488466354511,0.24441440404399173,5.0,RFS,OOD,TCGA500,PCHazard,41
4,100,0.24411002159118653,0.23027824106795758,0.13295922339435173,0.3813005000428319,5.0,RFS,OOD,TCGA500,PCHazard,41
5,100,0.5259691812098026,0.2514280756659524,0.14482364292429917,0.41493593630169434,5.0,RFS,OOD,TCGA500,PCHazard,41
1,100,0.18897017300128938,0.0870748299319728,0.030516959317173464,0.2349323343784876,10.0,RFS,OOD,TCGA500,PCHazard,41
2,100,0.3293439865112305,0.2520948197987727,0.0985516929545075,0.5565909624067513,10.0,RFS,OOD,TCGA500,PCHazard,41
3,99,0.4550513501721199,0.29010502906159696,0.11484675696126645,0.6180045055682154,10.0,RFS,OOD,TCGA500,PCHazard,41
4,100,0.623600192964077,0.178876232522738,0.09334019204143984,0.32725323260124317,10.0,RFS,OOD,TCGA500,PCHazard,41
5,100,0.8893391543672371,0.3304546551693739,0.20112212313220512,0.5116246184845671,10.0,RFS,OOD,TCGA500,PCHazard,41
1,100,0.04045646071434021,0.01754385964912286,0.0024900551455954156,0.11807986411111804,3.0,RFS,OOD,TCGA500,PCHazard,42
2,100,0.0851673984527588,0.11449968947595268,0.05510219287490892,0.22963852627319825,3.0,RFS,OOD,TCGA500,PCHazard,42
3,99,0.12819868085360286,0.07764822116424352,0.03129161001717584,0.1857618638712777,3.0,RFS,OOD,TCGA500,PCHazard,42
4,100,0.21490981578826904,0.08432436244213748,0.03428634060953506,0.1994352485502776,3.0,RFS,OOD,TCGA500,PCHazard,42
5,100,0.40517798289656637,0.12630807727021864,0.0640612971316189,0.24072563929592605,3.0,RFS,OOD,TCGA500,PCHazard,42
1,100,0.04045646071434021,0.07573812580231065,0.02392702922244938,0.22596419122003641,5.0,RFS,OOD,TCGA500,PCHazard,42
2,100,0.0851673984527588,0.18949544227091863,0.10376135448531132,0.3316466206678168,5.0,RFS,OOD,TCGA500,PCHazard,42
3,99,0.12819868085360286,0.11454229231767377,0.04807313641444466,0.25946356340222976,5.0,RFS,OOD,TCGA500,PCHazard,42
4,100,0.21490981578826904,0.1301081443200306,0.0535633771129429,0.2973649185715226,5.0,RFS,OOD,TCGA500,PCHazard,42
5,100,0.40517798289656637,0.26798111917197,0.15854304883736514,0.43092037778479175,5.0,RFS,OOD,TCGA500,PCHazard,42
1,100,0.0983140367269516,0.07029220779220768,0.01991564686165337,0.2320807857615188,10.0,RFS,OOD,TCGA500,PCHazard,42
2,100,0.21590623795986175,0.344117147604717,0.16869389893907671,0.6181948742439376,10.0,RFS,OOD,TCGA500,PCHazard,42
3,99,0.34564743318943064,0.15642369264791256,0.0728583863297303,0.31784570691750536,10.0,RFS,OOD,TCGA500,PCHazard,42
4,100,0.5859184618294239,0.3158713540518612,0.1453997179204547,0.6003417923078777,10.0,RFS,OOD,TCGA500,PCHazard,42
5,100,0.9195779450753334,0.23349185340520384,0.13384924437165846,0.3886381463635179,10.0,RFS,OOD,TCGA500,PCHazard,42
1,100,0.1001655662059784,0.028373015873015883,0.007035476384011696,0.11071952721564482,3.0,RFS,OOD,TCGA500,PCHazard,43
2,100,0.15810659229755403,0.07392701018609305,0.030060457044889133,0.1757320831321021,3.0,RFS,OOD,TCGA500,PCHazard,43
3,99,0.21395131012406013,0.08876107104095132,0.04026547072053932,0.1895938495043895,3.0,RFS,OOD,TCGA500,PCHazard,43
4,100,0.29573946475982665,0.10227236839497833,0.04120226910847635,0.24167749777683178,3.0,RFS,OOD,TCGA500,PCHazard,43
5,100,0.5151993106678128,0.12650575900714767,0.06429395531998094,0.2406421660679352,3.0,RFS,OOD,TCGA500,PCHazard,43
1,100,0.1001655662059784,0.06435920047031152,0.018556607208697673,0.21042557727756195,5.0,RFS,OOD,TCGA500,PCHazard,43
2,100,0.15810659229755403,0.15060391255528283,0.07486747611513611,0.28992624502807685,5.0,RFS,OOD,TCGA500,PCHazard,43
3,99,0.21395131012406013,0.1191357020062529,0.05567524144319447,0.2448955628052757,5.0,RFS,OOD,TCGA500,PCHazard,43
4,100,0.29573946475982665,0.18900933763217853,0.08703995725849623,0.3824344676919865,5.0,RFS,OOD,TCGA500,PCHazard,43
5,100,0.5151993106678128,0.2572153966488657,0.15286672317006977,0.41313450450070177,5.0,RFS,OOD,TCGA500,PCHazard,43
1,100,0.1622316700220108,0.26748376623376624,0.10410524812686572,0.5857766978378858,10.0,RFS,OOD,TCGA500,PCHazard,43
2,100,0.27226279854774477,0.14769514968668684,0.07301201613712838,0.28599711451835297,10.0,RFS,OOD,TCGA500,PCHazard,43
3,99,0.4082592779939825,0.15576314484299314,0.06385862626901528,0.35239083204355537,10.0,RFS,OOD,TCGA500,PCHazard,43
4,100,0.6117479547858238,0.2677576629107242,0.1398218413475597,0.4752492261806498,10.0,RFS,OOD,TCGA500,PCHazard,43
5,100,0.9153631475482882,0.28008994423861966,0.15828714221521167,0.4656674750249844,10.0,RFS,OOD,TCGA500,PCHazard,43
1,100,0.03671024858951569,0.06479520059507449,0.024624927728533086,0.16471807031330998,3.0,RFS,OOD,TCGA500,PCHazard,44
2,100,0.07407621443271636,0.1055702743451743,0.05038072590500631,0.21399632633099008,3.0,RFS,OOD,TCGA500,PCHazard,44
3,99,0.12468676555036294,0.02609707446808507,0.006428883160111254,0.10274887284883127,3.0,RFS,OOD,TCGA500,PCHazard,44
4,100,0.19367338895797728,0.0663454021100901,0.023870561044324945,0.17721407962836422,3.0,RFS,OOD,TCGA500,PCHazard,44
5,100,0.40148426458239556,0.15075923953515125,0.07970911389511826,0.2749228788401672,3.0,RFS,OOD,TCGA500,PCHazard,44
1,100,0.03671024858951569,0.11916757265350042,0.05286587632189299,0.2565332485822347,5.0,RFS,OOD,TCGA500,PCHazard,44
2,100,0.07407621443271636,0.1502917606279156,0.06977340581776359,0.30699944386224354,5.0,RFS,OOD,TCGA500,PCHazard,44
3,99,0.12468676555036294,0.05967993396918558,0.01710482028742233,0.19705950289978913,5.0,RFS,OOD,TCGA500,PCHazard,44
4,100,0.19367338895797728,0.21165778714148087,0.11184408153495928,0.37927259168570016,5.0,RFS,OOD,TCGA500,PCHazard,44
5,100,0.40148426458239556,0.23876152311802423,0.13737605947208742,0.39566657108245606,5.0,RFS,OOD,TCGA500,PCHazard,44
1,100,0.09810334205627441,0.07101222037367294,0.022086508694813545,0.21567834638972072,10.0,RFS,OOD,TCGA500,PCHazard,44
2,100,0.22703789710998534,0.13635679427050318,0.052645608539282684,0.3279107076611101,10.0,RFS,OOD,TCGA500,PCHazard,44
3,99,0.3708305244493966,0.3581552772761849,0.19411236187584935,0.5978923480913496,10.0,RFS,OOD,TCGA500,PCHazard,44
4,100,0.5573861211538315,0.20051241706053813,0.10978249886032809,0.34990994197981096,10.0,RFS,OOD,TCGA500,PCHazard,44
5,100,0.8401807676895987,0.35514181897748476,0.1610460815276109,0.6658374962304568,10.0,RFS,OOD,TCGA500,PCHazard,44
1,100,0.030481938123703003,0.09061483547943039,0.041106637729198536,0.19341498734122875,3.0,RFS,OOD,TCGA500,PMF,40
2,100,0.04407954573631287,0.06786294362190626,0.025657167494578248,0.17304546020863,3.0,RFS,OOD,TCGA500,PMF,40
3,99,0.050592650066722526,0.13921014042174307,0.0750842627476348,0.25016453087913604,3.0,RFS,OOD,TCGA500,PMF,40
4,100,0.058967451453208926,0.03614058355437677,0.009144504374493878,0.13713231191231345,3.0,RFS,OOD,TCGA500,PMF,40
5,100,0.07959437489509583,0.07164254590725194,0.026951001579109457,0.18312614478128386,3.0,RFS,OOD,TCGA500,PMF,40
1,100,0.06736061871051788,0.12751753155680223,0.05061015223519316,0.30113452633346816,5.0,RFS,OOD,TCGA500,PMF,40
2,100,0.1044904100894928,0.12539516908212567,0.05127966015432772,0.28895219258039406,5.0,RFS,OOD,TCGA500,PMF,40
3,99,0.1311855021149221,0.13180616108650856,0.06501776513460811,0.2570712674868444,5.0,RFS,OOD,TCGA500,PMF,40
4,100,0.2190690356492996,0.1611221608496457,0.07667024324912686,0.3208791047098689,5.0,RFS,OOD,TCGA500,PMF,40
5,100,0.5565343904495239,0.24820723722860694,0.14548378798214923,0.4041116242646223,5.0,RFS,OOD,TCGA500,PMF,40
1,100,0.2036023098230362,0.14067147189086426,0.049433076344375104,0.36450949032126767,10.0,RFS,OOD,TCGA500,PMF,40
2,100,0.3015832036733627,0.11010083394108516,0.0522780680567162,0.2238492235635431,10.0,RFS,OOD,TCGA500,PMF,40
3,99,0.4095716265716938,0.36905155446389326,0.17735482591176976,0.6625548848274977,10.0,RFS,OOD,TCGA500,PMF,40
4,100,0.5440134060382843,0.22964963102590752,0.12519243419383996,0.3988789667475616,10.0,RFS,OOD,TCGA500,PMF,40
5,100,0.7641786587238312,0.2688376564599856,0.1350276591360725,0.49129969136349116,10.0,RFS,OOD,TCGA500,PMF,40
1,100,0.02156600832939148,0.06209372637944055,0.026134418564660145,0.14373923664609145,3.0,RFS,OOD,TCGA500,PMF,41
2,100,0.0345896577835083,0.10717377585054477,0.04875354886311822,0.22672216304975568,3.0,RFS,OOD,TCGA500,PMF,41
3,99,0.04268659064264008,0.12919238038125358,0.06471298480928356,0.24876464562087475,3.0,RFS,OOD,TCGA500,PMF,41
4,100,0.05153852283954621,0.0968821268132235,0.0437586947128602,0.20711096104499838,3.0,RFS,OOD,TCGA500,PMF,41
5,100,0.06902720510959626,0.015151515151515138,0.0021482776729820907,0.10271966236746488,3.0,RFS,OOD,TCGA500,PMF,41
1,100,0.03914205253124237,0.04998481627695106,0.01486635353851562,0.16100348245212037,5.0,RFS,OOD,TCGA500,PMF,41
2,100,0.07124469637870788,0.24713061180888285,0.1395585940091274,0.41496461714601784,5.0,RFS,OOD,TCGA500,PMF,41
3,99,0.10898950605681448,0.1305337489371977,0.05493450154975976,0.292686176743292,5.0,RFS,OOD,TCGA500,PMF,41
4,100,0.19436098992824555,0.17109506187307344,0.08713337789261744,0.32039771657047844,5.0,RFS,OOD,TCGA500,PMF,41
5,100,0.4505845820903778,0.17007833548121565,0.09149272413167242,0.3038564462013036,5.0,RFS,OOD,TCGA500,PMF,41
1,100,0.2061392682790756,0.15544500477034207,0.06175737287965022,0.36093528405469444,10.0,RFS,OOD,TCGA500,PMF,41
2,100,0.3340029841661453,0.2930903361421979,0.12504074044239188,0.593693306623033,10.0,RFS,OOD,TCGA500,PMF,41
3,99,0.43947873573110563,0.20493586949446418,0.08576634821080098,0.4437444707850807,10.0,RFS,OOD,TCGA500,PMF,41
4,100,0.5428180128335953,0.2500957068002809,0.11622795532409413,0.4885059845951064,10.0,RFS,OOD,TCGA500,PMF,41
5,100,0.6983963364362716,0.22177998657200937,0.11524121371409468,0.4016049232258425,10.0,RFS,OOD,TCGA500,PMF,41
1,100,0.029461511969566347,0.04400037178176408,0.0140724363914988,0.1331325299420677,3.0,RFS,OOD,TCGA500,PMF,42
2,100,0.041879220604896544,0.038820738048361836,0.012571885470033628,0.1165445116659275,3.0,RFS,OOD,TCGA500,PMF,42
3,99,0.04937107876093701,0.12667896662298184,0.0637439379540562,0.24312198864874168,3.0,RFS,OOD,TCGA500,PMF,42
4,100,0.056882166862487794,0.04154411764705879,0.009456967523983284,0.17261247761274423,3.0,RFS,OOD,TCGA500,PMF,42
5,100,0.07232806026935577,0.15992192804016359,0.08748092945785957,0.28230365534671187,3.0,RFS,OOD,TCGA500,PMF,42
1,100,0.04420941472053528,0.12199043393073261,0.05122638611057084,0.2752059577191468,5.0,RFS,OOD,TCGA500,PMF,42
2,100,0.0745974737405777,0.06503503722244053,0.024075372406101803,0.1693600480291808,5.0,RFS,OOD,TCGA500,PMF,42
3,99,0.11895822997045036,0.12776394926741275,0.058276086491571566,0.26743451163922616,5.0,RFS,OOD,TCGA500,PMF,42
4,100,0.2193823742866516,0.25801189288905224,0.14177996503739376,0.44147964915016613,5.0,RFS,OOD,TCGA500,PMF,42
5,100,0.4358408486843109,0.21972489312062926,0.12338222160233425,0.3734121872421605,5.0,RFS,OOD,TCGA500,PMF,42
1,100,0.14677677690982818,0.17885303222399018,0.06950442184683892,0.41668082140623175,10.0,RFS,OOD,TCGA500,PMF,42
2,100,0.25422147154808045,0.08011085157765552,0.03279531660216328,0.18868915128090702,10.0,RFS,OOD,TCGA500,PMF,42
3,99,0.3583962092495928,0.30124714175584344,0.1509847879014551,0.5438939188906062,10.0,RFS,OOD,TCGA500,PMF,42
4,100,0.4628598636388779,0.3163283280408996,0.12829563323117332,0.6511838281462128,10.0,RFS,OOD,TCGA500,PMF,42
5,100,0.6111682897806168,0.26935527486203215,0.145985540787811,0.4642584423028444,10.0,RFS,OOD,TCGA500,PMF,42
1,100,0.028941039443016053,0.044753380308512614,0.014385089672044438,0.13469989522744352,3.0,RFS,OOD,TCGA500,PMF,43
2,100,0.04103519439697265,0.05535151412810968,0.020896997977318366,0.14232998280270126,3.0,RFS,OOD,TCGA500,PMF,43
3,99,0.04903883464408643,0.0891534738588261,0.036182153812345796,0.2107053818511112,3.0,RFS,OOD,TCGA500,PMF,43
4,100,0.057309693098068236,0.09116341951503559,0.04099646176423288,0.1961022020744685,3.0,RFS,OOD,TCGA500,PMF,43
5,100,0.07466523170471191,0.13296376908370133,0.06739547898328335,0.2530387411410604,3.0,RFS,OOD,TCGA500,PMF,43
1,100,0.04400676786899567,0.12288988886955232,0.047672836568723564,0.2967077010151099,5.0,RFS,OOD,TCGA500,PMF,43
2,100,0.07870697379112243,0.14844246662428484,0.0685952907910462,0.3046623141309387,5.0,RFS,OOD,TCGA500,PMF,43
3,99,0.11949017794445307,0.09496134581881532,0.04097113085256787,0.2117795650866774,5.0,RFS,OOD,TCGA500,PMF,43
4,100,0.19083015501499176,0.1895205707001899,0.09591944704693656,0.3545961702075876,5.0,RFS,OOD,TCGA500,PMF,43
5,100,0.4630342978239059,0.23776078541905865,0.13756357072705172,0.3922900448725629,5.0,RFS,OOD,TCGA500,PMF,43
1,100,0.14866357326507568,0.13467713994171993,0.06051159318567467,0.28481935485890886,10.0,RFS,OOD,TCGA500,PMF,43
2,100,0.2433026111125946,0.16763141402634607,0.06195048707305095,0.40927465874036995,10.0,RFS,OOD,TCGA500,PMF,43
3,99,0.33842903917486017,0.370316807328555,0.18962413047630122,0.638511420106818,10.0,RFS,OOD,TCGA500,PMF,43
4,100,0.46374093055725096,0.18966342830590233,0.09918084035187669,0.34520839469462083,10.0,RFS,OOD,TCGA500,PMF,43
5,100,0.6951398700475693,0.2339219894258231,0.1170427648751099,0.43472069276270964,10.0,RFS,OOD,TCGA500,PMF,43
1,100,0.028754594326019286,0.08092354184647876,0.03279435297642608,0.19229669006275074,3.0,RFS,OOD,TCGA500,PMF,44
2,100,0.04789422214031219,0.15288185512622787,0.07943464769177666,0.28293805223196944,3.0,RFS,OOD,TCGA500,PMF,44
3,99,0.06172095645557751,0.07126017247186167,0.027142679068313025,0.18012529905858765,3.0,RFS,OOD,TCGA500,PMF,44
4,100,0.07865793406963348,0.05150950552908762,0.019330406366811936,0.13348351676823855,3.0,RFS,OOD,TCGA500,PMF,44
5,100,0.11583210706710816,0.06548791584626545,0.024716497388205916,0.16748120848706327,3.0,RFS,OOD,TCGA500,PMF,44
1,100,0.04551506340503693,0.15796148687440603,0.06816417647837647,0.34209952076289996,5.0,RFS,OOD,TCGA500,PMF,44
2,100,0.08336025655269623,0.14984344143744233,0.07291116767843286,0.29396570441233305,5.0,RFS,OOD,TCGA500,PMF,44
3,99,0.12338355875978566,0.12729186634966794,0.0567915155815798,0.2717141509992005,5.0,RFS,OOD,TCGA500,PMF,44
4,100,0.1851031529903412,0.13559182305244055,0.0628834558707122,0.2788450602204555,5.0,RFS,OOD,TCGA500,PMF,44
5,100,0.3864656984806061,0.21551692881576412,0.11999982523290831,0.3692826872874787,5.0,RFS,OOD,TCGA500,PMF,44
1,100,0.17613791882991792,0.22138898061229317,0.08296226415132213,0.5147354679958474,10.0,RFS,OOD,TCGA500,PMF,44
2,100,0.28347569823265073,0.18283800398004735,0.08529718801123554,0.3670080244369872,10.0,RFS,OOD,TCGA500,PMF,44
3,99,0.37798023645323936,0.35185278894986016,0.12927068241333228,0.7429395533825398,10.0,RFS,OOD,TCGA500,PMF,44
4,100,0.5028299921751023,0.22629214373633388,0.12878414077991962,0.3796349990821467,10.0,RFS,OOD,TCGA500,PMF,44
5,100,0.719506042599678,0.20239541194111788,0.11254747890352734,0.3483907226589187,10.0,RFS,OOD,TCGA500,PMF,44
1,100,0.0975934785604477,0.011904761904761862,0.001685566191623189,0.08150684893861682,3.0,RFS,OOD,TCGA500,RSF,40
2,100,0.11783593237400054,0.044086760606407815,0.01422833025142356,0.13225792513148793,3.0,RFS,OOD,TCGA500,RSF,40
3,99,0.13273634693839334,0.11276856374501498,0.052940046004084085,0.23140866806630245,3.0,RFS,OOD,TCGA500,RSF,40
4,100,0.14999816358089446,0.08762933348140745,0.03564470806012432,0.20683483700877603,3.0,RFS,OOD,TCGA500,RSF,40
5,100,0.17620742201805115,0.17115261779541058,0.09366469616199591,0.30114485419825465,3.0,RFS,OOD,TCGA500,RSF,40
1,100,0.1769955825805664,0.08337595907928375,0.0247302845879801,0.2611526915929623,5.0,RFS,OOD,TCGA500,RSF,40
2,100,0.21401205003261567,0.0930320150659133,0.03796338776714703,0.21836612731332594,5.0,RFS,OOD,TCGA500,RSF,40
3,99,0.24164245465789178,0.1911208953285891,0.09604051749306797,0.3595367194628558,5.0,RFS,OOD,TCGA500,RSF,40
4,100,0.26955024659633636,0.1874356376183801,0.09246541197520675,0.35855268473319424,5.0,RFS,OOD,TCGA500,RSF,40
5,100,0.3117097198963165,0.25699260400264334,0.15369241501081266,0.4106746644391699,5.0,RFS,OOD,TCGA500,RSF,40
1,100,0.32923093557357785,0.14189847625797303,0.04969079102729801,0.36839224139966076,10.0,RFS,OOD,TCGA500,RSF,40
2,100,0.38334916353225706,0.3282534568071629,0.14123763793084287,0.6464299270146179,10.0,RFS,OOD,TCGA500,RSF,40
3,99,0.42214679597604154,0.15733990917307328,0.07152621988688979,0.32625078613081804,10.0,RFS,OOD,TCGA500,RSF,40
4,100,0.4516527634859085,0.18923567181174095,0.09521876031383136,0.35583118248157686,10.0,RFS,OOD,TCGA500,RSF,40
5,100,0.5012881711125374,0.3091634648441073,0.17683177815313578,0.5048779543382094,10.0,RFS,OOD,TCGA500,RSF,40
1,100,0.06802448987960816,0.028836458963500733,0.007075202252044166,0.11359517048611512,3.0,RFS,OOD,TCGA500,RSF,41
2,100,0.09041938900947571,0.044905711572378326,0.013845634018927466,0.14050149497136943,3.0,RFS,OOD,TCGA500,RSF,41
3,99,0.11220921651281492,0.14315167567621867,0.07517077572812647,0.26319653187934844,3.0,RFS,OOD,TCGA500,RSF,41
4,100,0.13602724611759187,0.08166883116883128,0.030750073333550954,0.20737266108886188,3.0,RFS,OOD,TCGA500,RSF,41
5,100,0.17350491225719453,0.12720715994872267,0.06433183168867085,0.24300015223990545,3.0,RFS,OOD,TCGA500,RSF,41
1,100,0.16041334807872773,0.08569396704989929,0.030688499653929613,0.22702516589098187,5.0,RFS,OOD,TCGA500,RSF,41
2,100,0.20471525728702544,0.10171776334538263,0.045608436556259346,0.21847085513625608,5.0,RFS,OOD,TCGA500,RSF,41
3,99,0.24254389724346123,0.15075774774039719,0.0741223927357263,0.2930064877940757,5.0,RFS,OOD,TCGA500,RSF,41
4,100,0.2815765368938446,0.26673468776996523,0.14287416073850534,0.46438100282542494,5.0,RFS,OOD,TCGA500,RSF,41
5,100,0.3368697911500931,0.21134951125435897,0.11293789512782038,0.37525343304697456,5.0,RFS,OOD,TCGA500,RSF,41
1,100,0.34408811867237094,0.1587396379662005,0.0655544455806113,0.35639743624237674,10.0,RFS,OOD,TCGA500,RSF,41
2,100,0.40920022785663607,0.18202670219236006,0.06456089398737608,0.4538753186918226,10.0,RFS,OOD,TCGA500,RSF,41
3,99,0.4590140526944941,0.23996062481099967,0.08210384293954198,0.5847164433561992,10.0,RFS,OOD,TCGA500,RSF,41
4,100,0.5051106092333794,0.2744141100070663,0.15619441826903546,0.45440145224444717,10.0,RFS,OOD,TCGA500,RSF,41
5,100,0.5648498210310936,0.28700264072288373,0.15211794805255463,0.5001602601212511,10.0,RFS,OOD,TCGA500,RSF,41
1,100,0.07120651066303253,0.04922901921132461,0.015603258396991726,0.14960113969073885,3.0,RFS,OOD,TCGA500,RSF,42
2,100,0.0949169635772705,0.05319393382352933,0.016974184390134983,0.16014287956797046,3.0,RFS,OOD,TCGA500,RSF,42
3,99,0.11437735954920451,0.05377085688834071,0.01930427532464718,0.145051386189619,3.0,RFS,OOD,TCGA500,RSF,42
4,100,0.13940757632255554,0.17936050532872727,0.0955947745391561,0.32218560686520803,3.0,RFS,OOD,TCGA500,RSF,42
5,100,0.1816276353597641,0.09829700406368658,0.04723305036704051,0.19849844506161907,3.0,RFS,OOD,TCGA500,RSF,42
1,100,0.1424592739343643,0.07212168895882509,0.022787085321575473,0.2157930616984458,5.0,RFS,OOD,TCGA500,RSF,42
2,100,0.1859458988904953,0.08740942028985499,0.03636291955295545,0.20217902291315937,5.0,RFS,OOD,TCGA500,RSF,42
3,99,0.2210928900073273,0.21813312706335353,0.1129684553516287,0.3965653765685214,5.0,RFS,OOD,TCGA500,RSF,42
4,100,0.26222930252552035,0.22378189534549142,0.11925193379660615,0.3967089899294589,5.0,RFS,OOD,TCGA500,RSF,42
5,100,0.32875749468803406,0.20052839416893997,0.1112137290199059,0.3461275687741434,5.0,RFS,OOD,TCGA500,RSF,42
1,100,0.304794185757637,0.1561626268829246,0.0604840764206126,0.3700391725134159,10.0,RFS,OOD,TCGA500,RSF,42
2,100,0.3810282933712006,0.21960683967536554,0.08665836064675358,0.4925109484445288,10.0,RFS,OOD,TCGA500,RSF,42
3,99,0.433020567051088,0.28964138209720713,0.12005058079236486,0.5992761402869871,10.0,RFS,OOD,TCGA500,RSF,42
4,100,0.4827693459391594,0.18530769230769228,0.09146876995866648,0.3545851752562542,10.0,RFS,OOD,TCGA500,RSF,42
5,100,0.5471798133850098,0.25170951711007283,0.1426468185444829,0.42091399035457955,10.0,RFS,OOD,TCGA500,RSF,42
1,100,0.06640620291233063,0.032658569500674806,0.008244781229651998,0.12468173241077618,3.0,RFS,OOD,TCGA500,RSF,43
2,100,0.08981652617454529,0.022390891840607163,0.005639542393517605,0.08668552107128313,3.0,RFS,OOD,TCGA500,RSF,43
3,99,0.11089205380642053,0.0646777213966413,0.023646515229279963,0.17041042362526704,3.0,RFS,OOD,TCGA500,RSF,43
4,100,0.14053068399429322,0.20868258905218984,0.11817503003104834,0.35312600522423576,3.0,RFS,OOD,TCGA500,RSF,43
5,100,0.2005406266450882,0.10239084767406914,0.04922753779054834,0.20637753643590862,3.0,RFS,OOD,TCGA500,RSF,43
1,100,0.15080149054527284,0.07609890109890116,0.02397098056967939,0.22756136091162327,5.0,RFS,OOD,TCGA500,RSF,43
2,100,0.19626371800899506,0.0415987460815046,0.013277062995982636,0.12634190436830817,5.0,RFS,OOD,TCGA500,RSF,43
3,99,0.23418643859901814,0.2462807332147,0.1362368661825043,0.4206345120480054,5.0,RFS,OOD,TCGA500,RSF,43
4,100,0.2810541397333145,0.21463320097452365,0.11522712556497561,0.37923729525979233,5.0,RFS,OOD,TCGA500,RSF,43
5,100,0.36445503890514375,0.21536545313734545,0.1202284384361525,0.3682308427187293,5.0,RFS,OOD,TCGA500,RSF,43
1,100,0.29903223156929015,0.14162277814351543,0.048118224357957096,0.37680815171138526,10.0,RFS,OOD,TCGA500,RSF,43
2,100,0.37055247128009794,0.16548389353515436,0.052112075877949526,0.45745450009982835,10.0,RFS,OOD,TCGA500,RSF,43
3,99,0.4200148751037289,0.4122705917105236,0.15993322297026769,0.8022788827144539,10.0,RFS,OOD,TCGA500,RSF,43
4,100,0.4720840921998024,0.2119026459002179,0.1139559868653488,0.3741860135536623,10.0,RFS,OOD,TCGA500,RSF,43
5,100,0.5542092621326447,0.27633716099880756,0.15510304330607605,0.46241160916156343,10.0,RFS,OOD,TCGA500,RSF,43
1,100,0.07409119427204132,0.017857142857142905,0.002534864139965176,0.1200745124925221,3.0,RFS,OOD,TCGA500,RSF,44
2,100,0.0952317750453949,0.04010248570296138,0.012839597892478127,0.12157883602169639,3.0,RFS,OOD,TCGA500,RSF,44
3,99,0.11296216646830241,0.10698864288624965,0.047895846671956455,0.22962766002479673,3.0,RFS,OOD,TCGA500,RSF,44
4,100,0.1371566152572632,0.12563856475801993,0.06360373557881926,0.23989704652356902,3.0,RFS,OOD,TCGA500,RSF,44
5,100,0.17233467400074004,0.12994799789185363,0.06539575538991971,0.24912047882341815,3.0,RFS,OOD,TCGA500,RSF,44
1,100,0.15133884608745574,0.08510272336359292,0.02595855702156802,0.25975940601015357,5.0,RFS,OOD,TCGA500,RSF,44
2,100,0.18842711985111238,0.13869192309842027,0.06353413588746037,0.2879373139473934,5.0,RFS,OOD,TCGA500,RSF,44
3,99,0.21919170834801413,0.16041356768095716,0.07700327100335569,0.31717753478167865,5.0,RFS,OOD,TCGA500,RSF,44
4,100,0.25573971211910246,0.15429981848962837,0.07503308980805423,0.30239076888368444,5.0,RFS,OOD,TCGA500,RSF,44
5,100,0.3056602561473846,0.2522915619431928,0.1478706403091241,0.41037166796351965,5.0,RFS,OOD,TCGA500,RSF,44
1,100,0.31637006282806396,0.13063909774436078,0.04001484999122484,0.38117355366164496,10.0,RFS,OOD,TCGA500,RSF,44
2,100,0.3784663474559784,0.3199176379780043,0.13770622374992303,0.6333176164574126,10.0,RFS,OOD,TCGA500,RSF,44
3,99,0.4227276330042367,0.16717029733449218,0.07740642563246736,0.3398799196968474,10.0,RFS,OOD,TCGA500,RSF,44
4,100,0.46624898195266723,0.16574614218347494,0.08549915268373309,0.30748856343262665,10.0,RFS,OOD,TCGA500,RSF,44
5,100,0.5199281468987464,0.3239151033945622,0.1871457001728407,0.522637601847314,10.0,RFS,OOD,TCGA500,RSF,44
1,148,0.10083828101287017,0.21223528984891704,0.15430608263912948,0.2879137859395976,3.0,RFS,OOD,GEO,TabSurv_M,40
2,147,0.144406614254932,0.2715219545365638,0.20633311830910028,0.35227598769260104,3.0,RFS,OOD,GEO,TabSurv_M,40
3,147,0.18074203470126302,0.32923223994573403,0.25867775723767916,0.4130185955464353,3.0,RFS,OOD,GEO,TabSurv_M,40
4,147,0.22070087826981835,0.4037844808050648,0.32770412793730186,0.4901172517555322,3.0,RFS,OOD,GEO,TabSurv_M,40
5,147,0.2863965245331226,0.48760884711794195,0.4084177270818715,0.5733206185679269,3.0,RFS,OOD,GEO,TabSurv_M,40
1,148,0.19640999226956754,0.3479495395950316,0.27608109737858266,0.43222427251687046,5.0,RFS,OOD,GEO,TabSurv_M,40
2,147,0.25829042504433875,0.32687351786897256,0.2557738009054219,0.4116094666887343,5.0,RFS,OOD,GEO,TabSurv_M,40
3,147,0.30133582418467725,0.4690844199251314,0.38910602072281697,0.556662988254869,5.0,RFS,OOD,GEO,TabSurv_M,40
4,147,0.3440652554537974,0.5155384134857748,0.43379962412370465,0.6028184838664689,5.0,RFS,OOD,GEO,TabSurv_M,40
5,147,0.4102866813844564,0.5649143921057451,0.48099347689881256,0.6521618439169883,5.0,RFS,OOD,GEO,TabSurv_M,40
1,148,0.40293871671766845,0.5117926551600214,0.39306250417489397,0.6428509248429313,10.0,RFS,OOD,GEO,TabSurv_M,40
2,147,0.4732730177794995,0.5422643590324356,0.4330130620757282,0.6591288611833954,10.0,RFS,OOD,GEO,TabSurv_M,40
3,147,0.5118065316255401,0.5199550688840417,0.425426072083426,0.6216486922071969,10.0,RFS,OOD,GEO,TabSurv_M,40
4,147,0.5472755454429964,0.6240284928757944,0.516733846888267,0.7317859723269065,10.0,RFS,OOD,GEO,TabSurv_M,40
5,147,0.6029311905101854,0.6383178232307165,0.5450854798308074,0.7310184534239899,10.0,RFS,OOD,GEO,TabSurv_M,40
1,148,0.09479900348830868,0.17193014424615038,0.1195890707524232,0.24379558369946985,3.0,RFS,OOD,GEO,TabSurv_M,41
2,147,0.13526961024926634,0.28930179202311324,0.22271413663064044,0.3705469155656266,3.0,RFS,OOD,GEO,TabSurv_M,41
3,147,0.16756275681411328,0.315952816197985,0.246378285922918,0.3993613736636721,3.0,RFS,OOD,GEO,TabSurv_M,41
4,147,0.20366434661709532,0.39898052453806,0.32309097043644186,0.4853520901241539,3.0,RFS,OOD,GEO,TabSurv_M,41
5,147,0.26349620389289596,0.5312585903497218,0.4509790315975791,0.6161362278288549,3.0,RFS,OOD,GEO,TabSurv_M,41
1,148,0.18828749415036794,0.2804342745380787,0.21400699830600312,0.3622350984162621,5.0,RFS,OOD,GEO,TabSurv_M,41
2,147,0.243999572432771,0.4123531469133058,0.33644506676495,0.49797172458448746,5.0,RFS,OOD,GEO,TabSurv_M,41
3,147,0.28348520215676754,0.41152207825933995,0.33067423740198787,0.5035257419686977,5.0,RFS,OOD,GEO,TabSurv_M,41
4,147,0.3257727375646838,0.5433923067963504,0.46130157417872397,0.6297029144982367,5.0,RFS,OOD,GEO,TabSurv_M,41
5,147,0.39132048280871645,0.5857167444308582,0.5034932944774226,0.6701336097221426,5.0,RFS,OOD,GEO,TabSurv_M,41
1,148,0.39643267078979594,0.4474486184946286,0.3370851551924534,0.5751291302805435,10.0,RFS,OOD,GEO,TabSurv_M,41
2,147,0.45855685237313615,0.5227454040252497,0.42342540102987636,0.6297837113511192,10.0,RFS,OOD,GEO,TabSurv_M,41
3,147,0.499994205374296,0.599746152858692,0.48606790852163584,0.7162137048596168,10.0,RFS,OOD,GEO,TabSurv_M,41
4,147,0.5404045375026002,0.5944386681053845,0.49264418569601987,0.6989054699496676,10.0,RFS,OOD,GEO,TabSurv_M,41
5,147,0.5994189237656237,0.6964902898641754,0.577073690967637,0.8083422636690127,10.0,RFS,OOD,GEO,TabSurv_M,41
1,148,0.09637957851628999,0.1783926379743226,0.12511947807775337,0.2508719511433737,3.0,RFS,OOD,GEO,TabSurv_M,42
2,147,0.142099244253976,0.2611064126737651,0.19738897356825957,0.34060585120649,3.0,RFS,OOD,GEO,TabSurv_M,42
3,147,0.18082764765032294,0.313801421539166,0.24382559720504549,0.39796025741045493,3.0,RFS,OOD,GEO,TabSurv_M,42
4,147,0.21774632792894533,0.3969785744083085,0.3213917568847613,0.4830777091278514,3.0,RFS,OOD,GEO,TabSurv_M,42
5,147,0.2714683226987618,0.5583704509068799,0.4781306954291704,0.6419510793981291,3.0,RFS,OOD,GEO,TabSurv_M,42
1,148,0.1712444730707117,0.2860531036653202,0.2192530302970418,0.36790259600571285,5.0,RFS,OOD,GEO,TabSurv_M,42
2,147,0.23497206297050527,0.3813788674714621,0.3063612690561971,0.4676924796276697,5.0,RFS,OOD,GEO,TabSurv_M,42
3,147,0.2823031491973773,0.40582575650959196,0.32772331548705314,0.4946423670664807,5.0,RFS,OOD,GEO,TabSurv_M,42
4,147,0.3253822095540105,0.5141584396255091,0.4305480147500067,0.6036449259609824,5.0,RFS,OOD,GEO,TabSurv_M,42
5,147,0.3856949619695443,0.6446842846315439,0.5640365476963276,0.7246465095510011,5.0,RFS,OOD,GEO,TabSurv_M,42
1,148,0.3672367507541502,0.5101808752495165,0.3879901820404259,0.645642695102344,10.0,RFS,OOD,GEO,TabSurv_M,42
2,147,0.44423360119060595,0.48914414276103213,0.398409572988921,0.5884210565029969,10.0,RFS,OOD,GEO,TabSurv_M,42
3,147,0.48918534399700814,0.5441695560877688,0.4252527401961147,0.6719109684161004,10.0,RFS,OOD,GEO,TabSurv_M,42
4,147,0.5296742520770248,0.6067507895754234,0.5048522811285721,0.7103999212314431,10.0,RFS,OOD,GEO,TabSurv_M,42
5,147,0.5853089183366218,0.6973735851236891,0.6110120255531218,0.7797639796441183,10.0,RFS,OOD,GEO,TabSurv_M,42
1,148,0.10492828246709462,0.19924764796176264,0.1429514951665226,0.27390262215361716,3.0,RFS,OOD,GEO,TabSurv_M,43
2,147,0.15234236206327165,0.2618935559162817,0.19801002516832433,0.34157288638110583,3.0,RFS,OOD,GEO,TabSurv_M,43
3,147,0.1978343019680101,0.3374985539266022,0.2660742971224489,0.4218975000121121,3.0,RFS,OOD,GEO,TabSurv_M,43
4,147,0.2391990123151922,0.40297159533212634,0.3272096601927068,0.4889423984659097,3.0,RFS,OOD,GEO,TabSurv_M,43
5,147,0.2965493721215903,0.5052959614018335,0.4253315062487043,0.5910472821874704,3.0,RFS,OOD,GEO,TabSurv_M,43
1,148,0.19308687585431175,0.3064258729187981,0.23783916317901999,0.3891706698675248,5.0,RFS,OOD,GEO,TabSurv_M,43
2,147,0.26103517230676143,0.36581519230642434,0.2923151415492672,0.4511071941980985,5.0,RFS,OOD,GEO,TabSurv_M,43
3,147,0.31660365004117796,0.46296807032054943,0.38152177053086833,0.5526430547550913,5.0,RFS,OOD,GEO,TabSurv_M,43
4,147,0.36131809641714807,0.49413912625183654,0.41290221515023307,0.5819152050418773,5.0,RFS,OOD,GEO,TabSurv_M,43
5,147,0.4233993137774824,0.604798435963988,0.5210517670843673,0.6898609191182061,5.0,RFS,OOD,GEO,TabSurv_M,43
1,148,0.3943687049118248,0.5313135551095538,0.40479227224874215,0.6694074944144306,10.0,RFS,OOD,GEO,TabSurv_M,43
2,147,0.47450781841667333,0.500800946542741,0.40665065705428494,0.6033576624081173,10.0,RFS,OOD,GEO,TabSurv_M,43
3,147,0.5248793767017572,0.5476252907322787,0.4479134299606521,0.6532777361533111,10.0,RFS,OOD,GEO,TabSurv_M,43
4,147,0.5640493379969175,0.6018847511915204,0.49411294670522454,0.712004670037433,10.0,RFS,OOD,GEO,TabSurv_M,43
5,147,0.6187134393218423,0.681709357594528,0.5674187284818494,0.7906868834080154,10.0,RFS,OOD,GEO,TabSurv_M,43
1,148,0.08489609690936836,0.15169783571307338,0.10259607000398507,0.2212279664311394,3.0,RFS,OOD,GEO,TabSurv_M,44
2,147,0.13339191107522874,0.29755132098724,0.23008861055015362,0.37938665926358994,3.0,RFS,OOD,GEO,TabSurv_M,44
3,147,0.1829721169406865,0.30799287226121186,0.23919324883277127,0.3909194466387317,3.0,RFS,OOD,GEO,TabSurv_M,44
4,147,0.22800938288370767,0.4456272127154477,0.3678390799596727,0.5317811199350201,3.0,RFS,OOD,GEO,TabSurv_M,44
5,147,0.2893004721524764,0.5036807464883719,0.42377497000261866,0.5894424235396303,3.0,RFS,OOD,GEO,TabSurv_M,44
1,148,0.16429667295636358,0.27832953239810043,0.21240130322490003,0.359569078777242,5.0,RFS,OOD,GEO,TabSurv_M,44
2,147,0.23526174843716782,0.406071636810734,0.32954169333257544,0.49284754521747653,5.0,RFS,OOD,GEO,TabSurv_M,44
3,147,0.2975203419218258,0.43582474469800236,0.35764462802136854,0.5229902506172772,5.0,RFS,OOD,GEO,TabSurv_M,44
4,147,0.3493519344297396,0.5417248953531453,0.45817485443778316,0.6297318087035341,5.0,RFS,OOD,GEO,TabSurv_M,44
5,147,0.4177976858859159,0.5676930049103501,0.48414339167877296,0.6544016744639961,5.0,RFS,OOD,GEO,TabSurv_M,44
1,148,0.369623923623884,0.5092922253255966,0.3810477496806597,0.6523143372568618,10.0,RFS,OOD,GEO,TabSurv_M,44
2,147,0.4576657852348016,0.5341333779499318,0.42994538741812016,0.6458980988608993,10.0,RFS,OOD,GEO,TabSurv_M,44
3,147,0.5149988473272648,0.525027330233209,0.43521161170964107,0.6209914470875022,10.0,RFS,OOD,GEO,TabSurv_M,44
4,147,0.561329472835372,0.6927072107243979,0.5786509775473936,0.8002924991487456,10.0,RFS,OOD,GEO,TabSurv_M,44
5,147,0.621734906216057,0.5801692437900285,0.4965450942841987,0.6663370682128074,10.0,RFS,OOD,GEO,TabSurv_M,44
1,148,0.04099575893299,0.33416282723917645,0.262621210953653,0.4189711354946216,3.0,RFS,OOD,GEO,DeepHS,40
2,147,0.056793082328069774,0.2908278403459468,0.22389649305565484,0.3724515565157914,3.0,RFS,OOD,GEO,DeepHS,40
3,147,0.06677536453519549,0.3131123756891512,0.2439803810970952,0.3961088285015615,3.0,RFS,OOD,GEO,DeepHS,40
4,147,0.07638465547237266,0.3679908271159541,0.29427070297416735,0.4534362466268853,3.0,RFS,OOD,GEO,DeepHS,40
5,147,0.09152529109902934,0.39270459014170445,0.3185415296530659,0.4772098577462761,3.0,RFS,OOD,GEO,DeepHS,40
1,148,0.10637030005455017,0.31665338764682704,0.24764635076797592,0.3991941489679557,5.0,RFS,OOD,GEO,DeepHS,40
2,147,0.1362530832387963,0.43238449920599287,0.3532849727622005,0.5208890831749364,5.0,RFS,OOD,GEO,DeepHS,40
3,147,0.1567700987770444,0.47735785518153295,0.39607679265142504,0.5660564298981737,5.0,RFS,OOD,GEO,DeepHS,40
4,147,0.17263321203439413,0.4718086042262739,0.3921136544184519,0.5589071466022231,5.0,RFS,OOD,GEO,DeepHS,40
5,147,0.22125386218635404,0.5327956778596017,0.4491813161043682,0.6213264570448054,5.0,RFS,OOD,GEO,DeepHS,40
1,148,0.27141158967404755,0.5054429996688808,0.39900086900592613,0.6222991215343752,10.0,RFS,OOD,GEO,DeepHS,40
2,147,0.3075580657744894,0.6121696305413009,0.49164638170370834,0.7344710504458664,10.0,RFS,OOD,GEO,DeepHS,40
3,147,0.3299431070989492,0.5889534596935415,0.4838792995282478,0.6973039872194031,10.0,RFS,OOD,GEO,DeepHS,40
4,147,0.3528740373598475,0.5580545587620731,0.46146750012083826,0.6595059660278549,10.0,RFS,OOD,GEO,DeepHS,40
5,147,0.38692060133226874,0.5753302957935578,0.48105473251461817,0.6731346869257758,10.0,RFS,OOD,GEO,DeepHS,40
1,148,0.03659243559515154,0.2127805702040647,0.15470013941197447,0.2886446689840475,3.0,RFS,OOD,GEO,DeepHS,41
2,147,0.051544508966458895,0.33044551972785063,0.2596410332317103,0.4144938212443414,3.0,RFS,OOD,GEO,DeepHS,41
3,147,0.06348472509254403,0.3865837106163479,0.31189546489766884,0.47213967709749327,3.0,RFS,OOD,GEO,DeepHS,41
4,147,0.07427248703379209,0.39268716464111875,0.31706170422475255,0.4790959051846102,3.0,RFS,OOD,GEO,DeepHS,41
5,147,0.08968109541198835,0.3813448710031756,0.3076042174390007,0.46597568670657774,3.0,RFS,OOD,GEO,DeepHS,41
1,148,0.08193864089411658,0.3395958499143209,0.2685148478409196,0.4233668067023001,5.0,RFS,OOD,GEO,DeepHS,41
2,147,0.11166515358451272,0.44096200728797785,0.36297839742653126,0.527604618643509,5.0,RFS,OOD,GEO,DeepHS,41
3,147,0.13814025225282525,0.4269600118890027,0.3478277118534143,0.5158196204417289,5.0,RFS,OOD,GEO,DeepHS,41
4,147,0.17498555678088648,0.466828446771304,0.38626658322761,0.5552264114466958,5.0,RFS,OOD,GEO,DeepHS,41
5,147,0.22024194602252675,0.548679400028655,0.46593248696335443,0.6354544963577646,5.0,RFS,OOD,GEO,DeepHS,41
1,148,0.2759709462926194,0.46587920735744726,0.34830093817303287,0.6009011809389366,10.0,RFS,OOD,GEO,DeepHS,41
2,147,0.32780799614328915,0.6656288069091895,0.5572089303447211,0.7708020571840711,10.0,RFS,OOD,GEO,DeepHS,41
3,147,0.35901804602876003,0.5385194722764644,0.4377089320042825,0.6460856017196933,10.0,RFS,OOD,GEO,DeepHS,41
4,147,0.396814099785422,0.6393305520511869,0.5292323757244006,0.7485214195186507,10.0,RFS,OOD,GEO,DeepHS,41
5,147,0.44462671855679986,0.543651723369917,0.4397853502058777,0.6542832029338836,10.0,RFS,OOD,GEO,DeepHS,41
1,148,0.03512106070647369,0.23092102896097721,0.17006300304646715,0.30914921065079537,3.0,RFS,OOD,GEO,DeepHS,42
2,147,0.05268840643824363,0.3542504154994085,0.28138285799599827,0.43946063747204567,3.0,RFS,OOD,GEO,DeepHS,42
3,147,0.06224253793962959,0.4080902475516365,0.3322743301790433,0.49383384155990184,3.0,RFS,OOD,GEO,DeepHS,42
4,147,0.07288494888617068,0.35837212690018916,0.28623604335398956,0.44231140690632365,3.0,RFS,OOD,GEO,DeepHS,42
5,147,0.0952853544228742,0.3493676405618813,0.27732058502801915,0.4337899203225508,3.0,RFS,OOD,GEO,DeepHS,42
1,148,0.09061285289558205,0.36429161962268175,0.29119835628473056,0.4491357992496786,5.0,RFS,OOD,GEO,DeepHS,42
2,147,0.12855787828666013,0.31221081060274225,0.24145166432722687,0.3976378557987065,5.0,RFS,OOD,GEO,DeepHS,42
3,147,0.15688161095794367,0.5530783653977615,0.4702226359063989,0.6397566203419889,5.0,RFS,OOD,GEO,DeepHS,42
4,147,0.18074912805946505,0.4527394755357703,0.3739039108400264,0.5397972649213387,5.0,RFS,OOD,GEO,DeepHS,42
5,147,0.21712797961267485,0.54770339184614,0.46449892646089996,0.6350295860217485,5.0,RFS,OOD,GEO,DeepHS,42
1,148,0.2938601249778593,0.5680809052693714,0.45320460964946274,0.688851876844419,10.0,RFS,OOD,GEO,DeepHS,42
2,147,0.3258697475705828,0.48858865824195696,0.3726621658829741,0.6187947401546146,10.0,RFS,OOD,GEO,DeepHS,42
3,147,0.3444912084916822,0.6196460435106714,0.49314236721461113,0.7471868118294438,10.0,RFS,OOD,GEO,DeepHS,42
4,147,0.36287505975385914,0.5892767672082215,0.4911041284862733,0.6903025340130764,10.0,RFS,OOD,GEO,DeepHS,42
5,147,0.39004548431253755,0.5967605959604503,0.5021266358157976,0.6935700576727926,10.0,RFS,OOD,GEO,DeepHS,42
1,148,0.034110395489512266,0.2933529583102692,0.22591892862154583,0.3755039955853011,3.0,RFS,OOD,GEO,DeepHS,43
2,147,0.05248321400207727,0.2979620437956204,0.2303721009062556,0.3799499946147622,3.0,RFS,OOD,GEO,DeepHS,43
3,147,0.06207086074919928,0.2933297465805831,0.22588249092368384,0.3755024150052081,3.0,RFS,OOD,GEO,DeepHS,43
4,147,0.07082034414317333,0.37221509608729564,0.2985195935567193,0.45735504901044133,3.0,RFS,OOD,GEO,DeepHS,43
5,147,0.08548314514614287,0.44481506782961877,0.3670348049244846,0.5310021654032614,3.0,RFS,OOD,GEO,DeepHS,43
1,148,0.09478695610085049,0.4228696214245128,0.3452655089431279,0.5100393681966754,5.0,RFS,OOD,GEO,DeepHS,43
2,147,0.12830432012778561,0.3249834529487262,0.2550630262497873,0.40819141695642047,5.0,RFS,OOD,GEO,DeepHS,43
3,147,0.15576860653299865,0.4909544995467532,0.41024396684001907,0.5782774012491222,5.0,RFS,OOD,GEO,DeepHS,43
4,147,0.19493356853926264,0.4672531883659521,0.38583515640351296,0.5566586985151595,5.0,RFS,OOD,GEO,DeepHS,43
5,147,0.26730802756588473,0.5208543452259395,0.4383376877809405,0.6087526097896452,5.0,RFS,OOD,GEO,DeepHS,43
1,148,0.3248055178571392,0.5657519444509567,0.4486606993425437,0.6891973681025395,10.0,RFS,OOD,GEO,DeepHS,43
2,147,0.34996832430768177,0.524012758044453,0.4113637739568705,0.646518552948155,10.0,RFS,OOD,GEO,DeepHS,43
3,147,0.373395886956429,0.5510245290817368,0.43382631624829815,0.6760878560581606,10.0,RFS,OOD,GEO,DeepHS,43
4,147,0.3992660848461852,0.5732920641125465,0.47333918588018464,0.6773507646868697,10.0,RFS,OOD,GEO,DeepHS,43
5,147,0.4424222432026247,0.6417617134211973,0.5507985278081428,0.7320103067170831,10.0,RFS,OOD,GEO,DeepHS,43
1,148,0.04538745855962908,0.3419173971000824,0.2704435761716829,0.4260688625062794,3.0,RFS,OOD,GEO,DeepHS,44
2,147,0.05914735510235741,0.32738433521915433,0.25635474012782544,0.41198162348259615,3.0,RFS,OOD,GEO,DeepHS,44
3,147,0.0668740454985171,0.3955573339802195,0.3209854472434204,0.4804257760226255,3.0,RFS,OOD,GEO,DeepHS,44
4,147,0.0750633413288869,0.28786633126693384,0.22075012292225127,0.3700270546078105,3.0,RFS,OOD,GEO,DeepHS,44
5,147,0.0889974942012709,0.34607398986878435,0.27460582127163524,0.4299276700492223,3.0,RFS,OOD,GEO,DeepHS,44
1,148,0.07234701675337714,0.40819074551450085,0.33290247348261914,0.49325495659625396,5.0,RFS,OOD,GEO,DeepHS,44
2,147,0.11601307886798366,0.37150253656761245,0.2962162442756576,0.4588190104901294,5.0,RFS,OOD,GEO,DeepHS,44
3,147,0.15433436388872107,0.44953957770155484,0.37085716944385194,0.5365806835593308,5.0,RFS,OOD,GEO,DeepHS,44
4,147,0.19539908527516994,0.49440616291441364,0.41439489209107383,0.5807415494157675,5.0,RFS,OOD,GEO,DeepHS,44
5,147,0.24778059793978321,0.49262974762355427,0.4094108697260169,0.5828024046675078,5.0,RFS,OOD,GEO,DeepHS,44
1,148,0.27992881431772904,0.5023931656970793,0.39657629547630824,0.6187688133955616,10.0,RFS,OOD,GEO,DeepHS,44
2,147,0.33138719870119676,0.49728855726247634,0.3944608149421591,0.6104973428885934,10.0,RFS,OOD,GEO,DeepHS,44
3,147,0.35739078489290615,0.6975213169105098,0.5659993592012469,0.8196647291936923,10.0,RFS,OOD,GEO,DeepHS,44
4,147,0.3761925182374967,0.6506248799256564,0.532000980336651,0.7669424573938572,10.0,RFS,OOD,GEO,DeepHS,44
5,147,0.4073577340768308,0.5324068553663956,0.4451165880115747,0.6250843408855635,10.0,RFS,OOD,GEO,DeepHS,44
1,148,0.04891919445347141,0.2642225071069645,0.19971938185296556,0.34463244470481713,3.0,RFS,OOD,GEO,DeepSurv,40
2,147,0.08381681012458542,0.2465883108419037,0.18367408347056613,0.3263474904712913,3.0,RFS,OOD,GEO,DeepSurv,40
3,147,0.1194779422818398,0.34879218308505733,0.27693643788498634,0.43299150411390797,3.0,RFS,OOD,GEO,DeepSurv,40
4,147,0.16122016290418145,0.372482831055606,0.2987506762780624,0.4576545917407385,3.0,RFS,OOD,GEO,DeepSurv,40
5,147,0.2278056432600735,0.46722661853782266,0.389288058368345,0.5524594807227453,3.0,RFS,OOD,GEO,DeepSurv,40
1,148,0.09660028565574337,0.3426384429713959,0.26999095738785506,0.42836762554051167,5.0,RFS,OOD,GEO,DeepSurv,40
2,147,0.1626398664753453,0.3512475004843616,0.27685279062202517,0.4387702097852627,5.0,RFS,OOD,GEO,DeepSurv,40
3,147,0.2274115576225073,0.4482377703692717,0.36982986114891614,0.5350124731849761,5.0,RFS,OOD,GEO,DeepSurv,40
4,147,0.2998540482553495,0.5103514210504717,0.4296547446430873,0.596697212293005,5.0,RFS,OOD,GEO,DeepSurv,40
5,147,0.4069732930384526,0.5681818558693272,0.48582478058219636,0.6535851563776964,5.0,RFS,OOD,GEO,DeepSurv,40
1,148,0.2016679108948321,0.4686577365799275,0.3511359148533413,0.6032604452593746,10.0,RFS,OOD,GEO,DeepSurv,40
2,147,0.32603749977488095,0.5501495235883608,0.42449357839085544,0.6849437383331243,10.0,RFS,OOD,GEO,DeepSurv,40
3,147,0.43649567308880033,0.5171815477675525,0.42763432233914833,0.6133092193861474,10.0,RFS,OOD,GEO,DeepSurv,40
4,147,0.5472159377571677,0.6338844020673423,0.5357672425440664,0.7317162436257727,10.0,RFS,OOD,GEO,DeepSurv,40
5,147,0.684335974406223,0.684884972333679,0.5801935091641038,0.7848625018908987,10.0,RFS,OOD,GEO,DeepSurv,40
1,148,0.025777374973168243,0.23970508662007417,0.17840833058850725,0.3176275161457284,3.0,RFS,OOD,GEO,DeepSurv,41
2,147,0.06652625158530515,0.3024259224528235,0.23314915791699542,0.3865161239394743,3.0,RFS,OOD,GEO,DeepSurv,41
3,147,0.10811266688262525,0.2940977533543735,0.2264514072998891,0.3764990727685009,3.0,RFS,OOD,GEO,DeepSurv,41
4,147,0.14981368366552858,0.3378893533215125,0.26650378461781055,0.42220604082727753,3.0,RFS,OOD,GEO,DeepSurv,41
5,147,0.23072365605506767,0.5237076684222779,0.4449022008223211,0.6072823555157933,3.0,RFS,OOD,GEO,DeepSurv,41
1,148,0.0625775480592573,0.3543279512795928,0.28211167226942424,0.43864433141350345,5.0,RFS,OOD,GEO,DeepSurv,41
2,147,0.1569007136383835,0.413155382590489,0.33359871171454025,0.5033897420654213,5.0,RFS,OOD,GEO,DeepSurv,41
3,147,0.24709632364260095,0.41030286656703685,0.33311936294983446,0.49766682578788557,5.0,RFS,OOD,GEO,DeepSurv,41
4,147,0.3315132848259543,0.4736346540498264,0.392987694394594,0.5617741615036247,5.0,RFS,OOD,GEO,DeepSurv,41
5,147,0.4656115696974555,0.5674960720298869,0.4867926071070474,0.651156746090503,5.0,RFS,OOD,GEO,DeepSurv,41
1,148,0.14405638019780856,0.4876640187916812,0.37558994394637724,0.6131431328766914,10.0,RFS,OOD,GEO,DeepSurv,41
2,147,0.33814372132424597,0.5457098839858486,0.44167285787039534,0.6563696957211769,10.0,RFS,OOD,GEO,DeepSurv,41
3,147,0.49705376207423047,0.6351055165092243,0.4898812548736948,0.7790774663251124,10.0,RFS,OOD,GEO,DeepSurv,41
4,147,0.6232039322252987,0.562483082463849,0.46125055298485984,0.668728000179412,10.0,RFS,OOD,GEO,DeepSurv,41
5,147,0.7655267328873069,0.6504612339448266,0.5602824126897643,0.7394014905373854,10.0,RFS,OOD,GEO,DeepSurv,41
1,148,0.043560606805053914,0.24936516410644805,0.1866613960078357,0.3284842108244006,3.0,RFS,OOD,GEO,DeepSurv,42
2,147,0.07902394265544657,0.21333635221482694,0.15422742952958446,0.2908870262565265,3.0,RFS,OOD,GEO,DeepSurv,42
3,147,0.11233870431679446,0.3294810638634673,0.2588596392993707,0.41334324858565696,3.0,RFS,OOD,GEO,DeepSurv,42
4,147,0.15025147491571855,0.36580987380139873,0.2923059650729456,0.45110741601660764,3.0,RFS,OOD,GEO,DeepSurv,42
5,147,0.2171837792915552,0.5384445664305125,0.45963437839159693,0.6213612031501442,3.0,RFS,OOD,GEO,DeepSurv,42
1,148,0.09170238834780615,0.3360290387084387,0.26486981207583693,0.4201645893283513,5.0,RFS,OOD,GEO,DeepSurv,42
2,147,0.1630225149141688,0.3714396201736063,0.2942509663867223,0.46132765621488303,5.0,RFS,OOD,GEO,DeepSurv,42
3,147,0.22719258880939613,0.41719174273822923,0.3394326554785907,0.5048849079192455,5.0,RFS,OOD,GEO,DeepSurv,42
4,147,0.2967048948313914,0.4828225226578662,0.40140067482077657,0.5714001453013852,5.0,RFS,OOD,GEO,DeepSurv,42
5,147,0.4095201591650645,0.6181952005549877,0.5379478380509314,0.6990315926305795,5.0,RFS,OOD,GEO,DeepSurv,42
1,148,0.2090135087838044,0.4896334776965312,0.3772132899832832,0.6153377926213742,10.0,RFS,OOD,GEO,DeepSurv,42
2,147,0.3527567074412391,0.48356774143377546,0.3821651162548132,0.5961993189109211,10.0,RFS,OOD,GEO,DeepSurv,42
3,147,0.4678468394036196,0.6445769130292802,0.5260586505050471,0.7614395030446179,10.0,RFS,OOD,GEO,DeepSurv,42
4,147,0.5770615160870715,0.5687494439013334,0.4647382770857831,0.6775567989592703,10.0,RFS,OOD,GEO,DeepSurv,42
5,147,0.7200941493113836,0.6425410531511777,0.560009566481518,0.724461609453285,10.0,RFS,OOD,GEO,DeepSurv,42
1,148,0.02702127115146534,0.24201072713758598,0.18019640213239985,0.32051047353483897,3.0,RFS,OOD,GEO,DeepSurv,43
2,147,0.0597912961122941,0.3496594947074939,0.27757437322287437,0.4341139201250954,3.0,RFS,OOD,GEO,DeepSurv,43
3,147,0.09651046058758586,0.29373457037063877,0.22620246907982644,0.37599797885190167,3.0,RFS,OOD,GEO,DeepSurv,43
4,147,0.1505056980515824,0.38465432867459326,0.3095302535708351,0.4709023025244983,3.0,RFS,OOD,GEO,DeepSurv,43
5,147,0.26466643992735417,0.43104334063066263,0.35463981556260704,0.5162605378941866,3.0,RFS,OOD,GEO,DeepSurv,43
1,148,0.06461287028080709,0.32214485368032253,0.2520621865568037,0.4057984022346798,5.0,RFS,OOD,GEO,DeepSurv,43
2,147,0.13984407940689397,0.4680522637884269,0.38818894258188763,0.5555468048941652,5.0,RFS,OOD,GEO,DeepSurv,43
3,147,0.21950286464626287,0.4084231177736378,0.3302520387809209,0.4971681844878868,5.0,RFS,OOD,GEO,DeepSurv,43
4,147,0.3284769869175087,0.47406614390654966,0.39348496416465817,0.5621045581721344,5.0,RFS,OOD,GEO,DeepSurv,43
5,147,0.5202462384287192,0.552585306467959,0.47072211885006465,0.638203079125311,5.0,RFS,OOD,GEO,DeepSurv,43
1,148,0.1415004951728357,0.5010647839421287,0.39191593399306157,0.6215976651833286,10.0,RFS,OOD,GEO,DeepSurv,43
2,147,0.29224265473229544,0.6412497505870117,0.49822709785298724,0.7821381634099104,10.0,RFS,OOD,GEO,DeepSurv,43
3,147,0.4332742048364107,0.5522783266951252,0.42440459731537195,0.6893500728440105,10.0,RFS,OOD,GEO,DeepSurv,43
4,147,0.598288373476794,0.5660295491263826,0.4711861497570995,0.665045644188902,10.0,RFS,OOD,GEO,DeepSurv,43
5,147,0.8022934937989022,0.6115090106890326,0.5272501613304559,0.6967548358850478,10.0,RFS,OOD,GEO,DeepSurv,43
1,148,0.033081934258744526,0.2409087644808987,0.179332734197315,0.31914734881783147,3.0,RFS,OOD,GEO,DeepSurv,44
2,147,0.06409764208761203,0.2806488994469052,0.21430203772506362,0.3623080131108699,3.0,RFS,OOD,GEO,DeepSurv,44
3,147,0.0920392141050222,0.35837218741968957,0.2846673139989434,0.44444165598608176,3.0,RFS,OOD,GEO,DeepSurv,44
4,147,0.1264671504903002,0.36232172141189234,0.2894746184670046,0.44696298479451757,3.0,RFS,OOD,GEO,DeepSurv,44
5,147,0.21076878276811975,0.457457957620924,0.3801250022937097,0.5424505471479452,3.0,RFS,OOD,GEO,DeepSurv,44
1,148,0.07115571442488078,0.34997759779694404,0.2777346847771873,0.43462657539420435,5.0,RFS,OOD,GEO,DeepSurv,44
2,147,0.1354931734857105,0.3817448107290904,0.30610815354501597,0.46885470107452454,5.0,RFS,OOD,GEO,DeepSurv,44
3,147,0.19122617869150071,0.46560431058171625,0.3832121279074714,0.5562770716796144,5.0,RFS,OOD,GEO,DeepSurv,44
4,147,0.25698944419419684,0.44028562845412034,0.36225234375344095,0.5270259965104263,5.0,RFS,OOD,GEO,DeepSurv,44
5,147,0.4022526254459303,0.5859818148199534,0.5041903045999456,0.6699315446447727,5.0,RFS,OOD,GEO,DeepSurv,44
1,148,0.16747753966499018,0.466332509191811,0.3586368362267406,0.5884741348835738,10.0,RFS,OOD,GEO,DeepSurv,44
2,147,0.3045962838088574,0.6108897310939208,0.487035874424106,0.7367450906425586,10.0,RFS,OOD,GEO,DeepSurv,44
3,147,0.4112088542406251,0.5797128273806635,0.46841128239075436,0.6955034390998611,10.0,RFS,OOD,GEO,DeepSurv,44
4,147,0.5230108568457519,0.5683752596072007,0.4625800793088354,0.6791605329085997,10.0,RFS,OOD,GEO,DeepSurv,44
5,147,0.7140452280944708,0.6308148280045143,0.5401743948563698,0.7214197066841006,10.0,RFS,OOD,GEO,DeepSurv,44
1,148,0.02692778770988052,0.25062587501024114,0.18761057622632415,0.3301051143747137,3.0,RFS,OOD,GEO,ENCox,40
2,147,0.055313799251504495,0.31537208205778877,0.24585454839106957,0.3987445615676205,3.0,RFS,OOD,GEO,ENCox,40
3,147,0.08546666628649445,0.2718212179567089,0.20653005125027724,0.35270348206327007,3.0,RFS,OOD,GEO,ENCox,40
4,147,0.1284022598850484,0.40221971432100745,0.3265634763409122,0.488098483624956,3.0,RFS,OOD,GEO,ENCox,40
5,147,0.28104862854594276,0.45975085532494286,0.3821285014902662,0.5449773343514297,3.0,RFS,OOD,GEO,ENCox,40
1,148,0.06220891185708948,0.38809426278073567,0.3121630157838008,0.4751883640268737,5.0,RFS,OOD,GEO,ENCox,40
2,147,0.12548304090694506,0.45241571801194935,0.37245768654355915,0.5408606727670171,5.0,RFS,OOD,GEO,ENCox,40
3,147,0.18984766882293078,0.3755802609215271,0.30117085788864295,0.4614562897772717,5.0,RFS,OOD,GEO,ENCox,40
4,147,0.2763917778624969,0.4497232724606892,0.3711768444709649,0.5365884045687155,5.0,RFS,OOD,GEO,ENCox,40
5,147,0.5221698523885538,0.556477835856688,0.4736647885395462,0.6429428099630907,5.0,RFS,OOD,GEO,ENCox,40
1,148,0.15713227640938116,0.5270902607480275,0.4159299681899453,0.6475519630275579,10.0,RFS,OOD,GEO,ENCox,40
2,147,0.30121609467227445,0.6212068615762516,0.5107150308349595,0.732429070888575,10.0,RFS,OOD,GEO,ENCox,40
3,147,0.43041893981751944,0.5201976014066398,0.4087418310463584,0.6416642870747826,10.0,RFS,OOD,GEO,ENCox,40
4,147,0.5778000967032244,0.5574110981228488,0.46219528581750413,0.6573964652488792,10.0,RFS,OOD,GEO,ENCox,40
5,147,0.8334071803718729,0.6182927716257909,0.5221329289385448,0.7152497273818271,10.0,RFS,OOD,GEO,ENCox,40
1,148,0.06500868821466291,0.21191020743849465,0.1540415816114733,0.2875284806902163,3.0,RFS,OOD,GEO,ENCox,41
2,147,0.08723913163554911,0.30037114682885824,0.2314504545631374,0.3841139188038568,3.0,RFS,OOD,GEO,ENCox,41
3,147,0.10429069987770652,0.3517741052332244,0.2801199118630604,0.4354955311993811,3.0,RFS,OOD,GEO,ENCox,41
4,147,0.12288046167010352,0.4127266282610298,0.33696116099504614,0.49814298804318313,3.0,RFS,OOD,GEO,ENCox,41
5,147,0.16208719761193205,0.428570526429605,0.3510512987780551,0.5153133946596079,3.0,RFS,OOD,GEO,ENCox,41
1,148,0.1485666004387108,0.3373708465762062,0.26577277267148036,0.4220217601059729,5.0,RFS,OOD,GEO,ENCox,41
2,147,0.19635573252528704,0.40681249429906075,0.328465574827179,0.49588370471536924,5.0,RFS,OOD,GEO,ENCox,41
3,147,0.23185758444727683,0.4825965038291642,0.40284604154819714,0.5692131086643392,5.0,RFS,OOD,GEO,ENCox,41
4,147,0.26945380491464316,0.4974887445666111,0.41765659513934716,0.5834653381177405,5.0,RFS,OOD,GEO,ENCox,41
5,147,0.3442808997874357,0.49977243665282856,0.417627411282956,0.5883164157788194,5.0,RFS,OOD,GEO,ENCox,41
1,148,0.30732033341317566,0.43912853067727664,0.3335284840267113,0.5613743319233695,10.0,RFS,OOD,GEO,ENCox,41
2,147,0.39349158604939777,0.5469011893368241,0.44785136765398725,0.651864604149545,10.0,RFS,OOD,GEO,ENCox,41
3,147,0.4531023753743593,0.5850950724584396,0.47901532025962046,0.6948260004613077,10.0,RFS,OOD,GEO,ENCox,41
4,147,0.5123089116041352,0.6217445085580355,0.5224092796809041,0.72167021214808,10.0,RFS,OOD,GEO,ENCox,41
5,147,0.6165706106797367,0.6540142145746675,0.5311482522198699,0.7739872210546386,10.0,RFS,OOD,GEO,ENCox,41
1,148,0.08589989148281715,0.24071496640212087,0.1791802646120796,0.31890853652987095,3.0,RFS,OOD,GEO,ENCox,42
2,147,0.10110302563427256,0.28488302219239925,0.217580849304418,0.36759480542877987,3.0,RFS,OOD,GEO,ENCox,42
3,147,0.11128226023952976,0.33569933024376974,0.2646363611634235,0.4197243212921161,3.0,RFS,OOD,GEO,ENCox,42
4,147,0.12296043447896737,0.3409553152095096,0.2689613587188129,0.4258976030608963,3.0,RFS,OOD,GEO,ENCox,42
5,147,0.14986580042611986,0.49663265045746185,0.4183933590192541,0.5808064817946075,3.0,RFS,OOD,GEO,ENCox,42
1,148,0.16871835412205877,0.3537272382711637,0.2806605022519659,0.4392459562932223,5.0,RFS,OOD,GEO,ENCox,42
2,147,0.1969705682222535,0.4033297172368643,0.3257397820541321,0.4916378485524411,5.0,RFS,OOD,GEO,ENCox,42
3,147,0.21557784202147504,0.459680121333787,0.38028185211265264,0.5470538728313992,5.0,RFS,OOD,GEO,ENCox,42
4,147,0.23663681421150157,0.44034782625963664,0.3605540669980385,0.5292632358242151,5.0,RFS,OOD,GEO,ENCox,42
5,147,0.28377728072964414,0.5602036813693505,0.4799512848579467,0.6437140248932858,5.0,RFS,OOD,GEO,ENCox,42
1,148,0.33833773917443044,0.4803827926510753,0.364154998907676,0.6119097431174942,10.0,RFS,OOD,GEO,ENCox,42
2,147,0.3877824159706531,0.5471675241037732,0.4414274243245121,0.6596296659544352,10.0,RFS,OOD,GEO,ENCox,42
3,147,0.41907527738687944,0.5745603762740765,0.46806975354664726,0.6855959600524355,10.0,RFS,OOD,GEO,ENCox,42
4,147,0.4533525133619503,0.6200223239886509,0.5131840759858759,0.7276584067918271,10.0,RFS,OOD,GEO,ENCox,42
5,147,0.5250442524751028,0.6388769231185283,0.5255511901380439,0.7512686518221167,10.0,RFS,OOD,GEO,ENCox,42
1,148,0.06487815927814793,0.26447653009160554,0.20001243643589728,0.344800558019315,3.0,RFS,OOD,GEO,ENCox,43
2,147,0.08749445319986668,0.20603662311607995,0.14882730095182028,0.281319341090819,3.0,RFS,OOD,GEO,ENCox,43
3,147,0.10793832248570967,0.34226545634419425,0.27073812650416806,0.4264664420578791,3.0,RFS,OOD,GEO,ENCox,43
4,147,0.13210040452528973,0.39600056151874385,0.31989614496221874,0.4828308971904529,3.0,RFS,OOD,GEO,ENCox,43
5,147,0.18915459858316955,0.4969085066817329,0.4180235494189073,0.581816228338627,3.0,RFS,OOD,GEO,ENCox,43
1,148,0.1430834491510649,0.3603907915634752,0.287110163600644,0.44574640326265813,5.0,RFS,OOD,GEO,ENCox,43
2,147,0.19019966871560026,0.3312782631958484,0.2590297964578385,0.41730280379865703,5.0,RFS,OOD,GEO,ENCox,43
3,147,0.23139065382431964,0.42767024392395236,0.34997252984989946,0.514686771812958,5.0,RFS,OOD,GEO,ENCox,43
4,147,0.278430928178385,0.49690811633471565,0.4146952485032511,0.5856791306117084,5.0,RFS,OOD,GEO,ENCox,43
5,147,0.38140865025066195,0.6136864458086235,0.5313756056958563,0.6968355453918122,5.0,RFS,OOD,GEO,ENCox,43
1,148,0.2778786179181692,0.47463961868067694,0.369893457218474,0.5922246831636125,10.0,RFS,OOD,GEO,ENCox,43
2,147,0.3595678627896471,0.48130354245706464,0.37389656010804695,0.6015901191839894,10.0,RFS,OOD,GEO,ENCox,43
3,147,0.42642370170476485,0.5128108707017074,0.4206500263214322,0.6122322791975823,10.0,RFS,OOD,GEO,ENCox,43
4,147,0.49781594166950305,0.7376332659475178,0.6137589838980884,0.8477053826814207,10.0,RFS,OOD,GEO,ENCox,43
5,147,0.6336689421615633,0.6403772004618459,0.5552959320786324,0.7249220217926247,10.0,RFS,OOD,GEO,ENCox,43
1,148,0.049225372639862264,0.32322955914124185,0.25376183716783407,0.4059277175629432,3.0,RFS,OOD,GEO,ENCox,44
2,147,0.07541364107002206,0.20820392237543706,0.1504394370906076,0.28414609261112755,3.0,RFS,OOD,GEO,ENCox,44
3,147,0.09651595597364465,0.35352126679065654,0.2807224514981772,0.4386876157126999,3.0,RFS,OOD,GEO,ENCox,44
4,147,0.12485573851332372,0.3734326505971465,0.30029760626007096,0.45774994667845637,3.0,RFS,OOD,GEO,ENCox,44
5,147,0.20434553769170022,0.4462428776773091,0.36755087653591645,0.5334725889756213,3.0,RFS,OOD,GEO,ENCox,44
1,148,0.10444146998830743,0.4385640313082759,0.36044525450681164,0.5255034417115528,5.0,RFS,OOD,GEO,ENCox,44
2,147,0.1577030854160283,0.3165808041391739,0.24571943853699274,0.40179281367610176,5.0,RFS,OOD,GEO,ENCox,44
3,147,0.19920922258273274,0.42545052680559536,0.34741550902863816,0.5130159570002668,5.0,RFS,OOD,GEO,ENCox,44
4,147,0.2530742263307377,0.4978878820884317,0.4187599705312036,0.583030054753028,5.0,RFS,OOD,GEO,ENCox,44
5,147,0.39056404837134745,0.5478370684346411,0.4631870978889866,0.6367475791313502,5.0,RFS,OOD,GEO,ENCox,44
1,148,0.2380181353639912,0.5352331959129828,0.43683676614291345,0.6402975149008663,10.0,RFS,OOD,GEO,ENCox,44
2,147,0.34612626080610315,0.4765234099682397,0.364381784969256,0.6032751073889893,10.0,RFS,OOD,GEO,ENCox,44
3,147,0.4230007950951453,0.5550035457753094,0.4398063263728903,0.677407983354707,10.0,RFS,OOD,GEO,ENCox,44
4,147,0.5139608512930318,0.6432494293223748,0.5420820537783615,0.7433824976147103,10.0,RFS,OOD,GEO,ENCox,44
5,147,0.6975177530782158,0.6193240118866616,0.5297950434255838,0.7094996347558931,10.0,RFS,OOD,GEO,ENCox,44
1,148,0.05733969082703461,0.38881599955247204,0.3136850339046471,0.47481537645047744,3.0,RFS,OOD,GEO,LH,40
2,147,0.08306517892954302,0.3109837283278065,0.24235830159678928,0.3934185131765392,3.0,RFS,OOD,GEO,LH,40
3,147,0.1026086097671872,0.3779033187343629,0.3032669360787389,0.46393262038869776,3.0,RFS,OOD,GEO,LH,40
4,147,0.1253223609762127,0.3004341817553613,0.23233363967801623,0.3829646262309023,3.0,RFS,OOD,GEO,LH,40
5,147,0.1745783832608437,0.32412194863046806,0.2544936716215539,0.4069808330120971,3.0,RFS,OOD,GEO,LH,40
1,148,0.11212958838488604,0.41347692650163004,0.33659972650289727,0.5002642497409913,5.0,RFS,OOD,GEO,LH,40
2,147,0.17024565878368558,0.4205689104546604,0.3424884051701581,0.5084728825764808,5.0,RFS,OOD,GEO,LH,40
3,147,0.21836244208472116,0.4257295082341458,0.34754228881250604,0.5134704887716841,5.0,RFS,OOD,GEO,LH,40
4,147,0.2880093224194585,0.4896925328650452,0.4087134437996919,0.5773938125744267,5.0,RFS,OOD,GEO,LH,40
5,147,0.47359384915658403,0.46929912633865667,0.39014284782066355,0.5558829285736345,5.0,RFS,OOD,GEO,LH,40
1,148,0.21275990637573036,0.644315775171486,0.5227108164051695,0.7641873372270438,10.0,RFS,OOD,GEO,LH,40
2,147,0.31937306551706224,0.4425009919774101,0.3568023811226344,0.5386590644461807,10.0,RFS,OOD,GEO,LH,40
3,147,0.4303287648830284,0.6090285141878143,0.4915828205511521,0.7284971411993449,10.0,RFS,OOD,GEO,LH,40
4,147,0.5719357743149712,0.48836281929365055,0.3955280293576069,0.5902088765536189,10.0,RFS,OOD,GEO,LH,40
5,147,0.8177550905114863,0.6574094421010315,0.553816699168416,0.7587451745123057,10.0,RFS,OOD,GEO,LH,40
1,148,0.04889896391211329,0.2399447001216909,0.17856869374990858,0.31796829624607414,3.0,RFS,OOD,GEO,LH,41
2,147,0.07470031619882908,0.26166523186382395,0.19695055875202894,0.3426645303190088,3.0,RFS,OOD,GEO,LH,41
3,147,0.09727041697015568,0.3716897345152509,0.29808336748364095,0.45674428082023233,3.0,RFS,OOD,GEO,LH,41
4,147,0.12874470073349623,0.3601818445276811,0.2871135233606885,0.44526370664508974,3.0,RFS,OOD,GEO,LH,41
5,147,0.20805652733562754,0.46916669704455627,0.39096107410883396,0.5546220623337821,3.0,RFS,OOD,GEO,LH,41
1,148,0.08057155198342092,0.33044380315113653,0.2593106742942818,0.41495541173443007,5.0,RFS,OOD,GEO,LH,41
2,147,0.12975305399927153,0.34539946256628395,0.27245503946780303,0.4313400976523877,5.0,RFS,OOD,GEO,LH,41
3,147,0.1808220517067682,0.4725140498274393,0.39406163814897077,0.5580970946406502,5.0,RFS,OOD,GEO,LH,41
4,147,0.2705330747325404,0.4490342834348636,0.36831621110373625,0.5385993301258949,5.0,RFS,OOD,GEO,LH,41
5,147,0.513074304680435,0.6382981677911259,0.5536462306385685,0.7225319985938836,5.0,RFS,OOD,GEO,LH,41
1,148,0.2467683630215155,0.43684926628510046,0.33856673018160777,0.5496238904683896,10.0,RFS,OOD,GEO,LH,41
2,147,0.42129571867637894,0.5768891438261035,0.46083193721793325,0.6980904836524243,10.0,RFS,OOD,GEO,LH,41
3,147,0.5765254181258532,0.6187773381304962,0.5119390343181278,0.7265179605623162,10.0,RFS,OOD,GEO,LH,41
4,147,0.7607586542968037,0.4487331339783538,0.3663293581995981,0.54039391132719,10.0,RFS,OOD,GEO,LH,41
5,147,0.9157442507606481,0.7780302034561766,0.661593792523591,0.8764425548751942,10.0,RFS,OOD,GEO,LH,41
1,148,0.053136952422760626,0.32090987539003657,0.25114385272126316,0.40420717039668463,3.0,RFS,OOD,GEO,LH,42
2,147,0.07962570587793986,0.35535637346030335,0.2822837596443527,0.4407707631550535,3.0,RFS,OOD,GEO,LH,42
3,147,0.0991266183301705,0.34490915874626726,0.2737474344199947,0.4284212741365774,3.0,RFS,OOD,GEO,LH,42
4,147,0.12248951723786439,0.3361350195146955,0.26497463500979335,0.4202644967663345,3.0,RFS,OOD,GEO,LH,42
5,147,0.16647437640598842,0.34272562434522424,0.27106532241797354,0.4270782112336936,3.0,RFS,OOD,GEO,LH,42
1,148,0.09174687234131065,0.39009396620425807,0.31484267588580883,0.47617253406239113,5.0,RFS,OOD,GEO,LH,42
2,147,0.14966500494755855,0.3246147862976517,0.25298016633002895,0.41028937454146164,5.0,RFS,OOD,GEO,LH,42
3,147,0.20479794708238977,0.4319500246917959,0.35424677330891474,0.5187357614740367,5.0,RFS,OOD,GEO,LH,42
4,147,0.28830552101135254,0.5018118905501152,0.42055268684300107,0.5892262791485819,5.0,RFS,OOD,GEO,LH,42
5,147,0.5782238325661644,0.5763590568324202,0.4926851254366079,0.6627695326345971,5.0,RFS,OOD,GEO,LH,42
1,148,0.23230862859133128,0.4453670085163284,0.3347158216486338,0.5736742668485804,10.0,RFS,OOD,GEO,LH,42
2,147,0.3872638089316232,0.6134307741634782,0.499311204188276,0.7290562362693827,10.0,RFS,OOD,GEO,LH,42
3,147,0.5515563686688741,0.5852173640157345,0.47889538371289164,0.6951965619872443,10.0,RFS,OOD,GEO,LH,42
4,147,0.7576096899249927,0.5661436342790062,0.45742811567142305,0.6803165154648634,10.0,RFS,OOD,GEO,LH,42
5,147,0.9553623730815982,0.6515499844544184,0.5422810769138732,0.7588220732619851,10.0,RFS,OOD,GEO,LH,42
1,148,0.04345190847242201,0.3935677752598059,0.3191691140929377,0.4783281499156047,3.0,RFS,OOD,GEO,LH,43
2,147,0.06544864704819764,0.3211692677749124,0.25138759892697515,0.4044689872444962,3.0,RFS,OOD,GEO,LH,43
3,147,0.08363827231789933,0.27235251733029775,0.20697621502382568,0.35331434031234643,3.0,RFS,OOD,GEO,LH,43
4,147,0.10778609992695504,0.3651395764097126,0.2926072602190417,0.4491751456162928,3.0,RFS,OOD,GEO,LH,43
5,147,0.1622964314052037,0.3463460691009872,0.2731896465872721,0.43251195678194876,3.0,RFS,OOD,GEO,LH,43
1,148,0.07149646088883684,0.4392069268944818,0.3620626452246207,0.5249081326566933,5.0,RFS,OOD,GEO,LH,43
2,147,0.11444238821665446,0.3408087301626934,0.2679942575419897,0.4269056434001439,5.0,RFS,OOD,GEO,LH,43
3,147,0.15883173829033262,0.462540159544954,0.38311888549173945,0.54979136602508,5.0,RFS,OOD,GEO,LH,43
4,147,0.24743785014768846,0.386858086399389,0.3101806557540394,0.47501439165497805,5.0,RFS,OOD,GEO,LH,43
5,147,0.5597700605574413,0.5964589477364362,0.512558322480231,0.6821014995129605,5.0,RFS,OOD,GEO,LH,43
1,148,0.14227112362513672,0.5351159684023521,0.4126560313268973,0.6679703016011372,10.0,RFS,OOD,GEO,LH,43
2,147,0.26910560025649816,0.516020357302931,0.40929899625612154,0.6322695342548847,10.0,RFS,OOD,GEO,LH,43
3,147,0.44017366243868455,0.4869464348136229,0.38322936247016537,0.6021335512675043,10.0,RFS,OOD,GEO,LH,43
4,147,0.7245057088379957,0.6123779476918618,0.5022585353424912,0.7240108445219581,10.0,RFS,OOD,GEO,LH,43
5,147,0.965094275469263,0.7036775532103714,0.6165350085722456,0.7863561999442203,10.0,RFS,OOD,GEO,LH,43
1,148,0.05211073240718326,0.3145722683554062,0.2459903365507876,0.3966647875593182,3.0,RFS,OOD,GEO,LH,44
2,147,0.07023317716559585,0.37997724457562665,0.3056815496958758,0.46542445837016255,3.0,RFS,OOD,GEO,LH,44
3,147,0.08398142923303202,0.28381579507329124,0.21676789547744912,0.3662422668184204,3.0,RFS,OOD,GEO,LH,44
4,147,0.10045396713983445,0.3315279810739983,0.26047078731524864,0.4158514454380572,3.0,RFS,OOD,GEO,LH,44
5,147,0.14015778473445348,0.3902406810043537,0.31572453317608506,0.4753506707635684,3.0,RFS,OOD,GEO,LH,44
1,148,0.08504925507145959,0.437017961569485,0.36023153022523724,0.5223930861282753,5.0,RFS,OOD,GEO,LH,44
2,147,0.11939662735478408,0.39479130133613993,0.31928621320127826,0.48091563585934505,5.0,RFS,OOD,GEO,LH,44
3,147,0.15160690724444228,0.40817073573420104,0.33133360302037385,0.4952169272194096,5.0,RFS,OOD,GEO,LH,44
4,147,0.19599723897012725,0.48501908060292964,0.4022007201500738,0.5751307393691893,5.0,RFS,OOD,GEO,LH,44
5,147,0.3054540751337194,0.49689448277150905,0.4150594485309679,0.5852263767600543,5.0,RFS,OOD,GEO,LH,44
1,148,0.1674647862846787,0.5640477534564594,0.45599614589493054,0.6776699349039074,10.0,RFS,OOD,GEO,LH,44
2,147,0.261208915791544,0.5727973759857343,0.44418227091106444,0.708178643741215,10.0,RFS,OOD,GEO,LH,44
3,147,0.36057632634428893,0.5237228894872636,0.41298916182256606,0.6440020653478025,10.0,RFS,OOD,GEO,LH,44
4,147,0.5085975531818104,0.5766100519414743,0.4805878667556245,0.6762060419113065,10.0,RFS,OOD,GEO,LH,44
5,147,0.7816897948101467,0.5982014882073585,0.5117264970748665,0.6864294963196128,10.0,RFS,OOD,GEO,LH,44
1,148,0.02187846601009369,0.2546691186397072,0.1915771747952868,0.3338434952497694,3.0,RFS,OOD,GEO,MTLR,40
2,147,0.04110118645389064,0.23072347812193705,0.1699111592511574,0.3089000669268205,3.0,RFS,OOD,GEO,MTLR,40
3,147,0.05948420446746203,0.348568953156268,0.27673047330122513,0.43275990352157545,3.0,RFS,OOD,GEO,MTLR,40
4,147,0.08384525289340895,0.39037530959290667,0.31574976864275894,0.47561985939097984,3.0,RFS,OOD,GEO,MTLR,40
5,147,0.1260774739745523,0.47867169885674465,0.39922450718512503,0.5651271784810569,3.0,RFS,OOD,GEO,MTLR,40
1,148,0.04226150142179953,0.3303950302907296,0.25945903542908966,0.41463235324915715,5.0,RFS,OOD,GEO,MTLR,40
2,147,0.09211896876899564,0.36748509694691167,0.29376114461735203,0.4529687159294141,5.0,RFS,OOD,GEO,MTLR,40
3,147,0.1428767552181166,0.4483904039336254,0.3699316195573632,0.535219238405566,5.0,RFS,OOD,GEO,MTLR,40
4,147,0.21813045026493721,0.5111777861994882,0.4298024314305604,0.5982591842209402,5.0,RFS,OOD,GEO,MTLR,40
5,147,0.4003037923858279,0.5682591695297455,0.4823701016047922,0.6574561528602281,5.0,RFS,OOD,GEO,MTLR,40
1,148,0.14201614542587385,0.5291336285871029,0.42020728797665474,0.6468003918103146,10.0,RFS,OOD,GEO,MTLR,40
2,147,0.28446314042928267,0.44630319322391543,0.3551292451737551,0.5491113956380226,10.0,RFS,OOD,GEO,MTLR,40
3,147,0.39010118059560556,0.5768843396097583,0.4720385089280337,0.6859536514727722,10.0,RFS,OOD,GEO,MTLR,40
4,147,0.512785403095946,0.6551044433152553,0.5540672134124816,0.754185758805388,10.0,RFS,OOD,GEO,MTLR,40
5,147,0.6935746365663956,0.6236341538218647,0.49131072295587497,0.7565287503590474,10.0,RFS,OOD,GEO,MTLR,40
1,148,0.024088851906157827,0.2470298688805691,0.18485490618979505,0.32555760449350346,3.0,RFS,OOD,GEO,MTLR,41
2,147,0.039156305546663245,0.3470790378006876,0.2762431264991514,0.42999664350955435,3.0,RFS,OOD,GEO,MTLR,41
3,147,0.05152655945343225,0.3446572942420103,0.2719945155835183,0.4302610189486811,3.0,RFS,OOD,GEO,MTLR,41
4,147,0.06984826091195451,0.3018713998826239,0.2334853174516235,0.38470009570683694,3.0,RFS,OOD,GEO,MTLR,41
5,147,0.10922075818185092,0.4619376678679473,0.3831186326210395,0.5484943632093351,3.0,RFS,OOD,GEO,MTLR,41
1,148,0.051518799888121115,0.37155445213761684,0.2979234640844177,0.4566504870326986,5.0,RFS,OOD,GEO,MTLR,41
2,147,0.08889638809930711,0.3510431777847953,0.27940812940499526,0.43478751054946074,5.0,RFS,OOD,GEO,MTLR,41
3,147,0.1390830189192376,0.4235197903765813,0.3447997421158763,0.5120605700821277,5.0,RFS,OOD,GEO,MTLR,41
4,147,0.23185874450774419,0.4624638713502329,0.380201587662664,0.553156423846303,5.0,RFS,OOD,GEO,MTLR,41
5,147,0.39583563682984335,0.6177349898008954,0.5344252135663421,0.7016973316841884,5.0,RFS,OOD,GEO,MTLR,41
1,148,0.15392568345005447,0.49148471024004126,0.3759553617565049,0.6208688877956042,10.0,RFS,OOD,GEO,MTLR,41
2,147,0.3247427210515859,0.5769221001351157,0.4599230939507444,0.6991428383897781,10.0,RFS,OOD,GEO,MTLR,41
3,147,0.4867706489400799,0.5243119989199554,0.4221749464898654,0.6344970018581129,10.0,RFS,OOD,GEO,MTLR,41
4,147,0.6392976142922226,0.6389264341545792,0.545871163913398,0.7314129265350893,10.0,RFS,OOD,GEO,MTLR,41
5,147,0.8053217688385321,0.6177497332985651,0.5018166178032856,0.7348010199541901,10.0,RFS,OOD,GEO,MTLR,41
1,148,0.01831207686179393,0.2623951356691633,0.19835158972554312,0.3422732615408095,3.0,RFS,OOD,GEO,MTLR,42
2,147,0.035977345745579724,0.30136067289828916,0.23309088776119546,0.38406167822176895,3.0,RFS,OOD,GEO,MTLR,42
3,147,0.05556236400085242,0.3685591351396672,0.2955107321540317,0.4530678605122943,3.0,RFS,OOD,GEO,MTLR,42
4,147,0.07421340828850156,0.3785493510509639,0.30443846526124596,0.4638413155129161,3.0,RFS,OOD,GEO,MTLR,42
5,147,0.10923476081316164,0.3895777942122409,0.3143815003747802,0.47561601093688444,3.0,RFS,OOD,GEO,MTLR,42
1,148,0.026983150759258785,0.3150960897223285,0.24554377974379404,0.39854040905059607,5.0,RFS,OOD,GEO,MTLR,42
2,147,0.06660586392798391,0.4593010444344183,0.37992553218117664,0.5466672666887499,5.0,RFS,OOD,GEO,MTLR,42
3,147,0.12451889928506345,0.4316677640486689,0.3534539933246462,0.5191060262807125,5.0,RFS,OOD,GEO,MTLR,42
4,147,0.2467695782784702,0.4689970649337636,0.38851256304637893,0.5571868253019894,5.0,RFS,OOD,GEO,MTLR,42
5,147,0.5200695245444369,0.5494683131515989,0.46628674542461357,0.6366816736095385,5.0,RFS,OOD,GEO,MTLR,42
1,148,0.10262370109558105,0.5039342890478005,0.389797475089929,0.6302557320369248,10.0,RFS,OOD,GEO,MTLR,42
2,147,0.24453820419960282,0.5632485755523231,0.4518959859737457,0.6805854519555647,10.0,RFS,OOD,GEO,MTLR,42
3,147,0.4276137246566565,0.5651853022939692,0.45606292881959054,0.6798887765758981,10.0,RFS,OOD,GEO,MTLR,42
4,147,0.6125415389229651,0.5637536452842882,0.4551883188981726,0.6779673550516714,10.0,RFS,OOD,GEO,MTLR,42
5,147,0.8321355674542538,0.6421532780689225,0.5548248499476329,0.7288091903436282,10.0,RFS,OOD,GEO,MTLR,42
1,148,0.016471682368098078,0.2511505567346961,0.18802742186197563,0.33074491129323835,3.0,RFS,OOD,GEO,MTLR,43
2,147,0.025660128820510136,0.3160587664249179,0.24641841750832183,0.39955351159588304,3.0,RFS,OOD,GEO,MTLR,43
3,147,0.034359129918675846,0.396526660553185,0.3217624265962422,0.4815873414178936,3.0,RFS,OOD,GEO,MTLR,43
4,147,0.04252991749315846,0.33412817486398927,0.2625582805351757,0.41897877843311504,3.0,RFS,OOD,GEO,MTLR,43
5,147,0.05547978440109564,0.4002454223490185,0.3255682911014568,0.48497849358746614,3.0,RFS,OOD,GEO,MTLR,43
1,148,0.02152427064405905,0.3264390914509224,0.25632139787366615,0.409817175861128,5.0,RFS,OOD,GEO,MTLR,43
2,147,0.04998542986759523,0.43723939742537055,0.3580168817886209,0.525621328623554,5.0,RFS,OOD,GEO,MTLR,43
3,147,0.09741063750520045,0.37967152146112493,0.3043802089080462,0.46645695590422664,5.0,RFS,OOD,GEO,MTLR,43
4,147,0.2196850626647067,0.4789512486232522,0.398190022172474,0.566948821693917,5.0,RFS,OOD,GEO,MTLR,43
5,147,0.4300497900061056,0.6072278233669582,0.5232654475861126,0.6923889825440954,5.0,RFS,OOD,GEO,MTLR,43
1,148,0.060109376504614544,0.5267198157372746,0.4149365607073008,0.647946306954158,10.0,RFS,OOD,GEO,MTLR,43
2,147,0.17318002099082583,0.5056029861851715,0.38931417440214444,0.6343737183561564,10.0,RFS,OOD,GEO,MTLR,43
3,147,0.3096146672761359,0.5964335736260287,0.4800270283632664,0.7160802510484374,10.0,RFS,OOD,GEO,MTLR,43
4,147,0.5015586947097259,0.5435938697735393,0.4466032300843864,0.646481120629163,10.0,RFS,OOD,GEO,MTLR,43
5,147,0.7753008320218041,0.6762493668443947,0.5851465618012447,0.7643978361619738,10.0,RFS,OOD,GEO,MTLR,43
1,148,0.01323099313555537,0.24382929935333741,0.18154486876114106,0.3228833147280431,3.0,RFS,OOD,GEO,MTLR,44
2,147,0.02515365882795684,0.3488004469330348,0.27683877816584557,0.4331445768610155,3.0,RFS,OOD,GEO,MTLR,44
3,147,0.03396717788410836,0.36101602542882494,0.2885375097266554,0.4452452869018658,3.0,RFS,OOD,GEO,MTLR,44
4,147,0.042439330597313085,0.3240506418642579,0.25364979969622725,0.40801065564610384,3.0,RFS,OOD,GEO,MTLR,44
5,147,0.06088190216596435,0.42209537188084767,0.3454766805019043,0.5080676763197023,3.0,RFS,OOD,GEO,MTLR,44
1,148,0.02579566594716665,0.332801888690177,0.2614114739187139,0.4174991522966053,5.0,RFS,OOD,GEO,MTLR,44
2,147,0.05273486602874029,0.3583002787015943,0.28530861673804575,0.44340428810908483,5.0,RFS,OOD,GEO,MTLR,44
3,147,0.08634756333162995,0.49177808476480367,0.4116759432948488,0.5783491731871573,5.0,RFS,OOD,GEO,MTLR,44
4,147,0.1399078429961691,0.4920921904122302,0.41072402777419525,0.5801260884938331,5.0,RFS,OOD,GEO,MTLR,44
5,147,0.3220618841599445,0.5537446020652781,0.46893937565602184,0.6425210303091622,5.0,RFS,OOD,GEO,MTLR,44
1,148,0.09301502599909499,0.5043061965417599,0.4001834590822462,0.6184775280860568,10.0,RFS,OOD,GEO,MTLR,44
2,147,0.21364290292571192,0.5420179753500263,0.4231493585785132,0.6699336356540451,10.0,RFS,OOD,GEO,MTLR,44
3,147,0.3292808926024405,0.606033610007645,0.49303068491971613,0.7212097529922181,10.0,RFS,OOD,GEO,MTLR,44
4,147,0.47697200864350714,0.5698907141096876,0.46301798710231656,0.681728110885987,10.0,RFS,OOD,GEO,MTLR,44
5,147,0.6904319395013407,0.6156052861485608,0.5308678772982662,0.7011264597152704,10.0,RFS,OOD,GEO,MTLR,44
1,148,0.09745017700904124,0.3063991331014938,0.23789185331035212,0.3890305966270571,3.0,RFS,OOD,GEO,PCHazard,40
2,147,0.15689421916494564,0.2687450568003552,0.20328799970363376,0.35018330225468797,3.0,RFS,OOD,GEO,PCHazard,40
3,147,0.21304309327586168,0.28821325051520963,0.22104139405100653,0.37042624174819316,3.0,RFS,OOD,GEO,PCHazard,40
4,147,0.280408243338267,0.4367665812210799,0.3601766311178457,0.5219122772578997,3.0,RFS,OOD,GEO,PCHazard,40
5,147,0.4813437821711002,0.39727335985127077,0.3223839380009187,0.4824522561607987,3.0,RFS,OOD,GEO,PCHazard,40
1,148,0.09745017700904124,0.4298843674868327,0.35182241851903007,0.5172328340134609,5.0,RFS,OOD,GEO,PCHazard,40
2,147,0.15689421916494564,0.40086062527194355,0.3236854413675182,0.48878363824919524,5.0,RFS,OOD,GEO,PCHazard,40
3,147,0.21304309327586168,0.40128913787952314,0.32374198844305146,0.48966816741843144,5.0,RFS,OOD,GEO,PCHazard,40
4,147,0.280408243338267,0.5260561003215307,0.4452124208079743,0.6118115756203162,5.0,RFS,OOD,GEO,PCHazard,40
5,147,0.4813437821711002,0.45848191060893995,0.38014399505353347,0.5446360620540318,5.0,RFS,OOD,GEO,PCHazard,40
1,148,0.22970619515792742,0.5180632118713564,0.4130672360833356,0.632100385115406,10.0,RFS,OOD,GEO,PCHazard,40
2,147,0.3937337037657394,0.5727212017728284,0.45834456169492166,0.6924976125703883,10.0,RFS,OOD,GEO,PCHazard,40
3,147,0.5284389841313265,0.5659470814745529,0.45115095209427336,0.686836356846888,10.0,RFS,OOD,GEO,PCHazard,40
4,147,0.68863447213254,0.5728178033958459,0.48582430944802735,0.6629580370436798,10.0,RFS,OOD,GEO,PCHazard,40
5,147,0.9002184509667948,0.6060731155687056,0.4976369534946974,0.7165252543693877,10.0,RFS,OOD,GEO,PCHazard,40
1,148,0.0609960805725407,0.22407041641955439,0.16487262339309816,0.3003802838098578,3.0,RFS,OOD,GEO,PCHazard,41
2,147,0.10442030794766484,0.3244182501352978,0.2547238761507439,0.4073485662671946,3.0,RFS,OOD,GEO,PCHazard,41
3,147,0.15631224792830797,0.2638098633991032,0.19945500144935058,0.34403069039913314,3.0,RFS,OOD,GEO,PCHazard,41
4,147,0.2504626650388549,0.3711330745385196,0.2961104932410502,0.4581199731127803,3.0,RFS,OOD,GEO,PCHazard,41
5,147,0.5366143892411472,0.5250851722419037,0.44478295451241934,0.6102781459400057,3.0,RFS,OOD,GEO,PCHazard,41
1,148,0.0609960805725407,0.3445374475052768,0.27324558513150554,0.42825439384873754,5.0,RFS,OOD,GEO,PCHazard,41
2,147,0.10442030794766484,0.44553686367088574,0.3674258458225145,0.532091445127232,5.0,RFS,OOD,GEO,PCHazard,41
3,147,0.15631224792830797,0.3686429602920154,0.2933491423264376,0.45616338305024806,5.0,RFS,OOD,GEO,PCHazard,41
4,147,0.2504626650388549,0.4635319987196729,0.38215195279293723,0.5530956710762605,5.0,RFS,OOD,GEO,PCHazard,41
5,147,0.5366143892411472,0.6081895860437381,0.5246120805926303,0.692907063101428,5.0,RFS,OOD,GEO,PCHazard,41
1,148,0.16428873990033124,0.5484715461568317,0.4363996496002841,0.6679753849702159,10.0,RFS,OOD,GEO,PCHazard,41
2,147,0.3156938337955345,0.46662291613108897,0.36213024689038975,0.5846439021024749,10.0,RFS,OOD,GEO,PCHazard,41
3,147,0.4767993984579229,0.6158107788260642,0.5060568084530435,0.7267667062200613,10.0,RFS,OOD,GEO,PCHazard,41
4,147,0.6730222664520044,0.5113615873540316,0.41751617933511864,0.6128398380725423,10.0,RFS,OOD,GEO,PCHazard,41
5,147,0.9056665458830095,0.7089208945395592,0.5921133050879472,0.817041147735518,10.0,RFS,OOD,GEO,PCHazard,41
1,148,0.04099608675853626,0.2117332427607771,0.15392047620659155,0.2872796760491765,3.0,RFS,OOD,GEO,PCHazard,42
2,147,0.08450239166921499,0.257458994781276,0.1928820911335386,0.33868280374688897,3.0,RFS,OOD,GEO,PCHazard,42
3,147,0.12882191510427565,0.3329326898026802,0.26238646971953306,0.4164356115626787,3.0,RFS,OOD,GEO,PCHazard,42
4,147,0.1964724736959756,0.4022283525627941,0.3265050838025064,0.48819292331825126,3.0,RFS,OOD,GEO,PCHazard,42
5,147,0.3567212214883493,0.49973106071426276,0.4205558767555432,0.5848399979982346,3.0,RFS,OOD,GEO,PCHazard,42
1,148,0.04099608675853626,0.32924979770614915,0.2584452786071386,0.41338745438930025,5.0,RFS,OOD,GEO,PCHazard,42
2,147,0.08450239166921499,0.3145860224424014,0.24340817791484637,0.4004222751246944,5.0,RFS,OOD,GEO,PCHazard,42
3,147,0.12882191510427565,0.4712505064927974,0.39165094215759544,0.5582639011477465,5.0,RFS,OOD,GEO,PCHazard,42
4,147,0.1964724736959756,0.5390612366091136,0.4567251205720122,0.6258544780871371,5.0,RFS,OOD,GEO,PCHazard,42
5,147,0.3567212214883493,0.5701045998649599,0.48784182375271,0.6553141367468172,5.0,RFS,OOD,GEO,PCHazard,42
1,148,0.09866647825047777,0.476060772002199,0.3651012353281795,0.6013581432248384,10.0,RFS,OOD,GEO,PCHazard,42
2,147,0.21254382530848184,0.5502099863332051,0.4099972452660088,0.7017632635473101,10.0,RFS,OOD,GEO,PCHazard,42
3,147,0.3403586538470521,0.6164613922566188,0.5157505408497719,0.7181676931600774,10.0,RFS,OOD,GEO,PCHazard,42
4,147,0.5366948863276008,0.534674021988865,0.4391554024712946,0.6365087247190672,10.0,RFS,OOD,GEO,PCHazard,42
5,147,0.8546886598245408,0.7001018474363633,0.6088147580974885,0.7867497814503487,10.0,RFS,OOD,GEO,PCHazard,42
1,148,0.10094046270525134,0.23884648112829676,0.17776007889332457,0.31652520201588685,3.0,RFS,OOD,GEO,PCHazard,43
2,147,0.16165952455429805,0.29793945250936904,0.23035486119626303,0.37992143208483387,3.0,RFS,OOD,GEO,PCHazard,43
3,147,0.22488660552874715,0.2818118072590231,0.21513211169604896,0.36386705278404685,3.0,RFS,OOD,GEO,PCHazard,43
4,147,0.31008850149556894,0.4137365326396737,0.33719117350581596,0.5000866890810529,3.0,RFS,OOD,GEO,PCHazard,43
5,147,0.5136370885939825,0.47139419467383015,0.3927897700560974,0.5572138574554214,3.0,RFS,OOD,GEO,PCHazard,43
1,148,0.10094046270525134,0.35109716151782433,0.2784451993796795,0.4362298794095216,5.0,RFS,OOD,GEO,PCHazard,43
2,147,0.16165952455429805,0.38894669315811836,0.3137041000743207,0.475084208845587,5.0,RFS,OOD,GEO,PCHazard,43
3,147,0.22488660552874715,0.3898190696377327,0.3137214861620803,0.47702311558429866,5.0,RFS,OOD,GEO,PCHazard,43
4,147,0.31008850149556894,0.5182733046451955,0.4366670711812446,0.6052674724900347,5.0,RFS,OOD,GEO,PCHazard,43
5,147,0.5136370885939825,0.5865928389188897,0.500888428835048,0.6746305528165417,5.0,RFS,OOD,GEO,PCHazard,43
1,148,0.16558027066089012,0.5147165297880921,0.4042985269605962,0.6354751516503934,10.0,RFS,OOD,GEO,PCHazard,43
2,147,0.2789303494148514,0.517779016713154,0.3992940061115723,0.6478742833634116,10.0,RFS,OOD,GEO,PCHazard,43
3,147,0.411579430103302,0.5716163970854488,0.47167397777490916,0.6757847056066795,10.0,RFS,OOD,GEO,PCHazard,43
4,147,0.6262388540571239,0.5731951536909159,0.4659248246019311,0.6851898846512832,10.0,RFS,OOD,GEO,PCHazard,43
5,147,0.9096355787020203,0.6644349286361851,0.5750465244531247,0.7517393433146762,10.0,RFS,OOD,GEO,PCHazard,43
1,148,0.039310047352636185,0.24707232509686272,0.1848895927014017,0.3256078803304241,3.0,RFS,OOD,GEO,PCHazard,44
2,147,0.08452981588791827,0.2099703729861896,0.15176701961529915,0.2864257434049521,3.0,RFS,OOD,GEO,PCHazard,44
3,147,0.13915205812778603,0.3761203665342183,0.3024249781486489,0.46101368610295457,3.0,RFS,OOD,GEO,PCHazard,44
4,147,0.22091856254201356,0.38264524449259585,0.3078991035564679,0.46852064971178076,3.0,RFS,OOD,GEO,PCHazard,44
5,147,0.37788786592126705,0.4891686550059605,0.40977112487685896,0.5750455558425583,3.0,RFS,OOD,GEO,PCHazard,44
1,148,0.039310047352636185,0.36171192994661505,0.28892280762118405,0.4463149241620674,5.0,RFS,OOD,GEO,PCHazard,44
2,147,0.08452981588791827,0.3435683499120885,0.27100660916532104,0.42911064071944816,5.0,RFS,OOD,GEO,PCHazard,44
3,147,0.13915205812778603,0.48054071698027523,0.4003126773706229,0.5678250406034157,5.0,RFS,OOD,GEO,PCHazard,44
4,147,0.22091856254201356,0.4977234898523972,0.41445585915060046,0.5876804644587676,5.0,RFS,OOD,GEO,PCHazard,44
5,147,0.37788786592126705,0.5450388330781701,0.4622654645567139,0.6320221347138061,5.0,RFS,OOD,GEO,PCHazard,44
1,148,0.1144443859119673,0.4983872684656888,0.38337009423695356,0.6263793481660213,10.0,RFS,OOD,GEO,PCHazard,44
2,147,0.23337290806024252,0.4834369286955944,0.3886589663849823,0.5879796163168918,10.0,RFS,OOD,GEO,PCHazard,44
3,147,0.3701320967706693,0.6425764205633381,0.5051400228677468,0.7779071835581622,10.0,RFS,OOD,GEO,PCHazard,44
4,147,0.5452440871673376,0.6733582962917007,0.571385547118338,0.7718419912939873,10.0,RFS,OOD,GEO,PCHazard,44
5,147,0.7822056071671221,0.5694305982763999,0.4856284259859073,0.656323984799789,10.0,RFS,OOD,GEO,PCHazard,44
1,148,0.03554846185284692,0.34287955015063376,0.2713415180897224,0.4270520437261982,3.0,RFS,OOD,GEO,PMF,40
2,147,0.04553690045869269,0.33743814340829237,0.26684300133055794,0.4206868394682687,3.0,RFS,OOD,GEO,PMF,40
3,147,0.051615286846550146,0.2714579533485567,0.2053538752202898,0.35362676384393266,3.0,RFS,OOD,GEO,PMF,40
4,147,0.060151713235037665,0.325463172796127,0.2555997054251069,0.40855473245873397,3.0,RFS,OOD,GEO,PMF,40
5,147,0.08225286290759132,0.4200029414167792,0.34370199263837364,0.5056911086292548,3.0,RFS,OOD,GEO,PMF,40
1,148,0.07964782779281204,0.3686553329158556,0.29456720012925075,0.45455135570050476,5.0,RFS,OOD,GEO,PMF,40
2,147,0.10813134219370732,0.3079755738099206,0.23825538606385166,0.3922438613527499,5.0,RFS,OOD,GEO,PMF,40
3,147,0.1431943721511737,0.43990005597948045,0.3614442176811772,0.5271834449313277,5.0,RFS,OOD,GEO,PMF,40
4,147,0.22080013581684657,0.5231144278013291,0.4415970467105831,0.6097706804099295,5.0,RFS,OOD,GEO,PMF,40
5,147,0.49390560185828175,0.588347282941103,0.5034164067796973,0.6754800878894517,5.0,RFS,OOD,GEO,PMF,40
1,148,0.1975373835177035,0.3988617649121742,0.2845135363485095,0.5386708445051975,10.0,RFS,OOD,GEO,PMF,40
2,147,0.2773774578457787,0.606671939029289,0.49919414235684545,0.716083457340595,10.0,RFS,OOD,GEO,PMF,40
3,147,0.3642872746298913,0.5666723008891997,0.4601483240239518,0.6783950439675237,10.0,RFS,OOD,GEO,PMF,40
4,147,0.48719833335097956,0.661920770545551,0.5509169271407075,0.7698680242973311,10.0,RFS,OOD,GEO,PMF,40
5,147,0.6869440480154387,0.6247148375813676,0.5294200740234809,0.7203665171258362,10.0,RFS,OOD,GEO,PMF,40
1,148,0.023802706921422803,0.32351900432823777,0.25394380315398546,0.40634776906531467,3.0,RFS,OOD,GEO,PMF,41
2,147,0.03575175068005412,0.3262911771727144,0.2562440333167073,0.4095806097223639,3.0,RFS,OOD,GEO,PMF,41
3,147,0.042854859309942546,0.3666477791402015,0.29316624217536813,0.4518604102752326,3.0,RFS,OOD,GEO,PMF,41
4,147,0.05093945978450126,0.37252384960569374,0.29796903479827797,0.458791722898083,3.0,RFS,OOD,GEO,PMF,41
5,147,0.06922726404099237,0.3123252060523448,0.24342373055977884,0.39505186296462824,3.0,RFS,OOD,GEO,PMF,41
1,148,0.039389083917076524,0.3530659346891488,0.28099601419329323,0.4372677108434795,5.0,RFS,OOD,GEO,PMF,41
2,147,0.0742483139038086,0.40627108798099265,0.33062394450200183,0.4919032094946474,5.0,RFS,OOD,GEO,PMF,41
3,147,0.12346107862433608,0.44458043903895617,0.3650881683277505,0.532885551947816,5.0,RFS,OOD,GEO,PMF,41
4,147,0.20910425129390897,0.4804383406737702,0.3991658069510241,0.568964354939534,5.0,RFS,OOD,GEO,PMF,41
5,147,0.399398643143323,0.5378451985412016,0.45432670056693336,0.6260128578934832,5.0,RFS,OOD,GEO,PMF,41
1,148,0.22999015208837148,0.4167881333532495,0.3219522532672717,0.5268286444317009,10.0,RFS,OOD,GEO,PMF,41
2,147,0.35339115387728426,0.6317713115395127,0.505585729723429,0.7575578582197872,10.0,RFS,OOD,GEO,PMF,41
3,147,0.4369348798479353,0.6256496624653788,0.5132004225865594,0.7384308649658833,10.0,RFS,OOD,GEO,PMF,41
4,147,0.5314929935396934,0.6527744181211028,0.5478497759878938,0.7557722109440796,10.0,RFS,OOD,GEO,PMF,41
5,147,0.665591093147693,0.5256810023596701,0.4261013758141311,0.6328004950594839,10.0,RFS,OOD,GEO,PMF,41
1,148,0.028670686725023632,0.3363244408831614,0.2659254223492179,0.41937911048062804,3.0,RFS,OOD,GEO,PMF,42
2,147,0.043024806343779275,0.2875869907843003,0.22052429297040677,0.3696925856382347,3.0,RFS,OOD,GEO,PMF,42
3,147,0.05137327293149468,0.3524349663320058,0.279889529245566,0.43732933399340046,3.0,RFS,OOD,GEO,PMF,42
4,147,0.058222025835595166,0.34284736705776053,0.2719742860266262,0.4261036221706448,3.0,RFS,OOD,GEO,PMF,42
5,147,0.0697830943834214,0.3819428657737083,0.3065379568738885,0.46873308945166836,3.0,RFS,OOD,GEO,PMF,42
1,148,0.04028387851006276,0.3376243703780294,0.2669247052007704,0.4210051750661149,5.0,RFS,OOD,GEO,PMF,42
2,147,0.0771906777304046,0.3792517289051972,0.30421171230467836,0.4657305946833007,5.0,RFS,OOD,GEO,PMF,42
3,147,0.14758371941897333,0.4480680749156638,0.36893758449210146,0.535736999637274,5.0,RFS,OOD,GEO,PMF,42
4,147,0.2503922427592634,0.49125592174804433,0.4103497358966225,0.5787923291740634,5.0,RFS,OOD,GEO,PMF,42
5,147,0.40460942107803965,0.5725772308089051,0.4857665452965031,0.6625345012574893,5.0,RFS,OOD,GEO,PMF,42
1,148,0.14634145957392616,0.4919122442323679,0.38621396347100434,0.6090867935473632,10.0,RFS,OOD,GEO,PMF,42
2,147,0.2830569225103677,0.5479098889284308,0.43158866296842713,0.6722941840991217,10.0,RFS,OOD,GEO,PMF,42
3,147,0.39292752256198804,0.5323404130025847,0.4424436676172563,0.6279602369723757,10.0,RFS,OOD,GEO,PMF,42
4,147,0.47012717991459124,0.596991045048763,0.48226306060425805,0.7148200373650397,10.0,RFS,OOD,GEO,PMF,42
5,147,0.589691754101085,0.6953752698496278,0.5854489648200021,0.799030565815962,10.0,RFS,OOD,GEO,PMF,42
1,148,0.03284549149307045,0.3028951959052233,0.23430669019918515,0.38593468314148105,3.0,RFS,OOD,GEO,PMF,43
2,147,0.043672546237504405,0.35614745450428176,0.283760119283901,0.44057466608545537,3.0,RFS,OOD,GEO,PMF,43
3,147,0.050562777081314396,0.3532289793860066,0.2812697580635748,0.4372688543650809,3.0,RFS,OOD,GEO,PMF,43
4,147,0.05838911590122041,0.33129740584455736,0.261035238911298,0.414521060741611,3.0,RFS,OOD,GEO,PMF,43
5,147,0.073011424671225,0.3538051524431477,0.2809998786243345,0.43896081982486834,3.0,RFS,OOD,GEO,PMF,43
1,148,0.04773035242750838,0.3671133345406943,0.2934795264695945,0.45250016321749176,5.0,RFS,OOD,GEO,PMF,43
2,147,0.08560412432871708,0.38109377575960945,0.3063683844971079,0.4670389989948509,5.0,RFS,OOD,GEO,PMF,43
3,147,0.1292607070637398,0.41541862121073614,0.33712901556494745,0.5038920669727576,5.0,RFS,OOD,GEO,PMF,43
4,147,0.21932979749173534,0.491022901949408,0.4093689485992048,0.5794463494497416,5.0,RFS,OOD,GEO,PMF,43
5,147,0.42866529007347265,0.5706346189148718,0.4876973961259021,0.6565409479853312,5.0,RFS,OOD,GEO,PMF,43
1,148,0.15435392308879542,0.47093897807400253,0.36186500529039867,0.5943707652743238,10.0,RFS,OOD,GEO,PMF,43
2,147,0.2592742641766866,0.5666975675052425,0.44089930796126076,0.6996950650303264,10.0,RFS,OOD,GEO,PMF,43
3,147,0.3507910468140427,0.5937525690455139,0.4971334612534718,0.6928373838291235,10.0,RFS,OOD,GEO,PMF,43
4,147,0.47195116273399923,0.5893800331302446,0.48003358847510846,0.7022246199941979,10.0,RFS,OOD,GEO,PMF,43
5,147,0.6693087208027743,0.6303377531603803,0.5456956829632476,0.7149871951090471,10.0,RFS,OOD,GEO,PMF,43
1,148,0.034142321831471215,0.3320553709628624,0.26166008285763853,0.41541056577385815,3.0,RFS,OOD,GEO,PMF,44
2,147,0.05119185058438048,0.36327380066609494,0.2903678720022994,0.44793211388612364,3.0,RFS,OOD,GEO,PMF,44
3,147,0.06219924347741263,0.3397977781392091,0.26796985850818045,0.42459275106226824,3.0,RFS,OOD,GEO,PMF,44
4,147,0.07525564415925214,0.33066206893916383,0.2597921792181429,0.4147863502099074,3.0,RFS,OOD,GEO,PMF,44
5,147,0.10701299646273763,0.3330690378737028,0.2624995315916123,0.4165946689884108,3.0,RFS,OOD,GEO,PMF,44
1,148,0.04687732780301893,0.39245574821033913,0.3173657579477862,0.47818060628424275,5.0,RFS,OOD,GEO,PMF,44
2,147,0.08630900480309311,0.4278405253146168,0.3503406457981191,0.5145997432509533,5.0,RFS,OOD,GEO,PMF,44
3,147,0.13095400000916047,0.4444219551235461,0.3656616411864324,0.5318342408220944,5.0,RFS,OOD,GEO,PMF,44
4,147,0.20711381621912223,0.4237976916197237,0.3455887944233924,0.5116769216198956,5.0,RFS,OOD,GEO,PMF,44
5,147,0.37304650155865415,0.5337387588368623,0.44994829666508707,0.6224184885818881,5.0,RFS,OOD,GEO,PMF,44
1,148,0.1677043317137538,0.4447506522464285,0.3351007157990119,0.5717882320295755,10.0,RFS,OOD,GEO,PMF,44
2,147,0.2864925869468118,0.5703167225064201,0.4749723161458105,0.6695970139554979,10.0,RFS,OOD,GEO,PMF,44
3,147,0.3896119699997156,0.5823995525631941,0.4765799421341711,0.6920718109927486,10.0,RFS,OOD,GEO,PMF,44
4,147,0.5023032487655172,0.6582390028236493,0.5262340105703777,0.7862682819134963,10.0,RFS,OOD,GEO,PMF,44
5,147,0.6532506403468904,0.6199443717843215,0.4831675391795818,0.7578034727458005,10.0,RFS,OOD,GEO,PMF,44
1,148,0.10341305426649146,0.21531478813609273,0.15659653895172632,0.29192971288613156,3.0,RFS,OOD,GEO,RSF,40
2,147,0.11926571609211617,0.25116886263326244,0.1880420307103896,0.3307671290452575,3.0,RFS,OOD,GEO,RSF,40
3,147,0.13114134592263876,0.29669778642921296,0.2285738417993265,0.3795811714995986,3.0,RFS,OOD,GEO,RSF,40
4,147,0.14264785837964947,0.4851114411595904,0.40634317230754224,0.5704494728757319,3.0,RFS,OOD,GEO,RSF,40
5,147,0.16302595170987708,0.45243811970937364,0.37501681775661344,0.5377914711990699,3.0,RFS,OOD,GEO,RSF,40
1,148,0.1868302093164341,0.3015583812615821,0.23318657571287238,0.38439242424767806,5.0,RFS,OOD,GEO,RSF,40
2,147,0.21629345092643687,0.36835323554008115,0.293529752808962,0.4552588315858359,5.0,RFS,OOD,GEO,RSF,40
3,147,0.2390950683022843,0.4570026672607961,0.3761902986411366,0.5462375659280216,5.0,RFS,OOD,GEO,RSF,40
4,147,0.2597690253030686,0.5943553910678813,0.511249746262332,0.6792751312279715,5.0,RFS,OOD,GEO,RSF,40
5,147,0.2926519683429173,0.509483056394161,0.42878965627733,0.5958673966863295,5.0,RFS,OOD,GEO,RSF,40
1,148,0.3430422387413076,0.36472950695913586,0.27992794342995286,0.46570777635755367,10.0,RFS,OOD,GEO,RSF,40
2,147,0.3853587179767842,0.5518008623083059,0.43662078051753206,0.6745016879291557,10.0,RFS,OOD,GEO,RSF,40
3,147,0.41403805033690266,0.6509885051879178,0.5319800368565428,0.7676340549103864,10.0,RFS,OOD,GEO,RSF,40
4,147,0.4414877911814216,0.6909015288643159,0.5883440655991159,0.7884135150369224,10.0,RFS,OOD,GEO,RSF,40
5,147,0.4831032264394825,0.5751036493997486,0.4877650179479468,0.6654893123229816,10.0,RFS,OOD,GEO,RSF,40
1,148,0.0734982482484869,0.21194844932796264,0.15409096786358267,0.28754262683935816,3.0,RFS,OOD,GEO,RSF,41
2,147,0.09594360703513735,0.31686475263209213,0.24710442587509696,0.40046821388817444,3.0,RFS,OOD,GEO,RSF,41
3,147,0.11296784350661193,0.33194689350476614,0.26160876716681436,0.41522986938109663,3.0,RFS,OOD,GEO,RSF,41
4,147,0.12949764485261878,0.39763964127929396,0.32201221489450693,0.4837519052869914,3.0,RFS,OOD,GEO,RSF,41
5,147,0.15879176546927212,0.445599669109805,0.3676714098442426,0.531926791471464,3.0,RFS,OOD,GEO,RSF,41
1,148,0.1725092332910847,0.30190041902072084,0.23336386300699186,0.38494737946130897,5.0,RFS,OOD,GEO,RSF,41
2,147,0.21247354535018506,0.432338459615602,0.35485243616389783,0.5188322962489025,5.0,RFS,OOD,GEO,RSF,41
3,147,0.2411637131859656,0.48904314336040267,0.4085612678887226,0.5761949064266558,5.0,RFS,OOD,GEO,RSF,41
4,147,0.26741445388923696,0.4835966502598633,0.40224164911277127,0.5720547749182694,5.0,RFS,OOD,GEO,RSF,41
5,147,0.31261353062934616,0.5194171811200665,0.4363231012654972,0.6080434335820641,5.0,RFS,OOD,GEO,RSF,41
1,148,0.3595295931036408,0.4734511540178462,0.3667178581349476,0.5936554266138407,10.0,RFS,OOD,GEO,RSF,41
2,147,0.4169837905436146,0.6016953812034199,0.49144581456179404,0.7144094505991516,10.0,RFS,OOD,GEO,RSF,41
3,147,0.45311696188790457,0.48962740767179647,0.40778995432297827,0.5783385643642243,10.0,RFS,OOD,GEO,RSF,41
4,147,0.48779392952010747,0.5804928755157164,0.47398084173240296,0.6910632825373668,10.0,RFS,OOD,GEO,RSF,41
5,147,0.5413110874542574,0.6834359899749032,0.575549319651467,0.7864456094613639,10.0,RFS,OOD,GEO,RSF,41
1,148,0.07724700787582912,0.19249633484029505,0.1371355864190269,0.26650051043279177,3.0,RFS,OOD,GEO,RSF,42
2,147,0.0990943864089291,0.3256251985399753,0.25497199872930776,0.40982313619421484,3.0,RFS,OOD,GEO,RSF,42
3,147,0.11571561965812631,0.30702448524465564,0.23839084121976895,0.38978872676420184,3.0,RFS,OOD,GEO,RSF,42
4,147,0.1363917045852765,0.3702372127513208,0.29680898111089704,0.45514662505351644,3.0,RFS,OOD,GEO,RSF,42
5,147,0.1608634858715291,0.509371557238368,0.42964187931370534,0.5946589497175198,3.0,RFS,OOD,GEO,RSF,42
1,148,0.15501283270281715,0.3043874767261542,0.2362609580383236,0.3866287721048127,5.0,RFS,OOD,GEO,RSF,42
2,147,0.1946237006155001,0.4255985423088441,0.34777886727253726,0.5128847750871741,5.0,RFS,OOD,GEO,RSF,42
3,147,0.224075537149598,0.43870884274150346,0.3591941122617526,0.5273708236599433,5.0,RFS,OOD,GEO,RSF,42
4,147,0.25361050229494264,0.4904718046275942,0.40908516560887154,0.5786105891446545,5.0,RFS,OOD,GEO,RSF,42
5,147,0.29520501449805536,0.572474028073944,0.4883943845108055,0.6595120789746058,5.0,RFS,OOD,GEO,RSF,42
1,148,0.33123951103236227,0.4922710242474594,0.3706550227260892,0.6292072591053703,10.0,RFS,OOD,GEO,RSF,42
2,147,0.39333095274814944,0.5435294396932128,0.4469384540034491,0.6459725249677997,10.0,RFS,OOD,GEO,RSF,42
3,147,0.432811912630691,0.6035055238457718,0.4798700107846614,0.7299656838157271,10.0,RFS,OOD,GEO,RSF,42
4,147,0.4638054212745355,0.6070281445872202,0.4880308805131849,0.7283014417497196,10.0,RFS,OOD,GEO,RSF,42
5,147,0.5095349613095628,0.6147280797375176,0.5257823469738504,0.7045787559269439,10.0,RFS,OOD,GEO,RSF,42
1,148,0.07058359924200419,0.22059544495533223,0.1614180080609967,0.29730295339010304,3.0,RFS,OOD,GEO,RSF,43
2,147,0.09456003523197304,0.23677469028951237,0.1753703595378675,0.31520580462866643,3.0,RFS,OOD,GEO,RSF,43
3,147,0.11531504887301906,0.314188701304287,0.24488108089115557,0.39735281287618285,3.0,RFS,OOD,GEO,RSF,43
4,147,0.142703149999891,0.4781075784887655,0.3994871769911358,0.5636135774966984,3.0,RFS,OOD,GEO,RSF,43
5,147,0.17586614728784886,0.45533807490896305,0.3768082771971778,0.5418873879847188,3.0,RFS,OOD,GEO,RSF,43
1,148,0.1602097693327311,0.30638940145705273,0.2378457979773958,0.3890744777148897,5.0,RFS,OOD,GEO,RSF,43
2,147,0.20607090199074776,0.36500114044505305,0.2908148888123653,0.4512725596013726,5.0,RFS,OOD,GEO,RSF,43
3,147,0.24109083819551533,0.4514590519674615,0.37149744131730633,0.5399608767573425,5.0,RFS,OOD,GEO,RSF,43
4,147,0.28008964069846537,0.5761476924655438,0.49386692654231,0.6610856794651321,5.0,RFS,OOD,GEO,RSF,43
5,147,0.330242154955053,0.5264376733123193,0.4438263812580657,0.6141629977314029,5.0,RFS,OOD,GEO,RSF,43
1,148,0.31810864524261373,0.3986810358370153,0.30166252170460095,0.5135001286326066,10.0,RFS,OOD,GEO,RSF,43
2,147,0.381135656720116,0.6548260748481025,0.5284732433352913,0.7779957699593988,10.0,RFS,OOD,GEO,RSF,43
3,147,0.4228236727974042,0.5119429571117409,0.4234312253746335,0.6071891835595535,10.0,RFS,OOD,GEO,RSF,43
4,147,0.4644510097244159,0.6499301416997674,0.5377842523447618,0.7601144961449086,10.0,RFS,OOD,GEO,RSF,43
5,147,0.520766920378419,0.6387850336841372,0.5380528854213349,0.7388348434802787,10.0,RFS,OOD,GEO,RSF,43
1,148,0.08025829091265395,0.21483118664433853,0.15625115409526202,0.29127485217494353,3.0,RFS,OOD,GEO,RSF,44
2,147,0.09974132062626534,0.24899877716017793,0.18637221777932167,0.32803428667974144,3.0,RFS,OOD,GEO,RSF,44
3,147,0.11613292191304317,0.3884970995746576,0.3135862807121713,0.4742278098575401,3.0,RFS,OOD,GEO,RSF,44
4,147,0.1319604499810407,0.3497290953969743,0.2775727821558124,0.43427639294308085,3.0,RFS,OOD,GEO,RSF,44
5,147,0.15954034344679643,0.5025498905452338,0.4229562185347633,0.5880066654145211,3.0,RFS,OOD,GEO,RSF,44
1,148,0.16201820405753883,0.2857173952042501,0.21901012553499954,0.36745779126359857,5.0,RFS,OOD,GEO,RSF,44
2,147,0.19670930525072577,0.44263724945698113,0.36360269908051024,0.5304852107768641,5.0,RFS,OOD,GEO,RSF,44
3,147,0.2222450748592818,0.475787951758454,0.3964149366265297,0.5623006876320927,5.0,RFS,OOD,GEO,RSF,44
4,147,0.24627489703042166,0.4794087045600375,0.3964571071435272,0.5699847497152384,5.0,RFS,OOD,GEO,RSF,44
5,147,0.28756557313763365,0.544125832407109,0.46241177462198624,0.6299854963632199,5.0,RFS,OOD,GEO,RSF,44
1,148,0.33392198746268814,0.4590755358921075,0.35627367528322007,0.5756508942806516,10.0,RFS,OOD,GEO,RSF,44
2,147,0.3868926998709335,0.6828412344328809,0.5536185626492929,0.8050363802699086,10.0,RFS,OOD,GEO,RSF,44
3,147,0.4202341802266179,0.5996973058176065,0.48459464938108476,0.71765806048839,10.0,RFS,OOD,GEO,RSF,44
4,147,0.45099214469494464,0.46687697707079023,0.38599189157938874,0.5556612109413108,10.0,RFS,OOD,GEO,RSF,44
5,147,0.5033030489675042,0.6461538130541236,0.5526952712477342,0.738560274580478,10.0,RFS,OOD,GEO,RSF,44
1,81,0.08550468565505227,0.07499999999999984,0.03441192499036061,0.15934013145312043,3.0,RFS,OOD,GSE6532,TabSurv_M,40
2,80,0.1129352368414402,0.10452839564397354,0.05367558512451487,0.19823505812615627,3.0,RFS,OOD,GSE6532,TabSurv_M,40
3,80,0.13611751422286034,0.14331383892680905,0.08199855958382019,0.24396230896344484,3.0,RFS,OOD,GSE6532,TabSurv_M,40
4,80,0.16704427376389502,0.17983752125448682,0.11066377722035758,0.2847558852378478,3.0,RFS,OOD,GSE6532,TabSurv_M,40
5,80,0.23383959680795668,0.2905300883632722,0.20163914465136779,0.4073524631404116,3.0,RFS,OOD,GSE6532,TabSurv_M,40
1,81,0.17139967061855174,0.1258685725630333,0.06977754011979331,0.2213496461827289,5.0,RFS,OOD,GSE6532,TabSurv_M,40
2,80,0.21362220644950866,0.19218193800900885,0.11834876731109567,0.303443178733389,5.0,RFS,OOD,GSE6532,TabSurv_M,40
3,80,0.24527152106165886,0.21627663983943302,0.13828587289583028,0.329033823889339,5.0,RFS,OOD,GSE6532,TabSurv_M,40
4,80,0.2851530835032463,0.2445918012457151,0.16345571214031296,0.3565018075276134,5.0,RFS,OOD,GSE6532,TabSurv_M,40
5,80,0.3600512266159058,0.45746079799473127,0.34927354700594104,0.5811622293687102,5.0,RFS,OOD,GSE6532,TabSurv_M,40
1,81,0.3692387886989264,0.2721193187633155,0.18058739545664004,0.39740787088331697,10.0,RFS,OOD,GSE6532,TabSurv_M,40
2,80,0.4236606314778328,0.29010027939114535,0.19220837502216737,0.42304547351945554,10.0,RFS,OOD,GSE6532,TabSurv_M,40
3,80,0.4580213375389576,0.3365159072823687,0.23270253998160162,0.47027679356094265,10.0,RFS,OOD,GSE6532,TabSurv_M,40
4,80,0.4977905165404081,0.390312225555114,0.28516846649016314,0.517758050540168,10.0,RFS,OOD,GSE6532,TabSurv_M,40
5,80,0.5650499723851681,0.5340958468696728,0.4150257770780942,0.6630983262993383,10.0,RFS,OOD,GSE6532,TabSurv_M,40
1,81,0.07858018595495342,0.0626824915077191,0.02657513464394945,0.144078096005255,3.0,RFS,OOD,GSE6532,TabSurv_M,41
2,80,0.10986771583557128,0.09035161744022491,0.04410862919718839,0.18027677832135902,3.0,RFS,OOD,GSE6532,TabSurv_M,41
3,80,0.13232189565896987,0.11528326745718043,0.06170828383000959,0.20986434628209272,3.0,RFS,OOD,GSE6532,TabSurv_M,41
4,80,0.16086772233247756,0.18535912975912927,0.11412525081362557,0.29307151345291715,3.0,RFS,OOD,GSE6532,TabSurv_M,41
5,80,0.22528265938162803,0.341524922177605,0.24670219848150865,0.46003528409912353,3.0,RFS,OOD,GSE6532,TabSurv_M,41
1,81,0.16447843077742022,0.10157456204075199,0.05211249092651715,0.19294911908102064,5.0,RFS,OOD,GSE6532,TabSurv_M,41
2,80,0.2102995418012142,0.16020251576628852,0.09417122716457071,0.26523704254457414,5.0,RFS,OOD,GSE6532,TabSurv_M,41
3,80,0.24183089509606362,0.23942894706278262,0.157837768869736,0.3534073720625558,5.0,RFS,OOD,GSE6532,TabSurv_M,41
4,80,0.2770319007337093,0.23197196190745906,0.15065129565109625,0.34727925962515027,5.0,RFS,OOD,GSE6532,TabSurv_M,41
5,80,0.3525541204959154,0.5020370863852226,0.39314285138944727,0.6221681406088936,5.0,RFS,OOD,GSE6532,TabSurv_M,41
1,81,0.3666592902607388,0.19628730081173995,0.12051177196785234,0.31052600760964644,10.0,RFS,OOD,GSE6532,TabSurv_M,41
2,80,0.422693545371294,0.33923006623004837,0.23543320585091143,0.4724721832142226,10.0,RFS,OOD,GSE6532,TabSurv_M,41
3,80,0.45951133593916893,0.2818217616776917,0.18950301340040998,0.4064120464202666,10.0,RFS,OOD,GSE6532,TabSurv_M,41
4,80,0.4964775837957859,0.41579761822693895,0.294639952647742,0.5629573241533545,10.0,RFS,OOD,GSE6532,TabSurv_M,41
5,80,0.568489633128047,0.6164440466089476,0.49854428699841213,0.7356230200646652,10.0,RFS,OOD,GSE6532,TabSurv_M,41
1,81,0.08403909059218419,0.03766233766233762,0.01230334734145988,0.11223551893052053,3.0,RFS,OOD,GSE6532,TabSurv_M,42
2,80,0.11095555275678634,0.09056304074419996,0.04420628914116553,0.18070758734154824,3.0,RFS,OOD,GSE6532,TabSurv_M,42
3,80,0.13093298226594924,0.1191966452001636,0.06383099443683837,0.21668876571964735,3.0,RFS,OOD,GSE6532,TabSurv_M,42
4,80,0.1602515123784542,0.19492500742500718,0.12237060775984054,0.30242912008996947,3.0,RFS,OOD,GSE6532,TabSurv_M,42
5,80,0.22016318440437316,0.34918911762443716,0.25428961828311436,0.4667688951368024,3.0,RFS,OOD,GSE6532,TabSurv_M,42
1,81,0.14830919916247143,0.06386683738796417,0.02707402141711901,0.1467412800320992,5.0,RFS,OOD,GSE6532,TabSurv_M,42
2,80,0.18763041347265244,0.1593262346939872,0.09369607502061794,0.26373092851071056,5.0,RFS,OOD,GSE6532,TabSurv_M,42
3,80,0.2152082145214081,0.22279087455760627,0.14244257101205127,0.3386070811137635,5.0,RFS,OOD,GSE6532,TabSurv_M,42
4,80,0.253129518777132,0.28196245116676855,0.19334554476232813,0.39988728189696787,5.0,RFS,OOD,GSE6532,TabSurv_M,42
5,80,0.32413571439683436,0.5100125141968652,0.40115729675941525,0.6293466510246097,5.0,RFS,OOD,GSE6532,TabSurv_M,42
1,81,0.3231051608368202,0.16553245078103795,0.09385242423627627,0.2827121838033557,10.0,RFS,OOD,GSE6532,TabSurv_M,42
2,80,0.37672465592622756,0.27942121928978136,0.1863030164533126,0.4060002241302799,10.0,RFS,OOD,GSE6532,TabSurv_M,42
3,80,0.4108188770711422,0.3397893107264376,0.23676704528293768,0.47166260907549185,10.0,RFS,OOD,GSE6532,TabSurv_M,42
4,80,0.453688371181488,0.47457966702632925,0.3567755571549488,0.6088223577234418,10.0,RFS,OOD,GSE6532,TabSurv_M,42
5,80,0.524982326105237,0.5715512966322527,0.4531236680288089,0.6958771646677915,10.0,RFS,OOD,GSE6532,TabSurv_M,42
1,81,0.06699673113999544,0.025316455696202445,0.006392349662224683,0.09745214583963291,3.0,RFS,OOD,GSE6532,TabSurv_M,43
2,80,0.0900480717420578,0.08783783783783772,0.04286753975789925,0.17545216801044883,3.0,RFS,OOD,GSE6532,TabSurv_M,43
3,80,0.11305815875530242,0.11856038857195672,0.0634715349698608,0.21562467430646637,3.0,RFS,OOD,GSE6532,TabSurv_M,43
4,80,0.1426256611943245,0.2401682397214785,0.15858463952403257,0.3539553233309216,3.0,RFS,OOD,GSE6532,TabSurv_M,43
5,80,0.20464947670698166,0.3240975796355543,0.23189845853258018,0.44097251656090053,3.0,RFS,OOD,GSE6532,TabSurv_M,43
1,81,0.1323329394246325,0.05166725166725161,0.019701234168443604,0.13188958301174947,5.0,RFS,OOD,GSE6532,TabSurv_M,43
2,80,0.1703104168176651,0.17178720623540766,0.10343619741335464,0.2777456567592148,5.0,RFS,OOD,GSE6532,TabSurv_M,43
3,80,0.2051711454987526,0.23154934389224113,0.15046849661581474,0.3464851490097334,5.0,RFS,OOD,GSE6532,TabSurv_M,43
4,80,0.2455595090985298,0.2843494656979543,0.19530313724321047,0.4025776172366462,5.0,RFS,OOD,GSE6532,TabSurv_M,43
5,80,0.31872177347540853,0.4978028836271037,0.38944711855083436,0.6176802817504887,5.0,RFS,OOD,GSE6532,TabSurv_M,43
1,81,0.3071824856746344,0.15144561199539264,0.08330846638890577,0.26658214511057854,10.0,RFS,OOD,GSE6532,TabSurv_M,43
2,80,0.3639716401696205,0.26939276416790725,0.17974033716240412,0.39179262771976076,10.0,RFS,OOD,GSE6532,TabSurv_M,43
3,80,0.4073462262749672,0.4105763666980563,0.28856737696796664,0.5598780611495032,10.0,RFS,OOD,GSE6532,TabSurv_M,43
4,80,0.4532555788755417,0.4128411149739226,0.30488467636102523,0.5413985762316048,10.0,RFS,OOD,GSE6532,TabSurv_M,43
5,80,0.5204942744225264,0.60611990872714,0.4848071830920161,0.7298831145113657,10.0,RFS,OOD,GSE6532,TabSurv_M,43
1,81,0.08343264203012725,0.05049350649350648,0.019252460318964992,0.12898329099648254,3.0,RFS,OOD,GSE6532,TabSurv_M,44
2,80,0.11442607566714287,0.07905274249902938,0.03629366266699352,0.16760730178905714,3.0,RFS,OOD,GSE6532,TabSurv_M,44
3,80,0.1419693760573864,0.18264876991016266,0.11241610380050437,0.2890149219464365,3.0,RFS,OOD,GSE6532,TabSurv_M,44
4,80,0.17713917717337607,0.15523126050420166,0.09122952280487895,0.2573076774298899,3.0,RFS,OOD,GSE6532,TabSurv_M,44
5,80,0.24880132526159288,0.3235874646013168,0.2315422047218716,0.44029118698381076,3.0,RFS,OOD,GSE6532,TabSurv_M,44
1,81,0.16102903639828717,0.10359426216834666,0.05316845813555027,0.19660787173752048,5.0,RFS,OOD,GSE6532,TabSurv_M,44
2,80,0.2067894347012043,0.14880035487425092,0.08517861111815317,0.2528979962275206,5.0,RFS,OOD,GSE6532,TabSurv_M,44
3,80,0.24429772794246674,0.22794541882485642,0.14809966796596452,0.34133484625602295,5.0,RFS,OOD,GSE6532,TabSurv_M,44
4,80,0.28955733478069307,0.3229136066310192,0.22880900876855914,0.44304797117778094,5.0,RFS,OOD,GSE6532,TabSurv_M,44
5,80,0.3719012260437012,0.42392774738757055,0.32093866401724447,0.544289424027228,5.0,RFS,OOD,GSE6532,TabSurv_M,44
1,81,0.359126693672604,0.20992749827742274,0.1282431678774406,0.33272004679425005,10.0,RFS,OOD,GSE6532,TabSurv_M,44
2,80,0.41803647577762604,0.25452670858064375,0.16784202366375545,0.3747470456761577,10.0,RFS,OOD,GSE6532,TabSurv_M,44
3,80,0.459747152775526,0.35348025291357166,0.2447397282183148,0.492221174214319,10.0,RFS,OOD,GSE6532,TabSurv_M,44
4,80,0.5064489763230086,0.5218620935439604,0.4028112296061064,0.652182813065717,10.0,RFS,OOD,GSE6532,TabSurv_M,44
5,80,0.5790074203163386,0.4710005747103678,0.3636363959270187,0.5922473226633116,10.0,RFS,OOD,GSE6532,TabSurv_M,44
1,81,0.046236370080783046,0.1666751581858663,0.1003339602127774,0.2697926979330807,3.0,RFS,OOD,GSE6532,DeepHS,40
2,80,0.06287951618432999,0.1520036384410165,0.08928314883364541,0.252242896805008,3.0,RFS,OOD,GSE6532,DeepHS,40
3,80,0.07007470279932022,0.1279225759538013,0.0709304325754121,0.22481549355287367,3.0,RFS,OOD,GSE6532,DeepHS,40
4,80,0.07815115377306939,0.12336174663403565,0.06609865972978823,0.22391021439210357,3.0,RFS,OOD,GSE6532,DeepHS,40
5,80,0.09061245247721672,0.2175527426160333,0.14128042253460982,0.3264200038809223,3.0,RFS,OOD,GSE6532,DeepHS,40
1,81,0.12126078796975406,0.07722724532851122,0.0354305809658817,0.1639532248945783,5.0,RFS,OOD,GSE6532,DeepHS,40
2,80,0.14362368285655974,0.1513240141242781,0.0866300787789368,0.2570304165580384,5.0,RFS,OOD,GSE6532,DeepHS,40
3,80,0.15691241398453712,0.23724785891251654,0.15619120156046595,0.35070787872082476,5.0,RFS,OOD,GSE6532,DeepHS,40
4,80,0.17112148702144622,0.2712520097229454,0.18381761738241376,0.3891766663146331,5.0,RFS,OOD,GSE6532,DeepHS,40
5,80,0.20102136433124543,0.4890615739907682,0.3828551918263553,0.6071222901078503,5.0,RFS,OOD,GSE6532,DeepHS,40
1,81,0.2846669716599547,0.1327278848450376,0.07346270251655418,0.2333841612572659,10.0,RFS,OOD,GSE6532,DeepHS,40
2,80,0.3199276551604271,0.3936540197722347,0.2789514523549893,0.5348258027523136,10.0,RFS,OOD,GSE6532,DeepHS,40
3,80,0.3386649817228317,0.42715592946762215,0.3139011694232371,0.5613014284466324,10.0,RFS,OOD,GSE6532,DeepHS,40
4,80,0.3553421080112457,0.4035379869913601,0.29313033118684695,0.5368534855370932,10.0,RFS,OOD,GSE6532,DeepHS,40
5,80,0.3903739184141159,0.4930366166751887,0.37479237594186776,0.62564089059805,10.0,RFS,OOD,GSE6532,DeepHS,40
1,81,0.03798286046510861,0.026531339031338974,0.006694905632732118,0.10204790748652348,3.0,RFS,OOD,GSE6532,DeepHS,41
2,80,0.05310824513435364,0.16604616530156346,0.09996023254327768,0.2687936890656827,3.0,RFS,OOD,GSE6532,DeepHS,41
3,80,0.06297730132937432,0.10355587435813474,0.05315475510970369,0.1965167237480706,3.0,RFS,OOD,GSE6532,DeepHS,41
4,80,0.07314740791916848,0.20981925581010064,0.13409257105537375,0.31967209860915946,3.0,RFS,OOD,GSE6532,DeepHS,41
5,80,0.09074869006872177,0.27932363013698613,0.1936074475999161,0.3926417541818339,3.0,RFS,OOD,GSE6532,DeepHS,41
1,81,0.08653034619343133,0.05138612592902314,0.019582612068163363,0.1312640148569143,5.0,RFS,OOD,GSE6532,DeepHS,41
2,80,0.11067143976688384,0.1914722171415827,0.11784216608120701,0.3025184438855826,5.0,RFS,OOD,GSE6532,DeepHS,41
3,80,0.13174764513969422,0.24137097976752664,0.15924382416358818,0.3559275045982272,5.0,RFS,OOD,GSE6532,DeepHS,41
4,80,0.16099968180060387,0.35625294027797916,0.25922068892622774,0.4761443105763338,5.0,RFS,OOD,GSE6532,DeepHS,41
5,80,0.21590481624007224,0.38556675542554963,0.28545087616249176,0.5062875689119428,5.0,RFS,OOD,GSE6532,DeepHS,41
1,81,0.28151950276928184,0.1888901373547458,0.11326377374091823,0.30552809245036383,10.0,RFS,OOD,GSE6532,DeepHS,41
2,80,0.34236656948924066,0.3236509649434284,0.22378635439616468,0.4531789175405774,10.0,RFS,OOD,GSE6532,DeepHS,41
3,80,0.37111383602023124,0.41154371806099654,0.29393417117171516,0.5541822237769063,10.0,RFS,OOD,GSE6532,DeepHS,41
4,80,0.40038301795721054,0.40158382417292304,0.290382563926908,0.5363354588111577,10.0,RFS,OOD,GSE6532,DeepHS,41
5,80,0.4379291579127312,0.4903082068101191,0.3805208625642036,0.6126729392350577,10.0,RFS,OOD,GSE6532,DeepHS,41
1,81,0.039141285566636076,0.05135905135905139,0.019577443852789922,0.131164327554267,3.0,RFS,OOD,GSE6532,DeepHS,42
2,80,0.05384033769369125,0.1403908074113127,0.08028761485866509,0.239237413059875,3.0,RFS,OOD,GSE6532,DeepHS,42
3,80,0.06312995478510856,0.11772812155165069,0.06303677215491421,0.2141222889726716,3.0,RFS,OOD,GSE6532,DeepHS,42
4,80,0.07411762401461601,0.25998539191942505,0.1761841538267631,0.3735852875328014,3.0,RFS,OOD,GSE6532,DeepHS,42
5,80,0.09674552083015442,0.22075400798167732,0.1433672233670511,0.33104824525258403,3.0,RFS,OOD,GSE6532,DeepHS,42
1,81,0.10298841161492431,0.14512105013709942,0.08295674868517433,0.2471482950040762,5.0,RFS,OOD,GSE6532,DeepHS,42
2,80,0.13311713114380835,0.11883166377946797,0.06360401934967241,0.21614282515564753,5.0,RFS,OOD,GSE6532,DeepHS,42
3,80,0.15257610604166985,0.16056092854630633,0.09441361717372398,0.26573148587178685,5.0,RFS,OOD,GSE6532,DeepHS,42
4,80,0.17340147271752357,0.3648815042246749,0.265430638868408,0.4872775235892267,5.0,RFS,OOD,GSE6532,DeepHS,42
5,80,0.2137976609170437,0.4425772150754824,0.3377349813763748,0.5634485133715776,5.0,RFS,OOD,GSE6532,DeepHS,42
1,81,0.29698384176065895,0.25557824046909505,0.16459214272605838,0.38393286095481993,10.0,RFS,OOD,GSE6532,DeepHS,42
2,80,0.33084126487374305,0.253362923994808,0.16397433966213737,0.37914281245875525,10.0,RFS,OOD,GSE6532,DeepHS,42
3,80,0.3472777597606182,0.4388592063059773,0.3181880602744096,0.5817288000865224,10.0,RFS,OOD,GSE6532,DeepHS,42
4,80,0.3627663753926754,0.39290796258789085,0.2883612953198603,0.5191391888099582,10.0,RFS,OOD,GSE6532,DeepHS,42
5,80,0.38969901278615,0.4914274178603605,0.3779273755100706,0.6182867428749119,10.0,RFS,OOD,GSE6532,DeepHS,42
1,81,0.03448792740150734,0.18673067166217838,0.11703062533852038,0.2905360108068158,3.0,RFS,OOD,GSE6532,DeepHS,43
2,80,0.05286846160888672,0.1581974536519991,0.09308494306097559,0.2617874578321089,3.0,RFS,OOD,GSE6532,DeepHS,43
3,80,0.06189870610833168,0.13952928094885064,0.07978891814856359,0.23782852951926592,3.0,RFS,OOD,GSE6532,DeepHS,43
4,80,0.07059738561511039,0.09165011591596939,0.044735064986027084,0.18282104668722265,3.0,RFS,OOD,GSE6532,DeepHS,43
5,80,0.0875894546508789,0.2120524578672195,0.13557154108940028,0.3228519864213172,3.0,RFS,OOD,GSE6532,DeepHS,43
1,81,0.09955222812699682,0.16915620758188232,0.10188428474507072,0.2735471417652424,5.0,RFS,OOD,GSE6532,DeepHS,43
2,80,0.1365884579718113,0.1570787653282355,0.09229036381044087,0.2603388409153614,5.0,RFS,OOD,GSE6532,DeepHS,43
3,80,0.16122150048613548,0.17465399057426478,0.10522886410796684,0.2820711913924876,5.0,RFS,OOD,GSE6532,DeepHS,43
4,80,0.1934453897178173,0.3122600101369102,0.2191175935609544,0.43253972892628334,5.0,RFS,OOD,GSE6532,DeepHS,43
5,80,0.2723780877888203,0.41933245925338936,0.31508223264940405,0.5419327534917888,5.0,RFS,OOD,GSE6532,DeepHS,43
1,81,0.3289399743080139,0.2474986728257793,0.1620551297955073,0.3670251864663151,10.0,RFS,OOD,GSE6532,DeepHS,43
2,80,0.3615058735013008,0.27468041949716315,0.17579170616521078,0.413421676974724,10.0,RFS,OOD,GSE6532,DeepHS,43
3,80,0.3847263477742672,0.4813218118369256,0.3601594742874924,0.6190573123473578,10.0,RFS,OOD,GSE6532,DeepHS,43
4,80,0.4106562450528145,0.3645011289539123,0.2609076320155016,0.49327515159848734,10.0,RFS,OOD,GSE6532,DeepHS,43
5,80,0.4582350060343742,0.4609382510190375,0.35162297341266824,0.5857361229192471,10.0,RFS,OOD,GSE6532,DeepHS,43
1,81,0.05446407971558748,0.11756584637156986,0.06294666638413493,0.21384583255536782,3.0,RFS,OOD,GSE6532,DeepHS,44
2,80,0.06439009904861451,0.1137820512820511,0.06088922063404634,0.20725746003689638,3.0,RFS,OOD,GSE6532,DeepHS,44
3,80,0.07129882797598838,0.1709994704899137,0.10298370155158032,0.27645994384649053,3.0,RFS,OOD,GSE6532,DeepHS,44
4,80,0.07797310426831246,0.15295358649788982,0.08989486325561291,0.2536352454003461,3.0,RFS,OOD,GSE6532,DeepHS,44
5,80,0.09197597727179527,0.23667128990803066,0.15606806630975967,0.3493837547869758,3.0,RFS,OOD,GSE6532,DeepHS,44
1,81,0.09966623194423722,0.09124523454233269,0.04454617927923554,0.18200366091981746,5.0,RFS,OOD,GSE6532,DeepHS,44
2,80,0.13239305093884468,0.17376148257247392,0.10472840411820894,0.28058708111993835,5.0,RFS,OOD,GSE6532,DeepHS,44
3,80,0.1557444266974926,0.22921682866452053,0.14889160666191903,0.3432406163455042,5.0,RFS,OOD,GSE6532,DeepHS,44
4,80,0.18798192888498305,0.3397837417271834,0.24338982358431327,0.46101017316112525,5.0,RFS,OOD,GSE6532,DeepHS,44
5,80,0.23329471200704574,0.3964073212429011,0.2952525262286809,0.5173202194825196,5.0,RFS,OOD,GSE6532,DeepHS,44
1,81,0.30019393379305614,0.20490063180189844,0.12548718468148945,0.32434851577293644,10.0,RFS,OOD,GSE6532,DeepHS,44
2,80,0.34206402376294137,0.3632628578799231,0.2555086714871502,0.4987182184784007,10.0,RFS,OOD,GSE6532,DeepHS,44
3,80,0.36226064041256906,0.3914218390698515,0.287073090776106,0.5175588270744054,10.0,RFS,OOD,GSE6532,DeepHS,44
4,80,0.3778004482388496,0.42233365303662196,0.305488107332089,0.5622285605630555,10.0,RFS,OOD,GSE6532,DeepHS,44
5,80,0.4097223713994026,0.43680520921575794,0.327199443168841,0.5647099900590562,10.0,RFS,OOD,GSE6532,DeepHS,44
1,81,0.052484073756653586,0.14150616107931646,0.08092553085817533,0.24108135358315097,3.0,RFS,OOD,GSE6532,DeepSurv,40
2,80,0.09008145183324814,0.07638580192034117,0.03503924301056438,0.16223935424050495,3.0,RFS,OOD,GSE6532,DeepSurv,40
3,80,0.1205247960984707,0.10533062706975749,0.05410944248575633,0.19963754764042185,3.0,RFS,OOD,GSE6532,DeepSurv,40
4,80,0.15716085135936736,0.19450097227874963,0.12210561388351837,0.3017896197058644,3.0,RFS,OOD,GSE6532,DeepSurv,40
5,80,0.21780662685632707,0.2735135822502912,0.1876108231678243,0.3882363244178958,3.0,RFS,OOD,GSE6532,DeepSurv,40
1,81,0.10334135279243375,0.2360767930902682,0.1556351596546488,0.34861618040755094,5.0,RFS,OOD,GSE6532,DeepSurv,40
2,80,0.17423785477876663,0.16005340956727232,0.09400482990896175,0.2651972206151101,5.0,RFS,OOD,GSE6532,DeepSurv,40
3,80,0.22928549349308014,0.14687241939517903,0.08409007923333334,0.24968317850723354,5.0,RFS,OOD,GSE6532,DeepSurv,40
4,80,0.29304654970765115,0.2660420733029708,0.18025957225234945,0.3820263577786194,5.0,RFS,OOD,GSE6532,DeepSurv,40
5,80,0.39111066684126855,0.41788022982263806,0.3143004163823545,0.5397195969624053,5.0,RFS,OOD,GSE6532,DeepSurv,40
1,81,0.21431080941800718,0.30307223978638553,0.20969212105760793,0.42535283041273997,10.0,RFS,OOD,GSE6532,DeepSurv,40
2,80,0.3467355206608772,0.2744066219744371,0.18006766894378756,0.4044397553463709,10.0,RFS,OOD,GSE6532,DeepSurv,40
3,80,0.4395791955292225,0.28913429703071425,0.18842429612518763,0.4275610223930728,10.0,RFS,OOD,GSE6532,DeepSurv,40
4,80,0.5376533936709166,0.4295914381371809,0.3125631682662974,0.5686958705622118,10.0,RFS,OOD,GSE6532,DeepSurv,40
5,80,0.6648659182712435,0.5339237134200859,0.42087233800055635,0.6559349262415104,10.0,RFS,OOD,GSE6532,DeepSurv,40
1,81,0.03390142211207637,0.02598290598290587,0.006560718057296966,0.09994018431799656,3.0,RFS,OOD,GSE6532,DeepSurv,41
2,80,0.07350807636976242,0.05115598290598278,0.019506027522707803,0.13062239245196638,3.0,RFS,OOD,GSE6532,DeepSurv,41
3,80,0.11193554848432541,0.18046576194724295,0.11101321010932585,0.2858049565897205,3.0,RFS,OOD,GSE6532,DeepSurv,41
4,80,0.14699031710624694,0.2501561456785337,0.16744005688079033,0.3638256606675342,3.0,RFS,OOD,GSE6532,DeepSurv,41
5,80,0.22020286023616792,0.2818060890094787,0.19533526663678102,0.39599422065241796,3.0,RFS,OOD,GSE6532,DeepSurv,41
1,81,0.08174500715585402,0.07018712464721844,0.029724578440508354,0.1609622170627909,5.0,RFS,OOD,GSE6532,DeepSurv,41
2,80,0.17249470725655555,0.16813675213675205,0.10128055971109051,0.2719246804206852,5.0,RFS,OOD,GSE6532,DeepSurv,41
3,80,0.25515018627047537,0.25421726680467904,0.16982331387308158,0.3701511568754505,5.0,RFS,OOD,GSE6532,DeepSurv,41
4,80,0.3259695068001747,0.3348261420665358,0.2398306007511808,0.4545732059217106,5.0,RFS,OOD,GSE6532,DeepSurv,41
5,80,0.4528278547339141,0.3944319523239015,0.29415606216566015,0.5143236451459499,5.0,RFS,OOD,GSE6532,DeepSurv,41
1,81,0.18527434416759161,0.10435263895448077,0.05081517035959038,0.2077638195463528,10.0,RFS,OOD,GSE6532,DeepSurv,41
2,80,0.36757317185401917,0.2768694350186932,0.18303360307404792,0.4053660943261962,10.0,RFS,OOD,GSE6532,DeepSurv,41
3,80,0.5102642580866814,0.3956914610736406,0.282901813957925,0.5336698609139834,10.0,RFS,OOD,GSE6532,DeepSurv,41
4,80,0.6155199721455574,0.5261453400819083,0.40639115989557073,0.6568268318179762,10.0,RFS,OOD,GSE6532,DeepSurv,41
5,80,0.7562232241587481,0.5336195879975414,0.4147109982783529,0.6624849263355792,10.0,RFS,OOD,GSE6532,DeepSurv,41
1,81,0.05018745896257,0.025316455696202445,0.006392349662224683,0.09745214583963291,3.0,RFS,OOD,GSE6532,DeepSurv,42
2,80,0.08191163539886474,0.07716830754805426,0.03541345342535218,0.16378897711077156,3.0,RFS,OOD,GSE6532,DeepSurv,42
3,80,0.10741174444556237,0.17901655306718545,0.1101376622295136,0.2835443008229719,3.0,RFS,OOD,GSE6532,DeepSurv,42
4,80,0.13974981978535653,0.25114513202600575,0.16804045495541797,0.36532940449537055,3.0,RFS,OOD,GSE6532,DeepSurv,42
5,80,0.205035038292408,0.25815261090307584,0.17487015195277678,0.37117570465728233,3.0,RFS,OOD,GSE6532,DeepSurv,42
1,81,0.1052095647211428,0.10904805231428982,0.05598206257034366,0.20659361802882714,5.0,RFS,OOD,GSE6532,DeepSurv,42
2,80,0.168763717263937,0.13212997591953268,0.07327823040510306,0.23194333258972955,5.0,RFS,OOD,GSE6532,DeepSurv,42
3,80,0.21787704676389694,0.2464237896588538,0.16471833824777282,0.3590073878900166,5.0,RFS,OOD,GSE6532,DeepSurv,42
4,80,0.2778944462537766,0.39572294280767073,0.2934310483868765,0.5183436878898473,5.0,RFS,OOD,GSE6532,DeepSurv,42
5,80,0.38909290321171286,0.34538864573614003,0.24925384418141772,0.46539795016926133,5.0,RFS,OOD,GSE6532,DeepSurv,42
1,81,0.23720500498642155,0.20961508531419282,0.12891152862168398,0.3303155031495565,10.0,RFS,OOD,GSE6532,DeepSurv,42
2,80,0.3639508210122585,0.2645377953397434,0.17047779979311217,0.39655608667425746,10.0,RFS,OOD,GSE6532,DeepSurv,42
3,80,0.4519692908972502,0.34462904964064756,0.24583380370651986,0.4689199334548002,10.0,RFS,OOD,GSE6532,DeepSurv,42
4,80,0.549339409545064,0.5354753991862611,0.4103088877112694,0.6714613914106424,10.0,RFS,OOD,GSE6532,DeepSurv,42
5,80,0.694457216002047,0.48580442322746287,0.36812528223047725,0.6185432415339985,10.0,RFS,OOD,GSE6532,DeepSurv,42
1,81,0.034609194890952405,0.025324675324675305,0.006392993342061226,0.09750366991969217,3.0,RFS,OOD,GSE6532,DeepSurv,43
2,80,0.06846759468317032,0.07941191228862443,0.03646081218020092,0.16833709682343212,3.0,RFS,OOD,GSE6532,DeepSurv,43
3,80,0.10295507684350014,0.1749999999999996,0.10759988017845656,0.27752801004137206,3.0,RFS,OOD,GSE6532,DeepSurv,43
4,80,0.15303034260869025,0.17229915471148838,0.10381464882090097,0.2783786112028418,3.0,RFS,OOD,GSE6532,DeepSurv,43
5,80,0.278421476110816,0.33856007039360714,0.2444875802060642,0.4563151276711276,3.0,RFS,OOD,GSE6532,DeepSurv,43
1,81,0.0822909305125107,0.0795407373863164,0.03649638486206863,0.16870327831603849,5.0,RFS,OOD,GSE6532,DeepSurv,43
2,80,0.15910788550972937,0.10730852100715094,0.05511523408797081,0.20330876290028288,5.0,RFS,OOD,GSE6532,DeepSurv,43
3,80,0.23316463455557823,0.3605828287734164,0.2644090058446138,0.4786058611132563,5.0,RFS,OOD,GSE6532,DeepSurv,43
4,80,0.3333187237381935,0.26044838763754685,0.17427264285081023,0.37834742666352195,5.0,RFS,OOD,GSE6532,DeepSurv,43
5,80,0.5406215202063323,0.41164239655950075,0.309413173043498,0.5323126431274324,5.0,RFS,OOD,GSE6532,DeepSurv,43
1,81,0.17806555533114773,0.1144269485057855,0.05839745110095207,0.2176211883795688,10.0,RFS,OOD,GSE6532,DeepSurv,43
2,80,0.3280821867287159,0.270660233155138,0.17460059083185864,0.40495716412050553,10.0,RFS,OOD,GSE6532,DeepSurv,43
3,80,0.4562349673360586,0.457191066657581,0.34508395525344415,0.5860590176205491,10.0,RFS,OOD,GSE6532,DeepSurv,43
4,80,0.6048189647495746,0.4897742604183599,0.3692640589211721,0.6256214120109189,10.0,RFS,OOD,GSE6532,DeepSurv,43
5,80,0.8185752238379791,0.49300384800670116,0.3792638243500408,0.6199932261701147,10.0,RFS,OOD,GSE6532,DeepSurv,43
1,81,0.03722192328653218,0.06574340132209078,0.027879158174844654,0.15088081629180594,3.0,RFS,OOD,GSE6532,DeepSurv,44
2,80,0.06691200286149979,0.11615953318255179,0.06218203915602183,0.2113985274289868,3.0,RFS,OOD,GSE6532,DeepSurv,44
3,80,0.09302188754081726,0.1276315789473681,0.07078761598400662,0.22426543225699636,3.0,RFS,OOD,GSE6532,DeepSurv,44
4,80,0.127844425290823,0.19271598994275896,0.12087286712916967,0.2993542594501738,3.0,RFS,OOD,GSE6532,DeepSurv,44
5,80,0.21926326416432856,0.2857852856048275,0.19828370857757904,0.40105181452462757,3.0,RFS,OOD,GSE6532,DeepSurv,44
1,81,0.07987217770682441,0.12112241237494414,0.06487092369638336,0.22005608844889646,5.0,RFS,OOD,GSE6532,DeepSurv,44
2,80,0.1412150591611862,0.15808621346729235,0.09290798429336056,0.26189135822063203,5.0,RFS,OOD,GSE6532,DeepSurv,44
3,80,0.1931704416871071,0.22096443422378997,0.14346962351898396,0.33142281647163185,5.0,RFS,OOD,GSE6532,DeepSurv,44
4,80,0.25958479195833206,0.2776203748589535,0.1902982920744818,0.39408183989166967,5.0,RFS,OOD,GSE6532,DeepSurv,44
5,80,0.41324918139725925,0.44942288830345,0.34255627137078104,0.5722481533837211,5.0,RFS,OOD,GSE6532,DeepSurv,44
1,81,0.18682173446372705,0.21057893555063234,0.1290574344237333,0.332774929747079,10.0,RFS,OOD,GSE6532,DeepSurv,44
2,80,0.316124277561903,0.2606096166389792,0.16710107688535025,0.3926054938575474,10.0,RFS,OOD,GSE6532,DeepSurv,44
3,80,0.41484217122197153,0.4370422664625625,0.32591094418788136,0.5669941112453879,10.0,RFS,OOD,GSE6532,DeepSurv,44
4,80,0.5272570464760065,0.3841701961110766,0.27918340827893473,0.5122197699147839,10.0,RFS,OOD,GSE6532,DeepSurv,44
5,80,0.7219972432940267,0.513024037413224,0.39704728456526106,0.6406173553789556,10.0,RFS,OOD,GSE6532,DeepSurv,44
1,81,0.030710880403165466,0.12762295034525029,0.07075524554955981,0.22433039252361264,3.0,RFS,OOD,GSE6532,ENCox,40
2,80,0.057460345327854156,0.14298489666136727,0.08183368264365576,0.24335642123901646,3.0,RFS,OOD,GSE6532,ENCox,40
3,80,0.08373968973755837,0.10300893025196667,0.05287457857903588,0.19550662375425876,3.0,RFS,OOD,GSE6532,ENCox,40
4,80,0.12411291301250457,0.10334783246175616,0.05305292938491912,0.196116417300488,3.0,RFS,OOD,GSE6532,ENCox,40
5,80,0.2593524094671011,0.3147556459146025,0.22312960581884456,0.43212707422598207,3.0,RFS,OOD,GSE6532,ENCox,40
1,81,0.0707283800030932,0.16668460928501516,0.1003382798247664,0.2698108345986425,5.0,RFS,OOD,GSE6532,ENCox,40
2,80,0.13020213916897774,0.27036217731888057,0.18326359364215428,0.3878588396364847,5.0,RFS,OOD,GSE6532,ENCox,40
3,80,0.18626876920461655,0.17247603526244004,0.10386418696423927,0.2787920193441096,5.0,RFS,OOD,GSE6532,ENCox,40
4,80,0.2679967872798443,0.2746553060950365,0.18622626612496018,0.3936873354189836,5.0,RFS,OOD,GSE6532,ENCox,40
5,80,0.4874672734178603,0.343059217061608,0.2478485675158163,0.4619586355099947,5.0,RFS,OOD,GSE6532,ENCox,40
1,81,0.17709862817952662,0.26873933518891524,0.1786656690571874,0.3920726494213248,10.0,RFS,OOD,GSE6532,ENCox,40
2,80,0.3115228220820427,0.37014425610147916,0.2634732946881744,0.5027998325915943,10.0,RFS,OOD,GSE6532,ENCox,40
3,80,0.4238393738865852,0.34514969714339905,0.23784406269834824,0.4830827089464176,10.0,RFS,OOD,GSE6532,ENCox,40
4,80,0.5646802693605423,0.4079158828717422,0.2964484436208401,0.5421525233294253,10.0,RFS,OOD,GSE6532,ENCox,40
5,80,0.8021427107938507,0.42795149464505167,0.3214137642860151,0.5527087911258036,10.0,RFS,OOD,GSE6532,ENCox,40
1,81,0.06539262224126745,0.07651728553137005,0.035107318629663986,0.16247740690686707,3.0,RFS,OOD,GSE6532,ENCox,41
2,80,0.08505539298057556,0.09305827320533178,0.04547116274494711,0.18536388350765076,3.0,RFS,OOD,GSE6532,ENCox,41
3,80,0.10219418704509735,0.11890514158793808,0.0636925427253967,0.21611998537270116,3.0,RFS,OOD,GSE6532,ENCox,41
4,80,0.12276973351836204,0.230977888336097,0.15223729937547825,0.34140990248538117,3.0,RFS,OOD,GSE6532,ENCox,41
5,80,0.16956732422113419,0.2667609317034605,0.1827135187683967,0.3794609678582882,3.0,RFS,OOD,GSE6532,ENCox,41
1,81,0.1493995071929178,0.10309651491838734,0.052905256589673044,0.19571666561024814,5.0,RFS,OOD,GSE6532,ENCox,41
2,80,0.19175313040614128,0.16584848858798273,0.09759262686959913,0.27401870550095975,5.0,RFS,OOD,GSE6532,ENCox,41
3,80,0.22755228281021117,0.2444085736747491,0.1614169854827372,0.35991797604706544,5.0,RFS,OOD,GSE6532,ENCox,41
4,80,0.26919289752840997,0.3635654106013144,0.26703951681398164,0.4817357131970147,5.0,RFS,OOD,GSE6532,ENCox,41
5,80,0.357677760720253,0.3399225742572688,0.24494781445437164,0.4588971760906826,5.0,RFS,OOD,GSE6532,ENCox,41
1,81,0.3088515356734947,0.22520357062162266,0.1405146404439943,0.3494600234531443,10.0,RFS,OOD,GSE6532,ENCox,41
2,80,0.38555343821644783,0.25066090028450505,0.16265597867866155,0.3744146264302516,10.0,RFS,OOD,GSE6532,ENCox,41
3,80,0.4460920214653015,0.3923579565492692,0.28264674305526893,0.5262556831652481,10.0,RFS,OOD,GSE6532,ENCox,41
4,80,0.5117763463407755,0.5152837102638282,0.3982390560770216,0.6439207370290598,10.0,RFS,OOD,GSE6532,ENCox,41
5,80,0.6329966684803366,0.4238065555098668,0.3136214402669706,0.5541012958880107,10.0,RFS,OOD,GSE6532,ENCox,41
1,81,0.08696932483602453,0.0648778814140849,0.027507869176239597,0.1489721171295323,3.0,RFS,OOD,GSE6532,ENCox,42
2,80,0.10035775378346443,0.06511544011544013,0.027629760056265273,0.14939512548174505,3.0,RFS,OOD,GSE6532,ENCox,42
3,80,0.11074666008353233,0.15623818355330654,0.09187436988385289,0.258790859654052,3.0,RFS,OOD,GSE6532,ENCox,42
4,80,0.12285328134894372,0.19120555658972427,0.1199462150335856,0.2970360489877035,3.0,RFS,OOD,GSE6532,ENCox,42
5,80,0.15102031454443932,0.3101240200567713,0.21962021079250738,0.42638085444299945,3.0,RFS,OOD,GSE6532,ENCox,42
1,81,0.1707268754641215,0.1372588008348985,0.07610609784549183,0.24070861228008944,5.0,RFS,OOD,GSE6532,ENCox,42
2,80,0.1956000193953514,0.1061794887881844,0.054528652216245144,0.2012558530267693,5.0,RFS,OOD,GSE6532,ENCox,42
3,80,0.21460421234369279,0.2661685104161874,0.18038744157919717,0.38212427163925233,5.0,RFS,OOD,GSE6532,ENCox,42
4,80,0.23644397929310798,0.28675765021103494,0.19882101375411876,0.40260420327946356,5.0,RFS,OOD,GSE6532,ENCox,42
5,80,0.28529292717576027,0.42991506796535084,0.3253350636089345,0.5517873382790579,5.0,RFS,OOD,GSE6532,ENCox,42
1,81,0.3419432124973815,0.18961264540632738,0.11384591628761276,0.3063004011810616,10.0,RFS,OOD,GSE6532,ENCox,42
2,80,0.3854439862072468,0.34639681555658364,0.23569800029440002,0.48971888478465286,10.0,RFS,OOD,GSE6532,ENCox,42
3,80,0.4174596883356571,0.39487770691876056,0.286657050656943,0.5262124704203124,10.0,RFS,OOD,GSE6532,ENCox,42
4,80,0.4530400536954403,0.34213045372029227,0.24380993303547327,0.46605151137577505,10.0,RFS,OOD,GSE6532,ENCox,42
5,80,0.5258404441177845,0.536274827738526,0.4216597786328259,0.6598677933342072,10.0,RFS,OOD,GSE6532,ENCox,42
1,81,0.06525138498824319,0.11179698216735234,0.05978592093021773,0.20387058780035772,3.0,RFS,OOD,GSE6532,ENCox,43
2,80,0.08803681060671806,0.11498427010825119,0.06153783665347623,0.20936808698449627,3.0,RFS,OOD,GSE6532,ENCox,43
3,80,0.10556998327374459,0.09334431154984357,0.04559399752352211,0.18598052375844298,3.0,RFS,OOD,GSE6532,ENCox,43
4,80,0.1294565089046955,0.1723454890524322,0.10380410651731276,0.2785432901792113,3.0,RFS,OOD,GSE6532,ENCox,43
5,80,0.19669569581747054,0.30081753994797455,0.2111456833900789,0.4171982938273209,3.0,RFS,OOD,GSE6532,ENCox,43
1,81,0.14385167757670084,0.16312832797078214,0.09811668452584299,0.2644218664076261,5.0,RFS,OOD,GSE6532,ENCox,43
2,80,0.19131590500473977,0.1962054913717156,0.1231011004515683,0.3045123798865611,5.0,RFS,OOD,GSE6532,ENCox,43
3,80,0.2266843967139721,0.21285288213113562,0.13377437498418399,0.32893151225467754,5.0,RFS,OOD,GSE6532,ENCox,43
4,80,0.27339083701372147,0.24547152849676046,0.1619346351144033,0.361783252675266,5.0,RFS,OOD,GSE6532,ENCox,43
5,80,0.39372407011687754,0.41333086024820254,0.3110436978721396,0.533892366596167,5.0,RFS,OOD,GSE6532,ENCox,43
1,81,0.2791745051925565,0.2871867958114178,0.1960632687773508,0.4085349492726513,10.0,RFS,OOD,GSE6532,ENCox,43
2,80,0.361456124484539,0.2934365956396252,0.20089977692690597,0.41605911986434774,10.0,RFS,OOD,GSE6532,ENCox,43
3,80,0.418991632014513,0.3686583463396782,0.254462453378408,0.5133929797497774,10.0,RFS,OOD,GSE6532,ENCox,43
4,80,0.49047916382551193,0.37241163848338643,0.25532810928747607,0.5210620076663843,10.0,RFS,OOD,GSE6532,ENCox,43
5,80,0.6468528429046273,0.5162147093869415,0.4039313716505766,0.6390523800512299,10.0,RFS,OOD,GSE6532,ENCox,43
1,81,0.04605168030585772,0.07697570988710223,0.03532857435517589,0.16337656152183044,3.0,RFS,OOD,GSE6532,ENCox,44
2,80,0.076502987742424,0.0775230769230768,0.03557589413075968,0.1645222942932496,3.0,RFS,OOD,GSE6532,ENCox,44
3,80,0.09970367103815078,0.18258423530850587,0.11241403462752941,0.288829797582864,3.0,RFS,OOD,GSE6532,ENCox,44
4,80,0.12717745453119278,0.2316106265728508,0.15261931752567082,0.34238269746012073,3.0,RFS,OOD,GSE6532,ENCox,44
5,80,0.21414487548172473,0.22021204382636905,0.14300221047983386,0.3302888921912015,3.0,RFS,OOD,GSE6532,ENCox,44
1,81,0.09782839336513001,0.17021061125497505,0.10250774036310806,0.27522674115335455,5.0,RFS,OOD,GSE6532,ENCox,44
2,80,0.15985840409994126,0.16397287747141298,0.09634287010389275,0.2713885836850862,5.0,RFS,OOD,GSE6532,ENCox,44
3,80,0.20537861287593842,0.2361852690587679,0.15584040460331172,0.34850964341319224,5.0,RFS,OOD,GSE6532,ENCox,44
4,80,0.2573739685118198,0.373379187410421,0.27421949620402075,0.49422062987983406,5.0,RFS,OOD,GSE6532,ENCox,44
5,80,0.4023699903860688,0.27816372229200403,0.1906875505942307,0.3947946737290383,5.0,RFS,OOD,GSE6532,ENCox,44
1,81,0.22367683236981617,0.2791189828635373,0.1858721202628434,0.40600338384126844,10.0,RFS,OOD,GSE6532,ENCox,44
2,80,0.350181395560503,0.2908498139080822,0.19407533137345878,0.42157937773987364,10.0,RFS,OOD,GSE6532,ENCox,44
3,80,0.4339326940476894,0.38882257399421527,0.2825856736922674,0.5180793287151367,10.0,RFS,OOD,GSE6532,ENCox,44
4,80,0.5207258079200983,0.4414670176408676,0.32799951649860526,0.5740518339702675,10.0,RFS,OOD,GSE6532,ENCox,44
5,80,0.7030740339774638,0.40606390130051206,0.29710039720024817,0.5369437475322185,10.0,RFS,OOD,GSE6532,ENCox,44
1,81,0.05540505456335751,0.15462659280916402,0.09084901953463831,0.25639971003933426,3.0,RFS,OOD,GSE6532,LH,40
2,80,0.07988846451044082,0.12097566226324108,0.0648155259940345,0.2197259177898172,3.0,RFS,OOD,GSE6532,LH,40
3,80,0.10044368505477905,0.19007120253164533,0.11923339591611093,0.2953313117653614,3.0,RFS,OOD,GSE6532,LH,40
4,80,0.12331718280911445,0.16988775269358136,0.10233589003697152,0.27466673748641623,3.0,RFS,OOD,GSE6532,LH,40
5,80,0.17395493015646935,0.15234693877550987,0.08951868200605095,0.25270922029049225,3.0,RFS,OOD,GSE6532,LH,40
1,81,0.1072125913184366,0.1679201897339001,0.10099822851348905,0.271951427316218,5.0,RFS,OOD,GSE6532,LH,40
2,80,0.16535975337028502,0.19074202413739116,0.11730142946956468,0.301611506900915,5.0,RFS,OOD,GSE6532,LH,40
3,80,0.2262481100857258,0.2056299632935532,0.12908130618680713,0.3184909275090214,5.0,RFS,OOD,GSE6532,LH,40
4,80,0.2975709654390812,0.26632643196888084,0.18063474982227,0.38208693234837243,5.0,RFS,OOD,GSE6532,LH,40
5,80,0.47987569570541383,0.39754134265926666,0.29676169435373556,0.5177873149483048,5.0,RFS,OOD,GSE6532,LH,40
1,81,0.18636691128766095,0.2711938837398076,0.1796700684869187,0.3966808612098035,10.0,RFS,OOD,GSE6532,LH,40
2,80,0.3141298308968544,0.23330527383800426,0.1486958608300183,0.35494247206955365,10.0,RFS,OOD,GSE6532,LH,40
3,80,0.4368519771844149,0.4124193843750359,0.2978986417097609,0.550426239500454,10.0,RFS,OOD,GSE6532,LH,40
4,80,0.5986223440617323,0.3802490489825332,0.27045075796468865,0.5161197471264681,10.0,RFS,OOD,GSE6532,LH,40
5,80,0.8490024717175402,0.5118436735876506,0.40210689882038153,0.6320613287705353,10.0,RFS,OOD,GSE6532,LH,40
1,81,0.04576772377814776,0.1534228151075976,0.09015589954633596,0.254427570774552,3.0,RFS,OOD,GSE6532,LH,41
2,80,0.07682559862732888,0.10473769090529472,0.05377946996632066,0.1986325695920118,3.0,RFS,OOD,GSE6532,LH,41
3,80,0.09917766377329826,0.140119549929676,0.08014737771308111,0.23874852206972175,3.0,RFS,OOD,GSE6532,LH,41
4,80,0.12589431703090667,0.12825037955343221,0.07111595505417723,0.22536387238699862,3.0,RFS,OOD,GSE6532,LH,41
5,80,0.1980590522289276,0.2660731201658174,0.18045322142539566,0.38175444295436733,3.0,RFS,OOD,GSE6532,LH,41
1,81,0.08428689211974909,0.2342302996053881,0.15440675847886076,0.34600398306922886,5.0,RFS,OOD,GSE6532,LH,41
2,80,0.13168688267469406,0.2085311096190503,0.13324917143640214,0.3178163916224884,5.0,RFS,OOD,GSE6532,LH,41
3,80,0.17306240051984786,0.17338003486017806,0.10438585191236438,0.2802607067526979,5.0,RFS,OOD,GSE6532,LH,41
4,80,0.23978400677442552,0.255637247771379,0.17077506716970647,0.37213712966507906,5.0,RFS,OOD,GSE6532,LH,41
5,80,0.48041262072511015,0.3543002624097299,0.256046352834153,0.4763316126270105,5.0,RFS,OOD,GSE6532,LH,41
1,81,0.25482619838950077,0.26337975549480863,0.17323697580190245,0.38810017677438713,10.0,RFS,OOD,GSE6532,LH,41
2,80,0.4372191060334444,0.18624452540598013,0.10883641832075908,0.3083131091147465,10.0,RFS,OOD,GSE6532,LH,41
3,80,0.5898160398006439,0.32985056880825236,0.22925028943258063,0.459489657112195,10.0,RFS,OOD,GSE6532,LH,41
4,80,0.7397406067699194,0.4739054907893784,0.360796418549132,0.6021808983553967,10.0,RFS,OOD,GSE6532,LH,41
5,80,0.9179048972291639,0.5671086585254052,0.4456808366333861,0.6952116228023043,10.0,RFS,OOD,GSE6532,LH,41
1,81,0.05581456569977748,0.15483000093369403,0.09099532177546155,0.25665862828695973,3.0,RFS,OOD,GSE6532,LH,42
2,80,0.0829190380871296,0.09103903932113666,0.04444933159145559,0.1815897608540673,3.0,RFS,OOD,GSE6532,LH,42
3,80,0.10583363845944405,0.18162440275929037,0.1117614922106458,0.2875004909284219,3.0,RFS,OOD,GSE6532,LH,42
4,80,0.13100267052650452,0.18147138105521987,0.11168831300270066,0.28721775653263315,3.0,RFS,OOD,GSE6532,LH,42
5,80,0.18323550820350648,0.1757246376811591,0.1080460048851587,0.2786411717338798,3.0,RFS,OOD,GSE6532,LH,42
1,81,0.10275549800307662,0.09577623758306575,0.04672929074515575,0.190876351178785,5.0,RFS,OOD,GSE6532,LH,42
2,80,0.16540969535708427,0.17477650620245222,0.10530224587792125,0.2822636671830059,5.0,RFS,OOD,GSE6532,LH,42
3,80,0.2196243278682232,0.20643254452778237,0.13186367592314885,0.31481559309789253,5.0,RFS,OOD,GSE6532,LH,42
4,80,0.30902147814631464,0.3416903469112684,0.24661297787274317,0.4605746645128299,5.0,RFS,OOD,GSE6532,LH,42
5,80,0.587929884053301,0.40734259040521426,0.30406237101132005,0.5299767697986666,5.0,RFS,OOD,GSE6532,LH,42
1,81,0.22550600399205714,0.22968062746713735,0.14067546145788346,0.3618293541453017,10.0,RFS,OOD,GSE6532,LH,42
2,80,0.4022871807217598,0.2129151486714962,0.1300807140803244,0.3372353089413179,10.0,RFS,OOD,GSE6532,LH,42
3,80,0.5543191291391849,0.39520149571153906,0.29152847244351765,0.5198732455122834,10.0,RFS,OOD,GSE6532,LH,42
4,80,0.7600604825653136,0.42152993948459905,0.3110506730896383,0.5525270560208528,10.0,RFS,OOD,GSE6532,LH,42
5,80,0.9604909249586779,0.5699584962772,0.44544266874834615,0.7011569691454069,10.0,RFS,OOD,GSE6532,LH,42
1,81,0.04689831056712586,0.20480199919422237,0.13079857079018098,0.3124584561790207,3.0,RFS,OOD,GSE6532,LH,43
2,80,0.0731894999742508,0.14268446132650991,0.08162033251858958,0.24297197599103904,3.0,RFS,OOD,GSE6532,LH,43
3,80,0.09301634207367897,0.11587898929671081,0.062017530587832215,0.21094736407050585,3.0,RFS,OOD,GSE6532,LH,43
4,80,0.11692052856087684,0.1666310541926337,0.10028236706775229,0.2697839518612868,3.0,RFS,OOD,GSE6532,LH,43
5,80,0.17279739677906036,0.15751689189189155,0.09266864061201663,0.2607361956628972,3.0,RFS,OOD,GSE6532,LH,43
1,81,0.08248955967985554,0.16554703742203714,0.0996220241784469,0.26810137931518896,5.0,RFS,OOD,GSE6532,LH,43
2,80,0.13277603089809417,0.11762520660510223,0.06293561226482192,0.21408368853687942,5.0,RFS,OOD,GSE6532,LH,43
3,80,0.18282877877354622,0.32342808106496934,0.2290240492540654,0.44396837429250013,5.0,RFS,OOD,GSE6532,LH,43
4,80,0.27823552638292315,0.30799215546443215,0.21628136417852106,0.4265961384571344,5.0,RFS,OOD,GSE6532,LH,43
5,80,0.5503494287026115,0.32144862854145495,0.22565111917872904,0.44459372784110074,5.0,RFS,OOD,GSE6532,LH,43
1,81,0.16651194478258674,0.2655150857473816,0.17674577376814737,0.3871373169444323,10.0,RFS,OOD,GSE6532,LH,43
2,80,0.3107107110321522,0.22942115078528724,0.14563921467834218,0.3504678013634849,10.0,RFS,OOD,GSE6532,LH,43
3,80,0.501908878609538,0.3343985224399776,0.23058935644602563,0.4685428588705993,10.0,RFS,OOD,GSE6532,LH,43
4,80,0.7700238970108331,0.493932534195865,0.367042105390343,0.6373324342795361,10.0,RFS,OOD,GSE6532,LH,43
5,80,0.9709579040309588,0.527877190177992,0.40893106270543667,0.6574114969265785,10.0,RFS,OOD,GSE6532,LH,43
1,81,0.05187614979567351,0.16443474577192685,0.0989266299132252,0.26641728472976656,3.0,RFS,OOD,GSE6532,LH,44
2,80,0.07036881297826766,0.14114633451175618,0.08071750379007492,0.24049260135527428,3.0,RFS,OOD,GSE6532,LH,44
3,80,0.0859629176557064,0.14902984209133974,0.0853724300490104,0.25310876445125097,3.0,RFS,OOD,GSE6532,LH,44
4,80,0.10435371696949006,0.16905284209383975,0.1018100380939172,0.2734140294186177,3.0,RFS,OOD,GSE6532,LH,44
5,80,0.14898695200681686,0.16537600511695894,0.09954739889373676,0.2677643744983248,3.0,RFS,OOD,GSE6532,LH,44
1,81,0.08993206274362257,0.2419499500813117,0.16159250783346335,0.35296684541237233,5.0,RFS,OOD,GSE6532,LH,44
2,80,0.12295334860682487,0.22246140914649226,0.14231742089896848,0.3379470169602212,5.0,RFS,OOD,GSE6532,LH,44
3,80,0.15239090099930763,0.1976293373049215,0.12165824610513765,0.3118435911782106,5.0,RFS,OOD,GSE6532,LH,44
4,80,0.1905700720846653,0.2602042185302319,0.17627284149126643,0.373998059437162,5.0,RFS,OOD,GSE6532,LH,44
5,80,0.3250041250139475,0.30061992330595877,0.2106839739583123,0.41747840374248435,5.0,RFS,OOD,GSE6532,LH,44
1,81,0.17485402469281797,0.29199465962761617,0.1966503749392371,0.41988947321833303,10.0,RFS,OOD,GSE6532,LH,44
2,80,0.2723498739302158,0.3228599292504688,0.22357497643428625,0.45155921585083725,10.0,RFS,OOD,GSE6532,LH,44
3,80,0.3528076335787773,0.3791891285489014,0.2642330711578622,0.5232083932897859,10.0,RFS,OOD,GSE6532,LH,44
4,80,0.49627145268023015,0.329589385538856,0.23212966145333047,0.45411291022975664,10.0,RFS,OOD,GSE6532,LH,44
5,80,0.7939725241463748,0.49418280601631615,0.3798688216283562,0.6217583390827652,10.0,RFS,OOD,GSE6532,LH,44
1,81,0.025595031402729177,0.1416596343178621,0.0810477375627272,0.24124211568338172,3.0,RFS,OOD,GSE6532,MTLR,40
2,80,0.04323076233267784,0.11582308839122435,0.06199703285554503,0.21081922927834773,3.0,RFS,OOD,GSE6532,MTLR,40
3,80,0.057150254398584364,0.088861476608187,0.043366313610756047,0.1774428211506005,3.0,RFS,OOD,GSE6532,MTLR,40
4,80,0.07683839723467827,0.17276185661258692,0.10405577224734175,0.2791925582810597,3.0,RFS,OOD,GSE6532,MTLR,40
5,80,0.1277449145913124,0.2739368427315594,0.18796766390433084,0.3886970882041194,3.0,RFS,OOD,GSE6532,MTLR,40
1,81,0.05191156820014671,0.15513388614654422,0.09118585978652416,0.25711671222243737,5.0,RFS,OOD,GSE6532,MTLR,40
2,80,0.09249167591333389,0.09074399077812934,0.04429342641059919,0.18106282323429979,5.0,RFS,OOD,GSE6532,MTLR,40
3,80,0.13477471992373466,0.19592104448485737,0.12060553372332417,0.3092451093170382,5.0,RFS,OOD,GSE6532,MTLR,40
4,80,0.20088502541184425,0.38470640975073767,0.2829266391395646,0.507959077437757,5.0,RFS,OOD,GSE6532,MTLR,40
5,80,0.37074923142790794,0.4072311064692047,0.3062936771520455,0.5265957349182985,5.0,RFS,OOD,GSE6532,MTLR,40
1,81,0.15217812414522525,0.18378829185037038,0.10990867184605879,0.2982784555382356,10.0,RFS,OOD,GSE6532,MTLR,40
2,80,0.2744062677025795,0.3347917525655343,0.22394509708415034,0.4808021837801775,10.0,RFS,OOD,GSE6532,MTLR,40
3,80,0.3825677625834942,0.37495559360184005,0.27008347017573353,0.5041382693139431,10.0,RFS,OOD,GSE6532,MTLR,40
4,80,0.5082144014537334,0.407290157618464,0.2957527792323994,0.5417161906250154,10.0,RFS,OOD,GSE6532,MTLR,40
5,80,0.7023000478744507,0.51962428333189,0.4113578361216329,0.6373765678020034,10.0,RFS,OOD,GSE6532,MTLR,40
1,81,0.024162096005898935,0.21249999999999958,0.13786359570720752,0.3193555740934082,3.0,RFS,OOD,GSE6532,MTLR,41
2,80,0.03805220648646355,0.11354166666666654,0.060742096527639844,0.20688970684631502,3.0,RFS,OOD,GSE6532,MTLR,41
3,80,0.04923762902617455,0.12876641273380385,0.07140952855255467,0.2262225732568247,3.0,RFS,OOD,GSE6532,MTLR,41
4,80,0.06344408318400382,0.10826387235055934,0.0556438535786945,0.2049358843354634,3.0,RFS,OOD,GSE6532,MTLR,41
5,80,0.11636609882116318,0.21979234594643604,0.14264841064907163,0.32984529659636275,3.0,RFS,OOD,GSE6532,MTLR,41
1,81,0.05799170555891814,0.14268014381242022,0.08155451110065848,0.24313568148978282,5.0,RFS,OOD,GSE6532,MTLR,41
2,80,0.0933841310441494,0.23885349973124492,0.15752443106378045,0.35245907343881944,5.0,RFS,OOD,GSE6532,MTLR,41
3,80,0.12844501361250876,0.15796488494694017,0.09281930036492414,0.26174067275826396,5.0,RFS,OOD,GSE6532,MTLR,41
4,80,0.1869332753121853,0.3249484536382101,0.23085302969269772,0.4447495825948564,5.0,RFS,OOD,GSE6532,MTLR,41
5,80,0.3670517958700657,0.36247644514138067,0.26355064563897057,0.4844039782122005,5.0,RFS,OOD,GSE6532,MTLR,41
1,81,0.1614661422776587,0.2566032195022947,0.16839415742670782,0.3792566894507202,10.0,RFS,OOD,GSE6532,MTLR,41
2,80,0.31587147042155267,0.21676656183203002,0.13136717405822607,0.3454855792302015,10.0,RFS,OOD,GSE6532,MTLR,41
3,80,0.4812352165579796,0.3573154383052237,0.2518599568354224,0.49012728344272116,10.0,RFS,OOD,GSE6532,MTLR,41
4,80,0.6513175718486309,0.49057128742733647,0.3726872011192395,0.6230108492400477,10.0,RFS,OOD,GSE6532,MTLR,41
5,80,0.822798752784729,0.4876354170719308,0.3761465771686202,0.6123867364543985,10.0,RFS,OOD,GSE6532,MTLR,41
1,81,0.01927488085664349,0.049543049543049444,0.01888669467396209,0.12664197801160149,3.0,RFS,OOD,GSE6532,MTLR,42
2,80,0.03688857406377792,0.11912759688261154,0.06380722327788935,0.21652609536411072,3.0,RFS,OOD,GSE6532,MTLR,42
3,80,0.05486414209008217,0.18556468040447627,0.11425464786797401,0.2933794960059941,3.0,RFS,OOD,GSE6532,MTLR,42
4,80,0.07480055689811707,0.18042986425339336,0.11105418918267962,0.2856050278239779,3.0,RFS,OOD,GSE6532,MTLR,42
5,80,0.11108260750770568,0.25666811347286755,0.1738157158665592,0.3692049849032012,3.0,RFS,OOD,GSE6532,MTLR,42
1,81,0.031200718732527746,0.10269726740314966,0.05264306884172165,0.19517569751209374,5.0,RFS,OOD,GSE6532,MTLR,42
2,80,0.0728406198322773,0.1361040561592486,0.07558322996331279,0.23841187806722985,5.0,RFS,OOD,GSE6532,MTLR,42
3,80,0.11851230263710022,0.2581595046180324,0.17263512600487507,0.375344127256775,5.0,RFS,OOD,GSE6532,MTLR,42
4,80,0.21944153532385827,0.3657047012071516,0.26862266441606353,0.4844342248701444,5.0,RFS,OOD,GSE6532,MTLR,42
5,80,0.520526921004057,0.362959194368358,0.26426026949997583,0.48447785421474376,5.0,RFS,OOD,GSE6532,MTLR,42
1,81,0.09363627139432931,0.184836728369993,0.10807976680650433,0.3059103455183271,10.0,RFS,OOD,GSE6532,MTLR,42
2,80,0.2046586312353611,0.3131641504063263,0.21521395528915765,0.44139575766915096,10.0,RFS,OOD,GSE6532,MTLR,42
3,80,0.35071584656834603,0.3768350874435097,0.2636064900577886,0.5185678800875371,10.0,RFS,OOD,GSE6532,MTLR,42
4,80,0.5529999099671841,0.45114850475893853,0.3360522522848507,0.5847177422192562,10.0,RFS,OOD,GSE6532,MTLR,42
5,80,0.8238729931414127,0.5008069265201495,0.39056496073944635,0.6226951795057002,10.0,RFS,OOD,GSE6532,MTLR,42
1,81,0.020243287822346627,0.03814123917388401,0.01246182593016909,0.1136052466132551,3.0,RFS,OOD,GSE6532,MTLR,43
2,80,0.030383297055959702,0.15176056338028154,0.08915178110337152,0.25182235437103995,3.0,RFS,OOD,GSE6532,MTLR,43
3,80,0.037563984841108324,0.1861488270327306,0.11468244757637447,0.2941175901644072,3.0,RFS,OOD,GSE6532,MTLR,43
4,80,0.045366375148296355,0.17948532480178037,0.1104116444780664,0.28429693373998643,3.0,RFS,OOD,GSE6532,MTLR,43
5,80,0.057662800699472425,0.2374941063910322,0.15664675831668007,0.3504859380520108,3.0,RFS,OOD,GSE6532,MTLR,43
1,81,0.033481227027045354,0.09019010952935191,0.04399654056274116,0.1800894027154083,5.0,RFS,OOD,GSE6532,MTLR,43
2,80,0.06907643228769303,0.13061133847276407,0.07246278813172946,0.22928031942267801,5.0,RFS,OOD,GSE6532,MTLR,43
3,80,0.11532071828842164,0.3232781907747425,0.23105885611628585,0.4403075746498075,5.0,RFS,OOD,GSE6532,MTLR,43
4,80,0.19523191824555397,0.23178298333492364,0.1505041123029549,0.3470555816555314,5.0,RFS,OOD,GSE6532,MTLR,43
5,80,0.43212026804685594,0.4612221861579945,0.35240954507241073,0.5853370778720377,5.0,RFS,OOD,GSE6532,MTLR,43
1,81,0.11046701816864955,0.18532933203364454,0.11082762808384095,0.3006952372628412,10.0,RFS,OOD,GSE6532,MTLR,43
2,80,0.24409469217061996,0.268825392064742,0.17606026239658756,0.3972302055471283,10.0,RFS,OOD,GSE6532,MTLR,43
3,80,0.35780738219618796,0.3651145246719265,0.2561404222491397,0.502181476837231,10.0,RFS,OOD,GSE6532,MTLR,43
4,80,0.5188666366040706,0.5381478652641623,0.4211192163054708,0.6643454617410323,10.0,RFS,OOD,GSE6532,MTLR,43
5,80,0.7778220295906066,0.4913517638419569,0.36957612287967345,0.6286043619127459,10.0,RFS,OOD,GSE6532,MTLR,43
1,81,0.014298923221635229,0.10117415935672502,0.05191643976998017,0.19217791711583365,3.0,RFS,OOD,GSE6532,MTLR,44
2,80,0.026657286286354064,0.11467669654289347,0.061333365672236906,0.20894841965846245,3.0,RFS,OOD,GSE6532,MTLR,44
3,80,0.03488997146487236,0.14472842087175664,0.08283079094819445,0.24623529470280958,3.0,RFS,OOD,GSE6532,MTLR,44
4,80,0.043393596261739734,0.15962450887823987,0.09392331567401624,0.2640781658236432,3.0,RFS,OOD,GSE6532,MTLR,44
5,80,0.061213727295398715,0.2691731452098104,0.18457491082635502,0.3823971544747399,3.0,RFS,OOD,GSE6532,MTLR,44
1,81,0.02798324602621573,0.10263034886584976,0.05265376346141348,0.1948987819743464,5.0,RFS,OOD,GSE6532,MTLR,44
2,80,0.05609659254550934,0.13368605807100575,0.07414347830117418,0.23458440865379793,5.0,RFS,OOD,GSE6532,MTLR,44
3,80,0.08218435868620873,0.23666295306467544,0.15595212350014687,0.34958767859079865,5.0,RFS,OOD,GSE6532,MTLR,44
4,80,0.12620215564966203,0.3032188110232207,0.20857040192239373,0.4276518095991598,5.0,RFS,OOD,GSE6532,MTLR,44
5,80,0.2911419466137886,0.4506659023865839,0.3475825582427574,0.5684104585349294,5.0,RFS,OOD,GSE6532,MTLR,44
1,81,0.09067936149644262,0.24116705030916552,0.15353171063690296,0.366772241614151,10.0,RFS,OOD,GSE6532,MTLR,44
2,80,0.22610228434205054,0.22130457658363012,0.14091930758868287,0.3376233372805101,10.0,RFS,OOD,GSE6532,MTLR,44
3,80,0.33739835768938065,0.41644482823143114,0.3028376722381386,0.552557732759374,10.0,RFS,OOD,GSE6532,MTLR,44
4,80,0.4697176769375801,0.3993087928440592,0.292908382561055,0.5273902337383016,10.0,RFS,OOD,GSE6532,MTLR,44
5,80,0.694591487199068,0.533001568683793,0.4153332832443801,0.6604831312218874,10.0,RFS,OOD,GSE6532,MTLR,44
1,81,0.09901980853375093,0.11475404433150904,0.06139495752943458,0.20902221537839805,3.0,RFS,OOD,GSE6532,PCHazard,40
2,80,0.16981047466397287,0.15754133071559295,0.09261500159888292,0.26094765575628853,3.0,RFS,OOD,GSE6532,PCHazard,40
3,80,0.21889429911971092,0.11797468354430352,0.06319194510415105,0.21448563961319522,3.0,RFS,OOD,GSE6532,PCHazard,40
4,80,0.2819925628602505,0.12705869081767474,0.07044524508551575,0.223359098499754,3.0,RFS,OOD,GSE6532,PCHazard,40
5,80,0.4730258444324136,0.27107835410705283,0.18588814508985407,0.3849958181108192,3.0,RFS,OOD,GSE6532,PCHazard,40
1,81,0.09901980853375093,0.2251191210637543,0.1460597160143905,0.33765941273536093,5.0,RFS,OOD,GSE6532,PCHazard,40
2,80,0.16981047466397287,0.24404053834703776,0.1610124508259949,0.3597081747135864,5.0,RFS,OOD,GSE6532,PCHazard,40
3,80,0.21889429911971092,0.18814542276475166,0.11585790426708342,0.2972928136817927,5.0,RFS,OOD,GSE6532,PCHazard,40
4,80,0.2819925628602505,0.20044953507801988,0.12556457779274355,0.3113155172075541,5.0,RFS,OOD,GSE6532,PCHazard,40
5,80,0.4730258444324136,0.3644141625366719,0.26772790824897497,0.4827164709493865,5.0,RFS,OOD,GSE6532,PCHazard,40
1,81,0.24029062780333155,0.33115649571764916,0.2287732722083664,0.46352345881389256,10.0,RFS,OOD,GSE6532,PCHazard,40
2,80,0.4138655781745911,0.35162492351810437,0.23887055158776294,0.4973200320933925,10.0,RFS,OOD,GSE6532,PCHazard,40
3,80,0.5370501197874546,0.27308706017790174,0.18234889935718135,0.3966796767789802,10.0,RFS,OOD,GSE6532,PCHazard,40
4,80,0.6934557747095823,0.3207927818961045,0.2154478001658351,0.46027577159323596,10.0,RFS,OOD,GSE6532,PCHazard,40
5,80,0.9026896962619503,0.550665427169206,0.4421709741879205,0.6659331783218496,10.0,RFS,OOD,GSE6532,PCHazard,40
1,81,0.07660741129039246,0.08739908739908742,0.04264258279024136,0.17464092306290813,3.0,RFS,OOD,GSE6532,PCHazard,41
2,80,0.12046453654766083,0.14034122179416608,0.08026710052208386,0.23913421143606572,3.0,RFS,OOD,GSE6532,PCHazard,41
3,80,0.17480835765600206,0.13122361820359674,0.07282973977142981,0.23024450448953648,3.0,RFS,OOD,GSE6532,PCHazard,41
4,80,0.2614518664777279,0.14398782343987793,0.08243174767419847,0.24494687872013665,3.0,RFS,OOD,GSE6532,PCHazard,41
5,80,0.5125946400337853,0.2911652154435507,0.2019779422614454,0.4083853551334654,3.0,RFS,OOD,GSE6532,PCHazard,41
1,81,0.07660741129039246,0.19117807680857513,0.1198496491437211,0.2971695802413685,5.0,RFS,OOD,GSE6532,PCHazard,41
2,80,0.12046453654766083,0.20944142274556288,0.13371355482947933,0.31940489746448986,5.0,RFS,OOD,GSE6532,PCHazard,41
3,80,0.17480835765600206,0.1861789790480769,0.1146651911809039,0.29424539650118076,5.0,RFS,OOD,GSE6532,PCHazard,41
4,80,0.2614518664777279,0.24315545348078715,0.16038450363038037,0.358535767914576,5.0,RFS,OOD,GSE6532,PCHazard,41
5,80,0.5125946400337853,0.39889971453942663,0.29549759136083786,0.522721733358533,5.0,RFS,OOD,GSE6532,PCHazard,41
1,81,0.2199897442334964,0.27901589502253565,0.18784342632277728,0.40211847833733394,10.0,RFS,OOD,GSE6532,PCHazard,41
2,80,0.3745058014988899,0.2717377019351278,0.18121955785699073,0.3952230773777913,10.0,RFS,OOD,GSE6532,PCHazard,41
3,80,0.5204998191446066,0.35666907857812336,0.24674748910941835,0.49674111908843555,10.0,RFS,OOD,GSE6532,PCHazard,41
4,80,0.6915388902649283,0.3683084425962566,0.2648659121655813,0.49628645799328286,10.0,RFS,OOD,GSE6532,PCHazard,41
5,80,0.8978077638411062,0.5421983364362215,0.42356366289826064,0.6698251457207263,10.0,RFS,OOD,GSE6532,PCHazard,41
1,81,0.046769437966523345,0.06266666666666643,0.02657121074527169,0.14402856590630309,3.0,RFS,OOD,GSE6532,PCHazard,42
2,80,0.08930964022874832,0.1294687308290179,0.07183504171937571,0.22731613262398442,3.0,RFS,OOD,GSE6532,PCHazard,42
3,80,0.13212060704827308,0.10716966966966934,0.055067548653127574,0.20297371928584507,3.0,RFS,OOD,GSE6532,PCHazard,42
4,80,0.19186534956097603,0.14148790645669374,0.08088705383757477,0.24112688551896433,3.0,RFS,OOD,GSE6532,PCHazard,42
5,80,0.37216126509010794,0.34561708148434,0.2515974911691343,0.46232315495650267,3.0,RFS,OOD,GSE6532,PCHazard,42
1,81,0.046769437966523345,0.09005627705627683,0.04391973496240975,0.1798733741207713,5.0,RFS,OOD,GSE6532,PCHazard,42
2,80,0.08930964022874832,0.19855851409655612,0.12461570692202006,0.30796028755666083,5.0,RFS,OOD,GSE6532,PCHazard,42
3,80,0.13212060704827308,0.22077725011058302,0.1413505857532643,0.33525004963286853,5.0,RFS,OOD,GSE6532,PCHazard,42
4,80,0.19186534956097603,0.2810489857026499,0.19275355480912193,0.3985798226413231,5.0,RFS,OOD,GSE6532,PCHazard,42
5,80,0.37216126509010794,0.4330048554650352,0.3296668842102617,0.5528713914496122,5.0,RFS,OOD,GSE6532,PCHazard,42
1,81,0.11055794174288526,0.19748317262245074,0.11843792399705566,0.31883666416165823,10.0,RFS,OOD,GSE6532,PCHazard,42
2,80,0.22549351379275323,0.33378407800671217,0.230503065024664,0.4671628948520258,10.0,RFS,OOD,GSE6532,PCHazard,42
3,80,0.34557546526193617,0.33161167225980603,0.2313989222457743,0.460302034996652,10.0,RFS,OOD,GSE6532,PCHazard,42
4,80,0.5041836526244878,0.39460424050067544,0.28265351888816903,0.531498273441632,10.0,RFS,OOD,GSE6532,PCHazard,42
5,80,0.8601069569351238,0.5636454092459113,0.44810081492647,0.6855875709769789,10.0,RFS,OOD,GSE6532,PCHazard,42
1,81,0.1275446613629659,0.08723240230089546,0.042561371336958476,0.17431652493226246,3.0,RFS,OOD,GSE6532,PCHazard,43
2,80,0.19452599361538886,0.11630783313325321,0.06223671535852893,0.21173744549702567,3.0,RFS,OOD,GSE6532,PCHazard,43
3,80,0.2498406060039997,0.11874877741114631,0.06360204567040761,0.2158651330650796,3.0,RFS,OOD,GSE6532,PCHazard,43
4,80,0.31606131196022036,0.16719612922144533,0.10068100719042539,0.27052947180564124,3.0,RFS,OOD,GSE6532,PCHazard,43
5,80,0.48885018564760685,0.302603869692477,0.21240545622193685,0.41957198066492885,3.0,RFS,OOD,GSE6532,PCHazard,43
1,81,0.1275446613629659,0.1956423258653881,0.1226614098111074,0.30385615741252037,5.0,RFS,OOD,GSE6532,PCHazard,43
2,80,0.19452599361538886,0.17098160763657322,0.10294715946384514,0.2764939160293809,5.0,RFS,OOD,GSE6532,PCHazard,43
3,80,0.2498406060039997,0.20326929051756082,0.12770182723480483,0.314736854993539,5.0,RFS,OOD,GSE6532,PCHazard,43
4,80,0.31606131196022036,0.2225764526071179,0.14451739397509666,0.33375716524428045,5.0,RFS,OOD,GSE6532,PCHazard,43
5,80,0.48885018564760685,0.4377560720765784,0.3318233582717981,0.5605959729579653,5.0,RFS,OOD,GSE6532,PCHazard,43
1,81,0.2046328937565839,0.22028130469870766,0.13989306714806482,0.33690446548405817,10.0,RFS,OOD,GSE6532,PCHazard,43
2,80,0.34468256011605264,0.3548010002020032,0.24772656402202942,0.49061772016947236,10.0,RFS,OOD,GSE6532,PCHazard,43
3,80,0.48203306309878824,0.24928482683123798,0.15766434115390437,0.3806995234170638,10.0,RFS,OOD,GSE6532,PCHazard,43
4,80,0.6639998473227025,0.4882310601805582,0.3751643662020725,0.6148909522641891,10.0,RFS,OOD,GSE6532,PCHazard,43
5,80,0.9150770301076552,0.5331438223806765,0.40879452265695204,0.6684486395665745,10.0,RFS,OOD,GSE6532,PCHazard,43
1,81,0.052608730616392915,0.12728017057569263,0.07056063669088863,0.2237585565485093,3.0,RFS,OOD,GSE6532,PCHazard,44
2,80,0.09138452336192131,0.10370451110682255,0.053236197895189075,0.1967731475636395,3.0,RFS,OOD,GSE6532,PCHazard,44
3,80,0.1338178262114525,0.14656338560362736,0.08393526412289021,0.24911487265850685,3.0,RFS,OOD,GSE6532,PCHazard,44
4,80,0.2042689263820648,0.1435341514455436,0.08215317348556939,0.24424914488166538,3.0,RFS,OOD,GSE6532,PCHazard,44
5,80,0.3755817897617817,0.2684476342371075,0.1840387013032022,0.3814717935258407,3.0,RFS,OOD,GSE6532,PCHazard,44
1,81,0.052608730616392915,0.18059206010762474,0.11107483330994361,0.2860356403282316,5.0,RFS,OOD,GSE6532,PCHazard,44
2,80,0.09138452336192131,0.21775216340496917,0.13920942951593163,0.3312419491527733,5.0,RFS,OOD,GSE6532,PCHazard,44
3,80,0.1338178262114525,0.20233601232787013,0.12716044914742164,0.31324286513567023,5.0,RFS,OOD,GSE6532,PCHazard,44
4,80,0.2042689263820648,0.22695159701832412,0.14745993769531118,0.3398861434373498,5.0,RFS,OOD,GSE6532,PCHazard,44
5,80,0.3755817897617817,0.40037347316433514,0.2982666597471417,0.5221716347948862,5.0,RFS,OOD,GSE6532,PCHazard,44
1,81,0.12816853434951217,0.2743623482282923,0.18250185430132515,0.39975165860713713,10.0,RFS,OOD,GSE6532,PCHazard,44
2,80,0.23855274990200998,0.34455953280410856,0.24091910263888794,0.4766109475193193,10.0,RFS,OOD,GSE6532,PCHazard,44
3,80,0.37542531341314317,0.2955549785302011,0.19371103129756229,0.4345091173387817,10.0,RFS,OOD,GSE6532,PCHazard,44
4,80,0.5264276999980211,0.41242003175335873,0.3008362232672377,0.5461970932260096,10.0,RFS,OOD,GSE6532,PCHazard,44
5,80,0.8008931808781199,0.48921473848302355,0.3795311018713796,0.6115596996368335,10.0,RFS,OOD,GSE6532,PCHazard,44
1,81,0.03489039562366627,0.24193856394587498,0.16168510834342242,0.35275986242786295,3.0,RFS,OOD,GSE6532,PMF,40
2,80,0.04631539210677147,0.10918458154079669,0.05609604576993643,0.2066962712330639,3.0,RFS,OOD,GSE6532,PMF,40
3,80,0.05239703804254532,0.12728551336146232,0.07059245138409997,0.22368429457549543,3.0,RFS,OOD,GSE6532,PMF,40
4,80,0.06055488437414169,0.12881268037518012,0.07145793904453956,0.22623585872567042,3.0,RFS,OOD,GSE6532,PMF,40
5,80,0.08206640258431434,0.18033569823525886,0.11092599692935601,0.28562197186492355,3.0,RFS,OOD,GSE6532,PMF,40
1,81,0.08494808865182193,0.1527070714822526,0.08970454793151961,0.253354431336246,5.0,RFS,OOD,GSE6532,PMF,40
2,80,0.117717806994915,0.09530983367845369,0.04651040628236691,0.18994243142484957,5.0,RFS,OOD,GSE6532,PMF,40
3,80,0.14527726918458939,0.20052183134112334,0.12597459709501768,0.3106274362213427,5.0,RFS,OOD,GSE6532,PMF,40
4,80,0.19443642124533653,0.32913446362357723,0.23522659375891186,0.4479958236366012,5.0,RFS,OOD,GSE6532,PMF,40
5,80,0.47070964723825454,0.4579412662428909,0.3496390238939455,0.5817414793796938,5.0,RFS,OOD,GSE6532,PMF,40
1,81,0.215663410263297,0.20722602561677306,0.1268463907570534,0.3280337081825522,10.0,RFS,OOD,GSE6532,PMF,40
2,80,0.2871261402964592,0.3140457767170719,0.20960217512866675,0.4534137621000093,10.0,RFS,OOD,GSE6532,PMF,40
3,80,0.3614400506019592,0.29073370802952636,0.19180226817629942,0.4254489336402313,10.0,RFS,OOD,GSE6532,PMF,40
4,80,0.47672123908996583,0.45302529789511947,0.339750337417176,0.583929935004268,10.0,RFS,OOD,GSE6532,PMF,40
5,80,0.7232636198401451,0.5624042324308068,0.4502954978149052,0.6806556731080807,10.0,RFS,OOD,GSE6532,PMF,40
1,81,0.026355493951726844,0.24468551478959444,0.16351657678829157,0.3566370881928522,3.0,RFS,OOD,GSE6532,PMF,41
2,80,0.03688719496130943,0.11399304920431674,0.0609960407011364,0.2076498850865891,3.0,RFS,OOD,GSE6532,PMF,41
3,80,0.04351277723908424,0.1517628205128203,0.08918107814621379,0.2517546259896055,3.0,RFS,OOD,GSE6532,PMF,41
4,80,0.05080214068293572,0.1500704897730757,0.08597160710588292,0.25481166891481644,3.0,RFS,OOD,GSE6532,PMF,41
5,80,0.06592193841934205,0.1278102734051363,0.07085651512034097,0.22465752941671258,3.0,RFS,OOD,GSE6532,PMF,41
1,81,0.0489338673191306,0.15284860269711775,0.08972831668546655,0.25373367295614035,5.0,RFS,OOD,GSE6532,PMF,41
2,80,0.08138842582702636,0.2277984512064396,0.14801671213458545,0.3410971846690227,5.0,RFS,OOD,GSE6532,PMF,41
3,80,0.12291600480675698,0.3013540345249285,0.2096155093343366,0.4211395946178015,5.0,RFS,OOD,GSE6532,PMF,41
4,80,0.18762173280119895,0.2095108633095364,0.1339083818749659,0.31919063490696487,5.0,RFS,OOD,GSE6532,PMF,41
5,80,0.43001633509993553,0.3375505805693282,0.24120953740242768,0.4590263262065043,5.0,RFS,OOD,GSE6532,PMF,41
1,81,0.20974008021531282,0.18458674644158823,0.1109731417338129,0.2981269825846298,10.0,RFS,OOD,GSE6532,PMF,41
2,80,0.34048169255256655,0.33590072871854826,0.22869016920743035,0.4754623720665362,10.0,RFS,OOD,GSE6532,PMF,41
3,80,0.43822791427373886,0.3144186318862676,0.2153550107871336,0.44431829931934597,10.0,RFS,OOD,GSE6532,PMF,41
4,80,0.5262397669255734,0.44604045750497867,0.33890826710755606,0.56957984352851,10.0,RFS,OOD,GSE6532,PMF,41
5,80,0.6735964268445969,0.5502648836575066,0.42579446571876345,0.6836896268722648,10.0,RFS,OOD,GSE6532,PMF,41
1,81,0.03287597202960356,0.1803634178521506,0.11099493919789527,0.28554527449795797,3.0,RFS,OOD,GSE6532,PMF,42
2,80,0.045761093497276306,0.14685248259269645,0.0840519359498646,0.249721970362773,3.0,RFS,OOD,GSE6532,PMF,42
3,80,0.05232188403606415,0.11453076685219521,0.061282033685542636,0.20860678660669485,3.0,RFS,OOD,GSE6532,PMF,42
4,80,0.05917081981897354,0.1772514204545449,0.1090055854027967,0.2809402275196845,3.0,RFS,OOD,GSE6532,PMF,42
5,80,0.07452313080430031,0.16685114004548096,0.10046725969898007,0.27000281885915167,3.0,RFS,OOD,GSE6532,PMF,42
1,81,0.06130851786813618,0.09116076917706872,0.04451972319722575,0.18178424640686341,5.0,RFS,OOD,GSE6532,PMF,42
2,80,0.09733853340148926,0.15929318974401885,0.09354721258219667,0.26400555486992827,5.0,RFS,OOD,GSE6532,PMF,42
3,80,0.13432542309165002,0.22282209193130265,0.14466814350123702,0.33413079560230197,5.0,RFS,OOD,GSE6532,PMF,42
4,80,0.2238266423344612,0.4233657525818597,0.3203654093545537,0.5438036605246246,5.0,RFS,OOD,GSE6532,PMF,42
5,80,0.4320974931120872,0.33374712742920787,0.23671397969938768,0.45691284518054576,5.0,RFS,OOD,GSE6532,PMF,42
1,81,0.18201587450357132,0.2552760320882448,0.16516650777180175,0.3819757367235612,10.0,RFS,OOD,GSE6532,PMF,42
2,80,0.2940270036458969,0.2770586356527114,0.18046340167581498,0.4107273780659436,10.0,RFS,OOD,GSE6532,PMF,42
3,80,0.3598359875380993,0.3528122772373865,0.24867937030463194,0.4842671308940357,10.0,RFS,OOD,GSE6532,PMF,42
4,80,0.4449749067425728,0.49096139307967535,0.3736204711118045,0.6226734690973084,10.0,RFS,OOD,GSE6532,PMF,42
5,80,0.5949469543993473,0.4484236308688301,0.338581268181922,0.5752981555896326,10.0,RFS,OOD,GSE6532,PMF,42
1,81,0.03208211836991487,0.2041876541940788,0.13038270099779037,0.3116008133208896,3.0,RFS,OOD,GSE6532,PMF,43
2,80,0.04387895241379738,0.18424143345504318,0.1134251301122402,0.29138843377148904,3.0,RFS,OOD,GSE6532,PMF,43
3,80,0.051485007256269456,0.1557605290636963,0.09157460634686732,0.2580717574411079,3.0,RFS,OOD,GSE6532,PMF,43
4,80,0.061568281054496764,0.1523972602739726,0.08954120140817834,0.25280818292435814,3.0,RFS,OOD,GSE6532,PMF,43
5,80,0.0788766473531723,0.0922461006387898,0.04505261441051445,0.1838748479465664,3.0,RFS,OOD,GSE6532,PMF,43
1,81,0.05588660858295582,0.06416800189929295,0.027209704205359175,0.147373320680806,5.0,RFS,OOD,GSE6532,PMF,43
2,80,0.09956929236650466,0.13310468490365301,0.07388408472770724,0.23341468609721816,5.0,RFS,OOD,GSE6532,PMF,43
3,80,0.1403794579207897,0.3130383591354208,0.22166254328785528,0.43026969965548834,5.0,RFS,OOD,GSE6532,PMF,43
4,80,0.2110064409673214,0.3080645959447279,0.21585254426200184,0.4274946488797604,5.0,RFS,OOD,GSE6532,PMF,43
5,80,0.4671385072171688,0.4177145029368845,0.31204743285723757,0.5424645266593626,5.0,RFS,OOD,GSE6532,PMF,43
1,81,0.18167969326914093,0.14641377578053605,0.08038945406758147,0.2584755384356713,10.0,RFS,OOD,GSE6532,PMF,43
2,80,0.28846943825483323,0.35218245298047557,0.2391866244338271,0.4981661685948455,10.0,RFS,OOD,GSE6532,PMF,43
3,80,0.3732707478106022,0.38064324497194635,0.2734714068350289,0.5124670100406601,10.0,RFS,OOD,GSE6532,PMF,43
4,80,0.48352150321006776,0.5196500976752663,0.4045826355870894,0.64545922661798,10.0,RFS,OOD,GSE6532,PMF,43
5,80,0.6870248101651668,0.4302252122508903,0.32245258121011044,0.5564072168705672,10.0,RFS,OOD,GSE6532,PMF,43
1,81,0.0359689505011947,0.1669221580658825,0.10047332238581186,0.27020277380966373,3.0,RFS,OOD,GSE6532,PMF,44
2,80,0.055587895959615705,0.2571399332451664,0.17412886104674308,0.36987192419977066,3.0,RFS,OOD,GSE6532,PMF,44
3,80,0.06814249083399773,0.13124399909863993,0.07283851212742065,0.23028648602828528,3.0,RFS,OOD,GSE6532,PMF,44
4,80,0.08021482452750206,0.09184367663098714,0.04486125029558086,0.18307641236803607,3.0,RFS,OOD,GSE6532,PMF,44
5,80,0.10430750772356986,0.13909104185530252,0.07952128203213127,0.23714943526800003,3.0,RFS,OOD,GSE6532,PMF,44
1,81,0.06242800568356926,0.1275443573278604,0.07069414502122062,0.22424692540059066,5.0,RFS,OOD,GSE6532,PMF,44
2,80,0.10067227631807327,0.16003440902499555,0.09406387553606421,0.26498911184830287,5.0,RFS,OOD,GSE6532,PMF,44
3,80,0.12883289083838462,0.20585998813811657,0.12933636836274465,0.318594792602488,5.0,RFS,OOD,GSE6532,PMF,44
4,80,0.17619626224040985,0.33694547098564853,0.24148571568179367,0.4571149952139242,5.0,RFS,OOD,GSE6532,PMF,44
5,80,0.3356163054704666,0.39720410493777003,0.2961466644032563,0.517884474653934,5.0,RFS,OOD,GSE6532,PMF,44
1,81,0.1832802383987992,0.10432528785136197,0.0506381661309947,0.20832307656122062,10.0,RFS,OOD,GSE6532,PMF,44
2,80,0.291044770181179,0.38062840521861574,0.26734027247893155,0.5218021570494638,10.0,RFS,OOD,GSE6532,PMF,44
3,80,0.3503883212804794,0.4151517780019073,0.3022261699858644,0.5504710667626522,10.0,RFS,OOD,GSE6532,PMF,44
4,80,0.4418314076960087,0.4827301189485411,0.3695243017324915,0.6101575090521404,10.0,RFS,OOD,GSE6532,PMF,44
5,80,0.6833169765770435,0.4329206970608047,0.32704368206626955,0.5562176040292601,10.0,RFS,OOD,GSE6532,PMF,44
1,81,0.09240254428651598,0.06605915789786132,0.028022375785645592,0.1515375712200827,3.0,RFS,OOD,GSE6532,RSF,40
2,80,0.10953259766101837,0.104580065201615,0.053692598359669774,0.19836249392905614,3.0,RFS,OOD,GSE6532,RSF,40
3,80,0.12253747209906578,0.14140271493212653,0.08091058014975505,0.24079106992546384,3.0,RFS,OOD,GSE6532,RSF,40
4,80,0.13874560892581939,0.2306770351688382,0.15207462358190227,0.3409100066777552,3.0,RFS,OOD,GSE6532,RSF,40
5,80,0.1656171053647995,0.2432868303571426,0.16255017510972736,0.35472780316436325,3.0,RFS,OOD,GSE6532,RSF,40
1,81,0.16800377398361394,0.13887665778960245,0.07705027227124461,0.24331976866688554,5.0,RFS,OOD,GSE6532,RSF,40
2,80,0.1997373580932617,0.16833050854113674,0.10136579084697428,0.2723041613191006,5.0,RFS,OOD,GSE6532,RSF,40
3,80,0.22311916649341584,0.24290353487242322,0.16017726609689797,0.3582573675049121,5.0,RFS,OOD,GSE6532,RSF,40
4,80,0.25073503851890566,0.3186469046178664,0.22577642268851783,0.43744204705263456,5.0,RFS,OOD,GSE6532,RSF,40
5,80,0.29796634465456007,0.35063572649530295,0.25512916023472665,0.4689518442003824,5.0,RFS,OOD,GSE6532,RSF,40
1,81,0.3119260256673083,0.2500584674636259,0.15508948012300883,0.38820480563029847,10.0,RFS,OOD,GSE6532,RSF,40
2,80,0.36296695172786714,0.3813971069881683,0.2721305676374558,0.5162785654368347,10.0,RFS,OOD,GSE6532,RSF,40
3,80,0.39425593316555024,0.32816837508057173,0.22925656458796617,0.45531051697803515,10.0,RFS,OOD,GSE6532,RSF,40
4,80,0.428470017015934,0.4305584585121748,0.319129153310832,0.5617250705671822,10.0,RFS,OOD,GSE6532,RSF,40
5,80,0.4889007244259119,0.4182961255511072,0.3139222532978879,0.5411853798259082,10.0,RFS,OOD,GSE6532,RSF,40
1,81,0.06568675055915926,0.0642465753424657,0.02722797470961491,0.14762499157992282,3.0,RFS,OOD,GSE6532,RSF,41
2,80,0.08253098577260971,0.11781011781011741,0.0630996097595441,0.21420826956825179,3.0,RFS,OOD,GSE6532,RSF,41
3,80,0.10155549123883248,0.1441642967964224,0.08250331045839154,0.24531716680274973,3.0,RFS,OOD,GSE6532,RSF,41
4,80,0.1248463973402977,0.22072129822129793,0.14337808392637474,0.330935697700128,3.0,RFS,OOD,GSE6532,RSF,41
5,80,0.15974149480462074,0.24042693661971815,0.16061325056035936,0.3507466999444566,3.0,RFS,OOD,GSE6532,RSF,41
1,81,0.15220976390956362,0.10942404594046662,0.05614111593036342,0.20739871795616172,5.0,RFS,OOD,GSE6532,RSF,41
2,80,0.18697763830423356,0.21244501755732503,0.13581774838488825,0.32343956486453995,5.0,RFS,OOD,GSE6532,RSF,41
3,80,0.223520115762949,0.22586363861001968,0.1466670931194648,0.3384863182312098,5.0,RFS,OOD,GSE6532,RSF,41
4,80,0.26216529607772826,0.3358969231904576,0.24056177099326437,0.4560240418804917,5.0,RFS,OOD,GSE6532,RSF,41
5,80,0.31751043498516085,0.3366600638496009,0.242760370637208,0.45441244255898894,5.0,RFS,OOD,GSE6532,RSF,41
1,81,0.321677346288422,0.2778403646772595,0.1753364133502633,0.4228325360871744,10.0,RFS,OOD,GSE6532,RSF,41
2,80,0.3789248801767826,0.27839605867260253,0.18370053483824933,0.4081430221732574,10.0,RFS,OOD,GSE6532,RSF,41
3,80,0.4288634568452835,0.37006068131026026,0.2636591700822102,0.5023138414931967,10.0,RFS,OOD,GSE6532,RSF,41
4,80,0.47555423974990846,0.4597064882966856,0.34956130094823235,0.5857189855311082,10.0,RFS,OOD,GSE6532,RSF,41
5,80,0.5418712724000215,0.42979400984563654,0.3222832193088998,0.5556684353175949,10.0,RFS,OOD,GSE6532,RSF,41
1,81,0.07359111897739364,0.05278338327320142,0.020115274114529513,0.13472946224724935,3.0,RFS,OOD,GSE6532,RSF,42
2,80,0.09029627069830895,0.1150899400399732,0.061607075231449704,0.20951544264685606,3.0,RFS,OOD,GSE6532,RSF,42
3,80,0.1064307689666748,0.1586411196366817,0.09334159870554637,0.262509882264956,3.0,RFS,OOD,GSE6532,RSF,42
4,80,0.12711794003844262,0.18048834608400877,0.11105156458366627,0.2857834010880774,3.0,RFS,OOD,GSE6532,RSF,42
5,80,0.16114123538136482,0.2788306451612903,0.1932466368857575,0.39200654270769486,3.0,RFS,OOD,GSE6532,RSF,42
1,81,0.14503500932528648,0.12381654454042568,0.06626452261893234,0.2249496860183854,5.0,RFS,OOD,GSE6532,RSF,42
2,80,0.1766233891248703,0.1434938418781273,0.08210284891338748,0.2442559555749526,5.0,RFS,OOD,GSE6532,RSF,42
3,80,0.2050379768013954,0.26990251896113104,0.18298348779816387,0.38716682918757095,5.0,RFS,OOD,GSE6532,RSF,42
4,80,0.24167540296912193,0.3149730578512395,0.22312851572640446,0.43266837504019473,5.0,RFS,OOD,GSE6532,RSF,42
5,80,0.2974872156977654,0.3643704570170202,0.2672155739861569,0.4833794068857653,5.0,RFS,OOD,GSE6532,RSF,42
1,81,0.3079103113692484,0.2259879434409786,0.13225694446962577,0.370345319865513,10.0,RFS,OOD,GSE6532,RSF,42
2,80,0.3611045964062214,0.2777723661768732,0.18554316521382241,0.40307972751276344,10.0,RFS,OOD,GSE6532,RSF,42
3,80,0.4075600326061249,0.42158959459773604,0.3067399930468413,0.5587477216555918,10.0,RFS,OOD,GSE6532,RSF,42
4,80,0.45596351101994514,0.47442288214639317,0.3635277425376292,0.5998121895422559,10.0,RFS,OOD,GSE6532,RSF,42
5,80,0.5153585344552993,0.42197813296419573,0.31551783760579366,0.5473247292795551,10.0,RFS,OOD,GSE6532,RSF,42
1,81,0.067381822032693,0.012658227848101222,0.0017928308560135608,0.0864676146914306,3.0,RFS,OOD,GSE6532,RSF,43
2,80,0.08669745251536369,0.14090570822193427,0.08058950586254832,0.24006880803521435,3.0,RFS,OOD,GSE6532,RSF,43
3,80,0.10457750856876373,0.13142857142857145,0.07297239180758919,0.2305103092835804,3.0,RFS,OOD,GSE6532,RSF,43
4,80,0.1299171857535839,0.229296248711635,0.15104473727894308,0.3391719537171247,3.0,RFS,OOD,GSE6532,RSF,43
5,80,0.17515820637345314,0.2711171322461924,0.18586429405252192,0.38513902643685727,3.0,RFS,OOD,GSE6532,RSF,43
1,81,0.14861922131644356,0.055194907344289,0.021042971972746627,0.14064491451035177,5.0,RFS,OOD,GSE6532,RSF,43
2,80,0.18660617768764495,0.19872679045092834,0.12472929981688397,0.3081952160254805,5.0,RFS,OOD,GSE6532,RSF,43
3,80,0.21958374232053757,0.28040603111994955,0.19251422588556388,0.3973455648675013,5.0,RFS,OOD,GSE6532,RSF,43
4,80,0.2630691885948181,0.3211279250795973,0.22736974798025167,0.4409801464433112,5.0,RFS,OOD,GSE6532,RSF,43
5,80,0.3297632984817028,0.3683436525172973,0.2706018907014298,0.48772108011317916,5.0,RFS,OOD,GSE6532,RSF,43
1,81,0.2918823913291649,0.20406681990618059,0.11775318782356103,0.34019128967675216,10.0,RFS,OOD,GSE6532,RSF,43
2,80,0.347024717181921,0.33433443372966887,0.23078893157238267,0.46805173400068933,10.0,RFS,OOD,GSE6532,RSF,43
3,80,0.39487111642956735,0.38806948175441514,0.27960875243548666,0.5207341120201148,10.0,RFS,OOD,GSE6532,RSF,43
4,80,0.44730586782097814,0.4318191373073835,0.3187709688461152,0.5650631459871642,10.0,RFS,OOD,GSE6532,RSF,43
5,80,0.520664493739605,0.46360540956616025,0.35731095832028237,0.5842242230693442,10.0,RFS,OOD,GSE6532,RSF,43
1,81,0.0728090751318284,0.06682782087193828,0.02834292367523239,0.15327733099377827,3.0,RFS,OOD,GSE6532,RSF,44
2,80,0.09152052700519561,0.0895021074815594,0.04368846659185499,0.17865007464460492,3.0,RFS,OOD,GSE6532,RSF,44
3,80,0.10773098841309547,0.15560530945146323,0.09150899952696445,0.2577573221130103,3.0,RFS,OOD,GSE6532,RSF,44
4,80,0.12805332243442535,0.20783449600512183,0.1328177833077473,0.31676044137767034,3.0,RFS,OOD,GSE6532,RSF,44
5,80,0.1584160476922989,0.2663103336572723,0.18244072793684663,0.3787778526282578,3.0,RFS,OOD,GSE6532,RSF,44
1,81,0.14575179859443946,0.11390793079787442,0.05855072790225735,0.21525745728419887,5.0,RFS,OOD,GSE6532,RSF,44
2,80,0.17888328805565834,0.15733533248224252,0.09246164476302399,0.26069878899866683,5.0,RFS,OOD,GSE6532,RSF,44
3,80,0.20792098045349122,0.28100186537753036,0.19288993257106823,0.39821724322485186,5.0,RFS,OOD,GSE6532,RSF,44
4,80,0.2393755681812763,0.33358743665540525,0.23887319578808675,0.45307122513457354,5.0,RFS,OOD,GSE6532,RSF,44
5,80,0.2875694088637829,0.3329018470324585,0.23990157164963644,0.44977259053644014,5.0,RFS,OOD,GSE6532,RSF,44
1,81,0.30214285997696866,0.24243273426461076,0.14685333061567363,0.38452009496317896,10.0,RFS,OOD,GSE6532,RSF,44
2,80,0.3568658918142319,0.32349768271341817,0.22078762503427218,0.45787202007066086,10.0,RFS,OOD,GSE6532,RSF,44
3,80,0.3989905841648579,0.4686375064025672,0.3523013480676974,0.6016952669579417,10.0,RFS,OOD,GSE6532,RSF,44
4,80,0.4428203195333481,0.42767359542701433,0.3204885574541425,0.5533495484674902,10.0,RFS,OOD,GSE6532,RSF,44
5,80,0.5015974782407284,0.35985334713762385,0.26112371980352367,0.48184109865272395,10.0,RFS,OOD,GSE6532,RSF,44
1,20,0.063234144449234,0.0,0.0,0.0,3.0,RFS,OOD,GSE19783,TabSurv_M,40
2,20,0.10228422284126282,0.050000000000000044,0.0071977714066028264,0.3052568067434299,3.0,RFS,OOD,GSE19783,TabSurv_M,40
3,19,0.1350023213185762,0.26315789473684204,0.11898061096333379,0.5210671140117462,3.0,RFS,OOD,GSE19783,TabSurv_M,40
4,20,0.1857581168413162,0.30000000000000004,0.14748183144480875,0.5494540152928442,3.0,RFS,OOD,GSE19783,TabSurv_M,40
5,20,0.26477542221546174,0.35,0.18469509502198866,0.5969988004454788,3.0,RFS,OOD,GSE19783,TabSurv_M,40
1,20,0.1343432456254959,0.050000000000000044,0.0071977714066028264,0.3052568067434299,5.0,RFS,OOD,GSE19783,TabSurv_M,40
2,20,0.19783206880092621,0.20000000000000007,0.08018208641154378,0.4488544357192724,5.0,RFS,OOD,GSE19783,TabSurv_M,40
3,19,0.24053198099136353,0.42105263157894723,0.2373600749703766,0.6679188705126937,5.0,RFS,OOD,GSE19783,TabSurv_M,40
4,20,0.3030340850353241,0.3999999999999999,0.22395050254575188,0.6427080303423605,5.0,RFS,OOD,GSE19783,TabSurv_M,40
5,20,0.38598679602146146,0.35,0.18469509502198866,0.5969988004454788,5.0,RFS,OOD,GSE19783,TabSurv_M,40
1,20,0.32160491943359376,0.38750000000000007,0.19902638138686235,0.6613531063560156,10.0,RFS,OOD,GSE19783,TabSurv_M,40
2,20,0.4055536240339279,0.35,0.18469509502198866,0.5969988004454788,10.0,RFS,OOD,GSE19783,TabSurv_M,40
3,19,0.45509483939722967,0.5037593984962405,0.2946119272688308,0.7550667233296384,10.0,RFS,OOD,GSE19783,TabSurv_M,40
4,20,0.5091309458017349,0.3999999999999999,0.22395050254575188,0.6427080303423605,10.0,RFS,OOD,GSE19783,TabSurv_M,40
5,20,0.5807961359620094,0.60625,0.4031989594237074,0.8141771986245705,10.0,RFS,OOD,GSE19783,TabSurv_M,40
1,20,0.0823195219039917,0.050000000000000044,0.0071977714066028264,0.3052568067434299,3.0,RFS,OOD,GSE19783,TabSurv_M,41
2,20,0.11440513432025909,0.09999999999999998,0.025989825604225025,0.34396929273843324,3.0,RFS,OOD,GSE19783,TabSurv_M,41
3,19,0.1431872185907866,0.21052631578947367,0.08471389897141945,0.46808733380730694,3.0,RFS,OOD,GSE19783,TabSurv_M,41
4,20,0.19023035764694213,0.2500000000000001,0.11252908108411219,0.5000560920342481,3.0,RFS,OOD,GSE19783,TabSurv_M,41
5,20,0.2693458318710327,0.35,0.18469509502198866,0.5969988004454788,3.0,RFS,OOD,GSE19783,TabSurv_M,41
1,20,0.17064755260944367,0.15000000000000002,0.05100389020620577,0.3962103007797009,5.0,RFS,OOD,GSE19783,TabSurv_M,41
2,20,0.22212991416454314,0.20000000000000007,0.08018208641154378,0.4488544357192724,5.0,RFS,OOD,GSE19783,TabSurv_M,41
3,19,0.2552229573852138,0.3157894736842104,0.156058153457156,0.5720593610518514,5.0,RFS,OOD,GSE19783,TabSurv_M,41
4,20,0.3071328938007355,0.4,0.2239505025457521,0.6427080303423605,5.0,RFS,OOD,GSE19783,TabSurv_M,41
5,20,0.3989488571882248,0.35,0.18469509502198866,0.5969988004454788,5.0,RFS,OOD,GSE19783,TabSurv_M,41
1,20,0.3777543693780899,0.3571428571428571,0.18839774599375425,0.6074888009751119,10.0,RFS,OOD,GSE19783,TabSurv_M,41
2,20,0.44318386614322663,0.20000000000000007,0.08018208641154378,0.4488544357192724,10.0,RFS,OOD,GSE19783,TabSurv_M,41
3,19,0.47788378753160177,0.5588972431077693,0.34492684192593714,0.7947792722486626,10.0,RFS,OOD,GSE19783,TabSurv_M,41
4,20,0.5222294941544533,0.5,0.3081075405784225,0.7286722427068721,10.0,RFS,OOD,GSE19783,TabSurv_M,41
5,20,0.6075001016259194,0.6000000000000001,0.39954371274468414,0.8071882920909721,10.0,RFS,OOD,GSE19783,TabSurv_M,41
1,20,0.07757572829723358,0.050000000000000044,0.0071977714066028264,0.3052568067434299,3.0,RFS,OOD,GSE19783,TabSurv_M,42
2,20,0.12036918103694916,0.050000000000000044,0.0071977714066028264,0.3052568067434299,3.0,RFS,OOD,GSE19783,TabSurv_M,42
3,19,0.15663513070658633,0.21052631578947367,0.08471389897141945,0.46808733380730694,3.0,RFS,OOD,GSE19783,TabSurv_M,42
4,20,0.19364545941352845,0.20000000000000007,0.08018208641154378,0.4488544357192724,3.0,RFS,OOD,GSE19783,TabSurv_M,42
5,20,0.27318781316280366,0.44999999999999996,0.26511279222501805,0.6866000144811438,3.0,RFS,OOD,GSE19783,TabSurv_M,42
1,20,0.1409209430217743,0.050000000000000044,0.0071977714066028264,0.3052568067434299,5.0,RFS,OOD,GSE19783,TabSurv_M,42
2,20,0.20138661861419677,0.30000000000000004,0.14748183144480875,0.5494540152928442,5.0,RFS,OOD,GSE19783,TabSurv_M,42
3,19,0.24880123138427734,0.36842105263157876,0.19559113288626362,0.6210071584223045,5.0,RFS,OOD,GSE19783,TabSurv_M,42
4,20,0.29027797281742096,0.2500000000000001,0.11252908108411219,0.5000560920342481,5.0,RFS,OOD,GSE19783,TabSurv_M,42
5,20,0.38238851726055145,0.44999999999999996,0.26511279222501805,0.6866000144811438,5.0,RFS,OOD,GSE19783,TabSurv_M,42
1,20,0.3195254296064377,0.2727272727272728,0.12094820485032098,0.5446484549618763,10.0,RFS,OOD,GSE19783,TabSurv_M,42
2,20,0.3984458208084106,0.30000000000000004,0.14748183144480875,0.5494540152928442,10.0,RFS,OOD,GSE19783,TabSurv_M,42
3,19,0.449151359106365,0.7473684210526316,0.5137557089207727,0.9275751372108973,10.0,RFS,OOD,GSE19783,TabSurv_M,42
4,20,0.48857050836086274,0.4,0.2239505025457521,0.6427080303423605,10.0,RFS,OOD,GSE19783,TabSurv_M,42
5,20,0.576426587998867,0.55,0.35291038839858757,0.7688918905184681,10.0,RFS,OOD,GSE19783,TabSurv_M,42
1,20,0.08052048683166504,0.050000000000000044,0.0071977714066028264,0.3052568067434299,3.0,RFS,OOD,GSE19783,TabSurv_M,43
2,20,0.12177771329879761,0.09999999999999998,0.025989825604225025,0.34396929273843324,3.0,RFS,OOD,GSE19783,TabSurv_M,43
3,19,0.15550807588978818,0.21052631578947367,0.08471389897141945,0.46808733380730694,3.0,RFS,OOD,GSE19783,TabSurv_M,43
4,20,0.210550394654274,0.2500000000000001,0.11252908108411219,0.5000560920342481,3.0,RFS,OOD,GSE19783,TabSurv_M,43
5,20,0.2788301855325699,0.35,0.18469509502198866,0.5969988004454788,3.0,RFS,OOD,GSE19783,TabSurv_M,43
1,20,0.15629758238792418,0.09999999999999998,0.025989825604225025,0.34396929273843324,5.0,RFS,OOD,GSE19783,TabSurv_M,43
2,20,0.21740447580814362,0.20000000000000007,0.08018208641154378,0.4488544357192724,5.0,RFS,OOD,GSE19783,TabSurv_M,43
3,19,0.26267442891472265,0.4736842105263156,0.28123622988026276,0.7127987510197109,5.0,RFS,OOD,GSE19783,TabSurv_M,43
4,20,0.3318120151758194,0.30000000000000004,0.14748183144480875,0.5494540152928442,5.0,RFS,OOD,GSE19783,TabSurv_M,43
5,20,0.39912688434123994,0.35,0.18469509502198866,0.5969988004454788,5.0,RFS,OOD,GSE19783,TabSurv_M,43
1,20,0.34226006269454956,0.2500000000000001,0.11252908108411219,0.5000560920342481,10.0,RFS,OOD,GSE19783,TabSurv_M,43
2,20,0.42621448934078215,0.5285714285714285,0.3212340059184633,0.7676236501258064,10.0,RFS,OOD,GSE19783,TabSurv_M,43
3,19,0.4705432088751542,0.49342105263157887,0.29076410803450414,0.7397667793768823,10.0,RFS,OOD,GSE19783,TabSurv_M,43
4,20,0.5369584247469902,0.5111111111111111,0.3140248538023883,0.7430047641695314,10.0,RFS,OOD,GSE19783,TabSurv_M,43
5,20,0.593352296948433,0.44999999999999996,0.26511279222501805,0.6866000144811438,10.0,RFS,OOD,GSE19783,TabSurv_M,43
1,20,0.06481265723705291,0.0,0.0,0.0,3.0,RFS,OOD,GSE19783,TabSurv_M,44
2,20,0.11719269454479217,0.09999999999999998,0.025989825604225025,0.34396929273843324,3.0,RFS,OOD,GSE19783,TabSurv_M,44
3,19,0.17413265454141716,0.21052631578947367,0.08471389897141945,0.46808733380730694,3.0,RFS,OOD,GSE19783,TabSurv_M,44
4,20,0.23365175426006318,0.20000000000000007,0.08018208641154378,0.4488544357192724,3.0,RFS,OOD,GSE19783,TabSurv_M,44
5,20,0.31646317839622495,0.44999999999999996,0.26511279222501805,0.6866000144811438,3.0,RFS,OOD,GSE19783,TabSurv_M,44
1,20,0.13234207034111023,0.15000000000000002,0.05100389020620577,0.3962103007797009,5.0,RFS,OOD,GSE19783,TabSurv_M,44
2,20,0.21337014734745025,0.20000000000000007,0.08018208641154378,0.4488544357192724,5.0,RFS,OOD,GSE19783,TabSurv_M,44
3,19,0.2859345486289577,0.26315789473684204,0.11898061096333379,0.5210671140117462,5.0,RFS,OOD,GSE19783,TabSurv_M,44
4,20,0.3538141518831253,0.2500000000000001,0.11252908108411219,0.5000560920342481,5.0,RFS,OOD,GSE19783,TabSurv_M,44
5,20,0.4442250281572342,0.55,0.35291038839858757,0.7688918905184681,5.0,RFS,OOD,GSE19783,TabSurv_M,44
1,20,0.3257779568433762,0.32500000000000007,0.1573437937288864,0.5943930956660397,10.0,RFS,OOD,GSE19783,TabSurv_M,44
2,20,0.4384267270565033,0.3999999999999999,0.22395050254575188,0.6427080303423605,10.0,RFS,OOD,GSE19783,TabSurv_M,44
3,19,0.5049193579899637,0.48325358851674627,0.2867326037407375,0.724711663992678,10.0,RFS,OOD,GSE19783,TabSurv_M,44
4,20,0.5641275033354759,0.44999999999999996,0.26511279222501805,0.6866000144811438,10.0,RFS,OOD,GSE19783,TabSurv_M,44
5,20,0.642027747631073,0.55,0.35291038839858757,0.7688918905184681,10.0,RFS,OOD,GSE19783,TabSurv_M,44
1,20,0.036257621645927426,0.09999999999999998,0.025989825604225025,0.34396929273843324,3.0,RFS,OOD,GSE19783,DeepHS,40
2,20,0.05748476386070252,0.15000000000000002,0.05100389020620577,0.3962103007797009,3.0,RFS,OOD,GSE19783,DeepHS,40
3,19,0.06544951388710424,0.21052631578947367,0.08471389897141945,0.46808733380730694,3.0,RFS,OOD,GSE19783,DeepHS,40
4,20,0.07425538897514343,0.09999999999999998,0.025989825604225025,0.34396929273843324,3.0,RFS,OOD,GSE19783,DeepHS,40
5,20,0.09395578503608704,0.3999999999999999,0.22395050254575188,0.6427080303423605,3.0,RFS,OOD,GSE19783,DeepHS,40
1,20,0.10756912231445312,0.15000000000000002,0.05100389020620577,0.3962103007797009,5.0,RFS,OOD,GSE19783,DeepHS,40
2,20,0.13576624989509584,0.20000000000000007,0.08018208641154378,0.4488544357192724,5.0,RFS,OOD,GSE19783,DeepHS,40
3,19,0.15791306997600355,0.26315789473684204,0.11898061096333379,0.5210671140117462,5.0,RFS,OOD,GSE19783,DeepHS,40
4,20,0.17215451300144197,0.44999999999999996,0.26511279222501805,0.6866000144811438,5.0,RFS,OOD,GSE19783,DeepHS,40
5,20,0.2152165323495865,0.35,0.18469509502198866,0.5969988004454788,5.0,RFS,OOD,GSE19783,DeepHS,40
1,20,0.2726451486349106,0.3035714285714286,0.14914578249348664,0.5553217906027498,10.0,RFS,OOD,GSE19783,DeepHS,40
2,20,0.3064754605293274,0.3076923076923077,0.15095022494062116,0.5623554057735922,10.0,RFS,OOD,GSE19783,DeepHS,40
3,19,0.3325905611640529,0.5321637426900585,0.33042803811773847,0.7627414126373678,10.0,RFS,OOD,GSE19783,DeepHS,40
4,20,0.3523191809654236,0.6,0.3724139534030868,0.8350607219626681,10.0,RFS,OOD,GSE19783,DeepHS,40
5,20,0.3881134420633316,0.5,0.3081075405784225,0.7286722427068721,10.0,RFS,OOD,GSE19783,DeepHS,40
1,20,0.036460107564926146,0.050000000000000044,0.0071977714066028264,0.3052568067434299,3.0,RFS,OOD,GSE19783,DeepHS,41
2,20,0.049163994193077085,0.2500000000000001,0.11252908108411219,0.5000560920342481,3.0,RFS,OOD,GSE19783,DeepHS,41
3,19,0.05898811001526682,0.05263157894736836,0.007585364480731993,0.31881320019371384,3.0,RFS,OOD,GSE19783,DeepHS,41
4,20,0.0706098884344101,0.35,0.18469509502198866,0.5969988004454788,3.0,RFS,OOD,GSE19783,DeepHS,41
5,20,0.08786068856716156,0.2500000000000001,0.11252908108411219,0.5000560920342481,3.0,RFS,OOD,GSE19783,DeepHS,41
1,20,0.08765448033809661,0.20000000000000007,0.08018208641154378,0.4488544357192724,5.0,RFS,OOD,GSE19783,DeepHS,41
2,20,0.10643675029277802,0.35,0.18469509502198866,0.5969988004454788,5.0,RFS,OOD,GSE19783,DeepHS,41
3,19,0.129610444370069,0.21052631578947367,0.08471389897141945,0.46808733380730694,5.0,RFS,OOD,GSE19783,DeepHS,41
4,20,0.16807956397533416,0.35,0.18469509502198866,0.5969988004454788,5.0,RFS,OOD,GSE19783,DeepHS,41
5,20,0.2141392022371292,0.30000000000000004,0.14748183144480875,0.5494540152928442,5.0,RFS,OOD,GSE19783,DeepHS,41
1,20,0.27398946285247805,0.4545454545454545,0.2675811978557503,0.692667295683285,10.0,RFS,OOD,GSE19783,DeepHS,41
2,20,0.32794041037559507,0.48571428571428565,0.28015003862695387,0.7395198929633846,10.0,RFS,OOD,GSE19783,DeepHS,41
3,19,0.35554817789479304,0.3728070175438596,0.19776762130283054,0.6275281619547819,10.0,RFS,OOD,GSE19783,DeepHS,41
4,20,0.38927015364170076,0.44999999999999996,0.26511279222501805,0.6866000144811438,10.0,RFS,OOD,GSE19783,DeepHS,41
5,20,0.4338495433330536,0.4545454545454545,0.2675811978557503,0.692667295683285,10.0,RFS,OOD,GSE19783,DeepHS,41
1,20,0.037673923373222354,0.20000000000000007,0.08018208641154378,0.4488544357192724,3.0,RFS,OOD,GSE19783,DeepHS,42
2,20,0.05121852457523346,0.20000000000000007,0.08018208641154378,0.4488544357192724,3.0,RFS,OOD,GSE19783,DeepHS,42
3,19,0.058976041643243084,0.21052631578947367,0.08471389897141945,0.46808733380730694,3.0,RFS,OOD,GSE19783,DeepHS,42
4,20,0.07011357545852662,0.30000000000000004,0.14748183144480875,0.5494540152928442,3.0,RFS,OOD,GSE19783,DeepHS,42
5,20,0.10029833912849426,0.050000000000000044,0.0071977714066028264,0.3052568067434299,3.0,RFS,OOD,GSE19783,DeepHS,42
1,20,0.09421993494033813,0.09999999999999998,0.025989825604225025,0.34396929273843324,5.0,RFS,OOD,GSE19783,DeepHS,42
2,20,0.12828149497509003,0.30000000000000004,0.14748183144480875,0.5494540152928442,5.0,RFS,OOD,GSE19783,DeepHS,42
3,19,0.15372684441114726,0.26315789473684204,0.11898061096333379,0.5210671140117462,5.0,RFS,OOD,GSE19783,DeepHS,42
4,20,0.17136509120464324,0.35,0.18469509502198866,0.5969988004454788,5.0,RFS,OOD,GSE19783,DeepHS,42
5,20,0.22039364874362946,0.3999999999999999,0.22395050254575188,0.6427080303423605,5.0,RFS,OOD,GSE19783,DeepHS,42
1,20,0.29860700368881227,0.20000000000000007,0.08018208641154378,0.4488544357192724,10.0,RFS,OOD,GSE19783,DeepHS,42
2,20,0.325944709777832,0.44285714285714284,0.240429667144624,0.7118175171114356,10.0,RFS,OOD,GSE19783,DeepHS,42
3,19,0.3417210673031054,0.6092105263157893,0.3938872480663693,0.8285072376810638,10.0,RFS,OOD,GSE19783,DeepHS,42
4,20,0.3554198294878006,0.45000000000000007,0.26511279222501816,0.6866000144811439,10.0,RFS,OOD,GSE19783,DeepHS,42
5,20,0.38905773162841795,0.55,0.35291038839858757,0.7688918905184681,10.0,RFS,OOD,GSE19783,DeepHS,42
1,20,0.039049041271209714,0.050000000000000044,0.0071977714066028264,0.3052568067434299,3.0,RFS,OOD,GSE19783,DeepHS,43
2,20,0.050984418392181395,0.050000000000000044,0.0071977714066028264,0.3052568067434299,3.0,RFS,OOD,GSE19783,DeepHS,43
3,19,0.060915194059673106,0.36842105263157876,0.19559113288626362,0.6210071584223045,3.0,RFS,OOD,GSE19783,DeepHS,43
4,20,0.06871914267539977,0.2500000000000001,0.11252908108411219,0.5000560920342481,3.0,RFS,OOD,GSE19783,DeepHS,43
5,20,0.08407132625579834,0.2500000000000001,0.11252908108411219,0.5000560920342481,3.0,RFS,OOD,GSE19783,DeepHS,43
1,20,0.09689910411834717,0.30000000000000004,0.14748183144480875,0.5494540152928442,5.0,RFS,OOD,GSE19783,DeepHS,43
2,20,0.12965065240859985,0.15000000000000002,0.05100389020620577,0.3962103007797009,5.0,RFS,OOD,GSE19783,DeepHS,43
3,19,0.1499032127229791,0.26315789473684204,0.11898061096333379,0.5210671140117462,5.0,RFS,OOD,GSE19783,DeepHS,43
4,20,0.18013691306114196,0.3999999999999999,0.22395050254575188,0.6427080303423605,5.0,RFS,OOD,GSE19783,DeepHS,43
5,20,0.25035124719142915,0.30000000000000004,0.14748183144480875,0.5494540152928442,5.0,RFS,OOD,GSE19783,DeepHS,43
1,20,0.3229577898979187,0.3538461538461538,0.18660303993379923,0.6028469753412342,10.0,RFS,OOD,GSE19783,DeepHS,43
2,20,0.350461745262146,0.4829545454545454,0.28177138227361465,0.7314302638266936,10.0,RFS,OOD,GSE19783,DeepHS,43
3,19,0.3761011205221477,0.42105263157894723,0.2373600749703766,0.6679188705126937,10.0,RFS,OOD,GSE19783,DeepHS,43
4,20,0.4041277527809143,0.5049999999999999,0.31091184214842826,0.7349634009687668,10.0,RFS,OOD,GSE19783,DeepHS,43
5,20,0.4421602040529251,0.44999999999999996,0.26511279222501805,0.6866000144811438,10.0,RFS,OOD,GSE19783,DeepHS,43
1,20,0.04485352337360382,0.15000000000000002,0.05100389020620577,0.3962103007797009,3.0,RFS,OOD,GSE19783,DeepHS,44
2,20,0.056849506497383115,0.050000000000000044,0.0071977714066028264,0.3052568067434299,3.0,RFS,OOD,GSE19783,DeepHS,44
3,19,0.06673006007545873,0.26315789473684204,0.11898061096333379,0.5210671140117462,3.0,RFS,OOD,GSE19783,DeepHS,44
4,20,0.07563820481300354,0.2500000000000001,0.11252908108411219,0.5000560920342481,3.0,RFS,OOD,GSE19783,DeepHS,44
5,20,0.09134945273399353,0.2500000000000001,0.11252908108411219,0.5000560920342481,3.0,RFS,OOD,GSE19783,DeepHS,44
1,20,0.0768923044204712,0.20000000000000007,0.08018208641154378,0.4488544357192724,5.0,RFS,OOD,GSE19783,DeepHS,44
2,20,0.10895786881446838,0.09999999999999998,0.025989825604225025,0.34396929273843324,5.0,RFS,OOD,GSE19783,DeepHS,44
3,19,0.14632948448783473,0.26315789473684204,0.11898061096333379,0.5210671140117462,5.0,RFS,OOD,GSE19783,DeepHS,44
4,20,0.18683439791202544,0.5,0.3081075405784225,0.7286722427068721,5.0,RFS,OOD,GSE19783,DeepHS,44
5,20,0.23515192568302154,0.35,0.18469509502198866,0.5969988004454788,5.0,RFS,OOD,GSE19783,DeepHS,44
1,20,0.29490536749362944,0.30000000000000004,0.14748183144480875,0.5494540152928442,10.0,RFS,OOD,GSE19783,DeepHS,44
2,20,0.33642964959144595,0.4545454545454545,0.2675811978557503,0.692667295683285,10.0,RFS,OOD,GSE19783,DeepHS,44
3,19,0.3563417164902938,0.47894736842105246,0.28408994416543276,0.7196252804899599,10.0,RFS,OOD,GSE19783,DeepHS,44
4,20,0.37572921216487887,0.30000000000000004,0.14748183144480875,0.5494540152928442,10.0,RFS,OOD,GSE19783,DeepHS,44
5,20,0.402691388130188,0.6666666666666667,0.4570290446379691,0.8614243242265868,10.0,RFS,OOD,GSE19783,DeepHS,44
1,20,0.05528430640697479,0.0,0.0,0.0,3.0,RFS,OOD,GSE19783,DeepSurv,40
2,20,0.08896845877170563,0.30000000000000004,0.14748183144480875,0.5494540152928442,3.0,RFS,OOD,GSE19783,DeepSurv,40
3,19,0.1255808190295571,0.1578947368421053,0.05384439597107882,0.41349633262549434,3.0,RFS,OOD,GSE19783,DeepSurv,40
4,20,0.15225489735603331,0.20000000000000007,0.08018208641154378,0.4488544357192724,3.0,RFS,OOD,GSE19783,DeepSurv,40
5,20,0.2259383022785187,0.30000000000000004,0.14748183144480875,0.5494540152928442,3.0,RFS,OOD,GSE19783,DeepSurv,40
1,20,0.10889233946800232,0.09999999999999998,0.025989825604225025,0.34396929273843324,5.0,RFS,OOD,GSE19783,DeepSurv,40
2,20,0.17215996086597443,0.35,0.18469509502198866,0.5969988004454788,5.0,RFS,OOD,GSE19783,DeepSurv,40
3,19,0.23825448751449585,0.26315789473684204,0.11898061096333379,0.5210671140117462,5.0,RFS,OOD,GSE19783,DeepSurv,40
4,20,0.2846642643213272,0.35,0.18469509502198866,0.5969988004454788,5.0,RFS,OOD,GSE19783,DeepSurv,40
5,20,0.4032008036971092,0.35,0.18469509502198866,0.5969988004454788,5.0,RFS,OOD,GSE19783,DeepSurv,40
1,20,0.22596580684185028,0.20000000000000007,0.08018208641154378,0.4488544357192724,10.0,RFS,OOD,GSE19783,DeepSurv,40
2,20,0.3429553687572479,0.45999999999999985,0.2703042962840686,0.700266636803894,10.0,RFS,OOD,GSE19783,DeepSurv,40
3,19,0.45401505420082494,0.37799043062200943,0.20015372264598597,0.6355620524484685,10.0,RFS,OOD,GSE19783,DeepSurv,40
4,20,0.5253364279866218,0.6000000000000001,0.39954371274468414,0.8071882920909721,10.0,RFS,OOD,GSE19783,DeepSurv,40
5,20,0.677629305422306,0.55,0.35291038839858757,0.7688918905184681,10.0,RFS,OOD,GSE19783,DeepSurv,40
1,20,0.02369405925273895,0.20000000000000007,0.08018208641154378,0.4488544357192724,3.0,RFS,OOD,GSE19783,DeepSurv,41
2,20,0.05853587687015534,0.20000000000000007,0.08018208641154378,0.4488544357192724,3.0,RFS,OOD,GSE19783,DeepSurv,41
3,19,0.09856323505702771,0.10526315789473684,0.027414609438570547,0.3592056454946131,3.0,RFS,OOD,GSE19783,DeepSurv,41
4,20,0.13975597321987152,0.2500000000000001,0.11252908108411219,0.5000560920342481,3.0,RFS,OOD,GSE19783,DeepSurv,41
5,20,0.20914317667484283,0.20000000000000007,0.08018208641154378,0.4488544357192724,3.0,RFS,OOD,GSE19783,DeepSurv,41
1,20,0.05757203698158264,0.20000000000000007,0.08018208641154378,0.4488544357192724,5.0,RFS,OOD,GSE19783,DeepSurv,41
2,20,0.13894303441047667,0.20000000000000007,0.08018208641154378,0.4488544357192724,5.0,RFS,OOD,GSE19783,DeepSurv,41
3,19,0.22682216292933413,0.3157894736842104,0.156058153457156,0.5720593610518514,5.0,RFS,OOD,GSE19783,DeepSurv,41
4,20,0.31157283782958983,0.30000000000000004,0.14748183144480875,0.5494540152928442,5.0,RFS,OOD,GSE19783,DeepSurv,41
5,20,0.4390061989426613,0.4,0.2239505025457521,0.6427080303423605,5.0,RFS,OOD,GSE19783,DeepSurv,41
1,20,0.1328095465898514,0.30000000000000004,0.14748183144480875,0.5494540152928442,10.0,RFS,OOD,GSE19783,DeepSurv,41
2,20,0.30376196205615996,0.4149999999999999,0.23111777161450253,0.6650332538881792,10.0,RFS,OOD,GSE19783,DeepSurv,41
3,19,0.4631600160347788,0.36842105263157876,0.19559113288626362,0.6210071584223045,10.0,RFS,OOD,GSE19783,DeepSurv,41
4,20,0.5949023634195327,0.5199999999999999,0.3196200519173378,0.753124526457003,10.0,RFS,OOD,GSE19783,DeepSurv,41
5,20,0.7483976382762194,0.6000000000000001,0.39954371274468425,0.8071882920909721,10.0,RFS,OOD,GSE19783,DeepSurv,41
1,20,0.04449431300163269,0.09999999999999998,0.025989825604225025,0.34396929273843324,3.0,RFS,OOD,GSE19783,DeepSurv,42
2,20,0.07483198046684265,0.09999999999999998,0.025989825604225025,0.34396929273843324,3.0,RFS,OOD,GSE19783,DeepSurv,42
3,19,0.10308824401152761,0.26315789473684204,0.11898061096333379,0.5210671140117462,3.0,RFS,OOD,GSE19783,DeepSurv,42
4,20,0.14352792799472808,0.20000000000000007,0.08018208641154378,0.4488544357192724,3.0,RFS,OOD,GSE19783,DeepSurv,42
5,20,0.22361528277397155,0.30000000000000004,0.14748183144480875,0.5494540152928442,3.0,RFS,OOD,GSE19783,DeepSurv,42
1,20,0.09360946714878082,0.09999999999999998,0.025989825604225025,0.34396929273843324,5.0,RFS,OOD,GSE19783,DeepSurv,42
2,20,0.15480411648750306,0.15000000000000002,0.05100389020620577,0.3962103007797009,5.0,RFS,OOD,GSE19783,DeepSurv,42
3,19,0.20969587250759728,0.4736842105263157,0.281236229880263,0.7127987510197109,5.0,RFS,OOD,GSE19783,DeepSurv,42
4,20,0.28443693220615385,0.2500000000000001,0.11252908108411219,0.5000560920342481,5.0,RFS,OOD,GSE19783,DeepSurv,42
5,20,0.42008361518383025,0.44999999999999996,0.26511279222501805,0.6866000144811438,5.0,RFS,OOD,GSE19783,DeepSurv,42
1,20,0.21300815045833588,0.2828125,0.12461654386788834,0.5640630892726826,10.0,RFS,OOD,GSE19783,DeepSurv,42
2,20,0.3373106777667999,0.35,0.18469509502198866,0.5969988004454788,10.0,RFS,OOD,GSE19783,DeepSurv,42
3,19,0.4379965443360178,0.6052631578947367,0.3877876957001287,0.8281118190639339,10.0,RFS,OOD,GSE19783,DeepSurv,42
4,20,0.558063417673111,0.3999999999999999,0.22395050254575188,0.6427080303423605,10.0,RFS,OOD,GSE19783,DeepSurv,42
5,20,0.7322807960212231,0.6000000000000001,0.39954371274468414,0.8071882920909721,10.0,RFS,OOD,GSE19783,DeepSurv,42
1,20,0.0228071391582489,0.050000000000000044,0.0071977714066028264,0.3052568067434299,3.0,RFS,OOD,GSE19783,DeepSurv,43
2,20,0.05828176438808441,0.050000000000000044,0.0071977714066028264,0.3052568067434299,3.0,RFS,OOD,GSE19783,DeepSurv,43
3,19,0.10170468531156841,0.1578947368421053,0.05384439597107882,0.41349633262549434,3.0,RFS,OOD,GSE19783,DeepSurv,43
4,20,0.14306113123893738,0.35,0.18469509502198866,0.5969988004454788,3.0,RFS,OOD,GSE19783,DeepSurv,43
5,20,0.26376878619194033,0.35,0.18469509502198866,0.5969988004454788,3.0,RFS,OOD,GSE19783,DeepSurv,43
1,20,0.054699426889419554,0.050000000000000044,0.0071977714066028264,0.3052568067434299,5.0,RFS,OOD,GSE19783,DeepSurv,43
2,20,0.13640956580638885,0.30000000000000004,0.14748183144480875,0.5494540152928442,5.0,RFS,OOD,GSE19783,DeepSurv,43
3,19,0.2305207283873307,0.26315789473684204,0.11898061096333379,0.5210671140117462,5.0,RFS,OOD,GSE19783,DeepSurv,43
4,20,0.3141607344150543,0.3999999999999999,0.22395050254575188,0.6427080303423605,5.0,RFS,OOD,GSE19783,DeepSurv,43
5,20,0.5206832215189934,0.3999999999999999,0.22395050254575188,0.6427080303423605,5.0,RFS,OOD,GSE19783,DeepSurv,43
1,20,0.12056764364242553,0.203125,0.08138795936314736,0.45518355999715954,10.0,RFS,OOD,GSE19783,DeepSurv,43
2,20,0.2855094105005264,0.4545454545454545,0.2675811978557503,0.692667295683285,10.0,RFS,OOD,GSE19783,DeepSurv,43
3,19,0.45181219515047577,0.3157894736842104,0.156058153457156,0.5720593610518514,10.0,RFS,OOD,GSE19783,DeepSurv,43
4,20,0.5788389295339584,0.55,0.35291038839858757,0.7688918905184681,10.0,RFS,OOD,GSE19783,DeepSurv,43
5,20,0.8040963247418403,0.6785714285714286,0.46566937178146584,0.8719537067170481,10.0,RFS,OOD,GSE19783,DeepSurv,43
1,20,0.029824709892272948,0.09999999999999998,0.025989825604225025,0.34396929273843324,3.0,RFS,OOD,GSE19783,DeepSurv,44
2,20,0.057214048504829404,0.09999999999999998,0.025989825604225025,0.34396929273843324,3.0,RFS,OOD,GSE19783,DeepSurv,44
3,19,0.08565591510973479,0.21052631578947367,0.08471389897141945,0.46808733380730694,3.0,RFS,OOD,GSE19783,DeepSurv,44
4,20,0.12762789130210878,0.15000000000000002,0.05100389020620577,0.3962103007797009,3.0,RFS,OOD,GSE19783,DeepSurv,44
5,20,0.21605104804039002,0.3999999999999999,0.22395050254575188,0.6427080303423605,3.0,RFS,OOD,GSE19783,DeepSurv,44
1,20,0.06434297561645508,0.2500000000000001,0.11252908108411219,0.5000560920342481,5.0,RFS,OOD,GSE19783,DeepSurv,44
2,20,0.12136490643024445,0.09999999999999998,0.025989825604225025,0.34396929273843324,5.0,RFS,OOD,GSE19783,DeepSurv,44
3,19,0.17868106616170784,0.36842105263157876,0.19559113288626362,0.6210071584223045,5.0,RFS,OOD,GSE19783,DeepSurv,44
4,20,0.2591140240430832,0.20000000000000007,0.08018208641154378,0.4488544357192724,5.0,RFS,OOD,GSE19783,DeepSurv,44
5,20,0.4108055606484413,0.5,0.3081075405784225,0.7286722427068721,5.0,RFS,OOD,GSE19783,DeepSurv,44
1,20,0.15265059173107148,0.35,0.18469509502198866,0.5969988004454788,10.0,RFS,OOD,GSE19783,DeepSurv,44
2,20,0.27537842094898224,0.30000000000000004,0.12796006671418636,0.6051042608841739,10.0,RFS,OOD,GSE19783,DeepSurv,44
3,19,0.3881845191905373,0.631578947368421,0.4252022996739875,0.8348004869620509,10.0,RFS,OOD,GSE19783,DeepSurv,44
4,20,0.5262242242693901,0.32307692307692315,0.15826560167486559,0.5867509980485234,10.0,RFS,OOD,GSE19783,DeepSurv,44
5,20,0.7227042183279991,0.65,0.4480795526517729,0.8434429719142671,10.0,RFS,OOD,GSE19783,DeepSurv,44
1,20,0.02545139491558075,0.050000000000000044,0.0071977714066028264,0.3052568067434299,3.0,RFS,OOD,GSE19783,ENCox,40
2,20,0.054392296075820926,0.20000000000000007,0.08018208641154378,0.4488544357192724,3.0,RFS,OOD,GSE19783,ENCox,40
3,19,0.0911805504246762,0.3157894736842104,0.156058153457156,0.5720593610518514,3.0,RFS,OOD,GSE19783,ENCox,40
4,20,0.1379479020833969,0.20000000000000007,0.08018208641154378,0.4488544357192724,3.0,RFS,OOD,GSE19783,ENCox,40
5,20,0.2804416000843048,0.20000000000000007,0.08018208641154378,0.4488544357192724,3.0,RFS,OOD,GSE19783,ENCox,40
1,20,0.05883123278617859,0.20000000000000007,0.08018208641154378,0.4488544357192724,5.0,RFS,OOD,GSE19783,ENCox,40
2,20,0.12344631850719452,0.30000000000000004,0.14748183144480875,0.5494540152928442,5.0,RFS,OOD,GSE19783,ENCox,40
3,19,0.2016405180880898,0.3157894736842104,0.156058153457156,0.5720593610518514,5.0,RFS,OOD,GSE19783,ENCox,40
4,20,0.29499792754650117,0.35,0.18469509502198866,0.5969988004454788,5.0,RFS,OOD,GSE19783,ENCox,40
5,20,0.5238342013210058,0.2500000000000001,0.11252908108411219,0.5000560920342481,5.0,RFS,OOD,GSE19783,ENCox,40
1,20,0.14883240461349487,0.2533333333333334,0.11396196225968203,0.5060626435577639,10.0,RFS,OOD,GSE19783,ENCox,40
2,20,0.2967039793729782,0.60625,0.4031989594237074,0.8141771986245705,10.0,RFS,OOD,GSE19783,ENCox,40
3,19,0.45186652478418854,0.47894736842105246,0.28408994416543276,0.7196252804899599,10.0,RFS,OOD,GSE19783,ENCox,40
4,20,0.606484454870224,0.44999999999999996,0.26511279222501805,0.6866000144811438,10.0,RFS,OOD,GSE19783,ENCox,40
5,20,0.838582141068764,0.3999999999999999,0.22395050254575188,0.6427080303423605,10.0,RFS,OOD,GSE19783,ENCox,40
1,20,0.06484568119049072,0.050000000000000044,0.0071977714066028264,0.3052568067434299,3.0,RFS,OOD,GSE19783,ENCox,41
2,20,0.08739295005798339,0.20000000000000007,0.08018208641154378,0.4488544357192724,3.0,RFS,OOD,GSE19783,ENCox,41
3,19,0.10242997658880133,0.21052631578947367,0.08471389897141945,0.46808733380730694,3.0,RFS,OOD,GSE19783,ENCox,41
4,20,0.12123408019542695,0.2500000000000001,0.11252908108411219,0.5000560920342481,3.0,RFS,OOD,GSE19783,ENCox,41
5,20,0.16642448902130128,0.2500000000000001,0.11252908108411219,0.5000560920342481,3.0,RFS,OOD,GSE19783,ENCox,41
1,20,0.14822498261928557,0.15000000000000002,0.05100389020620577,0.3962103007797009,5.0,RFS,OOD,GSE19783,ENCox,41
2,20,0.1966681510210037,0.2500000000000001,0.11252908108411219,0.5000560920342481,5.0,RFS,OOD,GSE19783,ENCox,41
3,19,0.22805250318426834,0.26315789473684204,0.11898061096333379,0.5210671140117462,5.0,RFS,OOD,GSE19783,ENCox,41
4,20,0.26613751947879793,0.4,0.2239505025457521,0.6427080303423605,5.0,RFS,OOD,GSE19783,ENCox,41
5,20,0.3524299919605255,0.35,0.18469509502198866,0.5969988004454788,5.0,RFS,OOD,GSE19783,ENCox,41
1,20,0.30674605071544647,0.3076923076923077,0.15095022494062116,0.5623554057735922,10.0,RFS,OOD,GSE19783,ENCox,41
2,20,0.39398372173309326,0.37,0.19342313959725876,0.6295800961336856,10.0,RFS,OOD,GSE19783,ENCox,41
3,19,0.4469649258412813,0.36842105263157876,0.19559113288626362,0.6210071584223045,10.0,RFS,OOD,GSE19783,ENCox,41
4,20,0.5071342259645462,0.51875,0.3174663847461212,0.7535184662911825,10.0,RFS,OOD,GSE19783,ENCox,41
5,20,0.6273779988288879,0.65,0.4480795526517729,0.8434429719142671,10.0,RFS,OOD,GSE19783,ENCox,41
1,20,0.08668135702610016,0.050000000000000044,0.0071977714066028264,0.3052568067434299,3.0,RFS,OOD,GSE19783,ENCox,42
2,20,0.10274063646793366,0.050000000000000044,0.0071977714066028264,0.3052568067434299,3.0,RFS,OOD,GSE19783,ENCox,42
3,19,0.1115281393653468,0.21052631578947367,0.08471389897141945,0.46808733380730694,3.0,RFS,OOD,GSE19783,ENCox,42
4,20,0.1221544623374939,0.30000000000000004,0.14748183144480875,0.5494540152928442,3.0,RFS,OOD,GSE19783,ENCox,42
5,20,0.1469579219818115,0.35,0.18469509502198866,0.5969988004454788,3.0,RFS,OOD,GSE19783,ENCox,42
1,20,0.17014334201812745,0.09999999999999998,0.025989825604225025,0.34396929273843324,5.0,RFS,OOD,GSE19783,ENCox,42
2,20,0.19996988773345947,0.20000000000000007,0.08018208641154378,0.4488544357192724,5.0,RFS,OOD,GSE19783,ENCox,42
3,19,0.21602682377162732,0.36842105263157876,0.19559113288626362,0.6210071584223045,5.0,RFS,OOD,GSE19783,ENCox,42
4,20,0.2351929485797882,0.35,0.18469509502198866,0.5969988004454788,5.0,RFS,OOD,GSE19783,ENCox,42
5,20,0.278749492764473,0.3999999999999999,0.22395050254575188,0.6427080303423605,5.0,RFS,OOD,GSE19783,ENCox,42
1,20,0.3407094359397888,0.3035714285714286,0.14914578249348664,0.5553217906027498,10.0,RFS,OOD,GSE19783,ENCox,42
2,20,0.39284982085227965,0.41666666666666674,0.23284329175269014,0.6658034409179334,10.0,RFS,OOD,GSE19783,ENCox,42
3,19,0.41982833648982804,0.4736842105263157,0.281236229880263,0.7127987510197109,10.0,RFS,OOD,GSE19783,ENCox,42
4,20,0.45103943943977354,0.3999999999999999,0.22395050254575188,0.6427080303423605,10.0,RFS,OOD,GSE19783,ENCox,42
5,20,0.5176377296447754,0.60625,0.4031989594237074,0.8141771986245705,10.0,RFS,OOD,GSE19783,ENCox,42
1,20,0.06818283200263978,0.050000000000000044,0.0071977714066028264,0.3052568067434299,3.0,RFS,OOD,GSE19783,ENCox,43
2,20,0.09013462960720062,0.15000000000000002,0.05100389020620577,0.3962103007797009,3.0,RFS,OOD,GSE19783,ENCox,43
3,19,0.10708517777292352,0.36842105263157876,0.19559113288626362,0.6210071584223045,3.0,RFS,OOD,GSE19783,ENCox,43
4,20,0.12601609528064728,0.20000000000000007,0.08018208641154378,0.4488544357192724,3.0,RFS,OOD,GSE19783,ENCox,43
5,20,0.18369790017604828,0.20000000000000007,0.08018208641154378,0.4488544357192724,3.0,RFS,OOD,GSE19783,ENCox,43
1,20,0.15007425844669342,0.20000000000000007,0.08018208641154378,0.4488544357192724,5.0,RFS,OOD,GSE19783,ENCox,43
2,20,0.19557405412197112,0.15000000000000002,0.05100389020620577,0.3962103007797009,5.0,RFS,OOD,GSE19783,ENCox,43
3,19,0.22971457242965698,0.5263157894736841,0.32715942801105635,0.7556232592129544,5.0,RFS,OOD,GSE19783,ENCox,43
4,20,0.2668197095394135,0.30000000000000004,0.14748183144480875,0.5494540152928442,5.0,RFS,OOD,GSE19783,ENCox,43
5,20,0.372019898891449,0.2500000000000001,0.11252908108411219,0.5000560920342481,5.0,RFS,OOD,GSE19783,ENCox,43
1,20,0.2903686255216599,0.35,0.18469509502198866,0.5969988004454788,10.0,RFS,OOD,GSE19783,ENCox,43
2,20,0.36846618354320526,0.3777777777777779,0.19611139327860982,0.6434293836325089,10.0,RFS,OOD,GSE19783,ENCox,43
3,19,0.42383685237482976,0.6390977443609023,0.4295496419228032,0.8428199663139658,10.0,RFS,OOD,GSE19783,ENCox,43
4,20,0.48087978959083555,0.4222222222222223,0.23397252097458554,0.6766484783647292,10.0,RFS,OOD,GSE19783,ENCox,43
5,20,0.6220020845532417,0.44999999999999996,0.26511279222501805,0.6866000144811438,10.0,RFS,OOD,GSE19783,ENCox,43
1,20,0.042233750224113464,0.15000000000000002,0.05100389020620577,0.3962103007797009,3.0,RFS,OOD,GSE19783,ENCox,44
2,20,0.06939256489276886,0.15000000000000002,0.05100389020620577,0.3962103007797009,3.0,RFS,OOD,GSE19783,ENCox,44
3,19,0.09352206870129234,0.1578947368421053,0.05384439597107882,0.41349633262549434,3.0,RFS,OOD,GSE19783,ENCox,44
4,20,0.12603176832199098,0.20000000000000007,0.08018208641154378,0.4488544357192724,3.0,RFS,OOD,GSE19783,ENCox,44
5,20,0.264930260181427,0.30000000000000004,0.14748183144480875,0.5494540152928442,3.0,RFS,OOD,GSE19783,ENCox,44
1,20,0.09004391133785247,0.2500000000000001,0.11252908108411219,0.5000560920342481,5.0,RFS,OOD,GSE19783,ENCox,44
2,20,0.14561329185962676,0.15000000000000002,0.05100389020620577,0.3962103007797009,5.0,RFS,OOD,GSE19783,ENCox,44
3,19,0.1933859523973967,0.26315789473684204,0.11898061096333379,0.5210671140117462,5.0,RFS,OOD,GSE19783,ENCox,44
4,20,0.25506951212882994,0.35,0.18469509502198866,0.5969988004454788,5.0,RFS,OOD,GSE19783,ENCox,44
5,20,0.4741873528808355,0.3999999999999999,0.22395050254575188,0.6427080303423605,5.0,RFS,OOD,GSE19783,ENCox,44
1,20,0.20781229436397552,0.37,0.19342313959725876,0.6295800961336856,10.0,RFS,OOD,GSE19783,ENCox,44
2,20,0.32244884967803955,0.3999999999999999,0.22395050254575188,0.6427080303423605,10.0,RFS,OOD,GSE19783,ENCox,44
3,19,0.4125402224691291,0.42583732057416257,0.23985460745909726,0.6745462445571061,10.0,RFS,OOD,GSE19783,ENCox,44
4,20,0.5163209348917007,0.5049999999999999,0.31091184214842826,0.7349634009687668,10.0,RFS,OOD,GSE19783,ENCox,44
5,20,0.7679245586507022,0.5,0.3081075405784225,0.7286722427068721,10.0,RFS,OOD,GSE19783,ENCox,44
1,20,0.056603890657424924,0.20000000000000007,0.08018208641154378,0.4488544357192724,3.0,RFS,OOD,GSE19783,LH,40
2,20,0.07589521110057831,0.09999999999999998,0.025989825604225025,0.34396929273843324,3.0,RFS,OOD,GSE19783,LH,40
3,19,0.0983700156211853,0.26315789473684204,0.11898061096333379,0.5210671140117462,3.0,RFS,OOD,GSE19783,LH,40
4,20,0.12657711505889893,0.2500000000000001,0.11252908108411219,0.5000560920342481,3.0,RFS,OOD,GSE19783,LH,40
5,20,0.17238871157169341,0.15000000000000002,0.05100389020620577,0.3962103007797009,3.0,RFS,OOD,GSE19783,LH,40
1,20,0.10333766043186188,0.30000000000000004,0.14748183144480875,0.5494540152928442,5.0,RFS,OOD,GSE19783,LH,40
2,20,0.1557284951210022,0.15000000000000002,0.05100389020620577,0.3962103007797009,5.0,RFS,OOD,GSE19783,LH,40
3,19,0.2176752906096609,0.3157894736842104,0.156058153457156,0.5720593610518514,5.0,RFS,OOD,GSE19783,LH,40
4,20,0.2919957309961319,0.20000000000000007,0.08018208641154378,0.4488544357192724,5.0,RFS,OOD,GSE19783,LH,40
5,20,0.48222620561718943,0.44999999999999996,0.26511279222501805,0.6866000144811438,5.0,RFS,OOD,GSE19783,LH,40
1,20,0.19359495639801025,0.5227272727272727,0.32017149796027333,0.7577270587448539,10.0,RFS,OOD,GSE19783,LH,40
2,20,0.3271529048681259,0.20000000000000007,0.08018208641154378,0.4488544357192724,10.0,RFS,OOD,GSE19783,LH,40
3,19,0.4415663543500398,0.4736842105263157,0.281236229880263,0.7127987510197109,10.0,RFS,OOD,GSE19783,LH,40
4,20,0.5682560682296753,0.56,0.35904102686007333,0.7802671537873991,10.0,RFS,OOD,GSE19783,LH,40
5,20,0.8238729369826615,0.44999999999999996,0.26511279222501805,0.6866000144811438,10.0,RFS,OOD,GSE19783,LH,40
1,20,0.04211026728153229,0.35,0.18469509502198866,0.5969988004454788,3.0,RFS,OOD,GSE19783,LH,41
2,20,0.06759225428104401,0.09999999999999998,0.025989825604225025,0.34396929273843324,3.0,RFS,OOD,GSE19783,LH,41
3,19,0.0955218704123246,0.3157894736842104,0.156058153457156,0.5720593610518514,3.0,RFS,OOD,GSE19783,LH,41
4,20,0.13392390310764313,0.050000000000000044,0.0071977714066028264,0.3052568067434299,3.0,RFS,OOD,GSE19783,LH,41
5,20,0.20243828296661376,0.15000000000000002,0.05100389020620577,0.3962103007797009,3.0,RFS,OOD,GSE19783,LH,41
1,20,0.07421636283397674,0.3999999999999999,0.22395050254575188,0.6427080303423605,5.0,RFS,OOD,GSE19783,LH,41
2,20,0.12602699398994446,0.35,0.18469509502198866,0.5969988004454788,5.0,RFS,OOD,GSE19783,LH,41
3,19,0.1868774828157927,0.21052631578947367,0.08471389897141945,0.46808733380730694,5.0,RFS,OOD,GSE19783,LH,41
4,20,0.26184210181236267,0.20000000000000007,0.08018208641154378,0.4488544357192724,5.0,RFS,OOD,GSE19783,LH,41
5,20,0.5605039767920971,0.2500000000000001,0.11252908108411219,0.5000560920342481,5.0,RFS,OOD,GSE19783,LH,41
1,20,0.24379799365997315,0.30000000000000004,0.14748183144480875,0.5494540152928442,10.0,RFS,OOD,GSE19783,LH,41
2,20,0.3976193845272064,0.45999999999999985,0.2703042962840686,0.700266636803894,10.0,RFS,OOD,GSE19783,LH,41
3,19,0.5609727878319589,0.5657894736842104,0.3458642267191194,0.80595161341697,10.0,RFS,OOD,GSE19783,LH,41
4,20,0.7464215956628323,0.3999999999999999,0.22395050254575188,0.6427080303423605,10.0,RFS,OOD,GSE19783,LH,41
5,20,0.9137619778513908,0.5,0.3081075405784225,0.7286722427068721,10.0,RFS,OOD,GSE19783,LH,41
1,20,0.057518312335014345,0.2500000000000001,0.11252908108411219,0.5000560920342481,3.0,RFS,OOD,GSE19783,LH,42
2,20,0.08377178609371186,0.20000000000000007,0.08018208641154378,0.4488544357192724,3.0,RFS,OOD,GSE19783,LH,42
3,19,0.10410452202746742,0.21052631578947367,0.08471389897141945,0.46808733380730694,3.0,RFS,OOD,GSE19783,LH,42
4,20,0.1257625550031662,0.20000000000000007,0.08018208641154378,0.4488544357192724,3.0,RFS,OOD,GSE19783,LH,42
5,20,0.174258691072464,0.09999999999999998,0.025989825604225025,0.34396929273843324,3.0,RFS,OOD,GSE19783,LH,42
1,20,0.10322639346122742,0.15000000000000002,0.05100389020620577,0.3962103007797009,5.0,RFS,OOD,GSE19783,LH,42
2,20,0.1522471487522125,0.15000000000000002,0.05100389020620577,0.3962103007797009,5.0,RFS,OOD,GSE19783,LH,42
3,19,0.20507372994171946,0.21052631578947367,0.08471389897141945,0.46808733380730694,5.0,RFS,OOD,GSE19783,LH,42
4,20,0.2916078507900238,0.5,0.3081075405784225,0.7286722427068721,5.0,RFS,OOD,GSE19783,LH,42
5,20,0.48896021395921707,0.3999999999999999,0.22395050254575188,0.6427080303423605,5.0,RFS,OOD,GSE19783,LH,42
1,20,0.22879472970962525,0.2752941176470588,0.12339728658977589,0.5448889686862528,10.0,RFS,OOD,GSE19783,LH,42
2,20,0.4218681827187538,0.2500000000000001,0.11252908108411219,0.5000560920342481,10.0,RFS,OOD,GSE19783,LH,42
3,19,0.5928370733010141,0.47894736842105246,0.28408994416543276,0.7196252804899599,10.0,RFS,OOD,GSE19783,LH,42
4,20,0.757713758200407,0.6000000000000001,0.39954371274468414,0.8071882920909721,10.0,RFS,OOD,GSE19783,LH,42
5,20,0.9270717742852866,0.6142857142857143,0.4073024394226904,0.8236098327679873,10.0,RFS,OOD,GSE19783,LH,42
1,20,0.04627950787544251,0.20000000000000007,0.08018208641154378,0.4488544357192724,3.0,RFS,OOD,GSE19783,LH,43
2,20,0.0647619754076004,0.15000000000000002,0.05100389020620577,0.3962103007797009,3.0,RFS,OOD,GSE19783,LH,43
3,19,0.08224314137508995,0.10526315789473684,0.027414609438570547,0.3592056454946131,3.0,RFS,OOD,GSE19783,LH,43
4,20,0.10764550864696502,0.20000000000000007,0.08018208641154378,0.4488544357192724,3.0,RFS,OOD,GSE19783,LH,43
5,20,0.15276550948619844,0.30000000000000004,0.14748183144480875,0.5494540152928442,3.0,RFS,OOD,GSE19783,LH,43
1,20,0.08145226836204529,0.20000000000000007,0.08018208641154378,0.4488544357192724,5.0,RFS,OOD,GSE19783,LH,43
2,20,0.11415444910526276,0.20000000000000007,0.08018208641154378,0.4488544357192724,5.0,RFS,OOD,GSE19783,LH,43
3,19,0.14859119214509664,0.21052631578947367,0.08471389897141945,0.46808733380730694,5.0,RFS,OOD,GSE19783,LH,43
4,20,0.21998083591461182,0.3999999999999999,0.22395050254575188,0.6427080303423605,5.0,RFS,OOD,GSE19783,LH,43
5,20,0.5667900692205876,0.3999999999999999,0.22395050254575188,0.6427080303423605,5.0,RFS,OOD,GSE19783,LH,43
1,20,0.14882914125919341,0.3035714285714286,0.14914578249348664,0.5553217906027498,10.0,RFS,OOD,GSE19783,LH,43
2,20,0.2813325643539429,0.36363636363636365,0.19095143280054827,0.6186761009107012,10.0,RFS,OOD,GSE19783,LH,43
3,19,0.4791515610719982,0.42105263157894723,0.2373600749703766,0.6679188705126937,10.0,RFS,OOD,GSE19783,LH,43
4,20,0.7386107854545116,0.5111111111111111,0.3140248538023883,0.7430047641695314,10.0,RFS,OOD,GSE19783,LH,43
5,20,0.9527965999251895,0.6000000000000001,0.39954371274468414,0.8071882920909721,10.0,RFS,OOD,GSE19783,LH,43
1,20,0.05184300243854523,0.20000000000000007,0.08018208641154378,0.4488544357192724,3.0,RFS,OOD,GSE19783,LH,44
2,20,0.06763616800308228,0.20000000000000007,0.08018208641154378,0.4488544357192724,3.0,RFS,OOD,GSE19783,LH,44
3,19,0.07968217134475708,0.10526315789473684,0.027414609438570547,0.3592056454946131,3.0,RFS,OOD,GSE19783,LH,44
4,20,0.09670372009277343,0.15000000000000002,0.05100389020620577,0.3962103007797009,3.0,RFS,OOD,GSE19783,LH,44
5,20,0.144046089053154,0.30000000000000004,0.14748183144480875,0.5494540152928442,3.0,RFS,OOD,GSE19783,LH,44
1,20,0.09373055398464203,0.30000000000000004,0.14748183144480875,0.5494540152928442,5.0,RFS,OOD,GSE19783,LH,44
2,20,0.12141408026218414,0.09999999999999998,0.025989825604225025,0.34396929273843324,5.0,RFS,OOD,GSE19783,LH,44
3,19,0.14972051821256938,0.21052631578947367,0.08471389897141945,0.46808733380730694,5.0,RFS,OOD,GSE19783,LH,44
4,20,0.19607665240764618,0.2500000000000001,0.11252908108411219,0.5000560920342481,5.0,RFS,OOD,GSE19783,LH,44
5,20,0.32099167704582215,0.55,0.35291038839858757,0.7688918905184681,5.0,RFS,OOD,GSE19783,LH,44
1,20,0.16743566393852233,0.37,0.19342313959725876,0.6295800961336856,10.0,RFS,OOD,GSE19783,LH,44
2,20,0.25648781657218933,0.3538461538461538,0.18660303993379923,0.6028469753412342,10.0,RFS,OOD,GSE19783,LH,44
3,19,0.36430788040161133,0.3157894736842104,0.156058153457156,0.5720593610518514,10.0,RFS,OOD,GSE19783,LH,44
4,20,0.5425096437335014,0.5722222222222222,0.3660686451302593,0.7944181507603584,10.0,RFS,OOD,GSE19783,LH,44
5,20,0.8230385671369731,0.6000000000000001,0.39954371274468414,0.8071882920909721,10.0,RFS,OOD,GSE19783,LH,44
1,20,0.02105300724506378,0.0,0.0,0.0,3.0,RFS,OOD,GSE19783,MTLR,40
2,20,0.03761198818683624,0.15000000000000002,0.05100389020620577,0.3962103007797009,3.0,RFS,OOD,GSE19783,MTLR,40
3,19,0.05633432927884554,0.21052631578947367,0.08471389897141945,0.46808733380730694,3.0,RFS,OOD,GSE19783,MTLR,40
4,20,0.08496465384960175,0.20000000000000007,0.08018208641154378,0.4488544357192724,3.0,RFS,OOD,GSE19783,MTLR,40
5,20,0.13115626573562622,0.3999999999999999,0.22395050254575188,0.6427080303423605,3.0,RFS,OOD,GSE19783,MTLR,40
1,20,0.04271703362464905,0.09999999999999998,0.025989825604225025,0.34396929273843324,5.0,RFS,OOD,GSE19783,MTLR,40
2,20,0.07840601801872253,0.2500000000000001,0.11252908108411219,0.5000560920342481,5.0,RFS,OOD,GSE19783,MTLR,40
3,19,0.1342266233343827,0.21052631578947367,0.08471389897141945,0.46808733380730694,5.0,RFS,OOD,GSE19783,MTLR,40
4,20,0.20951464772224426,0.3999999999999999,0.22395050254575188,0.6427080303423605,5.0,RFS,OOD,GSE19783,MTLR,40
5,20,0.41676361858844757,0.44999999999999996,0.26511279222501805,0.6866000144811438,5.0,RFS,OOD,GSE19783,MTLR,40
1,20,0.1330266922712326,0.203125,0.08138795936314736,0.45518355999715954,10.0,RFS,OOD,GSE19783,MTLR,40
2,20,0.272357776761055,0.45999999999999985,0.2703042962840686,0.700266636803894,10.0,RFS,OOD,GSE19783,MTLR,40
3,19,0.4206090632237886,0.4736842105263157,0.281236229880263,0.7127987510197109,10.0,RFS,OOD,GSE19783,MTLR,40
4,20,0.5242358684539795,0.6000000000000001,0.39954371274468414,0.8071882920909721,10.0,RFS,OOD,GSE19783,MTLR,40
5,20,0.7080712139606475,0.45999999999999985,0.2703042962840686,0.700266636803894,10.0,RFS,OOD,GSE19783,MTLR,40
1,20,0.02644595205783844,0.050000000000000044,0.0071977714066028264,0.3052568067434299,3.0,RFS,OOD,GSE19783,MTLR,41
2,20,0.03977755606174469,0.15000000000000002,0.05100389020620577,0.3962103007797009,3.0,RFS,OOD,GSE19783,MTLR,41
3,19,0.04815057076905903,0.26315789473684204,0.11898061096333379,0.5210671140117462,3.0,RFS,OOD,GSE19783,MTLR,41
4,20,0.06315862834453582,0.3999999999999999,0.22395050254575188,0.6427080303423605,3.0,RFS,OOD,GSE19783,MTLR,41
5,20,0.11071869432926178,0.09999999999999998,0.025989825604225025,0.34396929273843324,3.0,RFS,OOD,GSE19783,MTLR,41
1,20,0.05142539143562317,0.09999999999999998,0.025989825604225025,0.34396929273843324,5.0,RFS,OOD,GSE19783,MTLR,41
2,20,0.08559227883815765,0.2500000000000001,0.11252908108411219,0.5000560920342481,5.0,RFS,OOD,GSE19783,MTLR,41
3,19,0.13414196277919568,0.36842105263157876,0.19559113288626362,0.6210071584223045,5.0,RFS,OOD,GSE19783,MTLR,41
4,20,0.21428383588790895,0.2500000000000001,0.11252908108411219,0.5000560920342481,5.0,RFS,OOD,GSE19783,MTLR,41
5,20,0.41248284876346586,0.44999999999999996,0.26511279222501805,0.6866000144811438,5.0,RFS,OOD,GSE19783,MTLR,41
1,20,0.15216353833675383,0.3538461538461538,0.18660303993379923,0.6028469753412342,10.0,RFS,OOD,GSE19783,MTLR,41
2,20,0.28872588872909544,0.37,0.19342313959725876,0.6295800961336856,10.0,RFS,OOD,GSE19783,MTLR,41
3,19,0.47914302662799235,0.4736842105263157,0.281236229880263,0.7127987510197109,10.0,RFS,OOD,GSE19783,MTLR,41
4,20,0.6275047779083252,0.4545454545454545,0.2675811978557503,0.692667295683285,10.0,RFS,OOD,GSE19783,MTLR,41
5,20,0.800738513469696,0.5714285714285714,0.36362391449160747,0.7957530734730391,10.0,RFS,OOD,GSE19783,MTLR,41
1,20,0.019891786575317382,0.050000000000000044,0.0071977714066028264,0.3052568067434299,3.0,RFS,OOD,GSE19783,MTLR,42
2,20,0.03989496827125549,0.09999999999999998,0.025989825604225025,0.34396929273843324,3.0,RFS,OOD,GSE19783,MTLR,42
3,19,0.05311700544859234,0.1578947368421053,0.05384439597107882,0.41349633262549434,3.0,RFS,OOD,GSE19783,MTLR,42
4,20,0.069486004114151,0.35,0.18469509502198866,0.5969988004454788,3.0,RFS,OOD,GSE19783,MTLR,42
5,20,0.10445609092712402,0.30000000000000004,0.14748183144480875,0.5494540152928442,3.0,RFS,OOD,GSE19783,MTLR,42
1,20,0.029457542300224304,0.050000000000000044,0.0071977714066028264,0.3052568067434299,5.0,RFS,OOD,GSE19783,MTLR,42
2,20,0.06571826338768005,0.30000000000000004,0.14748183144480875,0.5494540152928442,5.0,RFS,OOD,GSE19783,MTLR,42
3,19,0.11796187413366217,0.21052631578947367,0.08471389897141945,0.46808733380730694,5.0,RFS,OOD,GSE19783,MTLR,42
4,20,0.2516191631555557,0.35,0.18469509502198866,0.5969988004454788,5.0,RFS,OOD,GSE19783,MTLR,42
5,20,0.5443804770708084,0.5,0.3081075405784225,0.7286722427068721,5.0,RFS,OOD,GSE19783,MTLR,42
1,20,0.092891526222229,0.21071428571428574,0.0840804374551134,0.47140424086896304,10.0,RFS,OOD,GSE19783,MTLR,42
2,20,0.24686092436313628,0.30000000000000004,0.14748183144480875,0.5494540152928442,10.0,RFS,OOD,GSE19783,MTLR,42
3,19,0.40278556472376775,0.6052631578947367,0.3877876957001287,0.8281118190639339,10.0,RFS,OOD,GSE19783,MTLR,42
4,20,0.6096495181322098,0.44999999999999996,0.26511279222501805,0.6866000144811438,10.0,RFS,OOD,GSE19783,MTLR,42
5,20,0.8562017619609833,0.6571428571428571,0.4522904622155286,0.8509337646852528,10.0,RFS,OOD,GSE19783,MTLR,42
1,20,0.016462746262550353,0.050000000000000044,0.0071977714066028264,0.3052568067434299,3.0,RFS,OOD,GSE19783,MTLR,43
2,20,0.02604220509529114,0.15000000000000002,0.05100389020620577,0.3962103007797009,3.0,RFS,OOD,GSE19783,MTLR,43
3,19,0.0334700440105639,0.1578947368421053,0.05384439597107882,0.41349633262549434,3.0,RFS,OOD,GSE19783,MTLR,43
4,20,0.03999497592449188,0.35,0.18469509502198866,0.5969988004454788,3.0,RFS,OOD,GSE19783,MTLR,43
5,20,0.05140910744667053,0.2500000000000001,0.11252908108411219,0.5000560920342481,3.0,RFS,OOD,GSE19783,MTLR,43
1,20,0.021961328387260438,0.15000000000000002,0.05100389020620577,0.3962103007797009,5.0,RFS,OOD,GSE19783,MTLR,43
2,20,0.05262744426727295,0.2500000000000001,0.11252908108411219,0.5000560920342481,5.0,RFS,OOD,GSE19783,MTLR,43
3,19,0.08481849808441966,0.1578947368421053,0.05384439597107882,0.41349633262549434,5.0,RFS,OOD,GSE19783,MTLR,43
4,20,0.19488081634044646,0.5,0.3081075405784225,0.7286722427068721,5.0,RFS,OOD,GSE19783,MTLR,43
5,20,0.4420458436012268,0.35,0.18469509502198866,0.5969988004454788,5.0,RFS,OOD,GSE19783,MTLR,43
1,20,0.06365245878696442,0.43125,0.23707814293026463,0.691746589300426,10.0,RFS,OOD,GSE19783,MTLR,43
2,20,0.19259266555309296,0.3999999999999999,0.22395050254575188,0.6427080303423605,10.0,RFS,OOD,GSE19783,MTLR,43
3,19,0.32766616971869217,0.3157894736842104,0.156058153457156,0.5720593610518514,10.0,RFS,OOD,GSE19783,MTLR,43
4,20,0.5198019951581955,0.47499999999999987,0.27658743544585074,0.7226173210418092,10.0,RFS,OOD,GSE19783,MTLR,43
5,20,0.8158863067626954,0.6000000000000001,0.39954371274468414,0.8071882920909721,10.0,RFS,OOD,GSE19783,MTLR,43
1,20,0.010941407084465027,0.15000000000000002,0.05100389020620577,0.3962103007797009,3.0,RFS,OOD,GSE19783,MTLR,44
2,20,0.026350650191307067,0.09999999999999998,0.025989825604225025,0.34396929273843324,3.0,RFS,OOD,GSE19783,MTLR,44
3,19,0.03325432852694863,0.10526315789473684,0.027414609438570547,0.3592056454946131,3.0,RFS,OOD,GSE19783,MTLR,44
4,20,0.0409828782081604,0.3999999999999999,0.22395050254575188,0.6427080303423605,3.0,RFS,OOD,GSE19783,MTLR,44
5,20,0.06038268804550171,0.20000000000000007,0.08018208641154378,0.4488544357192724,3.0,RFS,OOD,GSE19783,MTLR,44
1,20,0.022466784715652464,0.15000000000000002,0.05100389020620577,0.3962103007797009,5.0,RFS,OOD,GSE19783,MTLR,44
2,20,0.04937209486961365,0.20000000000000007,0.08018208641154378,0.4488544357192724,5.0,RFS,OOD,GSE19783,MTLR,44
3,19,0.07523287911164134,0.21052631578947367,0.08471389897141945,0.46808733380730694,5.0,RFS,OOD,GSE19783,MTLR,44
4,20,0.13672487139701844,0.44999999999999996,0.26511279222501805,0.6866000144811438,5.0,RFS,OOD,GSE19783,MTLR,44
5,20,0.3029543548822403,0.3999999999999999,0.22395050254575188,0.6427080303423605,5.0,RFS,OOD,GSE19783,MTLR,44
1,20,0.08183465301990508,0.15000000000000002,0.05100389020620577,0.3962103007797009,10.0,RFS,OOD,GSE19783,MTLR,44
2,20,0.1863907516002655,0.5187499999999999,0.3174663847461211,0.7535184662911825,10.0,RFS,OOD,GSE19783,MTLR,44
3,19,0.28950749886663335,0.5864661654135337,0.359068154363825,0.8267179258395289,10.0,RFS,OOD,GSE19783,MTLR,44
4,20,0.43174438178539276,0.44999999999999996,0.26511279222501805,0.6866000144811438,10.0,RFS,OOD,GSE19783,MTLR,44
5,20,0.7027006268501281,0.55,0.35291038839858757,0.7688918905184681,10.0,RFS,OOD,GSE19783,MTLR,44
1,20,0.097835573554039,0.050000000000000044,0.0071977714066028264,0.3052568067434299,3.0,RFS,OOD,GSE19783,PCHazard,40
2,20,0.15750109255313874,0.15000000000000002,0.05100389020620577,0.3962103007797009,3.0,RFS,OOD,GSE19783,PCHazard,40
3,19,0.20247032767847964,0.3157894736842104,0.156058153457156,0.5720593610518514,3.0,RFS,OOD,GSE19783,PCHazard,40
4,20,0.27129729390144347,0.30000000000000004,0.14748183144480875,0.5494540152928442,3.0,RFS,OOD,GSE19783,PCHazard,40
5,20,0.4499477565288544,0.15000000000000002,0.05100389020620577,0.3962103007797009,3.0,RFS,OOD,GSE19783,PCHazard,40
1,20,0.097835573554039,0.20000000000000007,0.08018208641154378,0.4488544357192724,5.0,RFS,OOD,GSE19783,PCHazard,40
2,20,0.15750109255313874,0.30000000000000004,0.14748183144480875,0.5494540152928442,5.0,RFS,OOD,GSE19783,PCHazard,40
3,19,0.20247032767847964,0.36842105263157876,0.19559113288626362,0.6210071584223045,5.0,RFS,OOD,GSE19783,PCHazard,40
4,20,0.27129729390144347,0.35,0.18469509502198866,0.5969988004454788,5.0,RFS,OOD,GSE19783,PCHazard,40
5,20,0.4499477565288544,0.20000000000000007,0.08018208641154378,0.4488544357192724,5.0,RFS,OOD,GSE19783,PCHazard,40
1,20,0.21758722364902497,0.3538461538461538,0.18660303993379923,0.6028469753412342,10.0,RFS,OOD,GSE19783,PCHazard,40
2,20,0.3893160432577133,0.4222222222222223,0.23397252097458554,0.6766484783647292,10.0,RFS,OOD,GSE19783,PCHazard,40
3,19,0.5309691664419676,0.42583732057416257,0.23985460745909726,0.6745462445571061,10.0,RFS,OOD,GSE19783,PCHazard,40
4,20,0.6937376841902733,0.5,0.3081075405784225,0.7286722427068721,10.0,RFS,OOD,GSE19783,PCHazard,40
5,20,0.8975714139640332,0.5187499999999999,0.3174663847461211,0.7535184662911825,10.0,RFS,OOD,GSE19783,PCHazard,40
1,20,0.05732119977474213,0.050000000000000044,0.0071977714066028264,0.3052568067434299,3.0,RFS,OOD,GSE19783,PCHazard,41
2,20,0.09992427229881287,0.2500000000000001,0.11252908108411219,0.5000560920342481,3.0,RFS,OOD,GSE19783,PCHazard,41
3,19,0.14340735422937492,0.10526315789473684,0.027414609438570547,0.3592056454946131,3.0,RFS,OOD,GSE19783,PCHazard,41
4,20,0.2505105763673782,0.30000000000000004,0.14748183144480875,0.5494540152928442,3.0,RFS,OOD,GSE19783,PCHazard,41
5,20,0.5764147086068988,0.2500000000000001,0.11252908108411219,0.5000560920342481,3.0,RFS,OOD,GSE19783,PCHazard,41
1,20,0.05732119977474213,0.20000000000000007,0.08018208641154378,0.4488544357192724,5.0,RFS,OOD,GSE19783,PCHazard,41
2,20,0.09992427229881287,0.30000000000000004,0.14748183144480875,0.5494540152928442,5.0,RFS,OOD,GSE19783,PCHazard,41
3,19,0.14340735422937492,0.26315789473684204,0.11898061096333379,0.5210671140117462,5.0,RFS,OOD,GSE19783,PCHazard,41
4,20,0.2505105763673782,0.30000000000000004,0.14748183144480875,0.5494540152928442,5.0,RFS,OOD,GSE19783,PCHazard,41
5,20,0.5764147086068988,0.35,0.18469509502198866,0.5969988004454788,5.0,RFS,OOD,GSE19783,PCHazard,41
1,20,0.15442509651184083,0.2500000000000001,0.11252908108411219,0.5000560920342481,10.0,RFS,OOD,GSE19783,PCHazard,41
2,20,0.27202236354351045,0.4545454545454545,0.2675811978557503,0.692667295683285,10.0,RFS,OOD,GSE19783,PCHazard,41
3,19,0.4495796357330523,0.42583732057416257,0.23985460745909726,0.6745462445571061,10.0,RFS,OOD,GSE19783,PCHazard,41
4,20,0.6896404512226582,0.5111111111111111,0.3140248538023883,0.7430047641695314,10.0,RFS,OOD,GSE19783,PCHazard,41
5,20,0.9204364487934071,0.55,0.35291038839858757,0.7688918905184681,10.0,RFS,OOD,GSE19783,PCHazard,41
1,20,0.042784908413887025,0.15000000000000002,0.05100389020620577,0.3962103007797009,3.0,RFS,OOD,GSE19783,PCHazard,42
2,20,0.10336319804191589,0.09999999999999998,0.025989825604225025,0.34396929273843324,3.0,RFS,OOD,GSE19783,PCHazard,42
3,19,0.1415239039220308,0.26315789473684204,0.11898061096333379,0.5210671140117462,3.0,RFS,OOD,GSE19783,PCHazard,42
4,20,0.19285881221294404,0.15000000000000002,0.05100389020620577,0.3962103007797009,3.0,RFS,OOD,GSE19783,PCHazard,42
5,20,0.3559880927205086,0.30000000000000004,0.14748183144480875,0.5494540152928442,3.0,RFS,OOD,GSE19783,PCHazard,42
1,20,0.042784908413887025,0.15000000000000002,0.05100389020620577,0.3962103007797009,5.0,RFS,OOD,GSE19783,PCHazard,42
2,20,0.10336319804191589,0.20000000000000007,0.08018208641154378,0.4488544357192724,5.0,RFS,OOD,GSE19783,PCHazard,42
3,19,0.1415239039220308,0.36842105263157876,0.19559113288626362,0.6210071584223045,5.0,RFS,OOD,GSE19783,PCHazard,42
4,20,0.19285881221294404,0.30000000000000004,0.14748183144480875,0.5494540152928442,5.0,RFS,OOD,GSE19783,PCHazard,42
5,20,0.3559880927205086,0.3999999999999999,0.22395050254575188,0.6427080303423605,5.0,RFS,OOD,GSE19783,PCHazard,42
1,20,0.09760867059230804,0.38370370370370377,0.1998525242906246,0.6503373864528961,10.0,RFS,OOD,GSE19783,PCHazard,42
2,20,0.2608470141887665,0.30000000000000004,0.14748183144480875,0.5494540152928442,10.0,RFS,OOD,GSE19783,PCHazard,42
3,19,0.3480062861191599,0.26315789473684204,0.11898061096333379,0.5210671140117462,10.0,RFS,OOD,GSE19783,PCHazard,42
4,20,0.549701327085495,0.5111111111111111,0.3140248538023883,0.7430047641695314,10.0,RFS,OOD,GSE19783,PCHazard,42
5,20,0.9008021918358281,0.75,0.5514654642473222,0.9090061169971827,10.0,RFS,OOD,GSE19783,PCHazard,42
1,20,0.10830481052398681,0.15000000000000002,0.05100389020620577,0.3962103007797009,3.0,RFS,OOD,GSE19783,PCHazard,43
2,20,0.17295761108398439,0.2500000000000001,0.11252908108411219,0.5000560920342481,3.0,RFS,OOD,GSE19783,PCHazard,43
3,19,0.23282223626186974,0.21052631578947367,0.08471389897141945,0.46808733380730694,3.0,RFS,OOD,GSE19783,PCHazard,43
4,20,0.3055862933397293,0.09999999999999998,0.025989825604225025,0.34396929273843324,3.0,RFS,OOD,GSE19783,PCHazard,43
5,20,0.45511606335639954,0.2500000000000001,0.11252908108411219,0.5000560920342481,3.0,RFS,OOD,GSE19783,PCHazard,43
1,20,0.10830481052398681,0.20000000000000007,0.08018208641154378,0.4488544357192724,5.0,RFS,OOD,GSE19783,PCHazard,43
2,20,0.17295761108398439,0.35,0.18469509502198866,0.5969988004454788,5.0,RFS,OOD,GSE19783,PCHazard,43
3,19,0.23282223626186974,0.36842105263157876,0.19559113288626362,0.6210071584223045,5.0,RFS,OOD,GSE19783,PCHazard,43
4,20,0.3055862933397293,0.20000000000000007,0.08018208641154378,0.4488544357192724,5.0,RFS,OOD,GSE19783,PCHazard,43
5,20,0.45511606335639954,0.30000000000000004,0.14748183144480875,0.5494540152928442,5.0,RFS,OOD,GSE19783,PCHazard,43
1,20,0.17709094882011414,0.2533333333333334,0.11396196225968203,0.5060626435577639,10.0,RFS,OOD,GSE19783,PCHazard,43
2,20,0.30434146523475647,0.6000000000000001,0.39954371274468414,0.8071882920909721,10.0,RFS,OOD,GSE19783,PCHazard,43
3,19,0.4382246717026359,0.3157894736842104,0.156058153457156,0.5720593610518514,10.0,RFS,OOD,GSE19783,PCHazard,43
4,20,0.6433791778981686,0.45833333333333337,0.26987397567817095,0.6973191774446506,10.0,RFS,OOD,GSE19783,PCHazard,43
5,20,0.8833836083882488,0.55,0.35291038839858757,0.7688918905184681,10.0,RFS,OOD,GSE19783,PCHazard,43
1,20,0.04580502510070801,0.09999999999999998,0.025989825604225025,0.34396929273843324,3.0,RFS,OOD,GSE19783,PCHazard,44
2,20,0.08584877848625183,0.09999999999999998,0.025989825604225025,0.34396929273843324,3.0,RFS,OOD,GSE19783,PCHazard,44
3,19,0.14091542520021139,0.21052631578947367,0.08471389897141945,0.46808733380730694,3.0,RFS,OOD,GSE19783,PCHazard,44
4,20,0.20837606489658356,0.2500000000000001,0.11252908108411219,0.5000560920342481,3.0,RFS,OOD,GSE19783,PCHazard,44
5,20,0.41423222571611407,0.30000000000000004,0.14748183144480875,0.5494540152928442,3.0,RFS,OOD,GSE19783,PCHazard,44
1,20,0.04580502510070801,0.15000000000000002,0.05100389020620577,0.3962103007797009,5.0,RFS,OOD,GSE19783,PCHazard,44
2,20,0.08584877848625183,0.20000000000000007,0.08018208641154378,0.4488544357192724,5.0,RFS,OOD,GSE19783,PCHazard,44
3,19,0.14091542520021139,0.3157894736842104,0.156058153457156,0.5720593610518514,5.0,RFS,OOD,GSE19783,PCHazard,44
4,20,0.20837606489658356,0.30000000000000004,0.14748183144480875,0.5494540152928442,5.0,RFS,OOD,GSE19783,PCHazard,44
5,20,0.41423222571611407,0.44999999999999996,0.26511279222501805,0.6866000144811438,5.0,RFS,OOD,GSE19783,PCHazard,44
1,20,0.12822334170341493,0.2500000000000001,0.11252908108411219,0.5000560920342481,10.0,RFS,OOD,GSE19783,PCHazard,44
2,20,0.2334521681070328,0.4778554778554779,0.28051813280227245,0.7226775131610247,10.0,RFS,OOD,GSE19783,PCHazard,44
3,19,0.3507988170573586,0.4736842105263157,0.281236229880263,0.7127987510197109,10.0,RFS,OOD,GSE19783,PCHazard,44
4,20,0.506914983689785,0.44999999999999996,0.26511279222501805,0.6866000144811438,10.0,RFS,OOD,GSE19783,PCHazard,44
5,20,0.8005549557507038,0.5714285714285714,0.36362391449160747,0.7957530734730391,10.0,RFS,OOD,GSE19783,PCHazard,44
1,20,0.03337990641593933,0.20000000000000007,0.08018208641154378,0.4488544357192724,3.0,RFS,OOD,GSE19783,PMF,40
2,20,0.04305268228054047,0.15000000000000002,0.05100389020620577,0.3962103007797009,3.0,RFS,OOD,GSE19783,PMF,40
3,19,0.049495075878344084,0.1578947368421053,0.05384439597107882,0.41349633262549434,3.0,RFS,OOD,GSE19783,PMF,40
4,20,0.05997692942619324,0.35,0.18469509502198866,0.5969988004454788,3.0,RFS,OOD,GSE19783,PMF,40
5,20,0.07939889132976533,0.09999999999999998,0.025989825604225025,0.34396929273843324,3.0,RFS,OOD,GSE19783,PMF,40
1,20,0.07602091431617737,0.15000000000000002,0.05100389020620577,0.3962103007797009,5.0,RFS,OOD,GSE19783,PMF,40
2,20,0.10547808408737183,0.15000000000000002,0.05100389020620577,0.3962103007797009,5.0,RFS,OOD,GSE19783,PMF,40
3,19,0.12874114513397217,0.36842105263157876,0.19559113288626362,0.6210071584223045,5.0,RFS,OOD,GSE19783,PMF,40
4,20,0.20571489930152892,0.35,0.18469509502198866,0.5969988004454788,5.0,RFS,OOD,GSE19783,PMF,40
5,20,0.506721556186676,0.3999999999999999,0.22395050254575188,0.6427080303423605,5.0,RFS,OOD,GSE19783,PMF,40
1,20,0.20538360476493836,0.3212121212121213,0.15670533924700447,0.5855301458287596,10.0,RFS,OOD,GSE19783,PMF,40
2,20,0.28561253249645235,0.44999999999999996,0.26511279222501805,0.6866000144811438,10.0,RFS,OOD,GSE19783,PMF,40
3,19,0.4243326500842446,0.593984962406015,0.3831096462074651,0.813977373571736,10.0,RFS,OOD,GSE19783,PMF,40
4,20,0.5112275898456573,0.45999999999999985,0.2703042962840686,0.700266636803894,10.0,RFS,OOD,GSE19783,PMF,40
5,20,0.6931228995323181,0.3999999999999999,0.22395050254575188,0.6427080303423605,10.0,RFS,OOD,GSE19783,PMF,40
1,20,0.022631967067718507,0.15000000000000002,0.05100389020620577,0.3962103007797009,3.0,RFS,OOD,GSE19783,PMF,41
2,20,0.03342359960079193,0.15000000000000002,0.05100389020620577,0.3962103007797009,3.0,RFS,OOD,GSE19783,PMF,41
3,19,0.042260126063698215,0.10526315789473684,0.027414609438570547,0.3592056454946131,3.0,RFS,OOD,GSE19783,PMF,41
4,20,0.05240165293216705,0.3999999999999999,0.22395050254575188,0.6427080303423605,3.0,RFS,OOD,GSE19783,PMF,41
5,20,0.06943087875843049,0.15000000000000002,0.05100389020620577,0.3962103007797009,3.0,RFS,OOD,GSE19783,PMF,41
1,20,0.042976224422454835,0.2500000000000001,0.11252908108411219,0.5000560920342481,5.0,RFS,OOD,GSE19783,PMF,41
2,20,0.07350047528743744,0.15000000000000002,0.05100389020620577,0.3962103007797009,5.0,RFS,OOD,GSE19783,PMF,41
3,19,0.11575401143023842,0.21052631578947367,0.08471389897141945,0.46808733380730694,5.0,RFS,OOD,GSE19783,PMF,41
4,20,0.2165802001953125,0.55,0.35291038839858757,0.7688918905184681,5.0,RFS,OOD,GSE19783,PMF,41
5,20,0.4242022544145584,0.2500000000000001,0.11252908108411219,0.5000560920342481,5.0,RFS,OOD,GSE19783,PMF,41
1,20,0.2025165557861328,0.5,0.3081075405784225,0.7286722427068721,10.0,RFS,OOD,GSE19783,PMF,41
2,20,0.34846499264240266,0.4296296296296297,0.23851725958619618,0.6855482761524052,10.0,RFS,OOD,GSE19783,PMF,41
3,19,0.45906398170872736,0.42583732057416257,0.23985460745909726,0.6745462445571061,10.0,RFS,OOD,GSE19783,PMF,41
4,20,0.5363356411457062,0.46666666666666656,0.27330267645895,0.709966723799722,10.0,RFS,OOD,GSE19783,PMF,41
5,20,0.6564745157957077,0.3999999999999999,0.22395050254575188,0.6427080303423605,10.0,RFS,OOD,GSE19783,PMF,41
1,20,0.03205938339233398,0.09999999999999998,0.025989825604225025,0.34396929273843324,3.0,RFS,OOD,GSE19783,PMF,42
2,20,0.04423742890357971,0.15000000000000002,0.05100389020620577,0.3962103007797009,3.0,RFS,OOD,GSE19783,PMF,42
3,19,0.050271294618907725,0.26315789473684204,0.11898061096333379,0.5210671140117462,3.0,RFS,OOD,GSE19783,PMF,42
4,20,0.06122448742389679,0.2500000000000001,0.11252908108411219,0.5000560920342481,3.0,RFS,OOD,GSE19783,PMF,42
5,20,0.07635356485843658,0.20000000000000007,0.08018208641154378,0.4488544357192724,3.0,RFS,OOD,GSE19783,PMF,42
1,20,0.04403471350669861,0.050000000000000044,0.0071977714066028264,0.3052568067434299,5.0,RFS,OOD,GSE19783,PMF,42
2,20,0.08128679990768432,0.2500000000000001,0.11252908108411219,0.5000560920342481,5.0,RFS,OOD,GSE19783,PMF,42
3,19,0.1282104724331906,0.3157894736842104,0.156058153457156,0.5720593610518514,5.0,RFS,OOD,GSE19783,PMF,42
4,20,0.21977995336055756,0.44999999999999996,0.26511279222501805,0.6866000144811438,5.0,RFS,OOD,GSE19783,PMF,42
5,20,0.40671101212501526,0.35,0.18469509502198866,0.5969988004454788,5.0,RFS,OOD,GSE19783,PMF,42
1,20,0.1484344094991684,0.20000000000000007,0.08018208641154378,0.4488544357192724,10.0,RFS,OOD,GSE19783,PMF,42
2,20,0.26476284563541413,0.5,0.3081075405784225,0.7286722427068721,10.0,RFS,OOD,GSE19783,PMF,42
3,19,0.35986720574529546,0.4586466165413532,0.2525897082571652,0.725706019987328,10.0,RFS,OOD,GSE19783,PMF,42
4,20,0.4416292577981949,0.509090909090909,0.3135022375878187,0.7396694912574708,10.0,RFS,OOD,GSE19783,PMF,42
5,20,0.5958532452583313,0.55,0.35291038839858757,0.7688918905184681,10.0,RFS,OOD,GSE19783,PMF,42
1,20,0.031110340356826784,0.09999999999999998,0.025989825604225025,0.34396929273843324,3.0,RFS,OOD,GSE19783,PMF,43
2,20,0.04142182469367981,0.20000000000000007,0.08018208641154378,0.4488544357192724,3.0,RFS,OOD,GSE19783,PMF,43
3,19,0.047977720436296965,0.26315789473684204,0.11898061096333379,0.5210671140117462,3.0,RFS,OOD,GSE19783,PMF,43
4,20,0.055494424700737,0.050000000000000044,0.0071977714066028264,0.3052568067434299,3.0,RFS,OOD,GSE19783,PMF,43
5,20,0.07155627310276032,0.35,0.18469509502198866,0.5969988004454788,3.0,RFS,OOD,GSE19783,PMF,43
1,20,0.05151044130325318,0.15000000000000002,0.05100389020620577,0.3962103007797009,5.0,RFS,OOD,GSE19783,PMF,43
2,20,0.08127701878547669,0.35,0.18469509502198866,0.5969988004454788,5.0,RFS,OOD,GSE19783,PMF,43
3,19,0.11430529544228002,0.05263157894736836,0.007585364480731993,0.31881320019371384,5.0,RFS,OOD,GSE19783,PMF,43
4,20,0.20936161577701567,0.44999999999999996,0.26511279222501805,0.6866000144811438,5.0,RFS,OOD,GSE19783,PMF,43
5,20,0.42338437438011167,0.3999999999999999,0.22395050254575188,0.6427080303423605,5.0,RFS,OOD,GSE19783,PMF,43
1,20,0.14451293647289276,0.3212121212121213,0.15670533924700447,0.5855301458287596,10.0,RFS,OOD,GSE19783,PMF,43
2,20,0.26095683574676515,0.35,0.18469509502198866,0.5969988004454788,10.0,RFS,OOD,GSE19783,PMF,43
3,19,0.3524943652905916,0.42105263157894723,0.2373600749703766,0.6679188705126937,10.0,RFS,OOD,GSE19783,PMF,43
4,20,0.48084806501865385,0.5722222222222222,0.3660686451302593,0.7944181507603584,10.0,RFS,OOD,GSE19783,PMF,43
5,20,0.6863884180784225,0.55,0.35291038839858757,0.7688918905184681,10.0,RFS,OOD,GSE19783,PMF,43
1,20,0.029670560359954835,0.050000000000000044,0.0071977714066028264,0.3052568067434299,3.0,RFS,OOD,GSE19783,PMF,44
2,20,0.04854826033115387,0.35,0.18469509502198866,0.5969988004454788,3.0,RFS,OOD,GSE19783,PMF,44
3,19,0.063113272190094,0.10526315789473684,0.027414609438570547,0.3592056454946131,3.0,RFS,OOD,GSE19783,PMF,44
4,20,0.0764791339635849,0.2500000000000001,0.11252908108411219,0.5000560920342481,3.0,RFS,OOD,GSE19783,PMF,44
5,20,0.10626260042190552,0.20000000000000007,0.08018208641154378,0.4488544357192724,3.0,RFS,OOD,GSE19783,PMF,44
1,20,0.04340282678604126,0.20000000000000007,0.08018208641154378,0.4488544357192724,5.0,RFS,OOD,GSE19783,PMF,44
2,20,0.08776478171348571,0.09999999999999998,0.025989825604225025,0.34396929273843324,5.0,RFS,OOD,GSE19783,PMF,44
3,19,0.12908295894923963,0.42105263157894723,0.2373600749703766,0.6679188705126937,5.0,RFS,OOD,GSE19783,PMF,44
4,20,0.22103983163833618,0.44999999999999996,0.26511279222501805,0.6866000144811438,5.0,RFS,OOD,GSE19783,PMF,44
5,20,0.37583408653736117,0.2500000000000001,0.11252908108411219,0.5000560920342481,5.0,RFS,OOD,GSE19783,PMF,44
1,20,0.15762020647525787,0.15000000000000002,0.05100389020620577,0.3962103007797009,10.0,RFS,OOD,GSE19783,PMF,44
2,20,0.26496807634830477,0.75,0.5514654642473222,0.9090061169971827,10.0,RFS,OOD,GSE19783,PMF,44
3,19,0.3822017657129388,0.42105263157894723,0.2373600749703766,0.6679188705126937,10.0,RFS,OOD,GSE19783,PMF,44
4,20,0.49833818078041076,0.4222222222222223,0.23397252097458554,0.6766484783647292,10.0,RFS,OOD,GSE19783,PMF,44
5,20,0.6850807905197144,0.44999999999999996,0.26511279222501805,0.6866000144811438,10.0,RFS,OOD,GSE19783,PMF,44
1,20,0.09543636441230774,0.050000000000000044,0.0071977714066028264,0.3052568067434299,3.0,RFS,OOD,GSE19783,RSF,40
2,20,0.11361838579177856,0.2500000000000001,0.11252908108411219,0.5000560920342481,3.0,RFS,OOD,GSE19783,RSF,40
3,19,0.13211616089469508,0.26315789473684204,0.11898061096333379,0.5210671140117462,3.0,RFS,OOD,GSE19783,RSF,40
4,20,0.14739388823509217,0.15000000000000002,0.05100389020620577,0.3962103007797009,3.0,RFS,OOD,GSE19783,RSF,40
5,20,0.16848756968975068,0.2500000000000001,0.11252908108411219,0.5000560920342481,3.0,RFS,OOD,GSE19783,RSF,40
1,20,0.17084746658802033,0.09999999999999998,0.025989825604225025,0.34396929273843324,5.0,RFS,OOD,GSE19783,RSF,40
2,20,0.20985737442970276,0.30000000000000004,0.14748183144480875,0.5494540152928442,5.0,RFS,OOD,GSE19783,RSF,40
3,19,0.2387770979027999,0.42105263157894723,0.2373600749703766,0.6679188705126937,5.0,RFS,OOD,GSE19783,RSF,40
4,20,0.2686334550380707,0.2500000000000001,0.11252908108411219,0.5000560920342481,5.0,RFS,OOD,GSE19783,RSF,40
5,20,0.3052597850561142,0.35,0.18469509502198866,0.5969988004454788,5.0,RFS,OOD,GSE19783,RSF,40
1,20,0.3191834658384323,0.38750000000000007,0.19902638138686235,0.6613531063560156,10.0,RFS,OOD,GSE19783,RSF,40
2,20,0.38048342168331145,0.35,0.18469509502198866,0.5969988004454788,10.0,RFS,OOD,GSE19783,RSF,40
3,19,0.41734501562620463,0.5263157894736841,0.32715942801105635,0.7556232592129544,10.0,RFS,OOD,GSE19783,RSF,40
4,20,0.45344061553478243,0.5049999999999999,0.31091184214842826,0.7349634009687668,10.0,RFS,OOD,GSE19783,RSF,40
5,20,0.49542464315891266,0.45999999999999985,0.2703042962840686,0.700266636803894,10.0,RFS,OOD,GSE19783,RSF,40
1,20,0.06524044871330262,0.09999999999999998,0.025989825604225025,0.34396929273843324,3.0,RFS,OOD,GSE19783,RSF,41
2,20,0.09111414849758148,0.2500000000000001,0.11252908108411219,0.5000560920342481,3.0,RFS,OOD,GSE19783,RSF,41
3,19,0.10896173276399311,0.1578947368421053,0.05384439597107882,0.41349633262549434,3.0,RFS,OOD,GSE19783,RSF,41
4,20,0.12864939868450165,0.09999999999999998,0.025989825604225025,0.34396929273843324,3.0,RFS,OOD,GSE19783,RSF,41
5,20,0.1657947927713394,0.35,0.18469509502198866,0.5969988004454788,3.0,RFS,OOD,GSE19783,RSF,41
1,20,0.15590680241584778,0.09999999999999998,0.025989825604225025,0.34396929273843324,5.0,RFS,OOD,GSE19783,RSF,41
2,20,0.20132046937942505,0.30000000000000004,0.14748183144480875,0.5494540152928442,5.0,RFS,OOD,GSE19783,RSF,41
3,19,0.23707283798017,0.36842105263157876,0.19559113288626362,0.6210071584223045,5.0,RFS,OOD,GSE19783,RSF,41
4,20,0.2717559814453125,0.2500000000000001,0.11252908108411219,0.5000560920342481,5.0,RFS,OOD,GSE19783,RSF,41
5,20,0.3221532940864563,0.4,0.2239505025457521,0.6427080303423605,5.0,RFS,OOD,GSE19783,RSF,41
1,20,0.32849788963794707,0.32500000000000007,0.1573437937288864,0.5943930956660397,10.0,RFS,OOD,GSE19783,RSF,41
2,20,0.3986504524946213,0.2500000000000001,0.11252908108411219,0.5000560920342481,10.0,RFS,OOD,GSE19783,RSF,41
3,19,0.4443170522388659,0.5789473684210527,0.37512875393609313,0.7963288980273766,10.0,RFS,OOD,GSE19783,RSF,41
4,20,0.4945522412657738,0.55,0.35291038839858757,0.7688918905184681,10.0,RFS,OOD,GSE19783,RSF,41
5,20,0.5491922110319137,0.5050000000000001,0.3109118421484284,0.7349634009687669,10.0,RFS,OOD,GSE19783,RSF,41
1,20,0.07293126285076142,0.050000000000000044,0.0071977714066028264,0.3052568067434299,3.0,RFS,OOD,GSE19783,RSF,42
2,20,0.09441244602203369,0.20000000000000007,0.08018208641154378,0.4488544357192724,3.0,RFS,OOD,GSE19783,RSF,42
3,19,0.11206689633821186,0.1578947368421053,0.05384439597107882,0.41349633262549434,3.0,RFS,OOD,GSE19783,RSF,42
4,20,0.13413732945919038,0.15000000000000002,0.05100389020620577,0.3962103007797009,3.0,RFS,OOD,GSE19783,RSF,42
5,20,0.16922561228275299,0.3999999999999999,0.22395050254575188,0.6427080303423605,3.0,RFS,OOD,GSE19783,RSF,42
1,20,0.1432299256324768,0.050000000000000044,0.0071977714066028264,0.3052568067434299,5.0,RFS,OOD,GSE19783,RSF,42
2,20,0.1854073017835617,0.35,0.18469509502198866,0.5969988004454788,5.0,RFS,OOD,GSE19783,RSF,42
3,19,0.2158195125429254,0.3157894736842104,0.156058153457156,0.5720593610518514,5.0,RFS,OOD,GSE19783,RSF,42
4,20,0.253161695599556,0.20000000000000007,0.08018208641154378,0.4488544357192724,5.0,RFS,OOD,GSE19783,RSF,42
5,20,0.3090264111757278,0.5,0.3081075405784225,0.7286722427068721,5.0,RFS,OOD,GSE19783,RSF,42
1,20,0.30573868155479433,0.28,0.12307800404962499,0.5603000933001857,10.0,RFS,OOD,GSE19783,RSF,42
2,20,0.3862729460000992,0.3999999999999999,0.22395050254575188,0.6427080303423605,10.0,RFS,OOD,GSE19783,RSF,42
3,19,0.4249897191399022,0.5263157894736841,0.32715942801105635,0.7556232592129544,10.0,RFS,OOD,GSE19783,RSF,42
4,20,0.4647200107574463,0.44999999999999996,0.26511279222501805,0.6866000144811438,10.0,RFS,OOD,GSE19783,RSF,42
5,20,0.5290238425135613,0.55,0.35291038839858757,0.7688918905184681,10.0,RFS,OOD,GSE19783,RSF,42
1,20,0.06501401364803314,0.09999999999999998,0.025989825604225025,0.34396929273843324,3.0,RFS,OOD,GSE19783,RSF,43
2,20,0.08657512664794922,0.0,0.0,0.0,3.0,RFS,OOD,GSE19783,RSF,43
3,19,0.11690974862951982,0.1578947368421053,0.05384439597107882,0.41349633262549434,3.0,RFS,OOD,GSE19783,RSF,43
4,20,0.14410947263240814,0.3999999999999999,0.22395050254575188,0.6427080303423605,3.0,RFS,OOD,GSE19783,RSF,43
5,20,0.19173929691314698,0.30000000000000004,0.14748183144480875,0.5494540152928442,3.0,RFS,OOD,GSE19783,RSF,43
1,20,0.14835540652275087,0.09999999999999998,0.025989825604225025,0.34396929273843324,5.0,RFS,OOD,GSE19783,RSF,43
2,20,0.19506686329841613,0.2500000000000001,0.11252908108411219,0.5000560920342481,5.0,RFS,OOD,GSE19783,RSF,43
3,19,0.24238963817295275,0.26315789473684204,0.11898061096333379,0.5210671140117462,5.0,RFS,OOD,GSE19783,RSF,43
4,20,0.2820140659809113,0.44999999999999996,0.26511279222501805,0.6866000144811438,5.0,RFS,OOD,GSE19783,RSF,43
5,20,0.35315718650817873,0.35,0.18469509502198866,0.5969988004454788,5.0,RFS,OOD,GSE19783,RSF,43
1,20,0.29622367322444915,0.28,0.12307800404962499,0.5603000933001857,10.0,RFS,OOD,GSE19783,RSF,43
2,20,0.3761358201503754,0.30000000000000004,0.14748183144480875,0.5494540152928442,10.0,RFS,OOD,GSE19783,RSF,43
3,19,0.42337965651562337,0.631578947368421,0.4252022996739875,0.8348004869620509,10.0,RFS,OOD,GSE19783,RSF,43
4,20,0.47426737844944,0.5187499999999999,0.3174663847461211,0.7535184662911825,10.0,RFS,OOD,GSE19783,RSF,43
5,20,0.5431985810399056,0.5,0.3081075405784225,0.7286722427068721,10.0,RFS,OOD,GSE19783,RSF,43
1,20,0.07058780193328858,0.09999999999999998,0.025989825604225025,0.34396929273843324,3.0,RFS,OOD,GSE19783,RSF,44
2,20,0.0923995852470398,0.050000000000000044,0.0071977714066028264,0.3052568067434299,3.0,RFS,OOD,GSE19783,RSF,44
3,19,0.11284588512621428,0.21052631578947367,0.08471389897141945,0.46808733380730694,3.0,RFS,OOD,GSE19783,RSF,44
4,20,0.13545576632022857,0.20000000000000007,0.08018208641154378,0.4488544357192724,3.0,RFS,OOD,GSE19783,RSF,44
5,20,0.1690764307975769,0.3999999999999999,0.22395050254575188,0.6427080303423605,3.0,RFS,OOD,GSE19783,RSF,44
1,20,0.14527298212051393,0.050000000000000044,0.0071977714066028264,0.3052568067434299,5.0,RFS,OOD,GSE19783,RSF,44
2,20,0.18819462656974792,0.20000000000000007,0.08018208641154378,0.4488544357192724,5.0,RFS,OOD,GSE19783,RSF,44
3,19,0.21680038539986862,0.42105263157894723,0.2373600749703766,0.6679188705126937,5.0,RFS,OOD,GSE19783,RSF,44
4,20,0.24821650683879853,0.30000000000000004,0.14748183144480875,0.5494540152928442,5.0,RFS,OOD,GSE19783,RSF,44
5,20,0.29977883994579313,0.44999999999999996,0.26511279222501805,0.6866000144811438,5.0,RFS,OOD,GSE19783,RSF,44
1,20,0.307924884557724,0.3333333333333335,0.15985122193754753,0.6108858492723825,10.0,RFS,OOD,GSE19783,RSF,44
2,20,0.37966328859329224,0.30000000000000004,0.14748183144480875,0.5494540152928442,10.0,RFS,OOD,GSE19783,RSF,44
3,19,0.41552679475985077,0.4385964912280701,0.24563794392100735,0.6934521410231791,10.0,RFS,OOD,GSE19783,RSF,44
4,20,0.4521606206893921,0.6666666666666667,0.457029044637969,0.8614243242265868,10.0,RFS,OOD,GSE19783,RSF,44
5,20,0.5208021447062492,0.5,0.3081075405784225,0.7286722427068721,10.0,RFS,OOD,GSE19783,RSF,44
1,42,0.12766094576744808,0.023809523809523836,0.003388550205071672,0.15724446039539342,3.0,RFS,OOD,UK,TabSurv_M,40
2,41,0.16694663501367335,0.04878048780487809,0.012427811403127209,0.1812630709502503,3.0,RFS,OOD,UK,TabSurv_M,40
3,41,0.1945723905795958,0.07317073170731714,0.024202712324896458,0.2099536944595688,3.0,RFS,OOD,UK,TabSurv_M,40
4,41,0.22447285710311518,0.14634146341463417,0.06856093073984781,0.2970585510650745,3.0,RFS,OOD,UK,TabSurv_M,40
5,42,0.28903627537545706,0.38095238095238093,0.25354615493000443,0.544565266266245,3.0,RFS,OOD,UK,TabSurv_M,40
1,42,0.2227152401492709,0.07142857142857151,0.023611989152952817,0.20533641165803207,5.0,RFS,OOD,UK,TabSurv_M,40
2,41,0.27536917895805546,0.14634146341463417,0.06856093073984781,0.2970585510650745,5.0,RFS,OOD,UK,TabSurv_M,40
3,41,0.30904072959248613,0.12195121951219512,0.05266101585931515,0.2684938960222032,5.0,RFS,OOD,UK,TabSurv_M,40
4,41,0.34221082635042144,0.29268292682926844,0.17806806229275862,0.4574455509822991,5.0,RFS,OOD,UK,TabSurv_M,40
5,42,0.41236265500386554,0.5476190476190477,0.4063473214958162,0.7007987083970677,5.0,RFS,OOD,UK,TabSurv_M,40
1,42,0.13935873763901846,0.0,0.0,0.0,3.0,RFS,OOD,UK,TabSurv_M,41
2,41,0.1765669162680463,0.07317073170731714,0.024202712324896458,0.2099536944595688,3.0,RFS,OOD,UK,TabSurv_M,41
3,41,0.2027719762267136,0.07317073170731714,0.024202712324896458,0.2099536944595688,3.0,RFS,OOD,UK,TabSurv_M,41
4,41,0.23141436460541515,0.1707317073170732,0.08529489105943289,0.32505314082823866,3.0,RFS,OOD,UK,TabSurv_M,41
5,42,0.300398527156739,0.3571428571428572,0.23300042820447786,0.5209343853168225,3.0,RFS,OOD,UK,TabSurv_M,41
1,42,0.2457257140250433,0.04761904761904767,0.0121265023606415,0.17725689672206646,5.0,RFS,OOD,UK,TabSurv_M,41
2,41,0.2936596681432026,0.14634146341463417,0.06856093073984781,0.2970585510650745,5.0,RFS,OOD,UK,TabSurv_M,41
3,41,0.3242424886401107,0.07317073170731714,0.024202712324896458,0.2099536944595688,5.0,RFS,OOD,UK,TabSurv_M,41
4,41,0.35972094826582,0.3170731707317074,0.19805390065030415,0.48260990887052846,5.0,RFS,OOD,UK,TabSurv_M,41
5,42,0.43078605901627315,0.5952380952380953,0.4528077787061341,0.7424959382068993,5.0,RFS,OOD,UK,TabSurv_M,41
1,42,0.13840497817311967,0.0,0.0,0.0,3.0,RFS,OOD,UK,TabSurv_M,42
2,41,0.16695482992544408,0.024390243902439046,0.0034720728616358665,0.16079758840770841,3.0,RFS,OOD,UK,TabSurv_M,42
3,41,0.19490302045170854,0.04878048780487809,0.012427811403127209,0.1812630709502503,3.0,RFS,OOD,UK,TabSurv_M,42
4,41,0.2235488731686662,0.14634146341463417,0.06856093073984781,0.2970585510650745,3.0,RFS,OOD,UK,TabSurv_M,42
5,42,0.2783067652157375,0.45238095238095244,0.317154961879185,0.613463959898754,3.0,RFS,OOD,UK,TabSurv_M,42
1,42,0.22307313907714116,0.04761904761904767,0.0121265023606415,0.17725689672206646,5.0,RFS,OOD,UK,TabSurv_M,42
2,41,0.26247186486313984,0.024390243902439046,0.0034720728616358665,0.16079758840770841,5.0,RFS,OOD,UK,TabSurv_M,42
3,41,0.2954922536524331,0.1707317073170732,0.08529489105943289,0.32505314082823866,5.0,RFS,OOD,UK,TabSurv_M,42
4,41,0.32946128670762226,0.36585365853658536,0.23920321795324972,0.531789823912844,5.0,RFS,OOD,UK,TabSurv_M,42
5,42,0.39260888241586234,0.5714285714285715,0.4294195053944245,0.7218161614109951,5.0,RFS,OOD,UK,TabSurv_M,42
1,42,0.10985250700087774,0.0,0.0,0.0,3.0,RFS,OOD,UK,TabSurv_M,43
2,41,0.14053601026535034,0.024390243902439046,0.0034720728616358665,0.16079758840770841,3.0,RFS,OOD,UK,TabSurv_M,43
3,41,0.17286525412303647,0.04878048780487809,0.012427811403127209,0.1812630709502503,3.0,RFS,OOD,UK,TabSurv_M,43
4,41,0.22273171384160112,0.2195121951219513,0.12079502507647777,0.3794303186287643,3.0,RFS,OOD,UK,TabSurv_M,43
5,42,0.2813809315363566,0.38095238095238093,0.25354615493000443,0.544565266266245,3.0,RFS,OOD,UK,TabSurv_M,43
1,42,0.19453771909077963,0.023809523809523836,0.003388550205071672,0.15724446039539342,5.0,RFS,OOD,UK,TabSurv_M,43
2,41,0.24115038935731098,0.04878048780487809,0.012427811403127209,0.1812630709502503,5.0,RFS,OOD,UK,TabSurv_M,43
3,41,0.2835038885837648,0.19512195121951226,0.10273657263608793,0.35249934571393227,5.0,RFS,OOD,UK,TabSurv_M,43
4,41,0.3396303203047776,0.36585365853658536,0.23920321795324972,0.531789823912844,5.0,RFS,OOD,UK,TabSurv_M,43
5,42,0.4042246810027531,0.5476190476190477,0.4063473214958162,0.7007987083970677,5.0,RFS,OOD,UK,TabSurv_M,43
1,42,0.12280282236280896,0.04761904761904767,0.0121265023606415,0.17725689672206646,3.0,RFS,OOD,UK,TabSurv_M,44
2,41,0.1560186438444184,0.0,0.0,0.0,3.0,RFS,OOD,UK,TabSurv_M,44
3,41,0.1947086860493916,0.04878048780487809,0.012427811403127209,0.1812630709502503,3.0,RFS,OOD,UK,TabSurv_M,44
4,41,0.24444338315870703,0.19512195121951226,0.10273657263608793,0.35249934571393227,3.0,RFS,OOD,UK,TabSurv_M,44
5,42,0.3151588879880451,0.38095238095238093,0.25354615493000443,0.544565266266245,3.0,RFS,OOD,UK,TabSurv_M,44
1,42,0.21913950641949972,0.09523809523809534,0.03685157067722589,0.23415256269603502,5.0,RFS,OOD,UK,TabSurv_M,44
2,41,0.2627712182882356,0.04878048780487809,0.012427811403127209,0.1812630709502503,5.0,RFS,OOD,UK,TabSurv_M,44
3,41,0.3146966012512765,0.14634146341463417,0.06856093073984781,0.2970585510650745,5.0,RFS,OOD,UK,TabSurv_M,44
4,41,0.3689229124929847,0.36585365853658536,0.23920321795324972,0.531789823912844,5.0,RFS,OOD,UK,TabSurv_M,44
5,42,0.44532751611300875,0.523809523809524,0.383586493202815,0.6794507549891191,5.0,RFS,OOD,UK,TabSurv_M,44
1,42,0.044802136364437285,0.11904761904761907,0.05136069548711064,0.2626581132979591,3.0,RFS,OOD,UK,DeepHS,40
2,41,0.06189263448482606,0.12195121951219512,0.05266101585931515,0.2684938960222032,3.0,RFS,OOD,UK,DeepHS,40
3,41,0.07110896779269707,0.12195121951219512,0.05266101585931515,0.2684938960222032,3.0,RFS,OOD,UK,DeepHS,40
4,41,0.0799912534108976,0.19512195121951226,0.10273657263608793,0.35249934571393227,3.0,RFS,OOD,UK,DeepHS,40
5,42,0.09293019771575928,0.11904761904761907,0.05136069548711064,0.2626581132979591,3.0,RFS,OOD,UK,DeepHS,40
1,42,0.11890385974021185,0.09523809523809534,0.03685157067722589,0.23415256269603502,5.0,RFS,OOD,UK,DeepHS,40
2,41,0.1401212462564794,0.07317073170731714,0.024202712324896458,0.2099536944595688,5.0,RFS,OOD,UK,DeepHS,40
3,41,0.1544781894218631,0.2195121951219513,0.12079502507647777,0.3794303186287643,5.0,RFS,OOD,UK,DeepHS,40
4,41,0.16858570168658002,0.36585365853658536,0.23920321795324972,0.531789823912844,5.0,RFS,OOD,UK,DeepHS,40
5,42,0.20679060759998502,0.4285714285714286,0.29563209051328687,0.590824298209402,5.0,RFS,OOD,UK,DeepHS,40
1,42,0.038121671903701054,0.09523809523809534,0.03685157067722589,0.23415256269603502,3.0,RFS,OOD,UK,DeepHS,41
2,41,0.05171322822570801,0.09756097560975618,0.03777922653978372,0.23938678283927184,3.0,RFS,OOD,UK,DeepHS,41
3,41,0.06359129271856169,0.09756097560975618,0.03777922653978372,0.23938678283927184,3.0,RFS,OOD,UK,DeepHS,41
4,41,0.0740985492380654,0.24390243902439035,0.13940243705659527,0.40587922332590554,3.0,RFS,OOD,UK,DeepHS,41
5,42,0.09149554513749622,0.1428571428571428,0.0668590166577937,0.2906404786090009,3.0,RFS,OOD,UK,DeepHS,41
1,42,0.08713627429235549,0.07142857142857151,0.023611989152952817,0.20533641165803207,5.0,RFS,OOD,UK,DeepHS,41
2,41,0.11199860456513196,0.09756097560975618,0.03777922653978372,0.23938678283927184,5.0,RFS,OOD,UK,DeepHS,41
3,41,0.13684367842790557,0.2682926829268294,0.15850692974546454,0.4318757938579546,5.0,RFS,OOD,UK,DeepHS,41
4,41,0.1662065895592294,0.3170731707317074,0.19805390065030415,0.48260990887052846,5.0,RFS,OOD,UK,DeepHS,41
5,42,0.21113983931995572,0.4285714285714286,0.29563209051328687,0.590824298209402,5.0,RFS,OOD,UK,DeepHS,41
1,42,0.03773948266392663,0.11904761904761907,0.05136069548711064,0.2626581132979591,3.0,RFS,OOD,UK,DeepHS,42
2,41,0.05400127463224458,0.12195121951219512,0.05266101585931515,0.2684938960222032,3.0,RFS,OOD,UK,DeepHS,42
3,41,0.0629086203691436,0.1707317073170732,0.08529489105943289,0.32505314082823866,3.0,RFS,OOD,UK,DeepHS,42
4,41,0.07383066997295473,0.09756097560975618,0.03777922653978372,0.23938678283927184,3.0,RFS,OOD,UK,DeepHS,42
5,42,0.09243087115741912,0.16666666666666663,0.08316677895026081,0.318072257528626,3.0,RFS,OOD,UK,DeepHS,42
1,42,0.09832730605488732,0.0,0.0,0.0,5.0,RFS,OOD,UK,DeepHS,42
2,41,0.1281985160781116,0.19512195121951226,0.10273657263608793,0.35249934571393227,5.0,RFS,OOD,UK,DeepHS,42
3,41,0.15304633175454488,0.19512195121951226,0.10273657263608793,0.35249934571393227,5.0,RFS,OOD,UK,DeepHS,42
4,41,0.17558760468552753,0.3170731707317074,0.19805390065030415,0.48260990887052846,5.0,RFS,OOD,UK,DeepHS,42
5,42,0.21600730220476785,0.4761904761904763,0.3389900899145165,0.6357813541081927,5.0,RFS,OOD,UK,DeepHS,42
1,42,0.03413958350817362,0.07142857142857151,0.023611989152952817,0.20533641165803207,3.0,RFS,OOD,UK,DeepHS,43
2,41,0.05231310972353307,0.07317073170731714,0.024202712324896458,0.2099536944595688,3.0,RFS,OOD,UK,DeepHS,43
3,41,0.061280691042179015,0.14634146341463417,0.06856093073984781,0.2970585510650745,3.0,RFS,OOD,UK,DeepHS,43
4,41,0.06906562316708448,0.12195121951219512,0.05266101585931515,0.2684938960222032,3.0,RFS,OOD,UK,DeepHS,43
5,42,0.08560732290858314,0.261904761904762,0.15447493097341913,0.42282460502041663,3.0,RFS,OOD,UK,DeepHS,43
1,42,0.09795219131878444,0.1428571428571429,0.06685901665779381,0.290640478609001,5.0,RFS,OOD,UK,DeepHS,43
2,41,0.13352793018992354,0.09756097560975618,0.03777922653978372,0.23938678283927184,5.0,RFS,OOD,UK,DeepHS,43
3,41,0.15804519304415074,0.14634146341463417,0.06856093073984781,0.2970585510650745,5.0,RFS,OOD,UK,DeepHS,43
4,41,0.19483504498877177,0.2682926829268294,0.15850692974546454,0.4318757938579546,5.0,RFS,OOD,UK,DeepHS,43
5,42,0.26235534037862507,0.523809523809524,0.383586493202815,0.6794507549891191,5.0,RFS,OOD,UK,DeepHS,43
1,42,0.04964067254747663,0.09523809523809534,0.03685157067722589,0.23415256269603502,3.0,RFS,OOD,UK,DeepHS,44
2,41,0.061777161388862425,0.29268292682926844,0.17806806229275862,0.4574455509822991,3.0,RFS,OOD,UK,DeepHS,44
3,41,0.06824242487186338,0.14634146341463417,0.06856093073984781,0.2970585510650745,3.0,RFS,OOD,UK,DeepHS,44
4,41,0.07511195322362388,0.04878048780487809,0.012427811403127209,0.1812630709502503,3.0,RFS,OOD,UK,DeepHS,44
5,42,0.08620067295574006,0.09523809523809534,0.03685157067722589,0.23415256269603502,3.0,RFS,OOD,UK,DeepHS,44
1,42,0.08773231222516015,0.11904761904761907,0.05136069548711064,0.2626581132979591,5.0,RFS,OOD,UK,DeepHS,44
2,41,0.1238785124406582,0.07317073170731714,0.024202712324896458,0.2099536944595688,5.0,RFS,OOD,UK,DeepHS,44
3,41,0.1540743781299126,0.2682926829268294,0.15850692974546454,0.4318757938579546,5.0,RFS,OOD,UK,DeepHS,44
4,41,0.1871711204691631,0.3170731707317074,0.19805390065030415,0.48260990887052846,5.0,RFS,OOD,UK,DeepHS,44
5,42,0.23995722901253475,0.40476190476190477,0.27442667856896064,0.5678596361528678,5.0,RFS,OOD,UK,DeepHS,44
1,42,0.05012635673795428,0.0,0.0,0.0,3.0,RFS,OOD,UK,DeepSurv,40
2,41,0.08901131879992602,0.12195121951219512,0.05266101585931515,0.2684938960222032,3.0,RFS,OOD,UK,DeepSurv,40
3,41,0.12844449427069687,0.14634146341463417,0.06856093073984781,0.2970585510650745,3.0,RFS,OOD,UK,DeepSurv,40
4,41,0.16408449556769394,0.1707317073170732,0.08529489105943289,0.32505314082823866,3.0,RFS,OOD,UK,DeepSurv,40
5,42,0.24139016015189035,0.23809523809523814,0.13587324038889415,0.39731980808913514,3.0,RFS,OOD,UK,DeepSurv,40
1,42,0.09896327058474223,0.023809523809523836,0.003388550205071672,0.15724446039539342,5.0,RFS,OOD,UK,DeepSurv,40
2,41,0.17216276540988829,0.2195121951219513,0.12079502507647777,0.3794303186287643,5.0,RFS,OOD,UK,DeepSurv,40
3,41,0.24329451380706416,0.14634146341463417,0.06856093073984781,0.2970585510650745,5.0,RFS,OOD,UK,DeepSurv,40
4,41,0.3046440642054488,0.3170731707317074,0.19805390065030415,0.48260990887052846,5.0,RFS,OOD,UK,DeepSurv,40
5,42,0.4274615986006601,0.4761904761904763,0.3389900899145165,0.6357813541081927,5.0,RFS,OOD,UK,DeepSurv,40
1,42,0.03330642410687038,0.07142857142857151,0.023611989152952817,0.20533641165803207,3.0,RFS,OOD,UK,DeepSurv,41
2,41,0.0743114148698202,0.07317073170731714,0.024202712324896458,0.2099536944595688,3.0,RFS,OOD,UK,DeepSurv,41
3,41,0.11297506093978882,0.09756097560975618,0.03777922653978372,0.23938678283927184,3.0,RFS,OOD,UK,DeepSurv,41
4,41,0.1540894842729336,0.12195121951219512,0.05266101585931515,0.2684938960222032,3.0,RFS,OOD,UK,DeepSurv,41
5,42,0.22843276744797117,0.30952380952380965,0.19296769653174917,0.47262426743116415,3.0,RFS,OOD,UK,DeepSurv,41
1,42,0.08043309194701058,0.09523809523809534,0.03685157067722589,0.23415256269603502,5.0,RFS,OOD,UK,DeepSurv,41
2,41,0.17414755210643862,0.12195121951219512,0.05266101585931515,0.2684938960222032,5.0,RFS,OOD,UK,DeepSurv,41
3,41,0.2573115927417104,0.2195121951219513,0.12079502507647777,0.3794303186287643,5.0,RFS,OOD,UK,DeepSurv,41
4,41,0.3398098015203709,0.3170731707317074,0.19805390065030415,0.48260990887052846,5.0,RFS,OOD,UK,DeepSurv,41
5,42,0.4685185062033789,0.4285714285714286,0.29563209051328687,0.590824298209402,5.0,RFS,OOD,UK,DeepSurv,41
1,42,0.04429382511547634,0.023809523809523836,0.003388550205071672,0.15724446039539342,3.0,RFS,OOD,UK,DeepSurv,42
2,41,0.07453924417495728,0.07317073170731714,0.024202712324896458,0.2099536944595688,3.0,RFS,OOD,UK,DeepSurv,42
3,41,0.10763242186569585,0.07317073170731714,0.024202712324896458,0.2099536944595688,3.0,RFS,OOD,UK,DeepSurv,42
4,41,0.13796235875385562,0.1707317073170732,0.08529489105943289,0.32505314082823866,3.0,RFS,OOD,UK,DeepSurv,42
5,42,0.20189846413476126,0.33333333333333337,0.21280224651420776,0.4969579160890091,3.0,RFS,OOD,UK,DeepSurv,42
1,42,0.09320888348988124,0.04761904761904767,0.0121265023606415,0.17725689672206646,5.0,RFS,OOD,UK,DeepSurv,42
2,41,0.15423318671017158,0.12195121951219512,0.05266101585931515,0.2684938960222032,5.0,RFS,OOD,UK,DeepSurv,42
3,41,0.2183143263909875,0.1707317073170732,0.08529489105943289,0.32505314082823866,5.0,RFS,OOD,UK,DeepSurv,42
4,41,0.2746393811411974,0.29268292682926844,0.17806806229275862,0.4574455509822991,5.0,RFS,OOD,UK,DeepSurv,42
5,42,0.38497300091243924,0.5476190476190477,0.4063473214958162,0.7007987083970677,5.0,RFS,OOD,UK,DeepSurv,42
1,42,0.029622418539864675,0.07142857142857151,0.023611989152952817,0.20533641165803207,3.0,RFS,OOD,UK,DeepSurv,43
2,41,0.056335037801323866,0.04878048780487809,0.012427811403127209,0.1812630709502503,3.0,RFS,OOD,UK,DeepSurv,43
3,41,0.0913483631320116,0.07317073170731714,0.024202712324896458,0.2099536944595688,3.0,RFS,OOD,UK,DeepSurv,43
4,41,0.15206587605360078,0.14634146341463417,0.06856093073984781,0.2970585510650745,3.0,RFS,OOD,UK,DeepSurv,43
5,42,0.2810691949867067,0.33333333333333337,0.21280224651420776,0.4969579160890091,3.0,RFS,OOD,UK,DeepSurv,43
1,42,0.07073713768096197,0.11904761904761907,0.05136069548711064,0.2626581132979591,5.0,RFS,OOD,UK,DeepSurv,43
2,41,0.1321780536232925,0.07317073170731714,0.024202712324896458,0.2099536944595688,5.0,RFS,OOD,UK,DeepSurv,43
3,41,0.20851129002687407,0.19512195121951226,0.10273657263608793,0.35249934571393227,5.0,RFS,OOD,UK,DeepSurv,43
4,41,0.3310659673155808,0.24390243902439035,0.13940243705659527,0.40587922332590554,5.0,RFS,OOD,UK,DeepSurv,43
5,42,0.5436067648586773,0.5476190476190477,0.4063473214958162,0.7007987083970677,5.0,RFS,OOD,UK,DeepSurv,43
1,42,0.035824419487090337,0.0,0.0,0.0,3.0,RFS,OOD,UK,DeepSurv,44
2,41,0.06519433928699028,0.04878048780487809,0.012427811403127209,0.1812630709502503,3.0,RFS,OOD,UK,DeepSurv,44
3,41,0.08901068204786719,0.1707317073170732,0.08529489105943289,0.32505314082823866,3.0,RFS,OOD,UK,DeepSurv,44
4,41,0.12090830541238552,0.1707317073170732,0.08529489105943289,0.32505314082823866,3.0,RFS,OOD,UK,DeepSurv,44
5,42,0.22455047567685446,0.2857142857142858,0.17351689219998345,0.4479190291338001,3.0,RFS,OOD,UK,DeepSurv,44
1,42,0.07701215147972107,0.07142857142857151,0.023611989152952817,0.20533641165803207,5.0,RFS,OOD,UK,DeepSurv,44
2,41,0.1377196224724374,0.04878048780487809,0.012427811403127209,0.1812630709502503,5.0,RFS,OOD,UK,DeepSurv,44
3,41,0.1853133309178236,0.24390243902439035,0.13940243705659527,0.40587922332590554,5.0,RFS,OOD,UK,DeepSurv,44
4,41,0.2465491367549431,0.3170731707317074,0.19805390065030415,0.48260990887052846,5.0,RFS,OOD,UK,DeepSurv,44
5,42,0.42328223231292905,0.5,0.3611343290661315,0.65777730708891,5.0,RFS,OOD,UK,DeepSurv,44
1,42,0.027979169573102678,0.023809523809523836,0.003388550205071672,0.15724446039539342,3.0,RFS,OOD,UK,ENCox,40
2,41,0.05355256359751632,0.14634146341463417,0.06856093073984781,0.2970585510650745,3.0,RFS,OOD,UK,ENCox,40
3,41,0.0840576014867643,0.12195121951219512,0.05266101585931515,0.2684938960222032,3.0,RFS,OOD,UK,ENCox,40
4,41,0.13985601576363169,0.2195121951219513,0.12079502507647777,0.3794303186287643,3.0,RFS,OOD,UK,ENCox,40
5,42,0.26244504749774933,0.16666666666666663,0.08316677895026081,0.318072257528626,3.0,RFS,OOD,UK,ENCox,40
1,42,0.06458180717059545,0.09523809523809534,0.03685157067722589,0.23415256269603502,5.0,RFS,OOD,UK,ENCox,40
2,41,0.12164175219652129,0.19512195121951226,0.10273657263608793,0.35249934571393227,5.0,RFS,OOD,UK,ENCox,40
3,41,0.18682406152166972,0.1707317073170732,0.08529489105943289,0.32505314082823866,5.0,RFS,OOD,UK,ENCox,40
4,41,0.298474000721443,0.3170731707317074,0.19805390065030415,0.48260990887052846,5.0,RFS,OOD,UK,ENCox,40
5,42,0.49698571470521746,0.40476190476190477,0.27442667856896064,0.5678596361528678,5.0,RFS,OOD,UK,ENCox,40
1,42,0.06433898352441333,0.04761904761904767,0.0121265023606415,0.17725689672206646,3.0,RFS,OOD,UK,ENCox,41
2,41,0.08427353603083913,0.04878048780487809,0.012427811403127209,0.1812630709502503,3.0,RFS,OOD,UK,ENCox,41
3,41,0.10492464536573828,0.14634146341463417,0.06856093073984781,0.2970585510650745,3.0,RFS,OOD,UK,ENCox,41
4,41,0.12641389486266347,0.1707317073170732,0.08529489105943289,0.32505314082823866,3.0,RFS,OOD,UK,ENCox,41
5,42,0.16309335969743274,0.261904761904762,0.15447493097341913,0.42282460502041663,3.0,RFS,OOD,UK,ENCox,41
1,42,0.14712610415049962,0.07142857142857151,0.023611989152952817,0.20533641165803207,5.0,RFS,OOD,UK,ENCox,41
2,41,0.19009061266736285,0.09756097560975618,0.03777922653978372,0.23938678283927184,5.0,RFS,OOD,UK,ENCox,41
3,41,0.23314187148722207,0.2682926829268294,0.15850692974546454,0.4318757938579546,5.0,RFS,OOD,UK,ENCox,41
4,41,0.27646821010403516,0.29268292682926844,0.17806806229275862,0.4574455509822991,5.0,RFS,OOD,UK,ENCox,41
5,42,0.34602308628104983,0.45238095238095244,0.317154961879185,0.613463959898754,5.0,RFS,OOD,UK,ENCox,41
1,42,0.08777718033109393,0.04761904761904767,0.0121265023606415,0.17725689672206646,3.0,RFS,OOD,UK,ENCox,42
2,41,0.10154327968271767,0.024390243902439046,0.0034720728616358665,0.16079758840770841,3.0,RFS,OOD,UK,ENCox,42
3,41,0.11002639590240107,0.14634146341463417,0.06856093073984781,0.2970585510650745,3.0,RFS,OOD,UK,ENCox,42
4,41,0.12082136404223559,0.12195121951219512,0.05266101585931515,0.2684938960222032,3.0,RFS,OOD,UK,ENCox,42
5,42,0.15104618810472034,0.33333333333333337,0.21280224651420776,0.4969579160890091,3.0,RFS,OOD,UK,ENCox,42
1,42,0.17215901471319653,0.16666666666666674,0.08316677895026092,0.3180722575286261,5.0,RFS,OOD,UK,ENCox,42
2,41,0.19778333204548534,0.07317073170731714,0.024202712324896458,0.2099536944595688,5.0,RFS,OOD,UK,ENCox,42
3,41,0.21329807944414092,0.1707317073170732,0.08529489105943289,0.32505314082823866,5.0,RFS,OOD,UK,ENCox,42
4,41,0.23279798612362002,0.2682926829268294,0.15850692974546454,0.4318757938579546,5.0,RFS,OOD,UK,ENCox,42
5,42,0.2857633786542075,0.5,0.3611343290661315,0.65777730708891,5.0,RFS,OOD,UK,ENCox,42
1,42,0.06880537101200648,0.07142857142857151,0.023611989152952817,0.20533641165803207,3.0,RFS,OOD,UK,ENCox,43
2,41,0.08962020350665581,0.07317073170731714,0.024202712324896458,0.2099536944595688,3.0,RFS,OOD,UK,ENCox,43
3,41,0.10727660394296414,0.09756097560975618,0.03777922653978372,0.23938678283927184,3.0,RFS,OOD,UK,ENCox,43
4,41,0.12863413008247934,0.12195121951219512,0.05266101585931515,0.2684938960222032,3.0,RFS,OOD,UK,ENCox,43
5,42,0.17910935339473544,0.30952380952380965,0.19296769653174917,0.47262426743116415,3.0,RFS,OOD,UK,ENCox,43
1,42,0.151345941282454,0.09523809523809534,0.03685157067722589,0.23415256269603502,5.0,RFS,OOD,UK,ENCox,43
2,41,0.19454728975528623,0.2195121951219513,0.12079502507647777,0.3794303186287643,5.0,RFS,OOD,UK,ENCox,43
3,41,0.23006942650166953,0.12195121951219512,0.05266101585931515,0.2684938960222032,5.0,RFS,OOD,UK,ENCox,43
4,41,0.27177290364009576,0.2682926829268294,0.15850692974546454,0.4318757938579546,5.0,RFS,OOD,UK,ENCox,43
5,42,0.36438183131672086,0.4761904761904763,0.3389900899145165,0.6357813541081927,5.0,RFS,OOD,UK,ENCox,43
1,42,0.04832570467676435,0.023809523809523836,0.003388550205071672,0.15724446039539342,3.0,RFS,OOD,UK,ENCox,44
2,41,0.07679553729731863,0.04878048780487809,0.012427811403127209,0.1812630709502503,3.0,RFS,OOD,UK,ENCox,44
3,41,0.09712496472568047,0.09756097560975618,0.03777922653978372,0.23938678283927184,3.0,RFS,OOD,UK,ENCox,44
4,41,0.12769554882514766,0.29268292682926844,0.17806806229275862,0.4574455509822991,3.0,RFS,OOD,UK,ENCox,44
5,42,0.19616649973960149,0.2142857142857143,0.11775151469474743,0.3713794963348671,3.0,RFS,OOD,UK,ENCox,44
1,42,0.10262363723346166,0.11904761904761907,0.05136069548711064,0.2626581132979591,5.0,RFS,OOD,UK,ENCox,44
2,41,0.1604512144879597,0.14634146341463417,0.06856093073984781,0.2970585510650745,5.0,RFS,OOD,UK,ENCox,44
3,41,0.20038430574463634,0.19512195121951226,0.10273657263608793,0.35249934571393227,5.0,RFS,OOD,UK,ENCox,44
4,41,0.25838622814271506,0.36585365853658536,0.23920321795324972,0.531789823912844,5.0,RFS,OOD,UK,ENCox,44
5,42,0.37731688150337767,0.3571428571428572,0.23300042820447786,0.5209343853168225,5.0,RFS,OOD,UK,ENCox,44
1,42,0.05559017544700986,0.04761904761904767,0.0121265023606415,0.17725689672206646,3.0,RFS,OOD,UK,LH,40
2,41,0.08173749941151316,0.2195121951219513,0.12079502507647777,0.3794303186287643,3.0,RFS,OOD,UK,LH,40
3,41,0.09892715768116277,0.07317073170731714,0.024202712324896458,0.2099536944595688,3.0,RFS,OOD,UK,LH,40
4,41,0.12837074878739146,0.2195121951219513,0.12079502507647777,0.3794303186287643,3.0,RFS,OOD,UK,LH,40
5,42,0.17316847755795434,0.11904761904761907,0.05136069548711064,0.2626581132979591,3.0,RFS,OOD,UK,LH,40
1,42,0.10969097131774538,0.1428571428571428,0.0668590166577937,0.2906404786090009,5.0,RFS,OOD,UK,LH,40
2,41,0.16197925806045532,0.1707317073170732,0.08529489105943289,0.32505314082823866,5.0,RFS,OOD,UK,LH,40
3,41,0.21070259518739654,0.2682926829268294,0.15850692974546454,0.4318757938579546,5.0,RFS,OOD,UK,LH,40
4,41,0.2800835865299876,0.2195121951219513,0.12079502507647777,0.3794303186287643,5.0,RFS,OOD,UK,LH,40
5,42,0.455401310253711,0.38095238095238093,0.25354615493000443,0.544565266266245,5.0,RFS,OOD,UK,LH,40
1,42,0.0610676109790802,0.023809523809523836,0.003388550205071672,0.15724446039539342,3.0,RFS,OOD,UK,LH,41
2,41,0.09057830310449368,0.14634146341463417,0.06856093073984781,0.2970585510650745,3.0,RFS,OOD,UK,LH,41
3,41,0.11795366682657381,0.09756097560975618,0.03777922653978372,0.23938678283927184,3.0,RFS,OOD,UK,LH,41
4,41,0.13891313424924526,0.1707317073170732,0.08529489105943289,0.32505314082823866,3.0,RFS,OOD,UK,LH,41
5,42,0.2005611445222582,0.23809523809523814,0.13587324038889415,0.39731980808913514,3.0,RFS,OOD,UK,LH,41
1,42,0.10412220585913885,0.16666666666666663,0.08316677895026081,0.318072257528626,5.0,RFS,OOD,UK,LH,41
2,41,0.15374208659660527,0.14634146341463417,0.06856093073984781,0.2970585510650745,5.0,RFS,OOD,UK,LH,41
3,41,0.20894191468634257,0.09756097560975618,0.03777922653978372,0.23938678283927184,5.0,RFS,OOD,UK,LH,41
4,41,0.2831394018196478,0.3414634146341464,0.2184390375356816,0.5073865475199384,5.0,RFS,OOD,UK,LH,41
5,42,0.4908289373630569,0.4285714285714286,0.29563209051328687,0.590824298209402,5.0,RFS,OOD,UK,LH,41
1,42,0.05898226158959525,0.09523809523809534,0.03685157067722589,0.23415256269603502,3.0,RFS,OOD,UK,LH,42
2,41,0.08507132530212402,0.19512195121951226,0.10273657263608793,0.35249934571393227,3.0,RFS,OOD,UK,LH,42
3,41,0.10555844917529966,0.14634146341463417,0.06856093073984781,0.2970585510650745,3.0,RFS,OOD,UK,LH,42
4,41,0.12661552719953584,0.14634146341463417,0.06856093073984781,0.2970585510650745,3.0,RFS,OOD,UK,LH,42
5,42,0.17734142996016003,0.09523809523809534,0.03685157067722589,0.23415256269603502,3.0,RFS,OOD,UK,LH,42
1,42,0.10879659652709961,0.07142857142857151,0.023611989152952817,0.20533641165803207,5.0,RFS,OOD,UK,LH,42
2,41,0.17034275066561816,0.14634146341463417,0.06856093073984781,0.2970585510650745,5.0,RFS,OOD,UK,LH,42
3,41,0.2167290870736285,0.24390243902439035,0.13940243705659527,0.40587922332590554,5.0,RFS,OOD,UK,LH,42
4,41,0.2941797797272845,0.29268292682926844,0.17806806229275862,0.4574455509822991,5.0,RFS,OOD,UK,LH,42
5,42,0.5318038712832189,0.4285714285714286,0.29563209051328687,0.590824298209402,5.0,RFS,OOD,UK,LH,42
1,42,0.0487872702734811,0.11904761904761907,0.05136069548711064,0.2626581132979591,3.0,RFS,OOD,UK,LH,43
2,41,0.07455995460835899,0.1707317073170732,0.08529489105943289,0.32505314082823866,3.0,RFS,OOD,UK,LH,43
3,41,0.09438908390882539,0.09756097560975618,0.03777922653978372,0.23938678283927184,3.0,RFS,OOD,UK,LH,43
4,41,0.11791989279956352,0.09756097560975618,0.03777922653978372,0.23938678283927184,3.0,RFS,OOD,UK,LH,43
5,42,0.15939085824148996,0.19047619047619047,0.10016057903836473,0.34497447207547804,3.0,RFS,OOD,UK,LH,43
1,42,0.08629760571888515,0.07142857142857151,0.023611989152952817,0.20533641165803207,5.0,RFS,OOD,UK,LH,43
2,41,0.1341053538206147,0.12195121951219512,0.05266101585931515,0.2684938960222032,5.0,RFS,OOD,UK,LH,43
3,41,0.18532349714418736,0.1707317073170732,0.08529489105943289,0.32505314082823866,5.0,RFS,OOD,UK,LH,43
4,41,0.25496386464049176,0.3902439024390244,0.2603303658673203,0.5558311418684714,5.0,RFS,OOD,UK,LH,43
5,42,0.4983511690405153,0.4285714285714286,0.29563209051328687,0.590824298209402,5.0,RFS,OOD,UK,LH,43
1,42,0.05333385297230312,0.11904761904761907,0.05136069548711064,0.2626581132979591,3.0,RFS,OOD,UK,LH,44
2,41,0.07139615314762766,0.1707317073170732,0.08529489105943289,0.32505314082823866,3.0,RFS,OOD,UK,LH,44
3,41,0.08389486481503743,0.07317073170731714,0.024202712324896458,0.2099536944595688,3.0,RFS,OOD,UK,LH,44
4,41,0.10094517469406128,0.12195121951219512,0.05266101585931515,0.2684938960222032,3.0,RFS,OOD,UK,LH,44
5,42,0.1347043514251709,0.19047619047619047,0.10016057903836473,0.34497447207547804,3.0,RFS,OOD,UK,LH,44
1,42,0.08628141312372117,0.1428571428571428,0.0668590166577937,0.2906404786090009,5.0,RFS,OOD,UK,LH,44
2,41,0.1226268337994087,0.24390243902439035,0.13940243705659527,0.40587922332590554,5.0,RFS,OOD,UK,LH,44
3,41,0.15359783754116152,0.09756097560975618,0.03777922653978372,0.23938678283927184,5.0,RFS,OOD,UK,LH,44
4,41,0.19126412781273447,0.3170731707317074,0.19805390065030415,0.48260990887052846,5.0,RFS,OOD,UK,LH,44
5,42,0.3033158374684198,0.38095238095238093,0.25354615493000443,0.544565266266245,5.0,RFS,OOD,UK,LH,44
1,42,0.026905007305599395,0.04761904761904767,0.0121265023606415,0.17725689672206646,3.0,RFS,OOD,UK,MTLR,40
2,41,0.041217026187152395,0.04878048780487809,0.012427811403127209,0.1812630709502503,3.0,RFS,OOD,UK,MTLR,40
3,41,0.05394865099976703,0.07317073170731714,0.024202712324896458,0.2099536944595688,3.0,RFS,OOD,UK,MTLR,40
4,41,0.07375616562075732,0.12195121951219512,0.05266101585931515,0.2684938960222032,3.0,RFS,OOD,UK,MTLR,40
5,42,0.11628516515096028,0.38095238095238093,0.25354615493000443,0.544565266266245,3.0,RFS,OOD,UK,MTLR,40
1,42,0.04949483701160976,0.04761904761904767,0.0121265023606415,0.17725689672206646,5.0,RFS,OOD,UK,MTLR,40
2,41,0.08606216820274912,0.09756097560975618,0.03777922653978372,0.23938678283927184,5.0,RFS,OOD,UK,MTLR,40
3,41,0.12956013912107886,0.19512195121951226,0.10273657263608793,0.35249934571393227,5.0,RFS,OOD,UK,MTLR,40
4,41,0.2005030120291361,0.3902439024390244,0.2603303658673203,0.5558311418684714,5.0,RFS,OOD,UK,MTLR,40
5,42,0.349845012029012,0.45238095238095244,0.317154961879185,0.613463959898754,5.0,RFS,OOD,UK,MTLR,40
1,42,0.024768450430461338,0.09523809523809534,0.03685157067722589,0.23415256269603502,3.0,RFS,OOD,UK,MTLR,41
2,41,0.038003043430607494,0.09756097560975618,0.03777922653978372,0.23938678283927184,3.0,RFS,OOD,UK,MTLR,41
3,41,0.05239010293309281,0.1707317073170732,0.08529489105943289,0.32505314082823866,3.0,RFS,OOD,UK,MTLR,41
4,41,0.07094965620738704,0.12195121951219512,0.05266101585931515,0.2684938960222032,3.0,RFS,OOD,UK,MTLR,41
5,42,0.11866732722236997,0.19047619047619047,0.10016057903836473,0.34497447207547804,3.0,RFS,OOD,UK,MTLR,41
1,42,0.06266219559169951,0.07142857142857151,0.023611989152952817,0.20533641165803207,5.0,RFS,OOD,UK,MTLR,41
2,41,0.09787284455648283,0.24390243902439035,0.13940243705659527,0.40587922332590554,5.0,RFS,OOD,UK,MTLR,41
3,41,0.13300716004720547,0.1707317073170732,0.08529489105943289,0.32505314082823866,5.0,RFS,OOD,UK,MTLR,41
4,41,0.2162399262916751,0.2195121951219513,0.12079502507647777,0.3794303186287643,5.0,RFS,OOD,UK,MTLR,41
5,42,0.40697830205871943,0.4761904761904763,0.3389900899145165,0.6357813541081927,5.0,RFS,OOD,UK,MTLR,41
1,42,0.021396916537057786,0.04761904761904767,0.0121265023606415,0.17725689672206646,3.0,RFS,OOD,UK,MTLR,42
2,41,0.040333452748089305,0.04878048780487809,0.012427811403127209,0.1812630709502503,3.0,RFS,OOD,UK,MTLR,42
3,41,0.05612721675779761,0.1707317073170732,0.08529489105943289,0.32505314082823866,3.0,RFS,OOD,UK,MTLR,42
4,41,0.07318436954079605,0.19512195121951226,0.10273657263608793,0.35249934571393227,3.0,RFS,OOD,UK,MTLR,42
5,42,0.1032923176175072,0.2142857142857143,0.11775151469474743,0.3713794963348671,3.0,RFS,OOD,UK,MTLR,42
1,42,0.03587450299944196,0.07142857142857151,0.023611989152952817,0.20533641165803207,5.0,RFS,OOD,UK,MTLR,42
2,41,0.0764943143216575,0.12195121951219512,0.05266101585931515,0.2684938960222032,5.0,RFS,OOD,UK,MTLR,42
3,41,0.12519714454325234,0.14634146341463417,0.06856093073984781,0.2970585510650745,5.0,RFS,OOD,UK,MTLR,42
4,41,0.22246125558527505,0.36585365853658536,0.23920321795324972,0.531789823912844,5.0,RFS,OOD,UK,MTLR,42
5,42,0.49955415441876366,0.4761904761904763,0.3389900899145165,0.6357813541081927,5.0,RFS,OOD,UK,MTLR,42
1,42,0.01853070372626895,0.04761904761904767,0.0121265023606415,0.17725689672206646,3.0,RFS,OOD,UK,MTLR,43
2,41,0.02894848148997237,0.12195121951219512,0.05266101585931515,0.2684938960222032,3.0,RFS,OOD,UK,MTLR,43
3,41,0.035860566104330666,0.12195121951219512,0.05266101585931515,0.2684938960222032,3.0,RFS,OOD,UK,MTLR,43
4,41,0.04308189124595828,0.1707317073170732,0.08529489105943289,0.32505314082823866,3.0,RFS,OOD,UK,MTLR,43
5,42,0.055382342565627324,0.2142857142857143,0.11775151469474743,0.3713794963348671,3.0,RFS,OOD,UK,MTLR,43
1,42,0.029905692452476137,0.09523809523809534,0.03685157067722589,0.23415256269603502,5.0,RFS,OOD,UK,MTLR,43
2,41,0.058575888959372914,0.14634146341463417,0.06856093073984781,0.2970585510650745,5.0,RFS,OOD,UK,MTLR,43
3,41,0.09849510251021967,0.12195121951219512,0.05266101585931515,0.2684938960222032,5.0,RFS,OOD,UK,MTLR,43
4,41,0.19223796303679302,0.2682926829268294,0.15850692974546454,0.4318757938579546,5.0,RFS,OOD,UK,MTLR,43
5,42,0.44126253042902264,0.5476190476190477,0.4063473214958162,0.7007987083970677,5.0,RFS,OOD,UK,MTLR,43
1,42,0.013673577989850725,0.07142857142857151,0.023611989152952817,0.20533641165803207,3.0,RFS,OOD,UK,MTLR,44
2,41,0.024245580522025505,0.09756097560975618,0.03777922653978372,0.23938678283927184,3.0,RFS,OOD,UK,MTLR,44
3,41,0.03371808296296655,0.1707317073170732,0.08529489105943289,0.32505314082823866,3.0,RFS,OOD,UK,MTLR,44
4,41,0.041842735395198914,0.14634146341463417,0.06856093073984781,0.2970585510650745,3.0,RFS,OOD,UK,MTLR,44
5,42,0.05837938189506531,0.19047619047619047,0.10016057903836473,0.34497447207547804,3.0,RFS,OOD,UK,MTLR,44
1,42,0.026355128912698655,0.07142857142857151,0.023611989152952817,0.20533641165803207,5.0,RFS,OOD,UK,MTLR,44
2,41,0.053614392513182105,0.14634146341463417,0.06856093073984781,0.2970585510650745,5.0,RFS,OOD,UK,MTLR,44
3,41,0.08617510737442388,0.14634146341463417,0.06856093073984781,0.2970585510650745,5.0,RFS,OOD,UK,MTLR,44
4,41,0.1368732074411904,0.3414634146341464,0.2184390375356816,0.5073865475199384,5.0,RFS,OOD,UK,MTLR,44
5,42,0.3213215030374981,0.4761904761904763,0.3389900899145165,0.6357813541081927,5.0,RFS,OOD,UK,MTLR,44
1,42,0.10398703813552856,0.16666666666666663,0.08316677895026081,0.318072257528626,3.0,RFS,OOD,UK,PCHazard,40
2,41,0.17045598640674497,0.04878048780487809,0.012427811403127209,0.1812630709502503,3.0,RFS,OOD,UK,PCHazard,40
3,41,0.22093292125841466,0.09756097560975618,0.03777922653978372,0.23938678283927184,3.0,RFS,OOD,UK,PCHazard,40
4,41,0.27938937123228863,0.09756097560975618,0.03777922653978372,0.23938678283927184,3.0,RFS,OOD,UK,PCHazard,40
5,42,0.47242735379508566,0.261904761904762,0.15447493097341913,0.42282460502041663,3.0,RFS,OOD,UK,PCHazard,40
1,42,0.10398703813552856,0.23809523809523814,0.13587324038889415,0.39731980808913514,5.0,RFS,OOD,UK,PCHazard,40
2,41,0.17045598640674497,0.09756097560975618,0.03777922653978372,0.23938678283927184,5.0,RFS,OOD,UK,PCHazard,40
3,41,0.22093292125841466,0.17073170731707332,0.085294891059433,0.3250531408282388,5.0,RFS,OOD,UK,PCHazard,40
4,41,0.27938937123228863,0.12195121951219512,0.05266101585931515,0.2684938960222032,5.0,RFS,OOD,UK,PCHazard,40
5,42,0.47242735379508566,0.5476190476190477,0.4063473214958162,0.7007987083970677,5.0,RFS,OOD,UK,PCHazard,40
1,42,0.07270672065871102,0.04761904761904767,0.0121265023606415,0.17725689672206646,3.0,RFS,OOD,UK,PCHazard,41
2,41,0.12039387080727554,0.04878048780487809,0.012427811403127209,0.1812630709502503,3.0,RFS,OOD,UK,PCHazard,41
3,41,0.17309830246902094,0.04878048780487809,0.012427811403127209,0.1812630709502503,3.0,RFS,OOD,UK,PCHazard,41
4,41,0.26650526901570765,0.1707317073170732,0.08529489105943289,0.32505314082823866,3.0,RFS,OOD,UK,PCHazard,41
5,42,0.5137430333665439,0.3571428571428572,0.23300042820447786,0.5209343853168225,3.0,RFS,OOD,UK,PCHazard,41
1,42,0.07270672065871102,0.09523809523809534,0.03685157067722589,0.23415256269603502,5.0,RFS,OOD,UK,PCHazard,41
2,41,0.12039387080727554,0.1707317073170732,0.08529489105943289,0.32505314082823866,5.0,RFS,OOD,UK,PCHazard,41
3,41,0.17309830246902094,0.09756097560975618,0.03777922653978372,0.23938678283927184,5.0,RFS,OOD,UK,PCHazard,41
4,41,0.26650526901570765,0.3170731707317074,0.19805390065030415,0.48260990887052846,5.0,RFS,OOD,UK,PCHazard,41
5,42,0.5137430333665439,0.5,0.3611343290661315,0.65777730708891,5.0,RFS,OOD,UK,PCHazard,41
1,42,0.053187085049492974,0.04761904761904767,0.0121265023606415,0.17725689672206646,3.0,RFS,OOD,UK,PCHazard,42
2,41,0.09843742847442627,0.024390243902439046,0.0034720728616358665,0.16079758840770841,3.0,RFS,OOD,UK,PCHazard,42
3,41,0.13796145596155307,0.09756097560975618,0.03777922653978372,0.23938678283927184,3.0,RFS,OOD,UK,PCHazard,42
4,41,0.20365071296691895,0.1707317073170732,0.08529489105943289,0.32505314082823866,3.0,RFS,OOD,UK,PCHazard,42
5,42,0.3669145078886123,0.33333333333333337,0.21280224651420776,0.4969579160890091,3.0,RFS,OOD,UK,PCHazard,42
1,42,0.053187085049492974,0.11904761904761907,0.05136069548711064,0.2626581132979591,5.0,RFS,OOD,UK,PCHazard,42
2,41,0.09843742847442627,0.14634146341463417,0.06856093073984781,0.2970585510650745,5.0,RFS,OOD,UK,PCHazard,42
3,41,0.13796145596155307,0.24390243902439035,0.13940243705659527,0.40587922332590554,5.0,RFS,OOD,UK,PCHazard,42
4,41,0.20365071296691895,0.29268292682926844,0.17806806229275862,0.4574455509822991,5.0,RFS,OOD,UK,PCHazard,42
5,42,0.3669145078886123,0.38095238095238093,0.25354615493000443,0.544565266266245,5.0,RFS,OOD,UK,PCHazard,42
1,42,0.12888324544543311,0.07142857142857151,0.023611989152952817,0.20533641165803207,3.0,RFS,OOD,UK,PCHazard,43
2,41,0.19385042859286797,0.07317073170731714,0.024202712324896458,0.2099536944595688,3.0,RFS,OOD,UK,PCHazard,43
3,41,0.2469474905874671,0.12195121951219512,0.05266101585931515,0.2684938960222032,3.0,RFS,OOD,UK,PCHazard,43
4,41,0.31737876956055805,0.14634146341463417,0.06856093073984781,0.2970585510650745,3.0,RFS,OOD,UK,PCHazard,43
5,42,0.48127710322539013,0.261904761904762,0.15447493097341913,0.42282460502041663,3.0,RFS,OOD,UK,PCHazard,43
1,42,0.12888324544543311,0.23809523809523814,0.13587324038889415,0.39731980808913514,5.0,RFS,OOD,UK,PCHazard,43
2,41,0.19385042859286797,0.19512195121951226,0.10273657263608793,0.35249934571393227,5.0,RFS,OOD,UK,PCHazard,43
3,41,0.2469474905874671,0.14634146341463417,0.06856093073984781,0.2970585510650745,5.0,RFS,OOD,UK,PCHazard,43
4,41,0.31737876956055805,0.2195121951219513,0.12079502507647777,0.3794303186287643,5.0,RFS,OOD,UK,PCHazard,43
5,42,0.48127710322539013,0.38095238095238093,0.25354615493000443,0.544565266266245,5.0,RFS,OOD,UK,PCHazard,43
1,42,0.04963315242812747,0.023809523809523836,0.003388550205071672,0.15724446039539342,3.0,RFS,OOD,UK,PCHazard,44
2,41,0.08788471977885176,0.07317073170731714,0.024202712324896458,0.2099536944595688,3.0,RFS,OOD,UK,PCHazard,44
3,41,0.12340631717588843,0.04878048780487809,0.012427811403127209,0.1812630709502503,3.0,RFS,OOD,UK,PCHazard,44
4,41,0.19182478509298184,0.19512195121951226,0.10273657263608793,0.35249934571393227,3.0,RFS,OOD,UK,PCHazard,44
5,42,0.37022012330236886,0.33333333333333337,0.21280224651420776,0.4969579160890091,3.0,RFS,OOD,UK,PCHazard,44
1,42,0.04963315242812747,0.11904761904761907,0.05136069548711064,0.2626581132979591,5.0,RFS,OOD,UK,PCHazard,44
2,41,0.08788471977885176,0.12195121951219512,0.05266101585931515,0.2684938960222032,5.0,RFS,OOD,UK,PCHazard,44
3,41,0.12340631717588843,0.19512195121951226,0.10273657263608793,0.35249934571393227,5.0,RFS,OOD,UK,PCHazard,44
4,41,0.19182478509298184,0.2682926829268294,0.15850692974546454,0.4318757938579546,5.0,RFS,OOD,UK,PCHazard,44
5,42,0.37022012330236886,0.4761904761904763,0.3389900899145165,0.6357813541081927,5.0,RFS,OOD,UK,PCHazard,44
1,42,0.037569030409767515,0.19047619047619047,0.10016057903836473,0.34497447207547804,3.0,RFS,OOD,UK,PMF,40
2,41,0.0463142133340603,0.09756097560975618,0.03777922653978372,0.23938678283927184,3.0,RFS,OOD,UK,PMF,40
3,41,0.05233086318504519,0.19512195121951226,0.10273657263608793,0.35249934571393227,3.0,RFS,OOD,UK,PMF,40
4,41,0.06168528010205525,0.09756097560975618,0.03777922653978372,0.23938678283927184,3.0,RFS,OOD,UK,PMF,40
5,42,0.08109329995654878,0.09523809523809534,0.03685157067722589,0.23415256269603502,3.0,RFS,OOD,UK,PMF,40
1,42,0.08478964794249762,0.19047619047619047,0.10016057903836473,0.34497447207547804,5.0,RFS,OOD,UK,PMF,40
2,41,0.11498003035056882,0.07317073170731714,0.024202712324896458,0.2099536944595688,5.0,RFS,OOD,UK,PMF,40
3,41,0.13861584081882383,0.07317073170731714,0.024202712324896458,0.2099536944595688,5.0,RFS,OOD,UK,PMF,40
4,41,0.18959482704720845,0.36585365853658536,0.23920321795324972,0.531789823912844,5.0,RFS,OOD,UK,PMF,40
5,42,0.46168609034447444,0.4761904761904763,0.3389900899145165,0.6357813541081927,5.0,RFS,OOD,UK,PMF,40
1,42,0.025189057702109927,0.1428571428571428,0.0668590166577937,0.2906404786090009,3.0,RFS,OOD,UK,PMF,41
2,41,0.036420426717618616,0.24390243902439035,0.13940243705659527,0.40587922332590554,3.0,RFS,OOD,UK,PMF,41
3,41,0.04278254072840621,0.14634146341463417,0.06856093073984781,0.2970585510650745,3.0,RFS,OOD,UK,PMF,41
4,41,0.04970693297502471,0.04878048780487809,0.012427811403127209,0.1812630709502503,3.0,RFS,OOD,UK,PMF,41
5,42,0.06609973737171718,0.09523809523809534,0.03685157067722589,0.23415256269603502,3.0,RFS,OOD,UK,PMF,41
1,42,0.044660464638755434,0.19047619047619047,0.10016057903836473,0.34497447207547804,5.0,RFS,OOD,UK,PMF,41
2,41,0.07811290897974153,0.14634146341463417,0.06856093073984781,0.2970585510650745,5.0,RFS,OOD,UK,PMF,41
3,41,0.12124775095683772,0.2195121951219513,0.12079502507647777,0.3794303186287643,5.0,RFS,OOD,UK,PMF,41
4,41,0.18850180870149194,0.2195121951219513,0.12079502507647777,0.3794303186287643,5.0,RFS,OOD,UK,PMF,41
5,42,0.39158109114283607,0.40476190476190477,0.27442667856896064,0.5678596361528678,5.0,RFS,OOD,UK,PMF,41
1,42,0.03386533686092922,0.07142857142857151,0.023611989152952817,0.20533641165803207,3.0,RFS,OOD,UK,PMF,42
2,41,0.04530782670509524,0.2195121951219513,0.12079502507647777,0.3794303186287643,3.0,RFS,OOD,UK,PMF,42
3,41,0.05136490740427157,0.1707317073170732,0.08529489105943289,0.32505314082823866,3.0,RFS,OOD,UK,PMF,42
4,41,0.059120405011060764,0.07317073170731714,0.024202712324896458,0.2099536944595688,3.0,RFS,OOD,UK,PMF,42
5,42,0.07417134585834685,0.1428571428571428,0.0668590166577937,0.2906404786090009,3.0,RFS,OOD,UK,PMF,42
1,42,0.05484930532319205,0.023809523809523836,0.003388550205071672,0.15724446039539342,5.0,RFS,OOD,UK,PMF,42
2,41,0.08981555264170576,0.1707317073170732,0.08529489105943289,0.32505314082823866,5.0,RFS,OOD,UK,PMF,42
3,41,0.1309366168045416,0.24390243902439035,0.13940243705659527,0.40587922332590554,5.0,RFS,OOD,UK,PMF,42
4,41,0.2230091894545206,0.36585365853658536,0.23920321795324972,0.531789823912844,5.0,RFS,OOD,UK,PMF,42
5,42,0.4035970455124265,0.38095238095238093,0.25354615493000443,0.544565266266245,5.0,RFS,OOD,UK,PMF,42
1,42,0.03316700742358253,0.09523809523809534,0.03685157067722589,0.23415256269603502,3.0,RFS,OOD,UK,PMF,43
2,41,0.04488751801048837,0.12195121951219512,0.05266101585931515,0.2684938960222032,3.0,RFS,OOD,UK,PMF,43
3,41,0.05138726641492146,0.12195121951219512,0.05266101585931515,0.2684938960222032,3.0,RFS,OOD,UK,PMF,43
4,41,0.057598752219502516,0.19512195121951226,0.10273657263608793,0.35249934571393227,3.0,RFS,OOD,UK,PMF,43
5,42,0.07140782617387317,0.1428571428571428,0.0668590166577937,0.2906404786090009,3.0,RFS,OOD,UK,PMF,43
1,42,0.05660451168105716,0.1428571428571428,0.0668590166577937,0.2906404786090009,5.0,RFS,OOD,UK,PMF,43
2,41,0.09326744370344209,0.09756097560975618,0.03777922653978372,0.23938678283927184,5.0,RFS,OOD,UK,PMF,43
3,41,0.12662032464655434,0.1707317073170732,0.08529489105943289,0.32505314082823866,5.0,RFS,OOD,UK,PMF,43
4,41,0.19733215977505938,0.24390243902439035,0.13940243705659527,0.40587922332590554,5.0,RFS,OOD,UK,PMF,43
5,42,0.4051436327752613,0.523809523809524,0.383586493202815,0.6794507549891191,5.0,RFS,OOD,UK,PMF,43
1,42,0.033441911141077675,0.19047619047619047,0.10016057903836473,0.34497447207547804,3.0,RFS,OOD,UK,PMF,44
2,41,0.04886369443521267,0.14634146341463417,0.06856093073984781,0.2970585510650745,3.0,RFS,OOD,UK,PMF,44
3,41,0.0615980508850842,0.12195121951219512,0.05266101585931515,0.2684938960222032,3.0,RFS,OOD,UK,PMF,44
4,41,0.07510397637762674,0.14634146341463417,0.06856093073984781,0.2970585510650745,3.0,RFS,OOD,UK,PMF,44
5,42,0.10607906182607015,0.07142857142857151,0.023611989152952817,0.20533641165803207,3.0,RFS,OOD,UK,PMF,44
1,42,0.04992076896485828,0.1428571428571428,0.0668590166577937,0.2906404786090009,5.0,RFS,OOD,UK,PMF,44
2,41,0.08848306027854361,0.19512195121951226,0.10273657263608793,0.35249934571393227,5.0,RFS,OOD,UK,PMF,44
3,41,0.1305933333024746,0.14634146341463417,0.06856093073984781,0.2970585510650745,5.0,RFS,OOD,UK,PMF,44
4,41,0.19451939478153135,0.2195121951219513,0.12079502507647777,0.3794303186287643,5.0,RFS,OOD,UK,PMF,44
5,42,0.37176465278580073,0.4761904761904763,0.3389900899145165,0.6357813541081927,5.0,RFS,OOD,UK,PMF,44
1,42,0.09758679497809637,0.09523809523809534,0.03685157067722589,0.23415256269603502,3.0,RFS,OOD,UK,RSF,40
2,41,0.1135518870702604,0.024390243902439046,0.0034720728616358665,0.16079758840770841,3.0,RFS,OOD,UK,RSF,40
3,41,0.12334721698993589,0.07317073170731714,0.024202712324896458,0.2099536944595688,3.0,RFS,OOD,UK,RSF,40
4,41,0.13845788124130992,0.09756097560975618,0.03777922653978372,0.23938678283927184,3.0,RFS,OOD,UK,RSF,40
5,42,0.16088887197630747,0.38095238095238093,0.25354615493000443,0.544565266266245,3.0,RFS,OOD,UK,RSF,40
1,42,0.17527691097486586,0.09523809523809534,0.03685157067722589,0.23415256269603502,5.0,RFS,OOD,UK,RSF,40
2,41,0.20747057403006205,0.12195121951219512,0.05266101585931515,0.2684938960222032,5.0,RFS,OOD,UK,RSF,40
3,41,0.2265555466093668,0.09756097560975618,0.03777922653978372,0.23938678283927184,5.0,RFS,OOD,UK,RSF,40
4,41,0.2529367266631708,0.3170731707317074,0.19805390065030415,0.48260990887052846,5.0,RFS,OOD,UK,RSF,40
5,42,0.29087757212775095,0.5476190476190477,0.4063473214958162,0.7007987083970677,5.0,RFS,OOD,UK,RSF,40
1,42,0.07322519449960618,0.04761904761904767,0.0121265023606415,0.17725689672206646,3.0,RFS,OOD,UK,RSF,41
2,41,0.089917581255843,0.14634146341463417,0.06856093073984781,0.2970585510650745,3.0,RFS,OOD,UK,RSF,41
3,41,0.10633317581037195,0.09756097560975618,0.03777922653978372,0.23938678283927184,3.0,RFS,OOD,UK,RSF,41
4,41,0.12475866806216357,0.09756097560975618,0.03777922653978372,0.23938678283927184,3.0,RFS,OOD,UK,RSF,41
5,42,0.1568267529919034,0.2857142857142858,0.17351689219998345,0.4479190291338001,3.0,RFS,OOD,UK,RSF,41
1,42,0.16877888214020503,0.09523809523809534,0.03685157067722589,0.23415256269603502,5.0,RFS,OOD,UK,RSF,41
2,41,0.20489887784167035,0.2195121951219513,0.12079502507647777,0.3794303186287643,5.0,RFS,OOD,UK,RSF,41
3,41,0.23115368151083227,0.14634146341463417,0.06856093073984781,0.2970585510650745,5.0,RFS,OOD,UK,RSF,41
4,41,0.2596384446795394,0.19512195121951226,0.10273657263608793,0.35249934571393227,5.0,RFS,OOD,UK,RSF,41
5,42,0.30983977090744746,0.523809523809524,0.383586493202815,0.6794507549891191,5.0,RFS,OOD,UK,RSF,41
1,42,0.07418814159574963,0.023809523809523836,0.003388550205071672,0.15724446039539342,3.0,RFS,OOD,UK,RSF,42
2,41,0.09519973033811988,0.07317073170731714,0.024202712324896458,0.2099536944595688,3.0,RFS,OOD,UK,RSF,42
3,41,0.10862645579547417,0.12195121951219512,0.05266101585931515,0.2684938960222032,3.0,RFS,OOD,UK,RSF,42
4,41,0.12924196661972417,0.09756097560975618,0.03777922653978372,0.23938678283927184,3.0,RFS,OOD,UK,RSF,42
5,42,0.1638503358477638,0.3571428571428572,0.23300042820447786,0.5209343853168225,3.0,RFS,OOD,UK,RSF,42
1,42,0.14724848242033095,0.07142857142857151,0.023611989152952817,0.20533641165803207,5.0,RFS,OOD,UK,RSF,42
2,41,0.18650747217783115,0.12195121951219512,0.05266101585931515,0.2684938960222032,5.0,RFS,OOD,UK,RSF,42
3,41,0.2113072799473274,0.19512195121951226,0.10273657263608793,0.35249934571393227,5.0,RFS,OOD,UK,RSF,42
4,41,0.24692210337010825,0.36585365853658536,0.23920321795324972,0.531789823912844,5.0,RFS,OOD,UK,RSF,42
5,42,0.2992362479368846,0.4285714285714286,0.29563209051328687,0.590824298209402,5.0,RFS,OOD,UK,RSF,42
1,42,0.06925802003769647,0.04761904761904767,0.0121265023606415,0.17725689672206646,3.0,RFS,OOD,UK,RSF,43
2,41,0.09076157866454707,0.024390243902439046,0.0034720728616358665,0.16079758840770841,3.0,RFS,OOD,UK,RSF,43
3,41,0.10761671095359616,0.14634146341463417,0.06856093073984781,0.2970585510650745,3.0,RFS,OOD,UK,RSF,43
4,41,0.13494897615618823,0.09756097560975618,0.03777922653978372,0.23938678283927184,3.0,RFS,OOD,UK,RSF,43
5,42,0.1772616704305013,0.3571428571428572,0.23300042820447786,0.5209343853168225,3.0,RFS,OOD,UK,RSF,43
1,42,0.15387436747550964,0.04761904761904767,0.0121265023606415,0.17725689672206646,5.0,RFS,OOD,UK,RSF,43
2,41,0.19667964882966948,0.17073170731707332,0.085294891059433,0.3250531408282388,5.0,RFS,OOD,UK,RSF,43
3,41,0.2277378919647961,0.14634146341463417,0.06856093073984781,0.2970585510650745,5.0,RFS,OOD,UK,RSF,43
4,41,0.26578327213845604,0.29268292682926844,0.17806806229275862,0.4574455509822991,5.0,RFS,OOD,UK,RSF,43
5,42,0.32990834968430655,0.523809523809524,0.383586493202815,0.6794507549891191,5.0,RFS,OOD,UK,RSF,43
1,42,0.07680122199512664,0.04761904761904767,0.0121265023606415,0.17725689672206646,3.0,RFS,OOD,UK,RSF,44
2,41,0.09435316847591865,0.04878048780487809,0.012427811403127209,0.1812630709502503,3.0,RFS,OOD,UK,RSF,44
3,41,0.1101178047133655,0.12195121951219512,0.05266101585931515,0.2684938960222032,3.0,RFS,OOD,UK,RSF,44
4,41,0.13036882877349854,0.14634146341463417,0.06856093073984781,0.2970585510650745,3.0,RFS,OOD,UK,RSF,44
5,42,0.16201279560724893,0.30952380952380965,0.19296769653174917,0.47262426743116415,3.0,RFS,OOD,UK,RSF,44
1,42,0.15479789461408341,0.07142857142857151,0.023611989152952817,0.20533641165803207,5.0,RFS,OOD,UK,RSF,44
2,41,0.1862805442112248,0.12195121951219512,0.05266101585931515,0.2684938960222032,5.0,RFS,OOD,UK,RSF,44
3,41,0.21340314353384623,0.19512195121951226,0.10273657263608793,0.35249934571393227,5.0,RFS,OOD,UK,RSF,44
4,41,0.2439537004726689,0.29268292682926844,0.17806806229275862,0.4574455509822991,5.0,RFS,OOD,UK,RSF,44
5,42,0.2894573736758459,0.5,0.3611343290661315,0.65777730708891,5.0,RFS,OOD,UK,RSF,44
1,47,0.1129405549231996,0.042553191489361764,0.010815425064993112,0.1596119406366555,3.0,RFS,OOD,UPP,TabSurv_M,40
2,47,0.1460936094852204,0.10638297872340441,0.04571683719269404,0.23689274690406315,3.0,RFS,OOD,UPP,TabSurv_M,40
3,46,0.17043406030406122,0.06719576719576725,0.022173623542481646,0.19409155404319045,3.0,RFS,OOD,UPP,TabSurv_M,40
4,47,0.19696715410719526,0.06629363544257172,0.02185298333225627,0.19179774777155234,3.0,RFS,OOD,UPP,TabSurv_M,40
5,47,0.2513751007140951,0.2426088165762761,0.1421557503152442,0.39563466029001315,3.0,RFS,OOD,UPP,TabSurv_M,40
1,47,0.19959798899102718,0.08819891142998537,0.03399169919441225,0.2184864230291329,5.0,RFS,OOD,UPP,TabSurv_M,40
2,47,0.24369059851829042,0.1276595744680853,0.059477648952947715,0.26227915606695995,5.0,RFS,OOD,UPP,TabSurv_M,40
3,46,0.27514186371927674,0.09439452289259731,0.036462978955781766,0.23254133936644705,5.0,RFS,OOD,UPP,TabSurv_M,40
4,47,0.3062671093230552,0.160086976287382,0.07930622224925843,0.30811896392763594,5.0,RFS,OOD,UPP,TabSurv_M,40
5,47,0.36622787916913946,0.34117933130699096,0.2210050241624033,0.502054959227421,5.0,RFS,OOD,UPP,TabSurv_M,40
1,47,0.38696438454567117,0.11054176752152889,0.04748339353758069,0.24578456495567913,10.0,RFS,OOD,UPP,TabSurv_M,40
2,47,0.43740641436678296,0.27932566827438277,0.16864893238343426,0.4406256515296808,10.0,RFS,OOD,UPP,TabSurv_M,40
3,46,0.47148795490679535,0.16480094345706986,0.08190086990446532,0.31581607627963404,10.0,RFS,OOD,UPP,TabSurv_M,40
4,47,0.5025013139907349,0.22651437868829172,0.1233464010363371,0.39415693587689205,10.0,RFS,OOD,UPP,TabSurv_M,40
5,47,0.5575239392037087,0.4426735453101468,0.30789212644907227,0.6049200279133828,10.0,RFS,OOD,UPP,TabSurv_M,40
1,47,0.09952123875313616,0.06382978723404265,0.02104391451796994,0.18498536123951792,3.0,RFS,OOD,UPP,TabSurv_M,41
2,47,0.1293436567834083,0.04457953394123615,0.011315072454141428,0.16702987143284442,3.0,RFS,OOD,UPP,TabSurv_M,41
3,46,0.15395132225492728,0.08898100838715894,0.03434188582888131,0.2200462917797542,3.0,RFS,OOD,UPP,TabSurv_M,41
4,47,0.1819486174177616,0.04397233201581019,0.01117927569869892,0.16462258670472896,3.0,RFS,OOD,UPP,TabSurv_M,41
5,47,0.23325343969020437,0.28490579554409345,0.17634932845052498,0.4398952122562466,3.0,RFS,OOD,UPP,TabSurv_M,41
1,47,0.18746925795331915,0.08510638297872353,0.03282206756884132,0.2110631487013449,5.0,RFS,OOD,UPP,TabSurv_M,41
2,47,0.2276712935021583,0.06901920083030622,0.02273869247900695,0.19937570240422564,5.0,RFS,OOD,UPP,TabSurv_M,41
3,46,0.2563765865305196,0.1547017189079879,0.07690897062721647,0.2973912392310287,5.0,RFS,OOD,UPP,TabSurv_M,41
4,47,0.29048773836582265,0.1445069875776397,0.06734886937303541,0.2948743081981988,5.0,RFS,OOD,UPP,TabSurv_M,41
5,47,0.34888884742209253,0.3574038254889318,0.2358297960823128,0.5167110042153927,5.0,RFS,OOD,UPP,TabSurv_M,41
1,47,0.3824406748122357,0.13102768421917366,0.060979403336452576,0.2691129452879868,10.0,RFS,OOD,UPP,TabSurv_M,41
2,47,0.4303699681099425,0.09723074019908484,0.03735716206480666,0.2402855649171559,10.0,RFS,OOD,UPP,TabSurv_M,41
3,46,0.4565431942110476,0.25918969905765854,0.1519894548006523,0.42070842553470744,10.0,RFS,OOD,UPP,TabSurv_M,41
4,47,0.49334579896419606,0.25452832451176544,0.14494167398998992,0.4236394831137631,10.0,RFS,OOD,UPP,TabSurv_M,41
5,47,0.5499577344732082,0.4821569289654395,0.3450809398395791,0.6405659555257363,10.0,RFS,OOD,UPP,TabSurv_M,41
1,47,0.10590812754123768,0.021739130434782594,0.003091116092218904,0.1444715949247678,3.0,RFS,OOD,UPP,TabSurv_M,42
2,47,0.13680833070836168,0.06521739130434778,0.021511840750255695,0.18872744939600206,3.0,RFS,OOD,UPP,TabSurv_M,42
3,46,0.15991952497026193,0.06779452021011623,0.022358447807657722,0.19583424278882822,3.0,RFS,OOD,UPP,TabSurv_M,42
4,47,0.1879090539952542,0.13255680222528332,0.06170645783233164,0.27203314235664133,3.0,RFS,OOD,UPP,TabSurv_M,42
5,47,0.2398074231249221,0.24296675191815842,0.14239946748334442,0.3961059523138899,3.0,RFS,OOD,UPP,TabSurv_M,42
1,47,0.17676915133253057,0.04347826086956519,0.01105445843893782,0.16285493310394383,5.0,RFS,OOD,UPP,TabSurv_M,42
2,47,0.21870389010043853,0.08918617614269786,0.03437931150062312,0.22076825783456688,5.0,RFS,OOD,UPP,TabSurv_M,42
3,46,0.24860718846321106,0.09109965720486335,0.03516650803314436,0.2249775011114219,5.0,RFS,OOD,UPP,TabSurv_M,42
4,47,0.2830125283687673,0.28653234603910405,0.17325276691711955,0.4507043163057399,5.0,RFS,OOD,UPP,TabSurv_M,42
5,47,0.3410754990070424,0.31551577152600163,0.19996235201118218,0.4748945449018688,5.0,RFS,OOD,UPP,TabSurv_M,42
1,47,0.3551104398483926,0.08704266576607012,0.03357327627955198,0.2156053568398536,10.0,RFS,OOD,UPP,TabSurv_M,42
2,47,0.4087817909869742,0.1216610549943884,0.052233931415063384,0.2692446298972546,10.0,RFS,OOD,UPP,TabSurv_M,42
3,46,0.44240199094233307,0.23115370171746286,0.13132242497535074,0.387868590356203,10.0,RFS,OOD,UPP,TabSurv_M,42
4,47,0.478363148709561,0.2744875238566481,0.1611600567039151,0.44339121371333334,10.0,RFS,OOD,UPP,TabSurv_M,42
5,47,0.5313102089344187,0.519337307152875,0.37643551635442063,0.6790018387661014,10.0,RFS,OOD,UPP,TabSurv_M,42
1,47,0.10195238412694728,0.04302600472813245,0.010934846143782484,0.16130767203884278,3.0,RFS,OOD,UPP,TabSurv_M,43
2,47,0.1307011956864215,0.04302600472813245,0.010934846143782484,0.16130767203884278,3.0,RFS,OOD,UPP,TabSurv_M,43
3,46,0.15224215388298035,0.06673489553924328,0.022011050062254234,0.1929102394115746,3.0,RFS,OOD,UPP,TabSurv_M,43
4,47,0.18402207785464347,0.1362217845780943,0.06344035585569496,0.2790503939063741,3.0,RFS,OOD,UPP,TabSurv_M,43
5,47,0.2371381216860832,0.24125633232016208,0.14139781977468058,0.393475722839575,3.0,RFS,OOD,UPP,TabSurv_M,43
1,47,0.17723612962885105,0.06477541371158402,0.0213576517108921,0.18757747979718964,5.0,RFS,OOD,UPP,TabSurv_M,43
2,47,0.21723147656055206,0.08758576947471608,0.03377493792936492,0.2169296221681849,5.0,RFS,OOD,UPP,TabSurv_M,43
3,46,0.2471103344274604,0.09154849688031774,0.035358093596110196,0.22592410897333315,5.0,RFS,OOD,UPP,TabSurv_M,43
4,47,0.2856554794818797,0.23573189859510113,0.13382385703414246,0.3953225632271967,5.0,RFS,OOD,UPP,TabSurv_M,43
5,47,0.3456114543245194,0.34217964025913616,0.22146876586614284,0.5037532168976493,5.0,RFS,OOD,UPP,TabSurv_M,43
1,47,0.3488931846111379,0.09148900453248276,0.035237109181152415,0.22634574640191196,10.0,RFS,OOD,UPP,TabSurv_M,43
2,47,0.39922769145762665,0.18463420184321322,0.09647725897468151,0.3367956934283126,10.0,RFS,OOD,UPP,TabSurv_M,43
3,46,0.4357517439386119,0.17006443408535954,0.08417065086833819,0.3264515987182286,10.0,RFS,OOD,UPP,TabSurv_M,43
4,47,0.4741169854681543,0.36794027873114776,0.23947651097877398,0.5364538647111925,10.0,RFS,OOD,UPP,TabSurv_M,43
5,47,0.5319344972042327,0.42873872340425534,0.29358483068149865,0.5942491956511208,10.0,RFS,OOD,UPP,TabSurv_M,43
1,47,0.12031114228228305,0.0,0.0,0.0,3.0,RFS,OOD,UPP,TabSurv_M,44
2,47,0.15185907292873302,0.0879676440849344,0.03394648825069191,0.21768878088088817,3.0,RFS,OOD,UPP,TabSurv_M,44
3,46,0.1770582704440407,0.11428205058134278,0.049101734997966884,0.2536137299664062,3.0,RFS,OOD,UPP,TabSurv_M,44
4,47,0.21263286154320898,0.10846115784265231,0.04659135811177928,0.24137883138591432,3.0,RFS,OOD,UPP,TabSurv_M,44
5,47,0.2669101446232897,0.22274430500208164,0.12649492336099166,0.3746901797309986,3.0,RFS,OOD,UPP,TabSurv_M,44
1,47,0.20346856497703714,0.022727272727272707,0.003233006635729452,0.15058829026264198,5.0,RFS,OOD,UPP,TabSurv_M,44
2,47,0.24472248046956163,0.08843873517786549,0.03413670723100881,0.21874825456110092,5.0,RFS,OOD,UPP,TabSurv_M,44
3,46,0.2772504415201104,0.21303219228194714,0.11653278666958822,0.3707424139545342,5.0,RFS,OOD,UPP,TabSurv_M,44
4,47,0.3178157387895787,0.17951613323263638,0.09386999624797365,0.32777311025720557,5.0,RFS,OOD,UPP,TabSurv_M,44
5,47,0.3786160781028423,0.3192364587310509,0.20259147473356298,0.479609381453718,5.0,RFS,OOD,UPP,TabSurv_M,44
1,47,0.39492522655649387,0.045454545454545525,0.01156569003262442,0.16975185485739253,10.0,RFS,OOD,UPP,TabSurv_M,44
2,47,0.442149078592341,0.16297685703620746,0.0807578826599421,0.313302425935413,10.0,RFS,OOD,UPP,TabSurv_M,44
3,46,0.4771918835847274,0.33942539758245516,0.21528438048445475,0.5079552959712241,10.0,RFS,OOD,UPP,TabSurv_M,44
4,47,0.5142063904315868,0.244339407115316,0.13874070907101577,0.4087513252799877,10.0,RFS,OOD,UPP,TabSurv_M,44
5,47,0.5700872844838082,0.44530378118826375,0.31039192243628344,0.6072446278331757,10.0,RFS,OOD,UPP,TabSurv_M,44
1,47,0.04628998041152954,0.0884387351778656,0.03413670723100892,0.21874825456110103,3.0,RFS,OOD,UPP,DeepHS,40
2,47,0.06289357200581977,0.08560118753092527,0.03301025733790708,0.2122467601251714,3.0,RFS,OOD,UPP,DeepHS,40
3,46,0.06961082893869151,0.11242718951529018,0.04833862361695451,0.24955446970085005,3.0,RFS,OOD,UPP,DeepHS,40
4,47,0.07623924346680337,0.10783365570599612,0.04634667457251074,0.23993598926675352,3.0,RFS,OOD,UPP,DeepHS,40
5,47,0.08635197040882517,0.13496176494692091,0.06289006039841416,0.2764640078861542,3.0,RFS,OOD,UPP,DeepHS,40
1,47,0.12526029348373413,0.021739130434782594,0.003091116092218904,0.1444715949247678,5.0,RFS,OOD,UPP,DeepHS,40
2,47,0.14241144885408116,0.19818754925137905,0.10831729148598512,0.3465958039807512,5.0,RFS,OOD,UPP,DeepHS,40
3,46,0.15396605496821197,0.11175648317747999,0.04807715650442268,0.24801849126165376,5.0,RFS,OOD,UPP,DeepHS,40
4,47,0.17085196363165023,0.13460246360582306,0.06268462494441451,0.27591269586409406,5.0,RFS,OOD,UPP,DeepHS,40
5,47,0.20512210308237278,0.35338280431336044,0.22937625247416737,0.5178903716091305,5.0,RFS,OOD,UPP,DeepHS,40
1,47,0.2936667241948716,0.15446563085379916,0.07663253699160655,0.2974960394245104,10.0,RFS,OOD,UPP,DeepHS,40
2,47,0.32306307554244995,0.18100633310435033,0.0946853829323494,0.33023616180622395,10.0,RFS,OOD,UPP,DeepHS,40
3,46,0.3377920855646548,0.32479045025787634,0.20584922414169815,0.48788202354678345,10.0,RFS,OOD,UPP,DeepHS,40
4,47,0.3551404818575433,0.1513302699154342,0.07026575034709648,0.3089531683546928,10.0,RFS,OOD,UPP,DeepHS,40
5,47,0.3878809949184986,0.4031579828894408,0.2718399011546131,0.5681333375403895,10.0,RFS,OOD,UPP,DeepHS,40
1,47,0.03968906275769497,0.0,0.0,0.0,3.0,RFS,OOD,UPP,DeepHS,41
2,47,0.05073315031985019,0.043520309477756314,0.011057800389739136,0.16310405889991975,3.0,RFS,OOD,UPP,DeepHS,41
3,46,0.059949396745018334,0.1818284956049544,0.0951817903267993,0.33145555237927526,3.0,RFS,OOD,UPP,DeepHS,41
4,47,0.07255757615921345,0.17075831969449018,0.08928424830878168,0.31262628132032055,3.0,RFS,OOD,UPP,DeepHS,41
5,47,0.08682468470106734,0.13906926406926412,0.06499957903734455,0.2836783423260817,3.0,RFS,OOD,UPP,DeepHS,41
1,47,0.0854634312873191,0.021276595744680882,0.0030247410125133767,0.14159550650107078,5.0,RFS,OOD,UPP,DeepHS,41
2,47,0.1061097079135002,0.13293092617376345,0.06191665127026291,0.2726222361314481,5.0,RFS,OOD,UPP,DeepHS,41
3,46,0.12510443122490592,0.2498237367802585,0.14664486773399033,0.40609582308253633,5.0,RFS,OOD,UPP,DeepHS,41
4,47,0.16061027760201313,0.1622572778599327,0.08066513596482816,0.31111820438082116,5.0,RFS,OOD,UPP,DeepHS,41
5,47,0.21807158881045402,0.2543016975308643,0.14933733128234195,0.412782183629117,5.0,RFS,OOD,UPP,DeepHS,41
1,47,0.29050167697541257,0.06960861570790655,0.022809782393821476,0.20196725640833102,10.0,RFS,OOD,UPP,DeepHS,41
2,47,0.34387991656648353,0.2072056349771917,0.11334110838921885,0.3612053385098143,10.0,RFS,OOD,UPP,DeepHS,41
3,46,0.3728472940299822,0.16699419002050575,0.08303102763334258,0.31964524520915694,10.0,RFS,OOD,UPP,DeepHS,41
4,47,0.3971066842687891,0.4413770528810881,0.30635670264435644,0.6042136970288008,10.0,RFS,OOD,UPP,DeepHS,41
5,47,0.4313581091292361,0.35016527846500645,0.22320804860032595,0.5207693253633661,10.0,RFS,OOD,UPP,DeepHS,41
1,47,0.04340075939259631,0.04302600472813245,0.010934846143782484,0.16130767203884278,3.0,RFS,OOD,UPP,DeepHS,42
2,47,0.0532572865486145,0.10783365570599623,0.04634667457251085,0.23993598926675352,3.0,RFS,OOD,UPP,DeepHS,42
3,46,0.06231578277504962,0.08949745906267637,0.03454372436295916,0.22124478147776916,3.0,RFS,OOD,UPP,DeepHS,42
4,47,0.07159413555835156,0.09048698549695466,0.034839423246906476,0.22406135795481696,3.0,RFS,OOD,UPP,DeepHS,42
5,47,0.09349419842375085,0.19922630560928434,0.10899694904716917,0.3480089358388797,3.0,RFS,OOD,UPP,DeepHS,42
1,47,0.1114087941798758,0.09013785790031825,0.034771103409146686,0.2228611616476709,5.0,RFS,OOD,UPP,DeepHS,42
2,47,0.1317688353518222,0.11152677110123932,0.04792346396573799,0.24778565438562683,5.0,RFS,OOD,UPP,DeepHS,42
3,46,0.15413349348565805,0.1547017189079879,0.07690897062721647,0.2973912392310287,5.0,RFS,OOD,UPP,DeepHS,42
4,47,0.1724847491751326,0.20506037952846468,0.11190392392655613,0.35839078420619763,5.0,RFS,OOD,UPP,DeepHS,42
5,47,0.21126063833845424,0.24986820841219226,0.14664385724044948,0.4062257745980742,5.0,RFS,OOD,UPP,DeepHS,42
1,47,0.3054064169843146,0.2341959901800328,0.13271365834244575,0.39348924377815975,10.0,RFS,OOD,UPP,DeepHS,42
2,47,0.3366656595088066,0.183650325683831,0.09602596640232341,0.3349156278325778,10.0,RFS,OOD,UPP,DeepHS,42
3,46,0.3513583191063093,0.1853868431708543,0.09690798288733249,0.33797905218136715,10.0,RFS,OOD,UPP,DeepHS,42
4,47,0.3618285934975807,0.17354767994154197,0.08620916214880092,0.33169860851066313,10.0,RFS,OOD,UPP,DeepHS,42
5,47,0.3873495117146918,0.43553321678321666,0.3031633584738085,0.5956257532281385,10.0,RFS,OOD,UPP,DeepHS,42
1,47,0.04301762580871582,0.13330085122237822,0.062111809264144835,0.2732536532365917,3.0,RFS,OOD,UPP,DeepHS,43
2,47,0.05636727556269219,0.06382978723404265,0.02104391451796994,0.18498536123951792,3.0,RFS,OOD,UPP,DeepHS,43
3,46,0.06358132673346478,0.0662525879917184,0.021846300756122594,0.19163036664535116,3.0,RFS,OOD,UPP,DeepHS,43
4,47,0.07257200555598482,0.08652482269503559,0.0333773705093956,0.21436274709162217,3.0,RFS,OOD,UPP,DeepHS,43
5,47,0.08703596414403712,0.1826375332741792,0.09556072343178501,0.33298071060291146,3.0,RFS,OOD,UPP,DeepHS,43
1,47,0.09896540514966275,0.06431334622823992,0.02120155953090974,0.18633366685876407,5.0,RFS,OOD,UPP,DeepHS,43
2,47,0.13160054227139087,0.10935180603661565,0.047001235465963576,0.24313709945055606,5.0,RFS,OOD,UPP,DeepHS,43
3,46,0.15287301851355511,0.18008290754844303,0.09436703104954303,0.3281529066117209,5.0,RFS,OOD,UPP,DeepHS,43
4,47,0.18799733735145407,0.13591731266149876,0.06346752778387243,0.2778114493320071,5.0,RFS,OOD,UPP,DeepHS,43
5,47,0.2623505199209173,0.3204903663193751,0.20304488832053702,0.4820108638980223,5.0,RFS,OOD,UPP,DeepHS,43
1,47,0.3313246039634055,0.11012419831008857,0.04727927002776433,0.24501646158366042,10.0,RFS,OOD,UPP,DeepHS,43
2,47,0.35914641491910243,0.1949046965491943,0.10179802889262557,0.3545304523370971,10.0,RFS,OOD,UPP,DeepHS,43
3,46,0.3848444871280504,0.2579468320954764,0.1513081282282489,0.41871157643534007,10.0,RFS,OOD,UPP,DeepHS,43
4,47,0.41019489917349305,0.21377487742399115,0.11701510807287574,0.3717545156678995,10.0,RFS,OOD,UPP,DeepHS,43
5,47,0.4493586344921843,0.4581276454653197,0.3187815952519073,0.6239420102543647,10.0,RFS,OOD,UPP,DeepHS,43
1,47,0.05522939626206743,0.0455026455026456,0.011569519260704153,0.170035070803345,3.0,RFS,OOD,UPP,DeepHS,44
2,47,0.06463774341218015,0.04347826086956519,0.01105445843893782,0.16285493310394383,3.0,RFS,OOD,UPP,DeepHS,44
3,46,0.07170689883439438,0.13290513833992101,0.062006106342826994,0.27218077186826306,3.0,RFS,OOD,UPP,DeepHS,44
4,47,0.07733598034432594,0.1506159014557671,0.07474711713266624,0.29037533059162757,3.0,RFS,OOD,UPP,DeepHS,44
5,47,0.088017094642558,0.153447181784248,0.0762170615209452,0.29533357989768494,3.0,RFS,OOD,UPP,DeepHS,44
1,47,0.10426373938296704,0.06431334622823992,0.02120155953090974,0.18633366685876407,5.0,RFS,OOD,UPP,DeepHS,44
2,47,0.13366368603199086,0.06818181818181823,0.022513035740354792,0.19668322307584052,5.0,RFS,OOD,UPP,DeepHS,44
3,46,0.1537602362425431,0.14583333333333326,0.06806857930976296,0.2970417796902265,5.0,RFS,OOD,UPP,DeepHS,44
4,47,0.1897699604643152,0.2276438914736787,0.1291967162836204,0.3826508494401115,5.0,RFS,OOD,UPP,DeepHS,44
5,47,0.24044849897952789,0.30932842189100007,0.19599867355362366,0.46625950848284914,5.0,RFS,OOD,UPP,DeepHS,44
1,47,0.3078499626606069,0.08708560118753106,0.03358203301002183,0.21575156115103578,10.0,RFS,OOD,UPP,DeepHS,44
2,47,0.3426807979319958,0.23457157245977112,0.13337087268679948,0.3929931916554805,10.0,RFS,OOD,UPP,DeepHS,44
3,46,0.3610540421112724,0.32212889366272845,0.20461208895680838,0.4833140148250905,10.0,RFS,OOD,UPP,DeepHS,44
4,47,0.379394475449907,0.2479941469995801,0.14076914206976088,0.41457165638399596,10.0,RFS,OOD,UPP,DeepHS,44
5,47,0.41393777030579587,0.32727255339071615,0.20760923324431335,0.4910009780470802,10.0,RFS,OOD,UPP,DeepHS,44
1,47,0.057590977942689935,0.08708560118753106,0.03358203301002183,0.21575156115103578,3.0,RFS,OOD,UPP,DeepSurv,40
2,47,0.0919947142296649,0.06521739130434778,0.021511840750255695,0.18872744939600206,3.0,RFS,OOD,UPP,DeepSurv,40
3,46,0.12330849533495696,0.09129450355136848,0.035201754076244596,0.22566264005235914,3.0,RFS,OOD,UPP,DeepSurv,40
4,47,0.16163599998392958,0.08652482269503559,0.0333773705093956,0.21436274709162217,3.0,RFS,OOD,UPP,DeepSurv,40
5,47,0.2326679698964383,0.19808675573148615,0.1081716394363128,0.34667567086138096,3.0,RFS,OOD,UPP,DeepSurv,40
1,47,0.11322995322815915,0.10935180603661565,0.047001235465963576,0.24313709945055606,5.0,RFS,OOD,UPP,DeepSurv,40
2,47,0.17775228175711125,0.06521739130434778,0.021511840750255695,0.18872744939600206,5.0,RFS,OOD,UPP,DeepSurv,40
3,46,0.23425635306731515,0.16569566899986532,0.08242175820354214,0.3171812729331892,5.0,RFS,OOD,UPP,DeepSurv,40
4,47,0.30057740972397173,0.1545070278853362,0.0767497370058674,0.29724625080324196,5.0,RFS,OOD,UPP,DeepSurv,40
5,47,0.41415771144501706,0.32672700533289345,0.20704206943675707,0.490652349130716,5.0,RFS,OOD,UPP,DeepSurv,40
1,47,0.23399244470799224,0.1817968744451205,0.09505864966899769,0.3317184372926879,10.0,RFS,OOD,UPP,DeepSurv,40
2,47,0.35288956444314185,0.13817000230043708,0.06430930724279493,0.28297372772618024,10.0,RFS,OOD,UPP,DeepSurv,40
3,46,0.44770860153695813,0.2233759684270351,0.12213772300404913,0.3877364191586593,10.0,RFS,OOD,UPP,DeepSurv,40
4,47,0.5483264529958685,0.22773275850598118,0.12921578067646322,0.3828689926792914,10.0,RFS,OOD,UPP,DeepSurv,40
5,47,0.6920676730731701,0.4650540024190445,0.3242912250947262,0.6315279835176089,10.0,RFS,OOD,UPP,DeepSurv,40
1,47,0.039044438524449124,0.0,0.0,0.0,3.0,RFS,OOD,UPP,DeepSurv,41
2,47,0.07057040168883953,0.04397233201581019,0.01117927569869892,0.16462258670472896,3.0,RFS,OOD,UPP,DeepSurv,41
3,46,0.10092573839685191,0.11444966583124483,0.04924774808249155,0.2536292823907622,3.0,RFS,OOD,UPP,DeepSurv,41
4,47,0.1412960925000779,0.17239498090561922,0.0901281713978852,0.3155036620011492,3.0,RFS,OOD,UPP,DeepSurv,41
5,47,0.20595463412873288,0.20062111801242233,0.10960046236483456,0.3507434165029095,3.0,RFS,OOD,UPP,DeepSurv,41
1,47,0.09400220754298758,0.021276595744680882,0.0030247410125133767,0.14159550650107078,5.0,RFS,OOD,UPP,DeepSurv,41
2,47,0.16601282358169556,0.13724332401426775,0.06405808124644397,0.28048757820935866,5.0,RFS,OOD,UPP,DeepSurv,41
3,46,0.23207243369973224,0.21018483709273184,0.11521193979374222,0.36544909083263244,5.0,RFS,OOD,UPP,DeepSurv,41
4,47,0.31465074102929297,0.21837303752197368,0.12377917177442876,0.3683286916731374,5.0,RFS,OOD,UPP,DeepSurv,41
5,47,0.43363181517479266,0.22726708074534163,0.12877211938022715,0.3825763874071402,5.0,RFS,OOD,UPP,DeepSurv,41
1,47,0.21226235780310124,0.04703247480403139,0.011881533656864285,0.17647696272127922,10.0,RFS,OOD,UPP,DeepSurv,41
2,47,0.3556964055020758,0.18892920782908118,0.09893204712610348,0.3435520900002954,10.0,RFS,OOD,UPP,DeepSurv,41
3,46,0.4728677804055421,0.25954828477443603,0.15271379418941589,0.4200936060261997,10.0,RFS,OOD,UPP,DeepSurv,41
4,47,0.5993443822607081,0.40248074892198493,0.27039634618392994,0.5688090196727935,10.0,RFS,OOD,UPP,DeepSurv,41
5,47,0.7432665606128409,0.3388073979591836,0.21467044544383118,0.5075071783901242,10.0,RFS,OOD,UPP,DeepSurv,41
1,47,0.057914036385556485,0.06590555267254805,0.021701893331559474,0.19091522322310084,3.0,RFS,OOD,UPP,DeepSurv,42
2,47,0.08556161155091956,0.021739130434782594,0.003091116092218904,0.1444715949247678,3.0,RFS,OOD,UPP,DeepSurv,42
3,46,0.1047690679197726,0.08695652173913038,0.03355587698855478,0.21531105488865365,3.0,RFS,OOD,UPP,DeepSurv,42
4,47,0.12958966163878746,0.17497851506549655,0.09149971571075988,0.31992009347251904,3.0,RFS,OOD,UPP,DeepSurv,42
5,47,0.2049949866660098,0.18021048999309874,0.09430220331239692,0.3287650538809057,3.0,RFS,OOD,UPP,DeepSurv,42
1,47,0.12095243245997328,0.11261027503892063,0.048391416253565245,0.2500584796790407,5.0,RFS,OOD,UPP,DeepSurv,42
2,47,0.17590054172150632,0.021739130434782594,0.003091116092218904,0.1444715949247678,5.0,RFS,OOD,UPP,DeepSurv,42
3,46,0.21291178076163583,0.19892188052315307,0.10878043245105207,0.3476418337681426,5.0,RFS,OOD,UPP,DeepSurv,42
4,47,0.25923948719146406,0.26664756894710817,0.16089543124670058,0.42205921746416397,5.0,RFS,OOD,UPP,DeepSurv,42
5,47,0.38858651480776196,0.20753680699332877,0.11330057547483507,0.3623447983728939,5.0,RFS,OOD,UPP,DeepSurv,42
1,47,0.2700617884067779,0.11261027503892063,0.048391416253565245,0.2500584796790407,10.0,RFS,OOD,UPP,DeepSurv,42
2,47,0.3772641293545987,0.09726596448703939,0.037493317852591135,0.23967124579492471,10.0,RFS,OOD,UPP,DeepSurv,42
3,46,0.44365347727485327,0.2971185532332181,0.18401742394941611,0.4573234283622347,10.0,RFS,OOD,UPP,DeepSurv,42
4,47,0.5199625568186983,0.3646621575758937,0.24088413088363236,0.5260038562558831,10.0,RFS,OOD,UPP,DeepSurv,42
5,47,0.6928068001536613,0.3482167352537723,0.22115644422338132,0.5195561519501525,10.0,RFS,OOD,UPP,DeepSurv,42
1,47,0.04253267227335179,0.0,0.0,0.0,3.0,RFS,OOD,UPP,DeepSurv,43
2,47,0.0697965533175367,0.021739130434782594,0.003091116092218904,0.1444715949247678,3.0,RFS,OOD,UPP,DeepSurv,43
3,46,0.10044182642646458,0.17650103519668747,0.09241736238900089,0.3221911574124472,3.0,RFS,OOD,UPP,DeepSurv,43
4,47,0.1393607423660603,0.1306552814077464,0.06088452989005366,0.2680825689397781,3.0,RFS,OOD,UPP,DeepSurv,43
5,47,0.2872624568482663,0.19856723260978604,0.10842768745673026,0.34748772961125596,3.0,RFS,OOD,UPP,DeepSurv,43
1,47,0.10060247335028141,0.045454545454545525,0.01156569003262442,0.16975185485739253,5.0,RFS,OOD,UPP,DeepSurv,43
2,47,0.16209655366045364,0.044489383215369105,0.011307871428485883,0.16649752300838838,5.0,RFS,OOD,UPP,DeepSurv,43
3,46,0.22801489674526712,0.2655279503105592,0.1603743233624889,0.42006036889377574,5.0,RFS,OOD,UPP,DeepSurv,43
4,47,0.30669606239237684,0.15353277400227938,0.07624622867115893,0.29553475448673105,5.0,RFS,OOD,UPP,DeepSurv,43
5,47,0.5448199813353255,0.3054249349284811,0.18887201248491836,0.46981962766007723,5.0,RFS,OOD,UPP,DeepSurv,43
1,47,0.21527492239120158,0.09590909090909105,0.03697939509842518,0.2364589449030684,10.0,RFS,OOD,UPP,DeepSurv,43
2,47,0.3337915210013694,0.09169722482011322,0.0353886488169628,0.22642572406365147,10.0,RFS,OOD,UPP,DeepSurv,43
3,46,0.4482148587703705,0.3992395285873548,0.268405325140731,0.5643015783592409,10.0,RFS,OOD,UPP,DeepSurv,43
4,47,0.567595843939071,0.15353277400227938,0.07624622867115893,0.29553475448673105,10.0,RFS,OOD,UPP,DeepSurv,43
5,47,0.8110658515720292,0.5031745416900195,0.3570233095477454,0.6697653194770492,10.0,RFS,OOD,UPP,DeepSurv,43
1,47,0.04305202529785481,0.08695652173913038,0.03355587698855478,0.21531105488865365,3.0,RFS,OOD,UPP,DeepSurv,44
2,47,0.06754967380077281,0.08723404255319156,0.03360822899081439,0.21628065651550332,3.0,RFS,OOD,UPP,DeepSurv,44
3,46,0.09162372609843379,0.06521739130434778,0.021511840750255695,0.18872744939600206,3.0,RFS,OOD,UPP,DeepSurv,44
4,47,0.12238730014638698,0.08753642311287047,0.03376605761012552,0.2167548830106738,3.0,RFS,OOD,UPP,DeepSurv,44
5,47,0.19540639760646414,0.2008530651556658,0.109805058288311,0.3509152518223464,3.0,RFS,OOD,UPP,DeepSurv,44
1,47,0.09210739364015295,0.11036789297658856,0.04743812128689617,0.24528236970724093,5.0,RFS,OOD,UPP,DeepSurv,44
2,47,0.14250813266064258,0.1340425531914894,0.06243241930587784,0.2747916291552357,5.0,RFS,OOD,UPP,DeepSurv,44
3,46,0.19043713289758432,0.13043478260869557,0.0608205025012617,0.2675029018610269,5.0,RFS,OOD,UPP,DeepSurv,44
4,47,0.2494467737826895,0.11154862250463704,0.047924299025363215,0.24787092581336623,5.0,RFS,OOD,UPP,DeepSurv,44
5,47,0.37732307390963776,0.3244403046050268,0.20589884914249568,0.48688419249421955,5.0,RFS,OOD,UPP,DeepSurv,44
1,47,0.21372835686866273,0.16391056608447907,0.08111425475582035,0.31535013654222477,10.0,RFS,OOD,UPP,DeepSurv,44
2,47,0.3187108382265619,0.2120423967459324,0.115818748425767,0.36958379216122705,10.0,RFS,OOD,UPP,DeepSurv,44
3,46,0.4098985635715982,0.15273132664437006,0.0758925775968391,0.293921830254088,10.0,RFS,OOD,UPP,DeepSurv,44
4,47,0.5113050385992578,0.2702941006904812,0.1584347073388026,0.43766667796076375,10.0,RFS,OOD,UPP,DeepSurv,44
5,47,0.6855595435233827,0.43381663624040345,0.2975258869888675,0.5999895648428581,10.0,RFS,OOD,UPP,DeepSurv,44
1,47,0.025244272769765652,0.06481939633844647,0.021363644035650053,0.18776666301973266,3.0,RFS,OOD,UPP,ENCox,40
2,47,0.05511481711205016,0.13154960981047936,0.061326407788756754,0.26972764586769027,3.0,RFS,OOD,UPP,ENCox,40
3,46,0.0819217782953511,0.06680805938494172,0.022020860953735566,0.19322499335447818,3.0,RFS,OOD,UPP,ENCox,40
4,47,0.13205669027693728,0.06382978723404265,0.02104391451796994,0.18498536123951792,3.0,RFS,OOD,UPP,ENCox,40
5,47,0.30306102176930044,0.21184079772559294,0.11595863557962915,0.368586302574086,3.0,RFS,OOD,UPP,ENCox,40
1,47,0.05838353963608437,0.11043796237071746,0.047459966557466204,0.24546822390204714,5.0,RFS,OOD,UPP,ENCox,40
2,47,0.12506341173293742,0.15440356744704564,0.07671348094335417,0.297006674618813,5.0,RFS,OOD,UPP,ENCox,40
3,46,0.18247301811757294,0.09013785790031825,0.034771103409146686,0.2228611616476709,5.0,RFS,OOD,UPP,ENCox,40
4,47,0.2832576848090963,0.17223910840932133,0.09007728125532977,0.3151407641739481,5.0,RFS,OOD,UPP,ENCox,40
5,47,0.5465787219557356,0.293374508305704,0.17752779521496098,0.4604360518822095,5.0,RFS,OOD,UPP,ENCox,40
1,47,0.1479267769671501,0.22766011710147083,0.12930379370203116,0.38243475607633515,10.0,RFS,OOD,UPP,ENCox,40
2,47,0.3004088693476738,0.27779161831956856,0.16767132453280875,0.4384702968697335,10.0,RFS,OOD,UPP,ENCox,40
3,46,0.4167068989380546,0.11857104984093336,0.05076083749543647,0.2634475593724398,10.0,RFS,OOD,UPP,ENCox,40
4,47,0.5872591150567886,0.24319004197423655,0.14241404858972084,0.39671779841458943,10.0,RFS,OOD,UPP,ENCox,40
5,47,0.8494976738996016,0.3550640353583806,0.22568774310912465,0.528627152657577,10.0,RFS,OOD,UPP,ENCox,40
1,47,0.06779370536195471,0.042553191489361764,0.010815425064993112,0.1596119406366555,3.0,RFS,OOD,UPP,ENCox,41
2,47,0.08591725090716748,0.0657229524772498,0.021676695726432937,0.19013371403751844,3.0,RFS,OOD,UPP,ENCox,41
3,46,0.099886118069939,0.06913095485749932,0.022748246179738696,0.19989781817697327,3.0,RFS,OOD,UPP,ENCox,41
4,47,0.1178628092116498,0.13390313390313413,0.062486558181089946,0.2740622131049153,3.0,RFS,OOD,UPP,ENCox,41
5,47,0.17167205125727553,0.2163120567375888,0.12256943048618552,0.3651476164557137,3.0,RFS,OOD,UPP,ENCox,41
1,47,0.1546836419308439,0.08510638297872353,0.03282206756884132,0.2110631487013449,5.0,RFS,OOD,UPP,ENCox,41
2,47,0.1935731109152449,0.08851019753878031,0.034150493096581025,0.21899557298787298,5.0,RFS,OOD,UPP,ENCox,41
3,46,0.22279413109240326,0.14613158840327534,0.06816732324979036,0.2977669929668232,5.0,RFS,OOD,UPP,ENCox,41
4,47,0.259409764979748,0.22891217008864084,0.1300968024462683,0.38421218864724715,5.0,RFS,OOD,UPP,ENCox,41
5,47,0.3606972409055588,0.2652925531914895,0.15976397913529028,0.4207204085164311,5.0,RFS,OOD,UPP,ENCox,41
1,47,0.31888569162247027,0.08510638297872353,0.03282206756884132,0.2110631487013449,10.0,RFS,OOD,UPP,ENCox,41
2,47,0.3887052662829135,0.18772149544794992,0.09818659021646114,0.34181668960416334,10.0,RFS,OOD,UPP,ENCox,41
3,46,0.43827819046766864,0.20501906506511847,0.10739992225577155,0.3708117445543132,10.0,RFS,OOD,UPP,ENCox,41
4,47,0.4968488222741066,0.38316177961482867,0.25387080950255003,0.5493607623617501,10.0,RFS,OOD,UPP,ENCox,41
5,47,0.6347747042458108,0.3658775012664641,0.2413495127905676,0.5282002517748109,10.0,RFS,OOD,UPP,ENCox,41
1,47,0.08806005817778567,0.021276595744680882,0.0030247410125133767,0.14159550650107078,3.0,RFS,OOD,UPP,ENCox,42
2,47,0.10063568455107669,0.06576402321083175,0.021683177132965303,0.19030296895764975,3.0,RFS,OOD,UPP,ENCox,42
3,46,0.10888809354408928,0.06936507936507952,0.022887874037891276,0.20004419679061936,3.0,RFS,OOD,UPP,ENCox,42
4,47,0.121250737220683,0.11153664302600486,0.04792404923554805,0.24782322395687262,3.0,RFS,OOD,UPP,ENCox,42
5,47,0.15305779969438593,0.262907608695652,0.15860516467556218,0.4165621056773616,3.0,RFS,OOD,UPP,ENCox,42
1,47,0.1727856067900962,0.06581109985365308,0.0216894064884946,0.19050656068442717,5.0,RFS,OOD,UPP,ENCox,42
2,47,0.19611538851514776,0.08800773694390718,0.03395543561763548,0.21782065862734612,5.0,RFS,OOD,UPP,ENCox,42
3,46,0.21122302568477133,0.14283625730994154,0.06674837480279294,0.29098133379691493,5.0,RFS,OOD,UPP,ENCox,42
4,47,0.2335700620996191,0.23159925883330146,0.13164235836836136,0.3884073763687421,5.0,RFS,OOD,UPP,ENCox,42
5,47,0.2884302900192585,0.28668478260869545,0.17744582297938283,0.4424830726300877,5.0,RFS,OOD,UPP,ENCox,42
1,47,0.34568338444892394,0.08976466139586714,0.034596167730808425,0.22216304797461484,10.0,RFS,OOD,UPP,ENCox,42
2,47,0.38634081343387033,0.13306551604423944,0.0620531558243691,0.27259937781830723,10.0,RFS,OOD,UPP,ENCox,42
3,46,0.4118387906447701,0.2578668894458368,0.1467409863853445,0.4290484135949665,10.0,RFS,OOD,UPP,ENCox,42
4,47,0.44842427208068525,0.30535200854349787,0.18964404666289414,0.46810045733257755,10.0,RFS,OOD,UPP,ENCox,42
5,47,0.529390110614452,0.4451992753623185,0.309429044450091,0.6083907529328657,10.0,RFS,OOD,UPP,ENCox,42
1,47,0.06316884908270329,0.043520309477756314,0.011057800389739136,0.16310405889991975,3.0,RFS,OOD,UPP,ENCox,43
2,47,0.08782719551248754,0.10979163230523958,0.0472046265877738,0.24400042317582404,3.0,RFS,OOD,UPP,ENCox,43
3,46,0.10626130648281264,0.021739130434782594,0.003091116092218904,0.1444715949247678,3.0,RFS,OOD,UPP,ENCox,43
4,47,0.13199940006783667,0.08747412008281574,0.03375278878563115,0.21654613427279867,3.0,RFS,OOD,UPP,ENCox,43
5,47,0.19614315793869344,0.26746447348419333,0.16143223777290128,0.42317974870540676,3.0,RFS,OOD,UPP,ENCox,43
1,47,0.1395103157834804,0.11303888347561364,0.04859414520601513,0.25087640017744317,5.0,RFS,OOD,UPP,ENCox,43
2,47,0.19086749249316276,0.1320468414976086,0.0615686287178322,0.2706551677604143,5.0,RFS,OOD,UPP,ENCox,43
3,46,0.2280480058296867,0.08998988877654202,0.034741915752472985,0.22235393606293719,5.0,RFS,OOD,UPP,ENCox,43
4,47,0.2782362293689809,0.13679984332158246,0.06371451773638148,0.28015254650605315,5.0,RFS,OOD,UPP,ENCox,43
5,47,0.39282589389922773,0.3417307480618327,0.22133634436619198,0.5028562721185839,5.0,RFS,OOD,UPP,ENCox,43
1,47,0.27164754588553247,0.1383806296620247,0.06448224050726403,0.28309491043416046,10.0,RFS,OOD,UPP,ENCox,43
2,47,0.3606418066836418,0.2288174536615245,0.12984622984272431,0.3845476795198661,10.0,RFS,OOD,UPP,ENCox,43
3,46,0.4211132357949796,0.19011600128890316,0.09959057417896011,0.3454745257106079,10.0,RFS,OOD,UPP,ENCox,43
4,47,0.49752634700308457,0.1875763231261952,0.09815946973672207,0.3414235140340952,10.0,RFS,OOD,UPP,ENCox,43
5,47,0.6458907216153247,0.4725406635110838,0.3340684759927568,0.634489510528764,10.0,RFS,OOD,UPP,ENCox,43
1,47,0.04703217491190484,0.08560118753092538,0.03301025733790719,0.2122467601251714,3.0,RFS,OOD,UPP,ENCox,44
2,47,0.07408473466305023,0.043520309477756314,0.011057800389739136,0.16310405889991975,3.0,RFS,OOD,UPP,ENCox,44
3,46,0.09956743147062219,0.1309782608695652,0.06106946539137115,0.2685787269555524,3.0,RFS,OOD,UPP,ENCox,44
4,47,0.1289884384642256,0.08607350096711808,0.03319543973123751,0.21334379930952396,3.0,RFS,OOD,UPP,ENCox,44
5,47,0.201896884339921,0.1907881475508969,0.10003321895688377,0.34635839424934733,3.0,RFS,OOD,UPP,ENCox,44
1,47,0.09994845314228788,0.1509153884215736,0.07494098163816088,0.29077042637312667,5.0,RFS,OOD,UPP,ENCox,44
2,47,0.15502917766571045,0.06576402321083175,0.021683177132965303,0.19030296895764975,5.0,RFS,OOD,UPP,ENCox,44
3,46,0.2050842876019685,0.1309782608695652,0.06106946539137115,0.2685787269555524,5.0,RFS,OOD,UPP,ENCox,44
4,47,0.2607768862805468,0.1317698259187623,0.06139168245449578,0.2703007889145692,5.0,RFS,OOD,UPP,ENCox,44
5,47,0.38736126968201173,0.35866191072977904,0.22888254936480446,0.5319325942229534,5.0,RFS,OOD,UPP,ENCox,44
1,47,0.22871920276195445,0.17386362116693643,0.09092057567999035,0.31797684982550467,10.0,RFS,OOD,UPP,ENCox,44
2,47,0.34086019942101015,0.11850315093280095,0.05060923653225968,0.26386429590602645,10.0,RFS,OOD,UPP,ENCox,44
3,46,0.43326349621233734,0.2559518633540373,0.15009689273050764,0.41576954601666394,10.0,RFS,OOD,UPP,ENCox,44
4,47,0.5262886862805549,0.25116872903168275,0.14733244827647118,0.40838260182035946,10.0,RFS,OOD,UPP,ENCox,44
5,47,0.6959857092575824,0.4538745682404842,0.3081156450083349,0.6296911219333017,10.0,RFS,OOD,UPP,ENCox,44
1,47,0.05411264997847537,0.06528121392050146,0.02152118355442134,0.1889965259158971,3.0,RFS,OOD,UPP,LH,40
2,47,0.08342624471542683,0.13214812505592655,0.061596119174959885,0.2709284003236494,3.0,RFS,OOD,UPP,LH,40
3,46,0.10600264435229094,0.15217391304347816,0.07562082081636345,0.29288628594383004,3.0,RFS,OOD,UPP,LH,40
4,47,0.13038536462377995,0.11180124223602483,0.04808888943796241,0.2481471531529953,3.0,RFS,OOD,UPP,LH,40
5,47,0.1708912012424875,0.06382978723404265,0.02104391451796994,0.18498536123951792,3.0,RFS,OOD,UPP,LH,40
1,47,0.11155765360974251,0.1102123356926189,0.04740324434470067,0.2448072885989604,5.0,RFS,OOD,UPP,LH,40
2,47,0.17209362222793254,0.19663532904502723,0.10744479766916526,0.34409371046197246,5.0,RFS,OOD,UPP,LH,40
3,46,0.23211759458417477,0.0677506775067751,0.02235128500103367,0.19565620029978592,5.0,RFS,OOD,UPP,LH,40
4,47,0.3005339313060679,0.15109593963348888,0.07020437057003504,0.3083250898094376,5.0,RFS,OOD,UPP,LH,40
5,47,0.4889340362650283,0.28331466965285546,0.1752560572078652,0.4378075445310513,5.0,RFS,OOD,UPP,LH,40
1,47,0.21955582436094892,0.2002223320158103,0.10956358170330993,0.34959421065237495,10.0,RFS,OOD,UPP,LH,40
2,47,0.336699700101893,0.15465297957699187,0.07668311569434205,0.2979807696314688,10.0,RFS,OOD,UPP,LH,40
3,46,0.44105638369269995,0.18675986842105263,0.09312549563858796,0.3541576920637626,10.0,RFS,OOD,UPP,LH,40
4,47,0.605018898527673,0.25174243088847736,0.14717877496930865,0.41038047758030605,10.0,RFS,OOD,UPP,LH,40
5,47,0.8573372064039428,0.4358748627206154,0.29887356758093064,0.6026809050277975,10.0,RFS,OOD,UPP,LH,40
1,47,0.05293792613009189,0.1344444444444446,0.06274139411733737,0.2751041847212583,3.0,RFS,OOD,UPP,LH,41
2,47,0.08248773153792037,0.06719576719576725,0.022173623542481646,0.19409155404319045,3.0,RFS,OOD,UPP,LH,41
3,46,0.10418336158213408,0.06680805938494172,0.022020860953735566,0.19322499335447818,3.0,RFS,OOD,UPP,LH,41
4,47,0.13331870449350236,0.06534954407294846,0.021530355185570782,0.18929129406267564,3.0,RFS,OOD,UPP,LH,41
5,47,0.2189234583935839,0.1920492721164615,0.10487982613356284,0.3366519432663334,3.0,RFS,OOD,UPP,LH,41
1,47,0.09545925449817738,0.1509153884215736,0.07494098163816088,0.29077042637312667,5.0,RFS,OOD,UPP,LH,41
2,47,0.14093537026263298,0.11196552331304122,0.04813020093137632,0.24862739907808784,5.0,RFS,OOD,UPP,LH,41
3,46,0.18324743405632352,0.09520418534204322,0.03673941863417929,0.23463447938451654,5.0,RFS,OOD,UPP,LH,41
4,47,0.2581511469597512,0.15907041910331388,0.0791028864359814,0.3052648921476785,5.0,RFS,OOD,UPP,LH,41
5,47,0.5323469309096641,0.28755641521598985,0.17778954885496467,0.44414217722697436,5.0,RFS,OOD,UPP,LH,41
1,47,0.31739139937339944,0.1190182245737803,0.05112698486822609,0.2635932621544683,10.0,RFS,OOD,UPP,LH,41
2,47,0.4933218328242606,0.09627727856225932,0.03717859258545775,0.23699268165100706,10.0,RFS,OOD,UPP,LH,41
3,46,0.6232900671336962,0.28922464623633026,0.17496461455753953,0.4544764929944185,10.0,RFS,OOD,UPP,LH,41
4,47,0.7568557179988699,0.2948004589319183,0.17790047136028309,0.46353230653346345,10.0,RFS,OOD,UPP,LH,41
5,47,0.9178782582600066,0.4239610551200699,0.29425998435010103,0.5822946818458568,10.0,RFS,OOD,UPP,LH,41
1,47,0.06316469831669584,0.1106719367588932,0.04761338846963137,0.24571980912826585,3.0,RFS,OOD,UPP,LH,42
2,47,0.0925783337430751,0.0662525879917184,0.021846300756122594,0.19163036664535116,3.0,RFS,OOD,UPP,LH,42
3,46,0.10966909450033437,0.06739130434782603,0.022200596291473973,0.19492598434817154,3.0,RFS,OOD,UPP,LH,42
4,47,0.127413236080332,0.15204981837052445,0.07548879460309266,0.29289705374850394,3.0,RFS,OOD,UPP,LH,42
5,47,0.17351006320182313,0.13002364066193872,0.06061053583527143,0.26677243030590136,3.0,RFS,OOD,UPP,LH,42
1,47,0.12116555203782751,0.08815602836879444,0.03398258359296891,0.21834272650841546,5.0,RFS,OOD,UPP,LH,42
2,47,0.1720214993395704,0.11076845298281102,0.04763661771152572,0.2460070913406699,5.0,RFS,OOD,UPP,LH,42
3,46,0.21382632074148758,0.1367974549310712,0.06382751375257867,0.27971052293776244,5.0,RFS,OOD,UPP,LH,42
4,47,0.28823927615551237,0.1957446808510639,0.10691896987965965,0.34272575729110577,5.0,RFS,OOD,UPP,LH,42
5,47,0.5606719058878878,0.2801822668760573,0.16903618522001918,0.44216390268873706,5.0,RFS,OOD,UPP,LH,42
1,47,0.2586674525382671,0.13500854652904482,0.06290421426413284,0.27658423845648683,10.0,RFS,OOD,UPP,LH,42
2,47,0.39038176232195915,0.15790728163017476,0.07843380305764525,0.30345527872914146,10.0,RFS,OOD,UPP,LH,42
3,46,0.5230630202137906,0.1463051568314725,0.06807371875534962,0.2987601545197204,10.0,RFS,OOD,UPP,LH,42
4,47,0.739886592835822,0.32748273000290173,0.20747511782275396,0.4917930341878125,10.0,RFS,OOD,UPP,LH,42
5,47,0.9482462997972392,0.4695735837438425,0.32802501952873253,0.636275770462402,10.0,RFS,OOD,UPP,LH,42
1,47,0.05543313761974903,0.11286549707602345,0.04854657557526909,0.2503883113591441,3.0,RFS,OOD,UPP,LH,43
2,47,0.07826671067704545,0.08510638297872353,0.03282206756884132,0.2110631487013449,3.0,RFS,OOD,UPP,LH,43
3,46,0.09690664125525433,0.11129744260031083,0.047865236622864904,0.2471173664043469,3.0,RFS,OOD,UPP,LH,43
4,47,0.11390328660924384,0.08560118753092538,0.03301025733790719,0.2122467601251714,3.0,RFS,OOD,UPP,LH,43
5,47,0.1528662138796867,0.13648398702746523,0.06362429640989165,0.2793217093873763,3.0,RFS,OOD,UPP,LH,43
1,47,0.09588946941051077,0.0911565684063157,0.035176553625608564,0.2251790263470358,5.0,RFS,OOD,UPP,LH,43
2,47,0.13802677519777987,0.08949745906267637,0.03454372436295916,0.22124478147776916,5.0,RFS,OOD,UPP,LH,43
3,46,0.18079353156297104,0.1336278005428131,0.06230869604914513,0.27371766319351887,5.0,RFS,OOD,UPP,LH,43
4,47,0.2461419714258072,0.21930243669374094,0.12008909077982499,0.38064089260866996,5.0,RFS,OOD,UPP,LH,43
5,47,0.5121906220001426,0.28466208972455886,0.17615579658317992,0.4396285401300537,5.0,RFS,OOD,UPP,LH,43
1,47,0.17494251626603147,0.11307552611900429,0.04859585629799812,0.2510176457221125,10.0,RFS,OOD,UPP,LH,43
2,47,0.30006999538299883,0.23237624837168913,0.13182399338728013,0.3902701593088329,10.0,RFS,OOD,UPP,LH,43
3,46,0.49225982958855835,0.18587784426293752,0.09733336040355778,0.33832347432058485,10.0,RFS,OOD,UPP,LH,43
4,47,0.7607387561113277,0.2944168413840985,0.17808870066428806,0.4621019876764336,10.0,RFS,OOD,UPP,LH,43
5,47,0.9684807321974849,0.40376993227722235,0.271750299143696,0.569714627855743,10.0,RFS,OOD,UPP,LH,43
1,47,0.05564115275727942,0.1114011474562906,0.04788912546030055,0.24743075374654222,3.0,RFS,OOD,UPP,LH,44
2,47,0.07248651220443401,0.11208206686930111,0.048159961686557895,0.24896602009474766,3.0,RFS,OOD,UPP,LH,44
3,46,0.0886489425016486,0.0662525879917184,0.021846300756122594,0.19163036664535116,3.0,RFS,OOD,UPP,LH,44
4,47,0.11000698170763382,0.12867274569402243,0.05994744152944198,0.26426700177023776,3.0,RFS,OOD,UPP,LH,44
5,47,0.15498639167623318,0.10869565217391297,0.046744104892082916,0.24163563373866082,3.0,RFS,OOD,UPP,LH,44
1,47,0.09382699905557836,0.1624543934326541,0.08083127451631944,0.31124915594379854,5.0,RFS,OOD,UPP,LH,44
2,47,0.12556260190111526,0.1570161782244922,0.07794695429472331,0.301982266119571,5.0,RFS,OOD,UPP,LH,44
3,46,0.15864061790963876,0.15698630885688525,0.0780341461653834,0.30158608748637317,5.0,RFS,OOD,UPP,LH,44
4,47,0.19841582851207,0.06695035460992915,0.02204075180767162,0.19383089687090405,5.0,RFS,OOD,UPP,LH,44
5,47,0.3314273002299857,0.2656423667865315,0.16032273540243336,0.42049052285159494,5.0,RFS,OOD,UPP,LH,44
1,47,0.17172271013259888,0.1437510595995869,0.06675176196509924,0.2943503709588079,10.0,RFS,OOD,UPP,LH,44
2,47,0.25306492536625963,0.20574399828936762,0.11235569996891781,0.3593042643202622,10.0,RFS,OOD,UPP,LH,44
3,46,0.3624901965908382,0.13819100154503883,0.06442303530524207,0.28261630490944745,10.0,RFS,OOD,UPP,LH,44
4,47,0.49821981090180417,0.2953904007916873,0.18306394405831783,0.45460125894116443,10.0,RFS,OOD,UPP,LH,44
5,47,0.7634633694815033,0.44321003870280595,0.3047404656496565,0.6106887027843966,10.0,RFS,OOD,UPP,LH,44
1,47,0.030144398516797004,0.08611955420466066,0.03320387184774942,0.21350640581605207,3.0,RFS,OOD,UPP,MTLR,40
2,47,0.04432408987207616,0.06680805938494172,0.022020860953735566,0.19322499335447818,3.0,RFS,OOD,UPP,MTLR,40
3,46,0.05703064151432203,0.045454545454545525,0.01156569003262442,0.16975185485739253,3.0,RFS,OOD,UPP,MTLR,40
4,47,0.07394891723673394,0.173960025023855,0.09095408740473332,0.31819484064489567,3.0,RFS,OOD,UPP,MTLR,40
5,47,0.1175648772970159,0.15291775538136132,0.07595196614144184,0.29437421004671815,3.0,RFS,OOD,UPP,MTLR,40
1,47,0.060153193930362135,0.066798614547254,0.022021272544824666,0.19317101150279958,5.0,RFS,OOD,UPP,MTLR,40
2,47,0.09417306996406392,0.1063829787234043,0.04571683719269393,0.23689274690406315,5.0,RFS,OOD,UPP,MTLR,40
3,46,0.12945378604142563,0.16239316239316237,0.0808077509327817,0.311115315407128,5.0,RFS,OOD,UPP,MTLR,40
4,47,0.19205300731861846,0.14355145439554395,0.06682013188776159,0.29335139308771707,5.0,RFS,OOD,UPP,MTLR,40
5,47,0.3883395321825717,0.32871515751278235,0.21275108117954566,0.4852452637522173,5.0,RFS,OOD,UPP,MTLR,40
1,47,0.1783973993139064,0.16440313768369186,0.08142771432771811,0.31601149947613594,10.0,RFS,OOD,UPP,MTLR,40
2,47,0.2931395058936261,0.12195912188800051,0.052538880737356575,0.26907170394870106,10.0,RFS,OOD,UPP,MTLR,40
3,46,0.3699422647123751,0.20261348476037355,0.11061683319386528,0.3542260288551514,10.0,RFS,OOD,UPP,MTLR,40
4,47,0.48453674798316143,0.29464279614624067,0.17813788601025837,0.4626127754161865,10.0,RFS,OOD,UPP,MTLR,40
5,47,0.6967027707302824,0.440010224829505,0.3063286859825516,0.60116941876978,10.0,RFS,OOD,UPP,MTLR,40
1,47,0.026936145538979387,0.14997405293201893,0.07445556002247644,0.28910873262624537,3.0,RFS,OOD,UPP,MTLR,41
2,47,0.040489080104422065,0.022222222222222254,0.0031604696075220318,0.1474666819964604,3.0,RFS,OOD,UPP,MTLR,41
3,46,0.05097037294636602,0.04761904761904767,0.0121265023606415,0.17725689672206646,3.0,RFS,OOD,UPP,MTLR,41
4,47,0.06663161896644755,0.042553191489361764,0.010815425064993112,0.1596119406366555,3.0,RFS,OOD,UPP,MTLR,41
5,47,0.11354999719782079,0.2640775966183575,0.15932112409499333,0.41828418260396294,3.0,RFS,OOD,UPP,MTLR,41
1,47,0.06369256846448208,0.08659159988947229,0.03339025029070708,0.21459457296094087,5.0,RFS,OOD,UPP,MTLR,41
2,47,0.09102041036524672,0.06793666501731832,0.02237954928059749,0.19642842110762648,5.0,RFS,OOD,UPP,MTLR,41
3,46,0.12405888801035674,0.1102123356926189,0.04740324434470067,0.2448072885989604,5.0,RFS,OOD,UPP,MTLR,41
4,47,0.18935801627788137,0.21180469930593637,0.11596468941815108,0.3684584665919516,5.0,RFS,OOD,UPP,MTLR,41
5,47,0.38658666230262595,0.34329710144927517,0.22207998070315482,0.5054826455705128,5.0,RFS,OOD,UPP,MTLR,41
1,47,0.19276917614835373,0.07236467236467237,0.023863120428702755,0.20833757346901915,10.0,RFS,OOD,UPP,MTLR,41
2,47,0.3401371418161595,0.14304316625399793,0.06658314424793699,0.29237274955768155,10.0,RFS,OOD,UPP,MTLR,41
3,46,0.4630066454410553,0.18843905129619443,0.09888806008414708,0.34208717482512807,10.0,RFS,OOD,UPP,MTLR,41
4,47,0.6196491933883504,0.426196950852757,0.2911321651912798,0.5920909492701638,10.0,RFS,OOD,UPP,MTLR,41
5,47,0.8295222584237444,0.40315556507460526,0.2713664082154049,0.5688715589746178,10.0,RFS,OOD,UPP,MTLR,41
1,47,0.018486555586469933,0.042553191489361764,0.010815425064993112,0.1596119406366555,3.0,RFS,OOD,UPP,MTLR,42
2,47,0.03541678951141682,0.08955962394854056,0.034557844646807556,0.22144737937939485,3.0,RFS,OOD,UPP,MTLR,42
3,46,0.05328639175580895,0.09066477001259599,0.034975732558223616,0.22408950349422174,3.0,RFS,OOD,UPP,MTLR,42
4,47,0.07205584962317284,0.04302600472813245,0.010934846143782484,0.16130767203884278,3.0,RFS,OOD,UPP,MTLR,42
5,47,0.10810598287176579,0.2714217834327649,0.1640025091970383,0.42866696486235967,3.0,RFS,OOD,UPP,MTLR,42
1,47,0.029805814966242364,0.10688956433637298,0.04593112668950672,0.2379820616249988,5.0,RFS,OOD,UPP,MTLR,42
2,47,0.06645562420500085,0.06590555267254805,0.021701893331559474,0.19091522322310084,5.0,RFS,OOD,UPP,MTLR,42
3,46,0.11863158060156781,0.13198757763975166,0.06154971454474878,0.27050620851813023,5.0,RFS,OOD,UPP,MTLR,42
4,47,0.20583901506789187,0.19325500512510596,0.10141422446976422,0.3503135555934259,5.0,RFS,OOD,UPP,MTLR,42
5,47,0.5186507245327564,0.32100508187464705,0.20331226904996635,0.48284297398653386,5.0,RFS,OOD,UPP,MTLR,42
1,47,0.10550249637441432,0.08879838617592217,0.034205764318961385,0.2199950016703507,10.0,RFS,OOD,UPP,MTLR,42
2,47,0.20129207600938512,0.1992917568365138,0.10890650336081609,0.3484596852602976,10.0,RFS,OOD,UPP,MTLR,42
3,46,0.3229417321474656,0.19256114339967756,0.10064347393029938,0.35032123166006424,10.0,RFS,OOD,UPP,MTLR,42
4,47,0.5181386496158357,0.2511770843937695,0.14322414429450547,0.41798463338504277,10.0,RFS,OOD,UPP,MTLR,42
5,47,0.8015365828859046,0.491936235908488,0.3522237363449289,0.6521589371656767,10.0,RFS,OOD,UPP,MTLR,42
1,47,0.02301402675344589,0.06521739130434778,0.021511840750255695,0.18872744939600206,3.0,RFS,OOD,UPP,MTLR,43
2,47,0.03151009945159263,0.06431334622823992,0.02120155953090974,0.18633366685876407,3.0,RFS,OOD,UPP,MTLR,43
3,46,0.03745400257732557,0.08902691511387162,0.034351263891918116,0.22020204717731695,3.0,RFS,OOD,UPP,MTLR,43
4,47,0.043686618196203356,0.09271317829457382,0.035801036685211285,0.22868735587071232,3.0,RFS,OOD,UPP,MTLR,43
5,47,0.057240829822864936,0.21660612350804376,0.12278684815003615,0.3654891569891833,3.0,RFS,OOD,UPP,MTLR,43
1,47,0.037400623585315464,0.08659159988947229,0.03339025029070708,0.21459457296094087,5.0,RFS,OOD,UPP,MTLR,43
2,47,0.06581839602044288,0.13608908520036211,0.06351801277317015,0.27825790410541607,5.0,RFS,OOD,UPP,MTLR,43
3,46,0.10263372633768164,0.06680805938494172,0.022020860953735566,0.19322499335447818,5.0,RFS,OOD,UPP,MTLR,43
4,47,0.17940696503253692,0.22743358478664089,0.12901501690951578,0.3824722787707687,5.0,RFS,OOD,UPP,MTLR,43
5,47,0.39841571133187476,0.2957664025130291,0.18329327452710964,0.45515005290803257,5.0,RFS,OOD,UPP,MTLR,43
1,47,0.1169228287453347,0.13426065094416972,0.06258567033617357,0.27501651652240233,10.0,RFS,OOD,UPP,MTLR,43
2,47,0.22088318936368254,0.18600095304231135,0.09714394239001334,0.33928669849449944,10.0,RFS,OOD,UPP,MTLR,43
3,46,0.3319037271582562,0.169319517145604,0.0841660991581672,0.3239056461340002,10.0,RFS,OOD,UPP,MTLR,43
4,47,0.5077394931874377,0.4273476161169585,0.29337524093610834,0.5913762412522414,10.0,RFS,OOD,UPP,MTLR,43
5,47,0.73981259985173,0.3113984757891156,0.19296625151451174,0.4775758277441552,10.0,RFS,OOD,UPP,MTLR,43
1,47,0.017257375920072517,0.11122776679841895,0.047847691602441955,0.24691365789724318,3.0,RFS,OOD,UPP,MTLR,44
2,47,0.02692596455837818,0.022222222222222254,0.0031604696075220318,0.1474666819964604,3.0,RFS,OOD,UPP,MTLR,44
3,46,0.034547069798345154,0.08888888888888902,0.03432325768586808,0.21973266636368738,3.0,RFS,OOD,UPP,MTLR,44
4,47,0.042429973470403795,0.1091825307950729,0.046855089808546246,0.24311718633986312,3.0,RFS,OOD,UPP,MTLR,44
5,47,0.061771277417527866,0.19601954596355498,0.10711488844975736,0.34305617317820325,3.0,RFS,OOD,UPP,MTLR,44
1,47,0.034740105588385396,0.1102123356926189,0.04740324434470067,0.2448072885989604,5.0,RFS,OOD,UPP,MTLR,44
2,47,0.05449362130875283,0.022222222222222254,0.0031604696075220318,0.1474666819964604,5.0,RFS,OOD,UPP,MTLR,44
3,46,0.07911850835966028,0.14416475972540033,0.06726151555714266,0.29394237993475625,5.0,RFS,OOD,UPP,MTLR,44
4,47,0.12475627660751343,0.20058222113033353,0.10950118211186,0.3508910219417941,5.0,RFS,OOD,UPP,MTLR,44
5,47,0.3027983954612245,0.3439087100967788,0.2230853066602445,0.5052355809875566,5.0,RFS,OOD,UPP,MTLR,44
1,47,0.11838995015367548,0.1393326592517694,0.06483950617569323,0.28526704479814813,10.0,RFS,OOD,UPP,MTLR,44
2,47,0.23624671012797255,0.10408834586466165,0.04021807162589819,0.25495065132978856,10.0,RFS,OOD,UPP,MTLR,44
3,46,0.3258096368416496,0.1821143691720032,0.09526150164682001,0.3321558059201074,10.0,RFS,OOD,UPP,MTLR,44
4,47,0.4470016208100826,0.2504678128504787,0.14692139022833017,0.4073117704615101,10.0,RFS,OOD,UPP,MTLR,44
5,47,0.6837716914237814,0.5562910865984958,0.4108709897516286,0.712903977385462,10.0,RFS,OOD,UPP,MTLR,44
1,47,0.11245665271231468,0.06818181818181812,0.02251303574035468,0.19668322307584052,3.0,RFS,OOD,UPP,PCHazard,40
2,47,0.17223395819359638,0.1292173252279637,0.060193432553192205,0.2653600542311836,3.0,RFS,OOD,UPP,PCHazard,40
3,46,0.2137373685836792,0.045031055900621175,0.01144045017585904,0.16848801120983614,3.0,RFS,OOD,UPP,PCHazard,40
4,47,0.28565228492655653,0.042553191489361764,0.010815425064993112,0.1596119406366555,3.0,RFS,OOD,UPP,PCHazard,40
5,47,0.469237948351718,0.2428694237204877,0.14216187690688997,0.3963743151818325,3.0,RFS,OOD,UPP,PCHazard,40
1,47,0.11245665271231468,0.13752913752913742,0.06423849810658278,0.2808610709069571,5.0,RFS,OOD,UPP,PCHazard,40
2,47,0.17223395819359638,0.1750479923212287,0.09152473232611713,0.32007444419734754,5.0,RFS,OOD,UPP,PCHazard,40
3,46,0.2137373685836792,0.09340777214776075,0.0360489226409354,0.23042600984681627,5.0,RFS,OOD,UPP,PCHazard,40
4,47,0.28565228492655653,0.06648936170212771,0.021878473744200044,0.19264692365394698,5.0,RFS,OOD,UPP,PCHazard,40
5,47,0.469237948351718,0.3405636916275213,0.2204115680519,0.5015593896305618,5.0,RFS,OOD,UPP,PCHazard,40
1,47,0.27512179029748796,0.2774193548387097,0.16794183866015844,0.43687146511428565,10.0,RFS,OOD,UPP,PCHazard,40
2,47,0.43394041822311724,0.11873514060066137,0.05106598586104516,0.26272660226604905,10.0,RFS,OOD,UPP,PCHazard,40
3,46,0.5372891315947408,0.14133842169824173,0.06540214470009265,0.29056771438382767,10.0,RFS,OOD,UPP,PCHazard,40
4,47,0.6860755241297661,0.27965037990615693,0.16875106574243315,0.4413034111949041,10.0,RFS,OOD,UPP,PCHazard,40
5,47,0.9059086218129526,0.40682830282038607,0.2732460001708956,0.5745560947847891,10.0,RFS,OOD,UPP,PCHazard,40
1,47,0.07085018208686342,0.06576402321083175,0.021683177132965303,0.19030296895764975,3.0,RFS,OOD,UPP,PCHazard,41
2,47,0.11286016601197263,0.08560118753092538,0.03301025733790719,0.2122467601251714,3.0,RFS,OOD,UPP,PCHazard,41
3,46,0.15272353006445843,0.06779452021011623,0.022358447807657722,0.19583424278882822,3.0,RFS,OOD,UPP,PCHazard,41
4,47,0.23667731690914073,0.08859619497917381,0.034168849307854354,0.21928305343038101,3.0,RFS,OOD,UPP,PCHazard,41
5,47,0.5390200388241322,0.22002635046113306,0.12480077679080115,0.3707499716075323,3.0,RFS,OOD,UPP,PCHazard,41
1,47,0.07085018208686342,0.08800773694390718,0.03395543561763548,0.21782065862734612,5.0,RFS,OOD,UPP,PCHazard,41
2,47,0.11286016601197263,0.08560118753092538,0.03301025733790719,0.2122467601251714,5.0,RFS,OOD,UPP,PCHazard,41
3,46,0.15272353006445843,0.1610150681891046,0.08015299363460548,0.30851682392924296,5.0,RFS,OOD,UPP,PCHazard,41
4,47,0.23667731690914073,0.13656481629605932,0.0636570095666491,0.27949741414704066,5.0,RFS,OOD,UPP,PCHazard,41
5,47,0.5390200388241322,0.34712027103331444,0.22467678334675678,0.510490645428778,5.0,RFS,OOD,UPP,PCHazard,41
1,47,0.22461454411770435,0.15870417998077568,0.07889552765304442,0.30468406640961954,10.0,RFS,OOD,UPP,PCHazard,41
2,47,0.3550989678565492,0.1147524967433784,0.04921048248284088,0.25502903592007453,10.0,RFS,OOD,UPP,PCHazard,41
3,46,0.4789869247571282,0.23909432642713524,0.136291683249383,0.39925037937057883,10.0,RFS,OOD,UPP,PCHazard,41
4,47,0.6520759105048282,0.22082777427740508,0.11997237485833279,0.3856399308171812,10.0,RFS,OOD,UPP,PCHazard,41
5,47,0.9013815273671966,0.5012635526208525,0.3597454800756409,0.6622323668689389,10.0,RFS,OOD,UPP,PCHazard,41
1,47,0.053785060314421956,0.06431334622823992,0.02120155953090974,0.18633366685876407,3.0,RFS,OOD,UPP,PCHazard,42
2,47,0.09377809534681604,0.06788247213779142,0.02237279618996557,0.19619161455856526,3.0,RFS,OOD,UPP,PCHazard,42
3,46,0.1347611948199894,0.044961240310077644,0.011434884562550374,0.16807632327668975,3.0,RFS,OOD,UPP,PCHazard,42
4,47,0.1891555202768204,0.1500272776868523,0.07447062814482774,0.2892446494956513,3.0,RFS,OOD,UPP,PCHazard,42
5,47,0.3372085392475128,0.20196078431372555,0.11050689104519884,0.35248224103372783,3.0,RFS,OOD,UPP,PCHazard,42
1,47,0.053785060314421956,0.10783365570599623,0.04634667457251085,0.23993598926675352,5.0,RFS,OOD,UPP,PCHazard,42
2,47,0.09377809534681604,0.09118541033434668,0.035186334809997,0.22525432537538181,5.0,RFS,OOD,UPP,PCHazard,42
3,46,0.1347611948199894,0.06883720930232573,0.022708470584664076,0.19864190931344827,5.0,RFS,OOD,UPP,PCHazard,42
4,47,0.1891555202768204,0.19597174916323867,0.1069980377355233,0.34322475714373635,5.0,RFS,OOD,UPP,PCHazard,42
5,47,0.3372085392475128,0.35372999774622493,0.2295454226563245,0.518460278308569,5.0,RFS,OOD,UPP,PCHazard,42
1,47,0.1203723207433173,0.1588160123629231,0.07891471425484553,0.30500875354861023,10.0,RFS,OOD,UPP,PCHazard,42
2,47,0.2239145890195319,0.09394555694618278,0.03603204046167119,0.23296586984553191,10.0,RFS,OOD,UPP,PCHazard,42
3,46,0.3326124756232552,0.1968599033816424,0.1076132412586035,0.34434084400006304,10.0,RFS,OOD,UPP,PCHazard,42
4,47,0.4774496923101709,0.28039841565703627,0.16049592796996048,0.46148220144756247,10.0,RFS,OOD,UPP,PCHazard,42
5,47,0.8419981525996422,0.5286196516249708,0.38445711589325915,0.6882844538581714,10.0,RFS,OOD,UPP,PCHazard,42
1,47,0.14135931780997743,0.0662525879917184,0.021846300756122594,0.19163036664535116,3.0,RFS,OOD,UPP,PCHazard,43
2,47,0.20471964110719396,0.08611955420466066,0.03320387184774942,0.21350640581605207,3.0,RFS,OOD,UPP,PCHazard,43
3,46,0.2551335316637288,0.022727272727272707,0.003233006635729452,0.15058829026264198,3.0,RFS,OOD,UPP,PCHazard,43
4,47,0.30536595050324783,0.15309532323949004,0.07601086440687854,0.2947971955142933,3.0,RFS,OOD,UPP,PCHazard,43
5,47,0.48827936928322974,0.19372900335946242,0.10578284365993895,0.3394799724407226,3.0,RFS,OOD,UPP,PCHazard,43
1,47,0.14135931780997743,0.1375805152979066,0.06415066554696891,0.28138776723158665,5.0,RFS,OOD,UPP,PCHazard,43
2,47,0.20471964110719396,0.13298521809160113,0.06193095668376969,0.27277027378115126,5.0,RFS,OOD,UPP,PCHazard,43
3,46,0.2551335316637288,0.04715909090909087,0.011989265421448847,0.17590663740890689,5.0,RFS,OOD,UPP,PCHazard,43
4,47,0.30536595050324783,0.24465258559197756,0.14344489334978927,0.39856144583916797,5.0,RFS,OOD,UPP,PCHazard,43
5,47,0.48827936928322974,0.23980163173892166,0.1404063073729136,0.3915608309870071,5.0,RFS,OOD,UPP,PCHazard,43
1,47,0.2303825261745047,0.18060663870975557,0.09444025178323168,0.32965463264824946,10.0,RFS,OOD,UPP,PCHazard,43
2,47,0.3651740677813266,0.1593946374088221,0.0791064200381284,0.3063798701660131,10.0,RFS,OOD,UPP,PCHazard,43
3,46,0.4706486165523529,0.18317492416582404,0.09597016329586394,0.33352492220801544,10.0,RFS,OOD,UPP,PCHazard,43
4,47,0.6443276982358161,0.2696672572667085,0.15865946322365787,0.43540256335487915,10.0,RFS,OOD,UPP,PCHazard,43
5,47,0.9141459172548775,0.4255442277383765,0.2909366791730571,0.5908855677389776,10.0,RFS,OOD,UPP,PCHazard,43
1,47,0.04798040745106149,0.042553191489361764,0.010815425064993112,0.1596119406366555,3.0,RFS,OOD,UPP,PCHazard,44
2,47,0.08834587893587478,0.08723404255319156,0.03360822899081439,0.21628065651550332,3.0,RFS,OOD,UPP,PCHazard,44
3,46,0.1368061757606009,0.11081654294803822,0.04764829079376098,0.2461497815331528,3.0,RFS,OOD,UPP,PCHazard,44
4,47,0.20822393894195557,0.11025145067698261,0.04741415745490418,0.2449169184917167,3.0,RFS,OOD,UPP,PCHazard,44
5,47,0.3624648286941204,0.18089092076120128,0.09475255937721017,0.3296573123848716,3.0,RFS,OOD,UPP,PCHazard,44
1,47,0.04798040745106149,0.06481939633844647,0.021363644035650053,0.18776666301973266,5.0,RFS,OOD,UPP,PCHazard,44
2,47,0.08834587893587478,0.11063829787234047,0.04750668634410293,0.24607182590927035,5.0,RFS,OOD,UPP,PCHazard,44
3,46,0.1368061757606009,0.20961470484270073,0.1146798396648464,0.36510226209928476,5.0,RFS,OOD,UPP,PCHazard,44
4,47,0.20822393894195557,0.18116374107415534,0.09484662843115932,0.330272464585737,5.0,RFS,OOD,UPP,PCHazard,44
5,47,0.3624648286941204,0.2525186411102218,0.1483046756989792,0.4100320834403287,5.0,RFS,OOD,UPP,PCHazard,44
1,47,0.11519179572450354,0.12867274569402243,0.05994744152944198,0.26426700177023776,10.0,RFS,OOD,UPP,PCHazard,44
2,47,0.21828178776071427,0.22245986069475232,0.12135244317520422,0.38699765656850127,10.0,RFS,OOD,UPP,PCHazard,44
3,46,0.3508477509021759,0.21913169289481138,0.11997476573410248,0.3804179829839457,10.0,RFS,OOD,UPP,PCHazard,44
4,47,0.5104046324466137,0.23967008118641764,0.13623060660713648,0.40109462110549743,10.0,RFS,OOD,UPP,PCHazard,44
5,47,0.7703571377008519,0.42212014625959304,0.28948971388905476,0.5851826075153791,10.0,RFS,OOD,UPP,PCHazard,44
1,47,0.037395512804071954,0.15655544320862835,0.07779051443923835,0.3009008251908065,3.0,RFS,OOD,UPP,PMF,40
2,47,0.048638402147496,0.08652482269503547,0.0333773705093956,0.21436274709162229,3.0,RFS,OOD,UPP,PMF,40
3,46,0.05381069883056309,0.08902691511387162,0.034351263891918116,0.22020204717731695,3.0,RFS,OOD,UPP,PMF,40
4,47,0.06179269070320941,0.06431334622823992,0.02120155953090974,0.18633366685876407,3.0,RFS,OOD,UPP,PMF,40
5,47,0.07629946952170515,0.1324570273003034,0.06178088645205981,0.2713720801116183,3.0,RFS,OOD,UPP,PMF,40
1,47,0.08967916508938403,0.13043478260869557,0.0608205025012617,0.2675029018610269,5.0,RFS,OOD,UPP,PMF,40
2,47,0.11762847038025552,0.021276595744680882,0.0030247410125133767,0.14159550650107078,5.0,RFS,OOD,UPP,PMF,40
3,46,0.14271488915319028,0.1354497354497355,0.06323187861528778,0.276971976458392,5.0,RFS,OOD,UPP,PMF,40
4,47,0.195537269115448,0.22468933342758202,0.12738478916714546,0.37830719025004766,5.0,RFS,OOD,UPP,PMF,40
5,47,0.5033757027159346,0.30030919190860506,0.18592645222530546,0.46204389782979893,5.0,RFS,OOD,UPP,PMF,40
1,47,0.2265101988264855,0.09086485556250401,0.03501520102937128,0.22477494335791026,10.0,RFS,OOD,UPP,PMF,40
2,47,0.29505177254372456,0.19131848043362543,0.0997700875855625,0.34885547273079565,10.0,RFS,OOD,UPP,PMF,40
3,46,0.3729790902656058,0.18687447540708402,0.09778967348745493,0.340227046211365,10.0,RFS,OOD,UPP,PMF,40
4,47,0.49049128370082123,0.32095762336149014,0.20396017965980795,0.4815022487487144,10.0,RFS,OOD,UPP,PMF,40
5,47,0.7252393035178489,0.4496572690151027,0.3081291703356498,0.6202570255379334,10.0,RFS,OOD,UPP,PMF,40
1,47,0.025264403921492557,0.17743830787309034,0.09283471093253648,0.3240302912880073,3.0,RFS,OOD,UPP,PMF,41
2,47,0.034628977166845445,0.08659159988947229,0.03339025029070708,0.21459457296094087,3.0,RFS,OOD,UPP,PMF,41
3,46,0.041439018819643104,0.0662525879917184,0.021846300756122594,0.19163036664535116,3.0,RFS,OOD,UPP,PMF,41
4,47,0.049448061496653456,0.11247582205029016,0.04835558748731883,0.24967491409332232,3.0,RFS,OOD,UPP,PMF,41
5,47,0.06490778035305916,0.08695652173913038,0.03355587698855478,0.21531105488865365,3.0,RFS,OOD,UPP,PMF,41
1,47,0.0452797920145887,0.11125419932810754,0.047753581807319145,0.24745277727340076,5.0,RFS,OOD,UPP,PMF,41
2,47,0.0714432622524018,0.11175648317747999,0.04807715650442268,0.24801849126165376,5.0,RFS,OOD,UPP,PMF,41
3,46,0.11252840187238611,0.20221559966650704,0.11061621691735801,0.3529834405241482,5.0,RFS,OOD,UPP,PMF,41
4,47,0.18431887854921056,0.09042553191489366,0.034829736133291433,0.2238366278488254,5.0,RFS,OOD,UPP,PMF,41
5,47,0.4293554577421635,0.2921658986175115,0.18119306089663556,0.4496971204800443,5.0,RFS,OOD,UPP,PMF,41
1,47,0.25740327733628293,0.11052009456264777,0.0473608831166491,0.24625961254660333,10.0,RFS,OOD,UPP,PMF,41
2,47,0.3472543625121421,0.2319164299565728,0.13152266406148694,0.38964422787405883,10.0,RFS,OOD,UPP,PMF,41
3,46,0.44049717680267664,0.10274509803921572,0.0395770553259327,0.25253708904884953,10.0,RFS,OOD,UPP,PMF,41
4,47,0.5212004197404739,0.30915260454878934,0.19578299685297984,0.46621067951369877,10.0,RFS,OOD,UPP,PMF,41
5,47,0.6715126392689157,0.48633912024309844,0.34086119046077445,0.655187177125865,10.0,RFS,OOD,UPP,PMF,41
1,47,0.03502686860713553,0.11076845298281102,0.04763661771152572,0.2460070913406699,3.0,RFS,OOD,UPP,PMF,42
2,47,0.045997354578464586,0.10742086144265717,0.04615184340988443,0.23914246898373404,3.0,RFS,OOD,UPP,PMF,42
3,46,0.05216200714525969,0.06680805938494172,0.022020860953735566,0.19322499335447818,3.0,RFS,OOD,UPP,PMF,42
4,47,0.058094828686815626,0.10979163230523947,0.04720462658777369,0.24400042317582404,3.0,RFS,OOD,UPP,PMF,42
5,47,0.07126296707924376,0.13065528140774652,0.060884529890053773,0.2680825689397782,3.0,RFS,OOD,UPP,PMF,42
1,47,0.06237505344634361,0.043520309477756314,0.011057800389739136,0.16310405889991975,5.0,RFS,OOD,UPP,PMF,42
2,47,0.0924586666391251,0.10935180603661565,0.047001235465963576,0.24313709945055606,5.0,RFS,OOD,UPP,PMF,42
3,46,0.12903622051943903,0.07053019248141201,0.02326698272354355,0.20326810736957734,5.0,RFS,OOD,UPP,PMF,42
4,47,0.21072640444370025,0.29196573573473283,0.18075669875475664,0.45003624688505417,5.0,RFS,OOD,UPP,PMF,42
5,47,0.41797610419861814,0.2941502782599359,0.1821200224100562,0.45316653999867995,5.0,RFS,OOD,UPP,PMF,42
1,47,0.19353640206316683,0.13208740655549167,0.0614746711673303,0.2711704225156969,10.0,RFS,OOD,UPP,PMF,42
2,47,0.29895502836146254,0.19183799131118928,0.09988052288302618,0.3502197341707487,10.0,RFS,OOD,UPP,PMF,42
3,46,0.35535604798275494,0.20358091713590443,0.11133541255724089,0.35530697284217116,10.0,RFS,OOD,UPP,PMF,42
4,47,0.4390321881213087,0.2245276588233418,0.12300155454202277,0.3889925121830179,10.0,RFS,OOD,UPP,PMF,42
5,47,0.5896926687118855,0.47855597088333635,0.33892440527369794,0.6410009793539875,10.0,RFS,OOD,UPP,PMF,42
1,47,0.036856842801925985,0.17257683215130037,0.09018196127472466,0.3159438792024173,3.0,RFS,OOD,UPP,PMF,43
2,47,0.04708378365699281,0.0662055335968379,0.021839893947248057,0.1914285333366217,3.0,RFS,OOD,UPP,PMF,43
3,46,0.05326989552249079,0.11269841269841274,0.04850915777051845,0.249879542285823,3.0,RFS,OOD,UPP,PMF,43
4,47,0.06020202662082429,0.0884387351778656,0.03413670723100892,0.21874825456110103,3.0,RFS,OOD,UPP,PMF,43
5,47,0.07397285294025502,0.08560118753092538,0.03301025733790719,0.2122467601251714,3.0,RFS,OOD,UPP,PMF,43
1,47,0.06572651989916538,0.10995659763174048,0.04724436218454042,0.2444919458319802,5.0,RFS,OOD,UPP,PMF,43
2,47,0.0962333729926576,0.043520309477756314,0.011057800389739136,0.16310405889991975,5.0,RFS,OOD,UPP,PMF,43
3,46,0.13215708862180295,0.19357005535867322,0.10173361559718375,0.35040194023562954,5.0,RFS,OOD,UPP,PMF,43
4,47,0.1858670140834565,0.17870118667991008,0.0934859277848088,0.32624013261608875,5.0,RFS,OOD,UPP,PMF,43
5,47,0.4233643932545439,0.28867781155015204,0.17868586314877366,0.44535551500476955,5.0,RFS,OOD,UPP,PMF,43
1,47,0.19597470633527067,0.11171718831293309,0.04796061609355606,0.24839189559898733,10.0,RFS,OOD,UPP,PMF,43
2,47,0.2665542744575663,0.11025145067698261,0.04741415745490418,0.2449169184917167,10.0,RFS,OOD,UPP,PMF,43
3,46,0.34514795178952423,0.3888563294341848,0.25816541066495025,0.5560216598941863,10.0,RFS,OOD,UPP,PMF,43
4,47,0.4521144780706852,0.1325568022252832,0.06170645783233153,0.2720331423566412,10.0,RFS,OOD,UPP,PMF,43
5,47,0.674359513090012,0.5064164094837713,0.3597560387153854,0.6730685622041785,10.0,RFS,OOD,UPP,PMF,43
1,47,0.04064973364485071,0.1104518281823248,0.04746051905367954,0.2455223033680114,3.0,RFS,OOD,UPP,PMF,44
2,47,0.05495834477404331,0.12872340425531925,0.05996035558033652,0.2644074393146878,3.0,RFS,OOD,UPP,PMF,44
3,46,0.06874676631844562,0.045995670995671034,0.01170245777289991,0.17167776781012367,3.0,RFS,OOD,UPP,PMF,44
4,47,0.08007975081180005,0.10688956433637298,0.04593112668950672,0.2379820616249988,3.0,RFS,OOD,UPP,PMF,44
5,47,0.10670483365971992,0.13550179797319384,0.06314249967376884,0.2775091341035095,3.0,RFS,OOD,UPP,PMF,44
1,47,0.06774848065477737,0.08925791385573434,0.034398237913145224,0.22098712162425982,5.0,RFS,OOD,UPP,PMF,44
2,47,0.10101178351868974,0.08510638297872353,0.03282206756884132,0.2110631487013449,5.0,RFS,OOD,UPP,PMF,44
3,46,0.12887613928836325,0.0942350332594234,0.036429600113644045,0.23200921887350323,5.0,RFS,OOD,UPP,PMF,44
4,47,0.1761621820165756,0.3023984143600127,0.187741621742748,0.46400869796450284,5.0,RFS,OOD,UPP,PMF,44
5,47,0.34238555837184825,0.2464069264069264,0.14465172784937785,0.4008412298779168,5.0,RFS,OOD,UPP,PMF,44
1,47,0.19342290213767518,0.06788247213779142,0.02237279618996557,0.19619161455856526,10.0,RFS,OOD,UPP,PMF,44
2,47,0.2824429476514776,0.1633757721633856,0.08100326536799707,0.31386713521937937,10.0,RFS,OOD,UPP,PMF,44
3,46,0.35477489621742914,0.28047593047593034,0.16863710168799506,0.44381882083343993,10.0,RFS,OOD,UPP,PMF,44
4,47,0.4588183215323915,0.29792000043450717,0.18060909922274637,0.4663833406621961,10.0,RFS,OOD,UPP,PMF,44
5,47,0.6795336261708685,0.42243689001067997,0.2898287180572895,0.5854027654184462,10.0,RFS,OOD,UPP,PMF,44
1,47,0.10347943737151775,0.021739130434782594,0.003091116092218904,0.1444715949247678,3.0,RFS,OOD,UPP,RSF,40
2,47,0.11749219260317215,0.06629363544257172,0.02185298333225627,0.19179774777155234,3.0,RFS,OOD,UPP,RSF,40
3,46,0.12849091058192047,0.10869565217391297,0.046744104892082916,0.24163563373866082,3.0,RFS,OOD,UPP,RSF,40
4,47,0.14209404397518077,0.10856519367157669,0.04661356151105234,0.24170257955136565,3.0,RFS,OOD,UPP,RSF,40
5,47,0.1711046150390138,0.2345246379204604,0.13333231648077892,0.3929483591360017,3.0,RFS,OOD,UPP,RSF,40
1,47,0.1892565742452094,0.04302600472813245,0.010934846143782484,0.16130767203884278,5.0,RFS,OOD,UPP,RSF,40
2,47,0.21358091273206345,0.1580024345981792,0.07856566255889319,0.30334553728718816,5.0,RFS,OOD,UPP,RSF,40
3,46,0.23523525181023971,0.1314952279957582,0.061312565932634344,0.2695773054323233,5.0,RFS,OOD,UPP,RSF,40
4,47,0.258325198863415,0.1789416257501365,0.09357398808843376,0.3267680487768051,5.0,RFS,OOD,UPP,RSF,40
5,47,0.307815357725671,0.318431778482241,0.19774796148150164,0.4867593913472078,5.0,RFS,OOD,UPP,RSF,40
1,47,0.3478674787156125,0.1500615547674371,0.06986877509425249,0.30579513195719743,10.0,RFS,OOD,UPP,RSF,40
2,47,0.38181072980799574,0.17651694247438932,0.09232643651866201,0.3225161745081474,10.0,RFS,OOD,UPP,RSF,40
3,46,0.41157188493272534,0.15393654524089295,0.07646373895282566,0.29621447350979746,10.0,RFS,OOD,UPP,RSF,40
4,47,0.44062784758019957,0.3128908940754128,0.19424446620543412,0.47901193438479617,10.0,RFS,OOD,UPP,RSF,40
5,47,0.4968851861801553,0.467818105024694,0.3218661279066428,0.6409724237701538,10.0,RFS,OOD,UPP,RSF,40
1,47,0.0768012302987119,0.0,0.0,0.0,3.0,RFS,OOD,UPP,RSF,41
2,47,0.09465122730173964,0.06666666666666665,0.022001052364997054,0.19262351563289382,3.0,RFS,OOD,UPP,RSF,41
3,46,0.10931016051250955,0.11196849555638344,0.048125519879907874,0.24866092284773356,3.0,RFS,OOD,UPP,RSF,41
4,47,0.1289366179324211,0.15123634272570452,0.0750327774650782,0.29158605534679305,3.0,RFS,OOD,UPP,RSF,41
5,47,0.16742218428469718,0.20504201680672274,0.11229114929976625,0.3572902272417362,3.0,RFS,OOD,UPP,RSF,41
1,47,0.175195371851008,0.042553191489361764,0.010815425064993112,0.1596119406366555,5.0,RFS,OOD,UPP,RSF,41
2,47,0.20918386286877572,0.08943089430894313,0.03452951233707935,0.2210226425100228,5.0,RFS,OOD,UPP,RSF,41
3,46,0.23508136039194855,0.1399261493655085,0.06525139815024428,0.28589728474810494,5.0,RFS,OOD,UPP,RSF,41
4,47,0.2726471335329908,0.23965606679401896,0.1403477047520375,0.39127477981870473,5.0,RFS,OOD,UPP,RSF,41
5,47,0.3297768755162016,0.30930964197093225,0.1918276843978397,0.474289517727305,5.0,RFS,OOD,UPP,RSF,41
1,47,0.36463561717500076,0.11732522796352585,0.05015581346343778,0.26115812958110574,10.0,RFS,OOD,UPP,RSF,41
2,47,0.4146370380482775,0.1781533136516339,0.09329104547824407,0.3250196648566396,10.0,RFS,OOD,UPP,RSF,41
3,46,0.45029158436733746,0.17842756369904245,0.08849273349897402,0.34089828103760667,10.0,RFS,OOD,UPP,RSF,41
4,47,0.4913812019723527,0.3450017154647943,0.22340363422400777,0.5074220543702727,10.0,RFS,OOD,UPP,RSF,41
5,47,0.5545543685872504,0.41194661022247214,0.2778969960287614,0.5792864751334049,10.0,RFS,OOD,UPP,RSF,41
1,47,0.0820640541137533,0.0,0.0,0.0,3.0,RFS,OOD,UPP,RSF,42
2,47,0.09815413393872849,0.08800773694390718,0.03395543561763548,0.21782065862734612,3.0,RFS,OOD,UPP,RSF,42
3,46,0.11373724756033524,0.13278495887191533,0.061865537082271604,0.27227306970891485,3.0,RFS,OOD,UPP,RSF,42
4,47,0.13043957948684692,0.08955039525691699,0.034553236163501255,0.22143172233709274,3.0,RFS,OOD,UPP,RSF,42
5,47,0.1698657236200698,0.2234580384226491,0.1268744017529022,0.3758865381427474,3.0,RFS,OOD,UPP,RSF,42
1,47,0.1619042640036725,0.021276595744680882,0.0030247410125133767,0.14159550650107078,5.0,RFS,OOD,UPP,RSF,42
2,47,0.19143958548282056,0.08998988877654202,0.034741915752472985,0.22235393606293719,5.0,RFS,OOD,UPP,RSF,42
3,46,0.21813588297885397,0.22327558025498506,0.1267107703834891,0.3757463200285267,5.0,RFS,OOD,UPP,RSF,42
4,47,0.2494705801314496,0.23324379648169336,0.13262118481204244,0.39089072402725744,5.0,RFS,OOD,UPP,RSF,42
5,47,0.31213501159180984,0.25623857623857627,0.15049620080747494,0.4156816803139376,5.0,RFS,OOD,UPP,RSF,42
1,47,0.3390990482999923,0.08666320705760255,0.033403121880550946,0.21484862174481112,10.0,RFS,OOD,UPP,RSF,42
2,47,0.3885733573994738,0.14772925217898036,0.06886204177506039,0.3010232006625938,10.0,RFS,OOD,UPP,RSF,42
3,46,0.4255714468334032,0.2766693576288777,0.16718337500521352,0.43640996075475313,10.0,RFS,OOD,UPP,RSF,42
4,47,0.46726952334667776,0.3593773949944358,0.23301550583074404,0.5264545028949911,10.0,RFS,OOD,UPP,RSF,42
5,47,0.5300116247319161,0.3692602040816326,0.2400293043035422,0.5387507634261108,10.0,RFS,OOD,UPP,RSF,42
1,47,0.0814508098237058,0.0,0.0,0.0,3.0,RFS,OOD,UPP,RSF,43
2,47,0.0967151662136646,0.06477541371158402,0.0213576517108921,0.18757747979718964,3.0,RFS,OOD,UPP,RSF,43
3,46,0.11030524321224379,0.08907987866531852,0.0343606066299198,0.22039024249116135,3.0,RFS,OOD,UPP,RSF,43
4,47,0.13583069278838786,0.19648016811137403,0.10737812654290635,0.34378744720540844,3.0,RFS,OOD,UPP,RSF,43
5,47,0.18854664614860048,0.1821337230544392,0.09538509596911604,0.3318516970369386,3.0,RFS,OOD,UPP,RSF,43
1,47,0.17668790386078206,0.04347826086956519,0.01105445843893782,0.16285493310394383,5.0,RFS,OOD,UPP,RSF,43
2,47,0.20485776536008146,0.04302600472813245,0.010934846143782484,0.16130767203884278,5.0,RFS,OOD,UPP,RSF,43
3,46,0.22973731937615768,0.16202155332590107,0.08058736761235852,0.3105603191060674,5.0,RFS,OOD,UPP,RSF,43
4,47,0.27275472372136217,0.2910119130394476,0.18018203747276906,0.44862670070082666,5.0,RFS,OOD,UPP,RSF,43
5,47,0.3501442569367429,0.28543183003239503,0.17252750321915522,0.44921428085725623,5.0,RFS,OOD,UPP,RSF,43
1,47,0.33851139722986423,0.07080745341614902,0.023185927169873444,0.205390946533209,10.0,RFS,OOD,UPP,RSF,43
2,47,0.38037572135316566,0.13925672144123902,0.06495306749063712,0.28455092925888203,10.0,RFS,OOD,UPP,RSF,43
3,46,0.4137781949146934,0.2575011227998971,0.15129529596625912,0.417471044958299,10.0,RFS,OOD,UPP,RSF,43
4,47,0.46227307776187326,0.30786664203435177,0.1949163619188159,0.46449436457651627,10.0,RFS,OOD,UPP,RSF,43
5,47,0.5411626639518332,0.4855461188540455,0.3355857834054181,0.6605716483660657,10.0,RFS,OOD,UPP,RSF,43
1,47,0.08443177253641981,0.022222222222222254,0.0031604696075220318,0.1474666819964604,3.0,RFS,OOD,UPP,RSF,44
2,47,0.09987705438695055,0.022222222222222254,0.0031604696075220318,0.1474666819964604,3.0,RFS,OOD,UPP,RSF,44
3,46,0.1148372111113175,0.08959627329192543,0.03456280611605156,0.2215861322992928,3.0,RFS,OOD,UPP,RSF,44
4,47,0.13228631400047464,0.199191102123357,0.10898119867985268,0.34794128998698937,3.0,RFS,OOD,UPP,RSF,44
5,47,0.16750245905937033,0.20442514720751792,0.11173913382760725,0.35685303362147025,3.0,RFS,OOD,UPP,RSF,44
1,47,0.1686881996215658,0.06521739130434778,0.021511840750255695,0.18872744939600206,5.0,RFS,OOD,UPP,RSF,44
2,47,0.19526553407628486,0.045454545454545525,0.01156569003262442,0.16975185485739253,5.0,RFS,OOD,UPP,RSF,44
3,46,0.22140273970106375,0.1822218078845862,0.09542653173184124,0.3320172336304895,5.0,RFS,OOD,UPP,RSF,44
4,47,0.248770110150601,0.20311136878357539,0.11105806233431659,0.3545891770999299,5.0,RFS,OOD,UPP,RSF,44
5,47,0.3011251764094576,0.32437820978193643,0.20570407815229275,0.48708812678330415,5.0,RFS,OOD,UPP,RSF,44
1,47,0.33918536597109855,0.13748480920861028,0.06390378845093225,0.2819786290515438,10.0,RFS,OOD,UPP,RSF,44
2,47,0.38387118882321297,0.12388217842763294,0.053261523759902674,0.2735449830944946,10.0,RFS,OOD,UPP,RSF,44
3,46,0.4189916421537814,0.18367952302204682,0.09613467364066908,0.33468836664637114,10.0,RFS,OOD,UPP,RSF,44
4,47,0.4580610457887041,0.36317573636581857,0.2400815797441872,0.5237095905035977,10.0,RFS,OOD,UPP,RSF,44
5,47,0.5157720465609368,0.4327419161512346,0.29224674242284554,0.6053988247252322,10.0,RFS,OOD,UPP,RSF,44
