time,brier,brier_KM_reference,scenario,setting,dataset,model,seed
1.8,0.048259754421023794,0.05009790268541527,RFS,InD,METABRIC,TabSurv_M,40
2.0,0.05890819067709549,0.06177358067103276,RFS,InD,METABRIC,TabSurv_M,40
2.2,0.0644164562660352,0.06792350849884586,RFS,InD,METABRIC,TabSurv_M,40
2.4,0.07420779800008753,0.07823657823425569,RFS,InD,METABRIC,TabSurv_M,40
2.6,0.08390786904908053,0.08907535825595224,RFS,InD,METABRIC,TabSurv_M,40
2.8,0.08823127144816868,0.09476966593073878,RFS,InD,METABRIC,TabSurv_M,40
3.0,0.09754712251562722,0.10432166064417517,RFS,InD,METABRIC,TabSurv_M,40
3.2,0.10543779256806532,0.11432928110558634,RFS,InD,METABRIC,TabSurv_M,40
3.4,0.10765169852322919,0.11808355074622415,RFS,InD,METABRIC,TabSurv_M,40
3.6,0.11587855214732809,0.12615839802918788,RFS,InD,METABRIC,TabSurv_M,40
3.8,0.1219090750380692,0.13330091641102282,RFS,InD,METABRIC,TabSurv_M,40
4.0,0.12632241892893423,0.13887360852977762,RFS,InD,METABRIC,TabSurv_M,40
4.2,0.13331391133882742,0.14632542666431733,RFS,InD,METABRIC,TabSurv_M,40
4.4,0.13854725667343604,0.1522460023408419,RFS,InD,METABRIC,TabSurv_M,40
4.6,0.14363509343866887,0.1573674594859293,RFS,InD,METABRIC,TabSurv_M,40
4.8,0.14916665613105795,0.1629732942499588,RFS,InD,METABRIC,TabSurv_M,40
5.0,0.15330616616718326,0.16724396243979958,RFS,InD,METABRIC,TabSurv_M,40
5.2,0.155914952079277,0.16965211570584066,RFS,InD,METABRIC,TabSurv_M,40
5.4,0.15976124393148003,0.17322658866638221,RFS,InD,METABRIC,TabSurv_M,40
5.6,0.16492021594448786,0.17787724150819362,RFS,InD,METABRIC,TabSurv_M,40
5.8,0.1675692242046036,0.1801562992701748,RFS,InD,METABRIC,TabSurv_M,40
6.0,0.17214193647816606,0.18572797169718563,RFS,InD,METABRIC,TabSurv_M,40
6.2,0.17391114081817083,0.18790588524118365,RFS,InD,METABRIC,TabSurv_M,40
6.4,0.1773880594111628,0.1911186843605053,RFS,InD,METABRIC,TabSurv_M,40
6.6,0.18096205933797815,0.1947765311325662,RFS,InD,METABRIC,TabSurv_M,40
6.8,0.18658193822024183,0.20128761631670464,RFS,InD,METABRIC,TabSurv_M,40
7.0,0.1890833224403634,0.20322058449848948,RFS,InD,METABRIC,TabSurv_M,40
7.2,0.19465071100768802,0.2088101367275353,RFS,InD,METABRIC,TabSurv_M,40
7.4,0.19845946938268325,0.21279938538425724,RFS,InD,METABRIC,TabSurv_M,40
7.6,0.20231822873464528,0.219036274779728,RFS,InD,METABRIC,TabSurv_M,40
7.8,0.20367587745388274,0.22100642165696383,RFS,InD,METABRIC,TabSurv_M,40
8.0,0.20558706173912486,0.22291181664007517,RFS,InD,METABRIC,TabSurv_M,40
8.2,0.20801618369376015,0.22583126831839803,RFS,InD,METABRIC,TabSurv_M,40
8.4,0.2095184023306989,0.22826733021881837,RFS,InD,METABRIC,TabSurv_M,40
8.6,0.2109373713173337,0.23060229126595838,RFS,InD,METABRIC,TabSurv_M,40
8.8,0.2128174009455889,0.2328271021938452,RFS,InD,METABRIC,TabSurv_M,40
9.0,0.21363688877334722,0.23344159756087404,RFS,InD,METABRIC,TabSurv_M,40
9.2,0.21456723233615604,0.2340503246119877,RFS,InD,METABRIC,TabSurv_M,40
9.4,0.2163496043086625,0.23723640232018842,RFS,InD,METABRIC,TabSurv_M,40
9.6,0.21864862123742831,0.2385794272804656,RFS,InD,METABRIC,TabSurv_M,40
9.8,0.21920922771065698,0.2396082969256367,RFS,InD,METABRIC,TabSurv_M,40
10.0,0.22108296747028797,0.24107770516459862,RFS,InD,METABRIC,TabSurv_M,40
1.6,0.03772656359532651,0.03828004930667394,RFS,InD,METABRIC,TabSurv_M,41
1.8,0.044387632206117626,0.044834414691411,RFS,InD,METABRIC,TabSurv_M,41
2.0,0.0546470508343146,0.05492896325190109,RFS,InD,METABRIC,TabSurv_M,41
2.2,0.06239055320640851,0.06300263758443388,RFS,InD,METABRIC,TabSurv_M,41
2.4,0.0720548244609553,0.07524309171865956,RFS,InD,METABRIC,TabSurv_M,41
2.6,0.07978677521215119,0.0845728047612073,RFS,InD,METABRIC,TabSurv_M,41
2.8,0.08696962398528747,0.09284272458342378,RFS,InD,METABRIC,TabSurv_M,41
3.0,0.09490385069056564,0.10172545435627045,RFS,InD,METABRIC,TabSurv_M,41
3.2,0.10463408957952737,0.11419223463057677,RFS,InD,METABRIC,TabSurv_M,41
3.4,0.10798886782306638,0.11872616107540845,RFS,InD,METABRIC,TabSurv_M,41
3.6,0.11948256872393101,0.13115428283734842,RFS,InD,METABRIC,TabSurv_M,41
3.8,0.12517519117839615,0.13819420476908054,RFS,InD,METABRIC,TabSurv_M,41
4.0,0.13134312529923575,0.14569805151112208,RFS,InD,METABRIC,TabSurv_M,41
4.2,0.13675375187353975,0.1509916924699058,RFS,InD,METABRIC,TabSurv_M,41
4.4,0.1442070555006105,0.15931020606895444,RFS,InD,METABRIC,TabSurv_M,41
4.6,0.14492958200343606,0.15993497541461796,RFS,InD,METABRIC,TabSurv_M,41
4.8,0.1500621693463572,0.16546634561770376,RFS,InD,METABRIC,TabSurv_M,41
5.0,0.15373852357799037,0.16847861662751876,RFS,InD,METABRIC,TabSurv_M,41
5.2,0.15632080123090733,0.17086132017824918,RFS,InD,METABRIC,TabSurv_M,41
5.4,0.16044881232566527,0.1743989111548601,RFS,InD,METABRIC,TabSurv_M,41
5.6,0.1627155214893485,0.17729203987069525,RFS,InD,METABRIC,TabSurv_M,41
5.8,0.16560607929699322,0.17957183083810202,RFS,InD,METABRIC,TabSurv_M,41
6.0,0.16861809065522992,0.18294590114585585,RFS,InD,METABRIC,TabSurv_M,41
6.2,0.16991271278024225,0.1846135675792805,RFS,InD,METABRIC,TabSurv_M,41
6.4,0.174103946588813,0.1889907372093912,RFS,InD,METABRIC,TabSurv_M,41
6.6,0.17709272344274538,0.19167401761007233,RFS,InD,METABRIC,TabSurv_M,41
6.8,0.1806548640260921,0.1948242967166968,RFS,InD,METABRIC,TabSurv_M,41
7.0,0.18354365166817493,0.19688853502881892,RFS,InD,METABRIC,TabSurv_M,41
7.2,0.18817263977075516,0.20141511747699076,RFS,InD,METABRIC,TabSurv_M,41
7.4,0.19008078547482618,0.20337078967549502,RFS,InD,METABRIC,TabSurv_M,41
7.6,0.194962062298512,0.20810323847868337,RFS,InD,METABRIC,TabSurv_M,41
7.8,0.19830426206939455,0.21217862125493037,RFS,InD,METABRIC,TabSurv_M,41
8.0,0.20067703271830475,0.2152087747926299,RFS,InD,METABRIC,TabSurv_M,41
8.2,0.2022739383144229,0.21932468090770116,RFS,InD,METABRIC,TabSurv_M,41
8.4,0.20598214394965011,0.2216814299671586,RFS,InD,METABRIC,TabSurv_M,41
8.6,0.20708627087539513,0.2246971609351778,RFS,InD,METABRIC,TabSurv_M,41
8.8,0.21034396611553377,0.22755854398581044,RFS,InD,METABRIC,TabSurv_M,41
9.0,0.2129669227876545,0.22926274802218707,RFS,InD,METABRIC,TabSurv_M,41
9.2,0.21484904246892733,0.2305851772104906,RFS,InD,METABRIC,TabSurv_M,41
9.4,0.21671809738311756,0.2331405288986134,RFS,InD,METABRIC,TabSurv_M,41
9.6,0.21817840817920192,0.23376087796262943,RFS,InD,METABRIC,TabSurv_M,41
9.8,0.21983800977212273,0.23467277005414192,RFS,InD,METABRIC,TabSurv_M,41
10.0,0.22167799804672156,0.23808851538925777,RFS,InD,METABRIC,TabSurv_M,41
1.8,0.04218184142930716,0.043806125541477586,RFS,InD,METABRIC,TabSurv_M,42
2.0,0.0500610829608452,0.052071913176281674,RFS,InD,METABRIC,TabSurv_M,42
2.2,0.05630077052780549,0.05930072197344649,RFS,InD,METABRIC,TabSurv_M,42
2.4,0.06660557559356732,0.07078383006770934,RFS,InD,METABRIC,TabSurv_M,42
2.6,0.07660139542107361,0.08106715761788698,RFS,InD,METABRIC,TabSurv_M,42
2.8,0.08355151765917197,0.08858309412428961,RFS,InD,METABRIC,TabSurv_M,42
3.0,0.0910358420243624,0.09673964752687055,RFS,InD,METABRIC,TabSurv_M,42
3.2,0.10182781137764407,0.11012049651115244,RFS,InD,METABRIC,TabSurv_M,42
3.4,0.10745021680672694,0.11695707172238504,RFS,InD,METABRIC,TabSurv_M,42
3.6,0.11855722972267208,0.12868807096491994,RFS,InD,METABRIC,TabSurv_M,42
3.8,0.12808594492720685,0.13991948719831937,RFS,InD,METABRIC,TabSurv_M,42
4.0,0.1365180444216725,0.14866815988417162,RFS,InD,METABRIC,TabSurv_M,42
4.2,0.14229997015893242,0.15643315974610966,RFS,InD,METABRIC,TabSurv_M,42
4.4,0.14897855387893733,0.16390196349397484,RFS,InD,METABRIC,TabSurv_M,42
4.6,0.15380301945992322,0.16930438416681454,RFS,InD,METABRIC,TabSurv_M,42
4.8,0.15820443005381848,0.17397087008396706,RFS,InD,METABRIC,TabSurv_M,42
5.0,0.1615442344764673,0.17739700079600745,RFS,InD,METABRIC,TabSurv_M,42
5.2,0.16458404234726903,0.1802164064258648,RFS,InD,METABRIC,TabSurv_M,42
5.4,0.16839541654520956,0.184656223918031,RFS,InD,METABRIC,TabSurv_M,42
5.6,0.17309704500867587,0.18949796881672815,RFS,InD,METABRIC,TabSurv_M,42
5.8,0.17687641533543622,0.19314812003392473,RFS,InD,METABRIC,TabSurv_M,42
6.0,0.18015534119298346,0.1967095766277166,RFS,InD,METABRIC,TabSurv_M,42
6.2,0.18204330668937652,0.20017548354983544,RFS,InD,METABRIC,TabSurv_M,42
6.4,0.184966891155707,0.20353753426297028,RFS,InD,METABRIC,TabSurv_M,42
6.6,0.186998446433997,0.20634009472158896,RFS,InD,METABRIC,TabSurv_M,42
6.8,0.19198062012209693,0.21083044329581108,RFS,InD,METABRIC,TabSurv_M,42
7.0,0.19438591532369692,0.21298762656974027,RFS,InD,METABRIC,TabSurv_M,42
7.2,0.20232006491446689,0.21951800859487888,RFS,InD,METABRIC,TabSurv_M,42
7.4,0.20491264717250887,0.22183586941791028,RFS,InD,METABRIC,TabSurv_M,42
7.6,0.20845561423025225,0.22516497698220775,RFS,InD,METABRIC,TabSurv_M,42
7.8,0.2080641391640902,0.22623648931759266,RFS,InD,METABRIC,TabSurv_M,42
8.0,0.2089044196121772,0.22728437643995572,RFS,InD,METABRIC,TabSurv_M,42
8.2,0.2098849306613967,0.22931454691868308,RFS,InD,METABRIC,TabSurv_M,42
8.4,0.21241916496868682,0.23159235278221632,RFS,InD,METABRIC,TabSurv_M,42
8.6,0.21340962699522065,0.23315787615110958,RFS,InD,METABRIC,TabSurv_M,42
8.8,0.21517023887563402,0.23553335661088823,RFS,InD,METABRIC,TabSurv_M,42
9.0,0.21593397210838863,0.236936949634447,RFS,InD,METABRIC,TabSurv_M,42
9.2,0.21685175519830058,0.23827607728722774,RFS,InD,METABRIC,TabSurv_M,42
9.4,0.21925284696015543,0.24077587967129577,RFS,InD,METABRIC,TabSurv_M,42
9.6,0.22064879596442477,0.2423690660483852,RFS,InD,METABRIC,TabSurv_M,42
9.8,0.221459439625165,0.24301112847262402,RFS,InD,METABRIC,TabSurv_M,42
10.0,0.22197901414079957,0.24478821237999454,RFS,InD,METABRIC,TabSurv_M,42
1.8,0.042965620141052145,0.044798050596640944,RFS,InD,METABRIC,TabSurv_M,43
2.0,0.051526767319259474,0.05399552918642347,RFS,InD,METABRIC,TabSurv_M,43
2.2,0.055017719209020405,0.057629637048686705,RFS,InD,METABRIC,TabSurv_M,43
2.4,0.06525947927689595,0.06923123712788447,RFS,InD,METABRIC,TabSurv_M,43
2.6,0.0700970842614453,0.07446678737255424,RFS,InD,METABRIC,TabSurv_M,43
2.8,0.07614840292723608,0.08217585786770577,RFS,InD,METABRIC,TabSurv_M,43
3.0,0.08667393078913338,0.09382743146682491,RFS,InD,METABRIC,TabSurv_M,43
3.2,0.09578855769327672,0.10506891343023635,RFS,InD,METABRIC,TabSurv_M,43
3.4,0.09724138818144161,0.1074241022713713,RFS,InD,METABRIC,TabSurv_M,43
3.6,0.11120903390358386,0.12338415080800577,RFS,InD,METABRIC,TabSurv_M,43
3.8,0.11521030449498791,0.1285045081882423,RFS,InD,METABRIC,TabSurv_M,43
4.0,0.12063264933916387,0.13493711247884915,RFS,InD,METABRIC,TabSurv_M,43
4.2,0.1292810843099741,0.14325666129730955,RFS,InD,METABRIC,TabSurv_M,43
4.4,0.13510022525367765,0.1506185224960873,RFS,InD,METABRIC,TabSurv_M,43
4.6,0.14124620204654376,0.15708941334474133,RFS,InD,METABRIC,TabSurv_M,43
4.8,0.14587884260975695,0.16087487328409694,RFS,InD,METABRIC,TabSurv_M,43
5.0,0.15222959400326014,0.16705252606357215,RFS,InD,METABRIC,TabSurv_M,43
5.2,0.15509193676539257,0.1700742065435371,RFS,InD,METABRIC,TabSurv_M,43
5.4,0.16051282415167614,0.17483869523893533,RFS,InD,METABRIC,TabSurv_M,43
5.6,0.16325261277901637,0.1783280643055034,RFS,InD,METABRIC,TabSurv_M,43
5.8,0.16759348283434594,0.18287472988739742,RFS,InD,METABRIC,TabSurv_M,43
6.0,0.17371739882617698,0.1894347966520456,RFS,InD,METABRIC,TabSurv_M,43
6.2,0.1757527789810217,0.19261348683459145,RFS,InD,METABRIC,TabSurv_M,43
6.4,0.1791679000345562,0.19725068305138307,RFS,InD,METABRIC,TabSurv_M,43
6.6,0.1823704495500516,0.20074873824231332,RFS,InD,METABRIC,TabSurv_M,43
6.8,0.18772213768527496,0.20648837872407336,RFS,InD,METABRIC,TabSurv_M,43
7.0,0.18960412640555876,0.20878878076241641,RFS,InD,METABRIC,TabSurv_M,43
7.2,0.19599041919528876,0.21449939257751013,RFS,InD,METABRIC,TabSurv_M,43
7.4,0.19915829631017917,0.2170093671022275,RFS,InD,METABRIC,TabSurv_M,43
7.6,0.20276376113834724,0.22139202254167764,RFS,InD,METABRIC,TabSurv_M,43
7.8,0.20488119438013577,0.22291849670886463,RFS,InD,METABRIC,TabSurv_M,43
8.0,0.20625509472318526,0.22440948572711872,RFS,InD,METABRIC,TabSurv_M,43
8.2,0.20761788580583618,0.2265722209455091,RFS,InD,METABRIC,TabSurv_M,43
8.4,0.2089430067211888,0.22762247390816318,RFS,InD,METABRIC,TabSurv_M,43
8.6,0.21099349949702437,0.23003102491230956,RFS,InD,METABRIC,TabSurv_M,43
8.8,0.2140403565350615,0.23294979621174014,RFS,InD,METABRIC,TabSurv_M,43
9.0,0.21465812964366865,0.23357152507786896,RFS,InD,METABRIC,TabSurv_M,43
9.2,0.21719840304924629,0.23508567026664576,RFS,InD,METABRIC,TabSurv_M,43
9.4,0.22138226896041371,0.23872369730422435,RFS,InD,METABRIC,TabSurv_M,43
9.6,0.2220652512472456,0.2397511605486925,RFS,InD,METABRIC,TabSurv_M,43
9.8,0.2228051689873195,0.24024978599383986,RFS,InD,METABRIC,TabSurv_M,43
10.0,0.22308989098683782,0.24212563457447508,RFS,InD,METABRIC,TabSurv_M,43
1.6,0.04071822793408291,0.04100434652225919,RFS,InD,METABRIC,TabSurv_M,44
1.8,0.048488138852032514,0.049337542265907565,RFS,InD,METABRIC,TabSurv_M,44
2.0,0.05967406036485601,0.061096932794607164,RFS,InD,METABRIC,TabSurv_M,44
2.2,0.06504416747589932,0.06641667319519758,RFS,InD,METABRIC,TabSurv_M,44
2.4,0.07420723332695157,0.07684246823919638,RFS,InD,METABRIC,TabSurv_M,44
2.6,0.08795762985100727,0.09191933375150364,RFS,InD,METABRIC,TabSurv_M,44
2.8,0.09332451625238619,0.09760545417622593,RFS,InD,METABRIC,TabSurv_M,44
3.0,0.09863624947787353,0.10320302197193568,RFS,InD,METABRIC,TabSurv_M,44
3.2,0.10598623915284452,0.11179040616078283,RFS,InD,METABRIC,TabSurv_M,44
3.4,0.11351944748724484,0.12161080028660894,RFS,InD,METABRIC,TabSurv_M,44
3.6,0.12036207843771843,0.12964369455783414,RFS,InD,METABRIC,TabSurv_M,44
3.8,0.12903944958721364,0.13952235258781417,RFS,InD,METABRIC,TabSurv_M,44
4.0,0.13573040714710988,0.1469906520422828,RFS,InD,METABRIC,TabSurv_M,44
4.2,0.14220019066693762,0.15420335188007445,RFS,InD,METABRIC,TabSurv_M,44
4.4,0.14767226454724827,0.15991978985294175,RFS,InD,METABRIC,TabSurv_M,44
4.6,0.15341828638628685,0.16606515356340074,RFS,InD,METABRIC,TabSurv_M,44
4.8,0.15765693340301942,0.1708305695887791,RFS,InD,METABRIC,TabSurv_M,44
5.0,0.16164081751934367,0.17490360732425253,RFS,InD,METABRIC,TabSurv_M,44
5.2,0.16434944839639817,0.17719155892559899,RFS,InD,METABRIC,TabSurv_M,44
5.4,0.16918208863348794,0.18168705134880528,RFS,InD,METABRIC,TabSurv_M,44
5.6,0.17235043358180283,0.1855069442290924,RFS,InD,METABRIC,TabSurv_M,44
5.8,0.17636337587291653,0.18922504471644114,RFS,InD,METABRIC,TabSurv_M,44
6.0,0.1802895659185903,0.1933531686318626,RFS,InD,METABRIC,TabSurv_M,44
6.2,0.18204976246336513,0.19536853700549153,RFS,InD,METABRIC,TabSurv_M,44
6.4,0.18308002659153683,0.19784642233918506,RFS,InD,METABRIC,TabSurv_M,44
6.6,0.18456638290816402,0.19931672073823595,RFS,InD,METABRIC,TabSurv_M,44
6.8,0.18901326789500053,0.2040881263245127,RFS,InD,METABRIC,TabSurv_M,44
7.0,0.19180318674415672,0.2068467161072851,RFS,InD,METABRIC,TabSurv_M,44
7.2,0.19728470194691738,0.21126664874498696,RFS,InD,METABRIC,TabSurv_M,44
7.4,0.1987530287526636,0.2125597376448987,RFS,InD,METABRIC,TabSurv_M,44
7.6,0.20431199544312506,0.21753814056209667,RFS,InD,METABRIC,TabSurv_M,44
7.8,0.20553542022623797,0.2195257505810185,RFS,InD,METABRIC,TabSurv_M,44
8.0,0.20681214087027303,0.22069074314694742,RFS,InD,METABRIC,TabSurv_M,44
8.2,0.2075413937471429,0.22183682610531733,RFS,InD,METABRIC,TabSurv_M,44
8.4,0.21014149115201766,0.2244461604134891,RFS,InD,METABRIC,TabSurv_M,44
8.6,0.21143826247747335,0.22730574761526523,RFS,InD,METABRIC,TabSurv_M,44
8.8,0.21352923963344358,0.23000786784913319,RFS,InD,METABRIC,TabSurv_M,44
9.0,0.21503983661917506,0.23162060750924568,RFS,InD,METABRIC,TabSurv_M,44
9.2,0.21630173656280674,0.2328682970566275,RFS,InD,METABRIC,TabSurv_M,44
9.4,0.21815665174021887,0.23498209408004025,RFS,InD,METABRIC,TabSurv_M,44
9.6,0.21921732829417737,0.23613902008979773,RFS,InD,METABRIC,TabSurv_M,44
9.8,0.22028074925743507,0.23698316260969063,RFS,InD,METABRIC,TabSurv_M,44
10.0,0.22242466303028616,0.24011923321560377,RFS,InD,METABRIC,TabSurv_M,44
1.8,0.050790734290135905,0.05009790268541527,RFS,InD,METABRIC,DeepHS,40
2.0,0.06231774073011495,0.06177358067103276,RFS,InD,METABRIC,DeepHS,40
2.2,0.06846241815971026,0.06792350849884586,RFS,InD,METABRIC,DeepHS,40
2.4,0.07893186798100334,0.07823657823425569,RFS,InD,METABRIC,DeepHS,40
2.6,0.0903352613151197,0.08907535825595224,RFS,InD,METABRIC,DeepHS,40
2.8,0.09650879951492836,0.09476966593073878,RFS,InD,METABRIC,DeepHS,40
3.0,0.10682603177706468,0.10432166064417517,RFS,InD,METABRIC,DeepHS,40
3.2,0.11006326014984542,0.11432928110558634,RFS,InD,METABRIC,DeepHS,40
3.4,0.11308803277308135,0.11808355074622415,RFS,InD,METABRIC,DeepHS,40
3.6,0.12083711327474618,0.12615839802918788,RFS,InD,METABRIC,DeepHS,40
3.8,0.12756298002298172,0.13330091641102282,RFS,InD,METABRIC,DeepHS,40
4.0,0.13275728174877466,0.13887360852977762,RFS,InD,METABRIC,DeepHS,40
4.2,0.14035616431505255,0.14632542666431733,RFS,InD,METABRIC,DeepHS,40
4.4,0.1464948560904992,0.1522460023408419,RFS,InD,METABRIC,DeepHS,40
4.6,0.1520628455560261,0.1573674594859293,RFS,InD,METABRIC,DeepHS,40
4.8,0.1585215622167639,0.1629732942499588,RFS,InD,METABRIC,DeepHS,40
5.0,0.16379864640376865,0.16724396243979958,RFS,InD,METABRIC,DeepHS,40
5.2,0.16673903215072555,0.16965211570584066,RFS,InD,METABRIC,DeepHS,40
5.4,0.17118327513959888,0.17322658866638221,RFS,InD,METABRIC,DeepHS,40
5.6,0.17705093649544812,0.17787724150819362,RFS,InD,METABRIC,DeepHS,40
5.8,0.18012158363646694,0.1801562992701748,RFS,InD,METABRIC,DeepHS,40
6.0,0.18713321178832204,0.18572797169718563,RFS,InD,METABRIC,DeepHS,40
6.2,0.1899234459925885,0.18790588524118365,RFS,InD,METABRIC,DeepHS,40
6.4,0.18527882334303145,0.1911186843605053,RFS,InD,METABRIC,DeepHS,40
6.6,0.18914336750768668,0.1947765311325662,RFS,InD,METABRIC,DeepHS,40
6.8,0.1964645225531603,0.20128761631670464,RFS,InD,METABRIC,DeepHS,40
7.0,0.19876932695479163,0.20322058449848948,RFS,InD,METABRIC,DeepHS,40
7.2,0.2060476036004209,0.2088101367275353,RFS,InD,METABRIC,DeepHS,40
7.4,0.21132616352344624,0.21279938538425724,RFS,InD,METABRIC,DeepHS,40
7.6,0.2204308449548451,0.219036274779728,RFS,InD,METABRIC,DeepHS,40
7.8,0.22388307729796858,0.22100642165696383,RFS,InD,METABRIC,DeepHS,40
8.0,0.2270767544748622,0.22291181664007517,RFS,InD,METABRIC,DeepHS,40
8.2,0.23164482715452603,0.22583126831839803,RFS,InD,METABRIC,DeepHS,40
8.4,0.23592241544529002,0.22826733021881837,RFS,InD,METABRIC,DeepHS,40
8.6,0.2398109275724133,0.23060229126595838,RFS,InD,METABRIC,DeepHS,40
8.8,0.24359768240204596,0.2328271021938452,RFS,InD,METABRIC,DeepHS,40
9.0,0.24463147538172444,0.23344159756087404,RFS,InD,METABRIC,DeepHS,40
9.2,0.24613104608586084,0.2340503246119877,RFS,InD,METABRIC,DeepHS,40
9.4,0.23578949040914282,0.23723640232018842,RFS,InD,METABRIC,DeepHS,40
9.6,0.23812024750485808,0.2385794272804656,RFS,InD,METABRIC,DeepHS,40
9.8,0.23955432943816657,0.2396082969256367,RFS,InD,METABRIC,DeepHS,40
10.0,0.24207562812292474,0.24107770516459862,RFS,InD,METABRIC,DeepHS,40
1.6,0.03949018001472327,0.03828004930667394,RFS,InD,METABRIC,DeepHS,41
1.8,0.04565409675314494,0.044834414691411,RFS,InD,METABRIC,DeepHS,41
2.0,0.05569165040220376,0.05492896325190109,RFS,InD,METABRIC,DeepHS,41
2.2,0.06382416943723296,0.06300263758443388,RFS,InD,METABRIC,DeepHS,41
2.4,0.07650518830419564,0.07524309171865956,RFS,InD,METABRIC,DeepHS,41
2.6,0.08616711680353968,0.0845728047612073,RFS,InD,METABRIC,DeepHS,41
2.8,0.09521518614377132,0.09284272458342378,RFS,InD,METABRIC,DeepHS,41
3.0,0.10481637972729659,0.10172545435627045,RFS,InD,METABRIC,DeepHS,41
3.2,0.1191916668314803,0.11419223463057677,RFS,InD,METABRIC,DeepHS,41
3.4,0.11376009431364775,0.11872616107540845,RFS,InD,METABRIC,DeepHS,41
3.6,0.12578049452106163,0.13115428283734842,RFS,InD,METABRIC,DeepHS,41
3.8,0.13255696620267646,0.13819420476908054,RFS,InD,METABRIC,DeepHS,41
4.0,0.14021604056699388,0.14569805151112208,RFS,InD,METABRIC,DeepHS,41
4.2,0.1463672225322945,0.1509916924699058,RFS,InD,METABRIC,DeepHS,41
4.4,0.1557373082397574,0.15931020606895444,RFS,InD,METABRIC,DeepHS,41
4.6,0.15649824051143715,0.15993497541461796,RFS,InD,METABRIC,DeepHS,41
4.8,0.16313218774514415,0.16546634561770376,RFS,InD,METABRIC,DeepHS,41
5.0,0.16703677273196055,0.16847861662751876,RFS,InD,METABRIC,DeepHS,41
5.2,0.17007440153780579,0.17086132017824918,RFS,InD,METABRIC,DeepHS,41
5.4,0.17476174225475502,0.1743989111548601,RFS,InD,METABRIC,DeepHS,41
5.6,0.1781031446918537,0.17729203987069525,RFS,InD,METABRIC,DeepHS,41
5.8,0.18103299018315178,0.17957183083810202,RFS,InD,METABRIC,DeepHS,41
6.0,0.1852981857932626,0.18294590114585585,RFS,InD,METABRIC,DeepHS,41
6.2,0.18724634499301673,0.1846135675792805,RFS,InD,METABRIC,DeepHS,41
6.4,0.19302395495771485,0.1889907372093912,RFS,InD,METABRIC,DeepHS,41
6.6,0.18439232049307455,0.19167401761007233,RFS,InD,METABRIC,DeepHS,41
6.8,0.18779613367091808,0.1948242967166968,RFS,InD,METABRIC,DeepHS,41
7.0,0.19004265806265694,0.19688853502881892,RFS,InD,METABRIC,DeepHS,41
7.2,0.19487170977684323,0.20141511747699076,RFS,InD,METABRIC,DeepHS,41
7.4,0.19740658489919627,0.20337078967549502,RFS,InD,METABRIC,DeepHS,41
7.6,0.20370181190107947,0.20810323847868337,RFS,InD,METABRIC,DeepHS,41
7.8,0.20942532866882999,0.21217862125493037,RFS,InD,METABRIC,DeepHS,41
8.0,0.21328883460565037,0.2152087747926299,RFS,InD,METABRIC,DeepHS,41
8.2,0.21813551498668987,0.21932468090770116,RFS,InD,METABRIC,DeepHS,41
8.4,0.2223206815780046,0.2216814299671586,RFS,InD,METABRIC,DeepHS,41
8.6,0.2266787024299624,0.2246971609351778,RFS,InD,METABRIC,DeepHS,41
8.8,0.23140098838629353,0.22755854398581044,RFS,InD,METABRIC,DeepHS,41
9.0,0.2347514165546633,0.22926274802218707,RFS,InD,METABRIC,DeepHS,41
9.2,0.23748194708072243,0.2305851772104906,RFS,InD,METABRIC,DeepHS,41
9.4,0.24260769126719406,0.2331405288986134,RFS,InD,METABRIC,DeepHS,41
9.6,0.24396262423736553,0.23376087796262943,RFS,InD,METABRIC,DeepHS,41
9.8,0.24579425215030976,0.23467277005414192,RFS,InD,METABRIC,DeepHS,41
10.0,0.23833212534009554,0.23808851538925777,RFS,InD,METABRIC,DeepHS,41
1.8,0.044844429284326054,0.043806125541477586,RFS,InD,METABRIC,DeepHS,42
2.0,0.052808115089944846,0.052071913176281674,RFS,InD,METABRIC,DeepHS,42
2.2,0.05957925561597321,0.05930072197344649,RFS,InD,METABRIC,DeepHS,42
2.4,0.07082713141993363,0.07078383006770934,RFS,InD,METABRIC,DeepHS,42
2.6,0.08132062995326281,0.08106715761788698,RFS,InD,METABRIC,DeepHS,42
2.8,0.08914694335388662,0.08858309412428961,RFS,InD,METABRIC,DeepHS,42
3.0,0.09778943893213642,0.09673964752687055,RFS,InD,METABRIC,DeepHS,42
3.2,0.11306216308750712,0.11012049651115244,RFS,InD,METABRIC,DeepHS,42
3.4,0.11284694186921067,0.11695707172238504,RFS,InD,METABRIC,DeepHS,42
3.6,0.12429301473174761,0.12868807096491994,RFS,InD,METABRIC,DeepHS,42
3.8,0.13527903611844955,0.13991948719831937,RFS,InD,METABRIC,DeepHS,42
4.0,0.14428571812757388,0.14866815988417162,RFS,InD,METABRIC,DeepHS,42
4.2,0.15196055117079463,0.15643315974610966,RFS,InD,METABRIC,DeepHS,42
4.4,0.1605043098717369,0.16390196349397484,RFS,InD,METABRIC,DeepHS,42
4.6,0.1670238013444061,0.16930438416681454,RFS,InD,METABRIC,DeepHS,42
4.8,0.17309804236210602,0.17397087008396706,RFS,InD,METABRIC,DeepHS,42
5.0,0.17723240825377815,0.17739700079600745,RFS,InD,METABRIC,DeepHS,42
5.2,0.18119427760737433,0.1802164064258648,RFS,InD,METABRIC,DeepHS,42
5.4,0.18687591114647478,0.184656223918031,RFS,InD,METABRIC,DeepHS,42
5.6,0.1937656738206554,0.18949796881672815,RFS,InD,METABRIC,DeepHS,42
5.8,0.19919651845185593,0.19314812003392473,RFS,InD,METABRIC,DeepHS,42
6.0,0.20445310189712,0.1967095766277166,RFS,InD,METABRIC,DeepHS,42
6.2,0.20927102413189422,0.20017548354983544,RFS,InD,METABRIC,DeepHS,42
6.4,0.21437551045381792,0.20353753426297028,RFS,InD,METABRIC,DeepHS,42
6.6,0.20221059890817877,0.20634009472158896,RFS,InD,METABRIC,DeepHS,42
6.8,0.2076846268353462,0.21083044329581108,RFS,InD,METABRIC,DeepHS,42
7.0,0.2106540127705156,0.21298762656974027,RFS,InD,METABRIC,DeepHS,42
7.2,0.2199322442274095,0.21951800859487888,RFS,InD,METABRIC,DeepHS,42
7.4,0.22368357183413717,0.22183586941791028,RFS,InD,METABRIC,DeepHS,42
7.6,0.2295289870018033,0.22516497698220775,RFS,InD,METABRIC,DeepHS,42
7.8,0.23093332107372125,0.22623648931759266,RFS,InD,METABRIC,DeepHS,42
8.0,0.23258406171217058,0.22728437643995572,RFS,InD,METABRIC,DeepHS,42
8.2,0.23575199380614636,0.22931454691868308,RFS,InD,METABRIC,DeepHS,42
8.4,0.24034852548362845,0.23159235278221632,RFS,InD,METABRIC,DeepHS,42
8.6,0.2436993595644524,0.23315787615110958,RFS,InD,METABRIC,DeepHS,42
8.8,0.24861959151514892,0.23553335661088823,RFS,InD,METABRIC,DeepHS,42
9.0,0.2514643027743817,0.236936949634447,RFS,InD,METABRIC,DeepHS,42
9.2,0.2544918853008516,0.23827607728722774,RFS,InD,METABRIC,DeepHS,42
9.4,0.2613541684129734,0.24077587967129577,RFS,InD,METABRIC,DeepHS,42
9.6,0.26611171053045485,0.2423690660483852,RFS,InD,METABRIC,DeepHS,42
9.8,0.26829403949418473,0.24301112847262402,RFS,InD,METABRIC,DeepHS,42
10.0,0.24910170499555137,0.24478821237999454,RFS,InD,METABRIC,DeepHS,42
1.8,0.04447153669857552,0.044798050596640944,RFS,InD,METABRIC,DeepHS,43
2.0,0.05323578903052302,0.05399552918642347,RFS,InD,METABRIC,DeepHS,43
2.2,0.056759627448645586,0.057629637048686705,RFS,InD,METABRIC,DeepHS,43
2.4,0.06847616259646168,0.06923123712788447,RFS,InD,METABRIC,DeepHS,43
2.6,0.07403105593248482,0.07446678737255424,RFS,InD,METABRIC,DeepHS,43
2.8,0.08202816357859093,0.08217585786770577,RFS,InD,METABRIC,DeepHS,43
3.0,0.09487311225536942,0.09382743146682491,RFS,InD,METABRIC,DeepHS,43
3.2,0.10748601027180142,0.10506891343023635,RFS,InD,METABRIC,DeepHS,43
3.4,0.10615585961915486,0.1074241022713713,RFS,InD,METABRIC,DeepHS,43
3.6,0.1193851110741452,0.12338415080800577,RFS,InD,METABRIC,DeepHS,43
3.8,0.12368532936634967,0.1285045081882423,RFS,InD,METABRIC,DeepHS,43
4.0,0.12920438950333263,0.13493711247884915,RFS,InD,METABRIC,DeepHS,43
4.2,0.1378034305701138,0.14325666129730955,RFS,InD,METABRIC,DeepHS,43
4.4,0.14404238249186865,0.1506185224960873,RFS,InD,METABRIC,DeepHS,43
4.6,0.15160799155403307,0.15708941334474133,RFS,InD,METABRIC,DeepHS,43
4.8,0.15575412571228342,0.16087487328409694,RFS,InD,METABRIC,DeepHS,43
5.0,0.16288589892052427,0.16705252606357215,RFS,InD,METABRIC,DeepHS,43
5.2,0.16668410635000647,0.1700742065435371,RFS,InD,METABRIC,DeepHS,43
5.4,0.17289831500564673,0.17483869523893533,RFS,InD,METABRIC,DeepHS,43
5.6,0.17692030583717722,0.1783280643055034,RFS,InD,METABRIC,DeepHS,43
5.8,0.18272344750160405,0.18287472988739742,RFS,InD,METABRIC,DeepHS,43
6.0,0.19097985141227442,0.1894347966520456,RFS,InD,METABRIC,DeepHS,43
6.2,0.1947830831899305,0.19261348683459145,RFS,InD,METABRIC,DeepHS,43
6.4,0.2013717290432896,0.19725068305138307,RFS,InD,METABRIC,DeepHS,43
6.6,0.19415237483326064,0.20074873824231332,RFS,InD,METABRIC,DeepHS,43
6.8,0.2010661616003176,0.20648837872407336,RFS,InD,METABRIC,DeepHS,43
7.0,0.20307384872457976,0.20878878076241641,RFS,InD,METABRIC,DeepHS,43
7.2,0.21008155415687302,0.21449939257751013,RFS,InD,METABRIC,DeepHS,43
7.4,0.21322814095255016,0.2170093671022275,RFS,InD,METABRIC,DeepHS,43
7.6,0.21896415071960112,0.22139202254167764,RFS,InD,METABRIC,DeepHS,43
7.8,0.22122341427419664,0.22291849670886463,RFS,InD,METABRIC,DeepHS,43
8.0,0.22316555504648422,0.22440948572711872,RFS,InD,METABRIC,DeepHS,43
8.2,0.22598828032085666,0.2265722209455091,RFS,InD,METABRIC,DeepHS,43
8.4,0.22764890681044853,0.22762247390816318,RFS,InD,METABRIC,DeepHS,43
8.6,0.23126286500493776,0.23003102491230956,RFS,InD,METABRIC,DeepHS,43
8.8,0.23580936540105102,0.23294979621174014,RFS,InD,METABRIC,DeepHS,43
9.0,0.23674846060454224,0.23357152507786896,RFS,InD,METABRIC,DeepHS,43
9.2,0.23982154557911065,0.23508567026664576,RFS,InD,METABRIC,DeepHS,43
9.4,0.24681939958038396,0.23872369730422435,RFS,InD,METABRIC,DeepHS,43
9.6,0.24912243274972165,0.2397511605486925,RFS,InD,METABRIC,DeepHS,43
9.8,0.2503362144871468,0.24024978599383986,RFS,InD,METABRIC,DeepHS,43
10.0,0.23814410626593085,0.24212563457447508,RFS,InD,METABRIC,DeepHS,43
1.6,0.0419595576863384,0.04100434652225919,RFS,InD,METABRIC,DeepHS,44
1.8,0.050142098128006414,0.049337542265907565,RFS,InD,METABRIC,DeepHS,44
2.0,0.06170198374643065,0.061096932794607164,RFS,InD,METABRIC,DeepHS,44
2.2,0.06708225400461355,0.06641667319519758,RFS,InD,METABRIC,DeepHS,44
2.4,0.07771123487532593,0.07684246823919638,RFS,InD,METABRIC,DeepHS,44
2.6,0.09361444230932912,0.09191933375150364,RFS,InD,METABRIC,DeepHS,44
2.8,0.09997461143262303,0.09760545417622593,RFS,InD,METABRIC,DeepHS,44
3.0,0.10629063364079983,0.10320302197193568,RFS,InD,METABRIC,DeepHS,44
3.2,0.10836405340053777,0.11179040616078283,RFS,InD,METABRIC,DeepHS,44
3.4,0.11702397506576274,0.12161080028660894,RFS,InD,METABRIC,DeepHS,44
3.6,0.12456544725361705,0.12964369455783414,RFS,InD,METABRIC,DeepHS,44
3.8,0.13475523118913027,0.13952235258781417,RFS,InD,METABRIC,DeepHS,44
4.0,0.14204526102383633,0.1469906520422828,RFS,InD,METABRIC,DeepHS,44
4.2,0.15019845461469813,0.15420335188007445,RFS,InD,METABRIC,DeepHS,44
4.4,0.15677341401620054,0.15991978985294175,RFS,InD,METABRIC,DeepHS,44
4.6,0.1641513504886739,0.16606515356340074,RFS,InD,METABRIC,DeepHS,44
4.8,0.169999589577244,0.1708305695887791,RFS,InD,METABRIC,DeepHS,44
5.0,0.17515118574816413,0.17490360732425253,RFS,InD,METABRIC,DeepHS,44
5.2,0.17799811731875875,0.17719155892559899,RFS,InD,METABRIC,DeepHS,44
5.4,0.18433364560423282,0.18168705134880528,RFS,InD,METABRIC,DeepHS,44
5.6,0.18915527320207617,0.1855069442290924,RFS,InD,METABRIC,DeepHS,44
5.8,0.19443634046465483,0.18922504471644114,RFS,InD,METABRIC,DeepHS,44
6.0,0.2007362019741948,0.1933531686318626,RFS,InD,METABRIC,DeepHS,44
6.2,0.20386366140281506,0.19536853700549153,RFS,InD,METABRIC,DeepHS,44
6.4,0.19263030129780873,0.19784642233918506,RFS,InD,METABRIC,DeepHS,44
6.6,0.19432273772103575,0.19931672073823595,RFS,InD,METABRIC,DeepHS,44
6.8,0.20020354219952927,0.2040881263245127,RFS,InD,METABRIC,DeepHS,44
7.0,0.20354246307640905,0.2068467161072851,RFS,InD,METABRIC,DeepHS,44
7.2,0.20888055478082587,0.21126664874498696,RFS,InD,METABRIC,DeepHS,44
7.4,0.21083833746951328,0.2125597376448987,RFS,InD,METABRIC,DeepHS,44
7.6,0.21772777220491377,0.21753814056209667,RFS,InD,METABRIC,DeepHS,44
7.8,0.22102707951382816,0.2195257505810185,RFS,InD,METABRIC,DeepHS,44
8.0,0.2227111837495991,0.22069074314694742,RFS,InD,METABRIC,DeepHS,44
8.2,0.22444647501755363,0.22183682610531733,RFS,InD,METABRIC,DeepHS,44
8.4,0.2288165844041433,0.2244461604134891,RFS,InD,METABRIC,DeepHS,44
8.6,0.23348377988695113,0.22730574761526523,RFS,InD,METABRIC,DeepHS,44
8.8,0.23807824635616984,0.23000786784913319,RFS,InD,METABRIC,DeepHS,44
9.0,0.24108592040131438,0.23162060750924568,RFS,InD,METABRIC,DeepHS,44
9.2,0.2436132433435875,0.2328682970566275,RFS,InD,METABRIC,DeepHS,44
9.4,0.2328363264074764,0.23498209408004025,RFS,InD,METABRIC,DeepHS,44
9.6,0.23489415392448257,0.23613902008979773,RFS,InD,METABRIC,DeepHS,44
9.8,0.23585778375227506,0.23698316260969063,RFS,InD,METABRIC,DeepHS,44
10.0,0.24013452059368914,0.24011923321560377,RFS,InD,METABRIC,DeepHS,44
1.8,0.049929048207536186,0.05009790268541527,RFS,InD,METABRIC,DeepSurv,40
2.0,0.06166767987658945,0.06177358067103276,RFS,InD,METABRIC,DeepSurv,40
2.2,0.06734214728948101,0.06792350849884586,RFS,InD,METABRIC,DeepSurv,40
2.4,0.07758410066954119,0.07823657823425569,RFS,InD,METABRIC,DeepSurv,40
2.6,0.08856491027793886,0.08907535825595224,RFS,InD,METABRIC,DeepSurv,40
2.8,0.09481999778062826,0.09476966593073878,RFS,InD,METABRIC,DeepSurv,40
3.0,0.10451370987675204,0.10432166064417517,RFS,InD,METABRIC,DeepSurv,40
3.2,0.11441572466156479,0.11432928110558634,RFS,InD,METABRIC,DeepSurv,40
3.4,0.11872943595100739,0.11808355074622415,RFS,InD,METABRIC,DeepSurv,40
3.6,0.12880817006124295,0.12615839802918788,RFS,InD,METABRIC,DeepSurv,40
3.8,0.13466823474804887,0.13330091641102282,RFS,InD,METABRIC,DeepSurv,40
4.0,0.13954244638021468,0.13887360852977762,RFS,InD,METABRIC,DeepSurv,40
4.2,0.14527351325918514,0.14632542666431733,RFS,InD,METABRIC,DeepSurv,40
4.4,0.14972589464508657,0.1522460023408419,RFS,InD,METABRIC,DeepSurv,40
4.6,0.15548839049792273,0.1573674594859293,RFS,InD,METABRIC,DeepSurv,40
4.8,0.1614229871564317,0.1629732942499588,RFS,InD,METABRIC,DeepSurv,40
5.0,0.16569029801464558,0.16724396243979958,RFS,InD,METABRIC,DeepSurv,40
5.2,0.1685732840058818,0.16965211570584066,RFS,InD,METABRIC,DeepSurv,40
5.4,0.1737329545526075,0.17322658866638221,RFS,InD,METABRIC,DeepSurv,40
5.6,0.1778449609934999,0.17787724150819362,RFS,InD,METABRIC,DeepSurv,40
5.8,0.1804898070885206,0.1801562992701748,RFS,InD,METABRIC,DeepSurv,40
6.0,0.1844480793439087,0.18572797169718563,RFS,InD,METABRIC,DeepSurv,40
6.2,0.18571798662724215,0.18790588524118365,RFS,InD,METABRIC,DeepSurv,40
6.4,0.18931410314013608,0.1911186843605053,RFS,InD,METABRIC,DeepSurv,40
6.6,0.19254010661437396,0.1947765311325662,RFS,InD,METABRIC,DeepSurv,40
6.8,0.197139087664473,0.20128761631670464,RFS,InD,METABRIC,DeepSurv,40
7.0,0.19983707212410698,0.20322058449848948,RFS,InD,METABRIC,DeepSurv,40
7.2,0.2075917594934918,0.2088101367275353,RFS,InD,METABRIC,DeepSurv,40
7.4,0.21090596715727755,0.21279938538425724,RFS,InD,METABRIC,DeepSurv,40
7.6,0.21821397606994644,0.219036274779728,RFS,InD,METABRIC,DeepSurv,40
7.8,0.21990320248658182,0.22100642165696383,RFS,InD,METABRIC,DeepSurv,40
8.0,0.22075911956932576,0.22291181664007517,RFS,InD,METABRIC,DeepSurv,40
8.2,0.22256284011011046,0.22583126831839803,RFS,InD,METABRIC,DeepSurv,40
8.4,0.22538820865282433,0.22826733021881837,RFS,InD,METABRIC,DeepSurv,40
8.6,0.22611419632031676,0.23060229126595838,RFS,InD,METABRIC,DeepSurv,40
8.8,0.2273356917384663,0.2328271021938452,RFS,InD,METABRIC,DeepSurv,40
9.0,0.2284775278494999,0.23344159756087404,RFS,InD,METABRIC,DeepSurv,40
9.2,0.23002286086487733,0.2340503246119877,RFS,InD,METABRIC,DeepSurv,40
9.4,0.23363719348758394,0.23723640232018842,RFS,InD,METABRIC,DeepSurv,40
9.6,0.23604145481956765,0.2385794272804656,RFS,InD,METABRIC,DeepSurv,40
9.8,0.23675334272598392,0.2396082969256367,RFS,InD,METABRIC,DeepSurv,40
10.0,0.23744454436016657,0.24107770516459862,RFS,InD,METABRIC,DeepSurv,40
1.6,0.039071393257041655,0.03828004930667394,RFS,InD,METABRIC,DeepSurv,41
1.8,0.04696678035898659,0.044834414691411,RFS,InD,METABRIC,DeepSurv,41
2.0,0.058610063943598266,0.05492896325190109,RFS,InD,METABRIC,DeepSurv,41
2.2,0.06676825780992769,0.06300263758443388,RFS,InD,METABRIC,DeepSurv,41
2.4,0.0784362733147508,0.07524309171865956,RFS,InD,METABRIC,DeepSurv,41
2.6,0.08747198678440438,0.0845728047612073,RFS,InD,METABRIC,DeepSurv,41
2.8,0.09583698142486446,0.09284272458342378,RFS,InD,METABRIC,DeepSurv,41
3.0,0.10493084023400798,0.10172545435627045,RFS,InD,METABRIC,DeepSurv,41
3.2,0.11660741066289099,0.11419223463057677,RFS,InD,METABRIC,DeepSurv,41
3.4,0.1213640341114394,0.11872616107540845,RFS,InD,METABRIC,DeepSurv,41
3.6,0.1343014156556347,0.13115428283734842,RFS,InD,METABRIC,DeepSurv,41
3.8,0.14019017034944523,0.13819420476908054,RFS,InD,METABRIC,DeepSurv,41
4.0,0.14713609448500511,0.14569805151112208,RFS,InD,METABRIC,DeepSurv,41
4.2,0.1533961473239451,0.1509916924699058,RFS,InD,METABRIC,DeepSurv,41
4.4,0.16118775432107132,0.15931020606895444,RFS,InD,METABRIC,DeepSurv,41
4.6,0.16354804964327366,0.15993497541461796,RFS,InD,METABRIC,DeepSurv,41
4.8,0.17084886966590976,0.16546634561770376,RFS,InD,METABRIC,DeepSurv,41
5.0,0.17452570034278186,0.16847861662751876,RFS,InD,METABRIC,DeepSurv,41
5.2,0.17702642718684716,0.17086132017824918,RFS,InD,METABRIC,DeepSurv,41
5.4,0.18270257682856142,0.1743989111548601,RFS,InD,METABRIC,DeepSurv,41
5.6,0.18610382958129146,0.17729203987069525,RFS,InD,METABRIC,DeepSurv,41
5.8,0.18938492314675257,0.17957183083810202,RFS,InD,METABRIC,DeepSurv,41
6.0,0.19260206999594023,0.18294590114585585,RFS,InD,METABRIC,DeepSurv,41
6.2,0.19415791873664612,0.1846135675792805,RFS,InD,METABRIC,DeepSurv,41
6.4,0.19626783260985373,0.1889907372093912,RFS,InD,METABRIC,DeepSurv,41
6.6,0.19782337510492323,0.19167401761007233,RFS,InD,METABRIC,DeepSurv,41
6.8,0.20151254797840037,0.1948242967166968,RFS,InD,METABRIC,DeepSurv,41
7.0,0.20519570160203757,0.19688853502881892,RFS,InD,METABRIC,DeepSurv,41
7.2,0.20981289652373547,0.20141511747699076,RFS,InD,METABRIC,DeepSurv,41
7.4,0.212343147424713,0.20337078967549502,RFS,InD,METABRIC,DeepSurv,41
7.6,0.2194856781249124,0.20810323847868337,RFS,InD,METABRIC,DeepSurv,41
7.8,0.22528939209374274,0.21217862125493037,RFS,InD,METABRIC,DeepSurv,41
8.0,0.2268735637830332,0.2152087747926299,RFS,InD,METABRIC,DeepSurv,41
8.2,0.22843319417922966,0.21932468090770116,RFS,InD,METABRIC,DeepSurv,41
8.4,0.23328770276537153,0.2216814299671586,RFS,InD,METABRIC,DeepSurv,41
8.6,0.23544920813001483,0.2246971609351778,RFS,InD,METABRIC,DeepSurv,41
8.8,0.23908195178911737,0.22755854398581044,RFS,InD,METABRIC,DeepSurv,41
9.0,0.24199907791504832,0.22926274802218707,RFS,InD,METABRIC,DeepSurv,41
9.2,0.2452303773977893,0.2305851772104906,RFS,InD,METABRIC,DeepSurv,41
9.4,0.24986037836570577,0.2331405288986134,RFS,InD,METABRIC,DeepSurv,41
9.6,0.25413477481231256,0.23376087796262943,RFS,InD,METABRIC,DeepSurv,41
9.8,0.25470884259561394,0.23467277005414192,RFS,InD,METABRIC,DeepSurv,41
10.0,0.25601986605119453,0.23808851538925777,RFS,InD,METABRIC,DeepSurv,41
1.8,0.04334620382329921,0.043806125541477586,RFS,InD,METABRIC,DeepSurv,42
2.0,0.05131035423493357,0.052071913176281674,RFS,InD,METABRIC,DeepSurv,42
2.2,0.05811444232917142,0.05930072197344649,RFS,InD,METABRIC,DeepSurv,42
2.4,0.06922737276224453,0.07078383006770934,RFS,InD,METABRIC,DeepSurv,42
2.6,0.07982458137945242,0.08106715761788698,RFS,InD,METABRIC,DeepSurv,42
2.8,0.0869498586977194,0.08858309412428961,RFS,InD,METABRIC,DeepSurv,42
3.0,0.09514698878282588,0.09673964752687055,RFS,InD,METABRIC,DeepSurv,42
3.2,0.10798313389346326,0.11012049651115244,RFS,InD,METABRIC,DeepSurv,42
3.4,0.11444080294325558,0.11695707172238504,RFS,InD,METABRIC,DeepSurv,42
3.6,0.12687149374297588,0.12868807096491994,RFS,InD,METABRIC,DeepSurv,42
3.8,0.1381234826210339,0.13991948719831937,RFS,InD,METABRIC,DeepSurv,42
4.0,0.14739341427983257,0.14866815988417162,RFS,InD,METABRIC,DeepSurv,42
4.2,0.15361737288402935,0.15643315974610966,RFS,InD,METABRIC,DeepSurv,42
4.4,0.16089188505057414,0.16390196349397484,RFS,InD,METABRIC,DeepSurv,42
4.6,0.16622567639127817,0.16930438416681454,RFS,InD,METABRIC,DeepSurv,42
4.8,0.1713161148279418,0.17397087008396706,RFS,InD,METABRIC,DeepSurv,42
5.0,0.17549092309347897,0.17739700079600745,RFS,InD,METABRIC,DeepSurv,42
5.2,0.17939269590789667,0.1802164064258648,RFS,InD,METABRIC,DeepSurv,42
5.4,0.18488390543307104,0.184656223918031,RFS,InD,METABRIC,DeepSurv,42
5.6,0.18940239242435267,0.18949796881672815,RFS,InD,METABRIC,DeepSurv,42
5.8,0.19330669613667106,0.19314812003392473,RFS,InD,METABRIC,DeepSurv,42
6.0,0.19594373752147867,0.1967095766277166,RFS,InD,METABRIC,DeepSurv,42
6.2,0.19844188555430686,0.20017548354983544,RFS,InD,METABRIC,DeepSurv,42
6.4,0.20051907098001054,0.20353753426297028,RFS,InD,METABRIC,DeepSurv,42
6.6,0.20317935879196367,0.20634009472158896,RFS,InD,METABRIC,DeepSurv,42
6.8,0.208537522873406,0.21083044329581108,RFS,InD,METABRIC,DeepSurv,42
7.0,0.2114287451992216,0.21298762656974027,RFS,InD,METABRIC,DeepSurv,42
7.2,0.21974858698261548,0.21951800859487888,RFS,InD,METABRIC,DeepSurv,42
7.4,0.22228204685476027,0.22183586941791028,RFS,InD,METABRIC,DeepSurv,42
7.6,0.22748588204203157,0.22516497698220775,RFS,InD,METABRIC,DeepSurv,42
7.8,0.228901066067007,0.22623648931759266,RFS,InD,METABRIC,DeepSurv,42
8.0,0.2306265736770772,0.22728437643995572,RFS,InD,METABRIC,DeepSurv,42
8.2,0.23168568585778987,0.22931454691868308,RFS,InD,METABRIC,DeepSurv,42
8.4,0.23566271035290745,0.23159235278221632,RFS,InD,METABRIC,DeepSurv,42
8.6,0.23891818948285296,0.23315787615110958,RFS,InD,METABRIC,DeepSurv,42
8.8,0.2425499889545847,0.23553335661088823,RFS,InD,METABRIC,DeepSurv,42
9.0,0.24293018399264887,0.236936949634447,RFS,InD,METABRIC,DeepSurv,42
9.2,0.24385068074881325,0.23827607728722774,RFS,InD,METABRIC,DeepSurv,42
9.4,0.24919011216394907,0.24077587967129577,RFS,InD,METABRIC,DeepSurv,42
9.6,0.2512626625850892,0.2423690660483852,RFS,InD,METABRIC,DeepSurv,42
9.8,0.2543833846066502,0.24301112847262402,RFS,InD,METABRIC,DeepSurv,42
10.0,0.25538166841828935,0.24478821237999454,RFS,InD,METABRIC,DeepSurv,42
1.8,0.045965769140628505,0.044798050596640944,RFS,InD,METABRIC,DeepSurv,43
2.0,0.055696195764467465,0.05399552918642347,RFS,InD,METABRIC,DeepSurv,43
2.2,0.05982486466851091,0.057629637048686705,RFS,InD,METABRIC,DeepSurv,43
2.4,0.07045385227342264,0.06923123712788447,RFS,InD,METABRIC,DeepSurv,43
2.6,0.07735947429229224,0.07446678737255424,RFS,InD,METABRIC,DeepSurv,43
2.8,0.08472130671446515,0.08217585786770577,RFS,InD,METABRIC,DeepSurv,43
3.0,0.09691194846737948,0.09382743146682491,RFS,InD,METABRIC,DeepSurv,43
3.2,0.10869227528678146,0.10506891343023635,RFS,InD,METABRIC,DeepSurv,43
3.4,0.112700502149356,0.1074241022713713,RFS,InD,METABRIC,DeepSurv,43
3.6,0.12566339964700132,0.12338415080800577,RFS,InD,METABRIC,DeepSurv,43
3.8,0.13192732631299936,0.1285045081882423,RFS,InD,METABRIC,DeepSurv,43
4.0,0.13655405489910763,0.13493711247884915,RFS,InD,METABRIC,DeepSurv,43
4.2,0.14529795903586493,0.14325666129730955,RFS,InD,METABRIC,DeepSurv,43
4.4,0.15246532391133422,0.1506185224960873,RFS,InD,METABRIC,DeepSurv,43
4.6,0.15872581680064,0.15708941334474133,RFS,InD,METABRIC,DeepSurv,43
4.8,0.16477872433459756,0.16087487328409694,RFS,InD,METABRIC,DeepSurv,43
5.0,0.16938818773223738,0.16705252606357215,RFS,InD,METABRIC,DeepSurv,43
5.2,0.17302965650135005,0.1700742065435371,RFS,InD,METABRIC,DeepSurv,43
5.4,0.1807796726960119,0.17483869523893533,RFS,InD,METABRIC,DeepSurv,43
5.6,0.18460790939213872,0.1783280643055034,RFS,InD,METABRIC,DeepSurv,43
5.8,0.18827531071208156,0.18287472988739742,RFS,InD,METABRIC,DeepSurv,43
6.0,0.19480126802453748,0.1894347966520456,RFS,InD,METABRIC,DeepSurv,43
6.2,0.19679752677706125,0.19261348683459145,RFS,InD,METABRIC,DeepSurv,43
6.4,0.2007400655067821,0.19725068305138307,RFS,InD,METABRIC,DeepSurv,43
6.6,0.20397339531597988,0.20074873824231332,RFS,InD,METABRIC,DeepSurv,43
6.8,0.20944168015446057,0.20648837872407336,RFS,InD,METABRIC,DeepSurv,43
7.0,0.20997409305575368,0.20878878076241641,RFS,InD,METABRIC,DeepSurv,43
7.2,0.21614417274737124,0.21449939257751013,RFS,InD,METABRIC,DeepSurv,43
7.4,0.2196989770069453,0.2170093671022275,RFS,InD,METABRIC,DeepSurv,43
7.6,0.22554044474964915,0.22139202254167764,RFS,InD,METABRIC,DeepSurv,43
7.8,0.22839051656378392,0.22291849670886463,RFS,InD,METABRIC,DeepSurv,43
8.0,0.22982309716176025,0.22440948572711872,RFS,InD,METABRIC,DeepSurv,43
8.2,0.23136198792769497,0.2265722209455091,RFS,InD,METABRIC,DeepSurv,43
8.4,0.23329124359885742,0.22762247390816318,RFS,InD,METABRIC,DeepSurv,43
8.6,0.23555655100518413,0.23003102491230956,RFS,InD,METABRIC,DeepSurv,43
8.8,0.23681086556127706,0.23294979621174014,RFS,InD,METABRIC,DeepSurv,43
9.0,0.2371296623329019,0.23357152507786896,RFS,InD,METABRIC,DeepSurv,43
9.2,0.2401707928599075,0.23508567026664576,RFS,InD,METABRIC,DeepSurv,43
9.4,0.24539350993126816,0.23872369730422435,RFS,InD,METABRIC,DeepSurv,43
9.6,0.2481290693358094,0.2397511605486925,RFS,InD,METABRIC,DeepSurv,43
9.8,0.2495376290374913,0.24024978599383986,RFS,InD,METABRIC,DeepSurv,43
10.0,0.2493396555747136,0.24212563457447508,RFS,InD,METABRIC,DeepSurv,43
1.6,0.041719810858065386,0.04100434652225919,RFS,InD,METABRIC,DeepSurv,44
1.8,0.05040216050512364,0.049337542265907565,RFS,InD,METABRIC,DeepSurv,44
2.0,0.0625402691591234,0.061096932794607164,RFS,InD,METABRIC,DeepSurv,44
2.2,0.06815822261376853,0.06641667319519758,RFS,InD,METABRIC,DeepSurv,44
2.4,0.07859404329068116,0.07684246823919638,RFS,InD,METABRIC,DeepSurv,44
2.6,0.09430529444619433,0.09191933375150364,RFS,InD,METABRIC,DeepSurv,44
2.8,0.10046480112723657,0.09760545417622593,RFS,InD,METABRIC,DeepSurv,44
3.0,0.10638628183218572,0.10320302197193568,RFS,InD,METABRIC,DeepSurv,44
3.2,0.11444612171667472,0.11179040616078283,RFS,InD,METABRIC,DeepSurv,44
3.4,0.12303671673395317,0.12161080028660894,RFS,InD,METABRIC,DeepSurv,44
3.6,0.13052878697838735,0.12964369455783414,RFS,InD,METABRIC,DeepSurv,44
3.8,0.13945110698425456,0.13952235258781417,RFS,InD,METABRIC,DeepSurv,44
4.0,0.1458019626657283,0.1469906520422828,RFS,InD,METABRIC,DeepSurv,44
4.2,0.15196839312221153,0.15420335188007445,RFS,InD,METABRIC,DeepSurv,44
4.4,0.15881685193099448,0.15991978985294175,RFS,InD,METABRIC,DeepSurv,44
4.6,0.16532535755530367,0.16606515356340074,RFS,InD,METABRIC,DeepSurv,44
4.8,0.17022407827538236,0.1708305695887791,RFS,InD,METABRIC,DeepSurv,44
5.0,0.17448884977357687,0.17490360732425253,RFS,InD,METABRIC,DeepSurv,44
5.2,0.17757551214246486,0.17719155892559899,RFS,InD,METABRIC,DeepSurv,44
5.4,0.18383943154736487,0.18168705134880528,RFS,InD,METABRIC,DeepSurv,44
5.6,0.1874023815529289,0.1855069442290924,RFS,InD,METABRIC,DeepSurv,44
5.8,0.19210802988486073,0.18922504471644114,RFS,InD,METABRIC,DeepSurv,44
6.0,0.19669401040101983,0.1933531686318626,RFS,InD,METABRIC,DeepSurv,44
6.2,0.19760646088802777,0.19536853700549153,RFS,InD,METABRIC,DeepSurv,44
6.4,0.19918820772351523,0.19784642233918506,RFS,InD,METABRIC,DeepSurv,44
6.6,0.20101319788199778,0.19931672073823595,RFS,InD,METABRIC,DeepSurv,44
6.8,0.20715594504010676,0.2040881263245127,RFS,InD,METABRIC,DeepSurv,44
7.0,0.20903978601385176,0.2068467161072851,RFS,InD,METABRIC,DeepSurv,44
7.2,0.2154666749172518,0.21126664874498696,RFS,InD,METABRIC,DeepSurv,44
7.4,0.21829120825007892,0.2125597376448987,RFS,InD,METABRIC,DeepSurv,44
7.6,0.2244562235365543,0.21753814056209667,RFS,InD,METABRIC,DeepSurv,44
7.8,0.22621124868001632,0.2195257505810185,RFS,InD,METABRIC,DeepSurv,44
8.0,0.2284717531683025,0.22069074314694742,RFS,InD,METABRIC,DeepSurv,44
8.2,0.23038297148321696,0.22183682610531733,RFS,InD,METABRIC,DeepSurv,44
8.4,0.23481302491584224,0.2244461604134891,RFS,InD,METABRIC,DeepSurv,44
8.6,0.236948490057525,0.22730574761526523,RFS,InD,METABRIC,DeepSurv,44
8.8,0.23976049966173685,0.23000786784913319,RFS,InD,METABRIC,DeepSurv,44
9.0,0.24183286011521987,0.23162060750924568,RFS,InD,METABRIC,DeepSurv,44
9.2,0.2427182511361137,0.2328682970566275,RFS,InD,METABRIC,DeepSurv,44
9.4,0.24667964355255984,0.23498209408004025,RFS,InD,METABRIC,DeepSurv,44
9.6,0.24817695769121167,0.23613902008979773,RFS,InD,METABRIC,DeepSurv,44
9.8,0.24827541924296437,0.23698316260969063,RFS,InD,METABRIC,DeepSurv,44
10.0,0.2528744018625919,0.24011923321560377,RFS,InD,METABRIC,DeepSurv,44
1.8,0.051535735407820256,0.05009790268541527,RFS,InD,METABRIC,ENCox,40
2.0,0.06429330343659831,0.06177358067103276,RFS,InD,METABRIC,ENCox,40
2.2,0.07053056644697273,0.06792350849884586,RFS,InD,METABRIC,ENCox,40
2.4,0.08071976399778502,0.07823657823425569,RFS,InD,METABRIC,ENCox,40
2.6,0.09201156752626706,0.08907535825595224,RFS,InD,METABRIC,ENCox,40
2.8,0.09914669389764444,0.09476966593073878,RFS,InD,METABRIC,ENCox,40
3.0,0.11060206642709138,0.10432166064417517,RFS,InD,METABRIC,ENCox,40
3.2,0.12194934076213848,0.11432928110558634,RFS,InD,METABRIC,ENCox,40
3.4,0.12696609096055614,0.11808355074622415,RFS,InD,METABRIC,ENCox,40
3.6,0.1395890899871375,0.12615839802918788,RFS,InD,METABRIC,ENCox,40
3.8,0.14585739159708008,0.13330091641102282,RFS,InD,METABRIC,ENCox,40
4.0,0.1506455635894545,0.13887360852977762,RFS,InD,METABRIC,ENCox,40
4.2,0.15921619928986988,0.14632542666431733,RFS,InD,METABRIC,ENCox,40
4.4,0.16736466609639528,0.1522460023408419,RFS,InD,METABRIC,ENCox,40
4.6,0.17340848263724548,0.1573674594859293,RFS,InD,METABRIC,ENCox,40
4.8,0.17961024183750426,0.1629732942499588,RFS,InD,METABRIC,ENCox,40
5.0,0.1836924818621713,0.16724396243979958,RFS,InD,METABRIC,ENCox,40
5.2,0.18601789555632353,0.16965211570584066,RFS,InD,METABRIC,ENCox,40
5.4,0.19396282841459184,0.17322658866638221,RFS,InD,METABRIC,ENCox,40
5.6,0.19926447688522397,0.17787724150819362,RFS,InD,METABRIC,ENCox,40
5.8,0.20097459569187545,0.1801562992701748,RFS,InD,METABRIC,ENCox,40
6.0,0.20410216215938454,0.18572797169718563,RFS,InD,METABRIC,ENCox,40
6.2,0.2066982853092836,0.18790588524118365,RFS,InD,METABRIC,ENCox,40
6.4,0.21249372584453827,0.1911186843605053,RFS,InD,METABRIC,ENCox,40
6.6,0.2168467151706261,0.1947765311325662,RFS,InD,METABRIC,ENCox,40
6.8,0.22230595617925478,0.20128761631670464,RFS,InD,METABRIC,ENCox,40
7.0,0.22653896047788336,0.20322058449848948,RFS,InD,METABRIC,ENCox,40
7.2,0.2333726862191102,0.2088101367275353,RFS,InD,METABRIC,ENCox,40
7.4,0.2367798179821228,0.21279938538425724,RFS,InD,METABRIC,ENCox,40
7.6,0.2411618617812339,0.219036274779728,RFS,InD,METABRIC,ENCox,40
7.8,0.24375646847846502,0.22100642165696383,RFS,InD,METABRIC,ENCox,40
8.0,0.2473117394620441,0.22291181664007517,RFS,InD,METABRIC,ENCox,40
8.2,0.24614968246298988,0.22583126831839803,RFS,InD,METABRIC,ENCox,40
8.4,0.24878896087916802,0.22826733021881837,RFS,InD,METABRIC,ENCox,40
8.6,0.25013915003230686,0.23060229126595838,RFS,InD,METABRIC,ENCox,40
8.8,0.2508598801541352,0.2328271021938452,RFS,InD,METABRIC,ENCox,40
9.0,0.25201172652976384,0.23344159756087404,RFS,InD,METABRIC,ENCox,40
9.2,0.2552084534278372,0.2340503246119877,RFS,InD,METABRIC,ENCox,40
9.4,0.2556780415821893,0.23723640232018842,RFS,InD,METABRIC,ENCox,40
9.6,0.25884683718871143,0.2385794272804656,RFS,InD,METABRIC,ENCox,40
9.8,0.2581090856814967,0.2396082969256367,RFS,InD,METABRIC,ENCox,40
10.0,0.2614638932717828,0.24107770516459862,RFS,InD,METABRIC,ENCox,40
1.6,0.03817964517609342,0.03828004930667394,RFS,InD,METABRIC,ENCox,41
1.8,0.045142761247527634,0.044834414691411,RFS,InD,METABRIC,ENCox,41
2.0,0.05570818460628657,0.05492896325190109,RFS,InD,METABRIC,ENCox,41
2.2,0.06333605580831168,0.06300263758443388,RFS,InD,METABRIC,ENCox,41
2.4,0.07449352524937064,0.07524309171865956,RFS,InD,METABRIC,ENCox,41
2.6,0.08267165821829486,0.0845728047612073,RFS,InD,METABRIC,ENCox,41
2.8,0.09070446155961842,0.09284272458342378,RFS,InD,METABRIC,ENCox,41
3.0,0.09925238440122773,0.10172545435627045,RFS,InD,METABRIC,ENCox,41
3.2,0.11041426572403239,0.11419223463057677,RFS,InD,METABRIC,ENCox,41
3.4,0.11435572339718865,0.11872616107540845,RFS,InD,METABRIC,ENCox,41
3.6,0.1263165478315066,0.13115428283734842,RFS,InD,METABRIC,ENCox,41
3.8,0.13232191952002054,0.13819420476908054,RFS,InD,METABRIC,ENCox,41
4.0,0.13949875419481558,0.14569805151112208,RFS,InD,METABRIC,ENCox,41
4.2,0.14451707851612597,0.1509916924699058,RFS,InD,METABRIC,ENCox,41
4.4,0.15053042133556704,0.15931020606895444,RFS,InD,METABRIC,ENCox,41
4.6,0.15147183003905332,0.15993497541461796,RFS,InD,METABRIC,ENCox,41
4.8,0.1574664503870257,0.16546634561770376,RFS,InD,METABRIC,ENCox,41
5.0,0.16029112714560786,0.16847861662751876,RFS,InD,METABRIC,ENCox,41
5.2,0.1626090236084444,0.17086132017824918,RFS,InD,METABRIC,ENCox,41
5.4,0.16673680703504157,0.1743989111548601,RFS,InD,METABRIC,ENCox,41
5.6,0.1699376238629538,0.17729203987069525,RFS,InD,METABRIC,ENCox,41
5.8,0.17169044199674305,0.17957183083810202,RFS,InD,METABRIC,ENCox,41
6.0,0.17586812562528492,0.18294590114585585,RFS,InD,METABRIC,ENCox,41
6.2,0.17708046451280166,0.1846135675792805,RFS,InD,METABRIC,ENCox,41
6.4,0.18131884612655014,0.1889907372093912,RFS,InD,METABRIC,ENCox,41
6.6,0.18401583509418187,0.19167401761007233,RFS,InD,METABRIC,ENCox,41
6.8,0.18743290784051397,0.1948242967166968,RFS,InD,METABRIC,ENCox,41
7.0,0.1906348901893052,0.19688853502881892,RFS,InD,METABRIC,ENCox,41
7.2,0.19481148012179328,0.20141511747699076,RFS,InD,METABRIC,ENCox,41
7.4,0.19715538312473305,0.20337078967549502,RFS,InD,METABRIC,ENCox,41
7.6,0.2033643256014027,0.20810323847868337,RFS,InD,METABRIC,ENCox,41
7.8,0.20678310571010663,0.21217862125493037,RFS,InD,METABRIC,ENCox,41
8.0,0.20907011754594929,0.2152087747926299,RFS,InD,METABRIC,ENCox,41
8.2,0.21215719376336048,0.21932468090770116,RFS,InD,METABRIC,ENCox,41
8.4,0.2156445384600688,0.2216814299671586,RFS,InD,METABRIC,ENCox,41
8.6,0.21808146947407356,0.2246971609351778,RFS,InD,METABRIC,ENCox,41
8.8,0.2207582192918819,0.22755854398581044,RFS,InD,METABRIC,ENCox,41
9.0,0.22296889701622966,0.22926274802218707,RFS,InD,METABRIC,ENCox,41
9.2,0.22564623992910302,0.2305851772104906,RFS,InD,METABRIC,ENCox,41
9.4,0.22936894529663113,0.2331405288986134,RFS,InD,METABRIC,ENCox,41
9.6,0.23269279838179746,0.23376087796262943,RFS,InD,METABRIC,ENCox,41
9.8,0.2344870453804663,0.23467277005414192,RFS,InD,METABRIC,ENCox,41
10.0,0.23603140399091133,0.23808851538925777,RFS,InD,METABRIC,ENCox,41
1.8,0.04331068780535241,0.043806125541477586,RFS,InD,METABRIC,ENCox,42
2.0,0.051420861586588124,0.052071913176281674,RFS,InD,METABRIC,ENCox,42
2.2,0.05844001600892448,0.05930072197344649,RFS,InD,METABRIC,ENCox,42
2.4,0.0695476304126189,0.07078383006770934,RFS,InD,METABRIC,ENCox,42
2.6,0.07966529526886675,0.08106715761788698,RFS,InD,METABRIC,ENCox,42
2.8,0.08695271439970557,0.08858309412428961,RFS,InD,METABRIC,ENCox,42
3.0,0.09477079994527221,0.09673964752687055,RFS,InD,METABRIC,ENCox,42
3.2,0.10742947424496227,0.11012049651115244,RFS,InD,METABRIC,ENCox,42
3.4,0.11383232857389748,0.11695707172238504,RFS,InD,METABRIC,ENCox,42
3.6,0.1252552841514268,0.12868807096491994,RFS,InD,METABRIC,ENCox,42
3.8,0.13566789708535973,0.13991948719831937,RFS,InD,METABRIC,ENCox,42
4.0,0.14428946162838116,0.14866815988417162,RFS,InD,METABRIC,ENCox,42
4.2,0.15088473975154115,0.15643315974610966,RFS,InD,METABRIC,ENCox,42
4.4,0.15776675357459227,0.16390196349397484,RFS,InD,METABRIC,ENCox,42
4.6,0.1632477677349714,0.16930438416681454,RFS,InD,METABRIC,ENCox,42
4.8,0.16783137216711783,0.17397087008396706,RFS,InD,METABRIC,ENCox,42
5.0,0.17129237722628554,0.17739700079600745,RFS,InD,METABRIC,ENCox,42
5.2,0.17416550359487792,0.1802164064258648,RFS,InD,METABRIC,ENCox,42
5.4,0.17860728268862464,0.184656223918031,RFS,InD,METABRIC,ENCox,42
5.6,0.18356800265904247,0.18949796881672815,RFS,InD,METABRIC,ENCox,42
5.8,0.18727290479544995,0.19314812003392473,RFS,InD,METABRIC,ENCox,42
6.0,0.1905485908143189,0.1967095766277166,RFS,InD,METABRIC,ENCox,42
6.2,0.1942884119760916,0.20017548354983544,RFS,InD,METABRIC,ENCox,42
6.4,0.19768973021523437,0.20353753426297028,RFS,InD,METABRIC,ENCox,42
6.6,0.19998871737041732,0.20634009472158896,RFS,InD,METABRIC,ENCox,42
6.8,0.20468233534247648,0.21083044329581108,RFS,InD,METABRIC,ENCox,42
7.0,0.20741481460914757,0.21298762656974027,RFS,InD,METABRIC,ENCox,42
7.2,0.2143408519403348,0.21951800859487888,RFS,InD,METABRIC,ENCox,42
7.4,0.21613086450032554,0.22183586941791028,RFS,InD,METABRIC,ENCox,42
7.6,0.21918071769183942,0.22516497698220775,RFS,InD,METABRIC,ENCox,42
7.8,0.21930170022883272,0.22623648931759266,RFS,InD,METABRIC,ENCox,42
8.0,0.22026919452179206,0.22728437643995572,RFS,InD,METABRIC,ENCox,42
8.2,0.22190914047975388,0.22931454691868308,RFS,InD,METABRIC,ENCox,42
8.4,0.22431788931644495,0.23159235278221632,RFS,InD,METABRIC,ENCox,42
8.6,0.2256263184903346,0.23315787615110958,RFS,InD,METABRIC,ENCox,42
8.8,0.22801087472152898,0.23553335661088823,RFS,InD,METABRIC,ENCox,42
9.0,0.2293116678507275,0.236936949634447,RFS,InD,METABRIC,ENCox,42
9.2,0.23088087162360432,0.23827607728722774,RFS,InD,METABRIC,ENCox,42
9.4,0.2333062033965725,0.24077587967129577,RFS,InD,METABRIC,ENCox,42
9.6,0.23548808990068879,0.2423690660483852,RFS,InD,METABRIC,ENCox,42
9.8,0.23650637127119759,0.24301112847262402,RFS,InD,METABRIC,ENCox,42
10.0,0.23798648086263482,0.24478821237999454,RFS,InD,METABRIC,ENCox,42
1.8,0.044047398534349594,0.044798050596640944,RFS,InD,METABRIC,ENCox,43
2.0,0.0527669974701224,0.05399552918642347,RFS,InD,METABRIC,ENCox,43
2.2,0.05614194138389122,0.057629637048686705,RFS,InD,METABRIC,ENCox,43
2.4,0.06710594469465415,0.06923123712788447,RFS,InD,METABRIC,ENCox,43
2.6,0.07257874265226104,0.07446678737255424,RFS,InD,METABRIC,ENCox,43
2.8,0.07947407004771032,0.08217585786770577,RFS,InD,METABRIC,ENCox,43
3.0,0.09051738185741025,0.09382743146682491,RFS,InD,METABRIC,ENCox,43
3.2,0.10030455024497452,0.10506891343023635,RFS,InD,METABRIC,ENCox,43
3.4,0.10264010846101354,0.1074241022713713,RFS,InD,METABRIC,ENCox,43
3.6,0.1171453697690922,0.12338415080800577,RFS,InD,METABRIC,ENCox,43
3.8,0.12202818639326343,0.1285045081882423,RFS,InD,METABRIC,ENCox,43
4.0,0.12783321765379146,0.13493711247884915,RFS,InD,METABRIC,ENCox,43
4.2,0.13660764408536463,0.14325666129730955,RFS,InD,METABRIC,ENCox,43
4.4,0.14355837340400476,0.1506185224960873,RFS,InD,METABRIC,ENCox,43
4.6,0.14910117339406626,0.15708941334474133,RFS,InD,METABRIC,ENCox,43
4.8,0.15354955418850152,0.16087487328409694,RFS,InD,METABRIC,ENCox,43
5.0,0.1587680978178246,0.16705252606357215,RFS,InD,METABRIC,ENCox,43
5.2,0.16166858048399096,0.1700742065435371,RFS,InD,METABRIC,ENCox,43
5.4,0.1676090448477192,0.17483869523893533,RFS,InD,METABRIC,ENCox,43
5.6,0.17050186281516602,0.1783280643055034,RFS,InD,METABRIC,ENCox,43
5.8,0.17407700096904663,0.18287472988739742,RFS,InD,METABRIC,ENCox,43
6.0,0.18008271891300112,0.1894347966520456,RFS,InD,METABRIC,ENCox,43
6.2,0.18319507207412822,0.19261348683459145,RFS,InD,METABRIC,ENCox,43
6.4,0.18712247851264002,0.19725068305138307,RFS,InD,METABRIC,ENCox,43
6.6,0.1904144436269873,0.20074873824231332,RFS,InD,METABRIC,ENCox,43
6.8,0.1956813846313305,0.20648837872407336,RFS,InD,METABRIC,ENCox,43
7.0,0.19727950951045478,0.20878878076241641,RFS,InD,METABRIC,ENCox,43
7.2,0.20250649983904706,0.21449939257751013,RFS,InD,METABRIC,ENCox,43
7.4,0.20543602410879852,0.2170093671022275,RFS,InD,METABRIC,ENCox,43
7.6,0.210108400319795,0.22139202254167764,RFS,InD,METABRIC,ENCox,43
7.8,0.21237827712420668,0.22291849670886463,RFS,InD,METABRIC,ENCox,43
8.0,0.2135427890281288,0.22440948572711872,RFS,InD,METABRIC,ENCox,43
8.2,0.2153880204128403,0.2265722209455091,RFS,InD,METABRIC,ENCox,43
8.4,0.21710062125948126,0.22762247390816318,RFS,InD,METABRIC,ENCox,43
8.6,0.21885223694027384,0.23003102491230956,RFS,InD,METABRIC,ENCox,43
8.8,0.22031400324839837,0.23294979621174014,RFS,InD,METABRIC,ENCox,43
9.0,0.22143158473544977,0.23357152507786896,RFS,InD,METABRIC,ENCox,43
9.2,0.22341657534965667,0.23508567026664576,RFS,InD,METABRIC,ENCox,43
9.4,0.22604615025941108,0.23872369730422435,RFS,InD,METABRIC,ENCox,43
9.6,0.22761667691246118,0.2397511605486925,RFS,InD,METABRIC,ENCox,43
9.8,0.22887834059575612,0.24024978599383986,RFS,InD,METABRIC,ENCox,43
10.0,0.2301702244620222,0.24212563457447508,RFS,InD,METABRIC,ENCox,43
1.6,0.04119204067804588,0.04100434652225919,RFS,InD,METABRIC,ENCox,44
1.8,0.04917565210281759,0.049337542265907565,RFS,InD,METABRIC,ENCox,44
2.0,0.060551813996083344,0.061096932794607164,RFS,InD,METABRIC,ENCox,44
2.2,0.06570095682008827,0.06641667319519758,RFS,InD,METABRIC,ENCox,44
2.4,0.07633507078236225,0.07684246823919638,RFS,InD,METABRIC,ENCox,44
2.6,0.0921160043558704,0.09191933375150364,RFS,InD,METABRIC,ENCox,44
2.8,0.0974192493324118,0.09760545417622593,RFS,InD,METABRIC,ENCox,44
3.0,0.1032405001577832,0.10320302197193568,RFS,InD,METABRIC,ENCox,44
3.2,0.11097556713188723,0.11179040616078283,RFS,InD,METABRIC,ENCox,44
3.4,0.1186726844673835,0.12161080028660894,RFS,InD,METABRIC,ENCox,44
3.6,0.12643420978782097,0.12964369455783414,RFS,InD,METABRIC,ENCox,44
3.8,0.13552196475968578,0.13952235258781417,RFS,InD,METABRIC,ENCox,44
4.0,0.14302069189515113,0.1469906520422828,RFS,InD,METABRIC,ENCox,44
4.2,0.1493680006707469,0.15420335188007445,RFS,InD,METABRIC,ENCox,44
4.4,0.15509111685628024,0.15991978985294175,RFS,InD,METABRIC,ENCox,44
4.6,0.16101867230720876,0.16606515356340074,RFS,InD,METABRIC,ENCox,44
4.8,0.16515249799999282,0.1708305695887791,RFS,InD,METABRIC,ENCox,44
5.0,0.16915902080022835,0.17490360732425253,RFS,InD,METABRIC,ENCox,44
5.2,0.17236290781509825,0.17719155892559899,RFS,InD,METABRIC,ENCox,44
5.4,0.178344397405802,0.18168705134880528,RFS,InD,METABRIC,ENCox,44
5.6,0.18182693714048628,0.1855069442290924,RFS,InD,METABRIC,ENCox,44
5.8,0.18596003625937027,0.18922504471644114,RFS,InD,METABRIC,ENCox,44
6.0,0.1902923507506383,0.1933531686318626,RFS,InD,METABRIC,ENCox,44
6.2,0.19232026448830022,0.19536853700549153,RFS,InD,METABRIC,ENCox,44
6.4,0.1945147207780174,0.19784642233918506,RFS,InD,METABRIC,ENCox,44
6.6,0.19680582587460843,0.19931672073823595,RFS,InD,METABRIC,ENCox,44
6.8,0.20216975604164147,0.2040881263245127,RFS,InD,METABRIC,ENCox,44
7.0,0.20498671623004075,0.2068467161072851,RFS,InD,METABRIC,ENCox,44
7.2,0.2118112113425289,0.21126664874498696,RFS,InD,METABRIC,ENCox,44
7.4,0.21541402056456055,0.2125597376448987,RFS,InD,METABRIC,ENCox,44
7.6,0.21957121316331066,0.21753814056209667,RFS,InD,METABRIC,ENCox,44
7.8,0.22040551327300914,0.2195257505810185,RFS,InD,METABRIC,ENCox,44
8.0,0.22282829496701728,0.22069074314694742,RFS,InD,METABRIC,ENCox,44
8.2,0.22546200923771412,0.22183682610531733,RFS,InD,METABRIC,ENCox,44
8.4,0.23091573471928992,0.2244461604134891,RFS,InD,METABRIC,ENCox,44
8.6,0.23291047416056884,0.22730574761526523,RFS,InD,METABRIC,ENCox,44
8.8,0.2332651373831994,0.23000786784913319,RFS,InD,METABRIC,ENCox,44
9.0,0.23463873692734882,0.23162060750924568,RFS,InD,METABRIC,ENCox,44
9.2,0.23634973648365915,0.2328682970566275,RFS,InD,METABRIC,ENCox,44
9.4,0.24056378340426907,0.23498209408004025,RFS,InD,METABRIC,ENCox,44
9.6,0.24262085332572203,0.23613902008979773,RFS,InD,METABRIC,ENCox,44
9.8,0.24416347207321978,0.23698316260969063,RFS,InD,METABRIC,ENCox,44
10.0,0.24912700870392737,0.24011923321560377,RFS,InD,METABRIC,ENCox,44
1.8,0.05371035257471657,0.05009790268541527,RFS,InD,METABRIC,LH,40
2.0,0.06422229187470331,0.06177358067103276,RFS,InD,METABRIC,LH,40
2.2,0.0697854917582215,0.06792350849884586,RFS,InD,METABRIC,LH,40
2.4,0.07988243443562887,0.07823657823425569,RFS,InD,METABRIC,LH,40
2.6,0.09038259433890308,0.08907535825595224,RFS,InD,METABRIC,LH,40
2.8,0.0959524015841493,0.09476966593073878,RFS,InD,METABRIC,LH,40
3.0,0.10559348615940024,0.10432166064417517,RFS,InD,METABRIC,LH,40
3.2,0.13786907097023135,0.11432928110558634,RFS,InD,METABRIC,LH,40
3.4,0.1376342161944859,0.11808355074622415,RFS,InD,METABRIC,LH,40
3.6,0.14328757626896485,0.12615839802918788,RFS,InD,METABRIC,LH,40
3.8,0.14745743754122273,0.13330091641102282,RFS,InD,METABRIC,LH,40
4.0,0.14914092947672114,0.13887360852977762,RFS,InD,METABRIC,LH,40
4.2,0.15501008009405556,0.14632542666431733,RFS,InD,METABRIC,LH,40
4.4,0.15798123134641742,0.1522460023408419,RFS,InD,METABRIC,LH,40
4.6,0.16255639172402322,0.1573674594859293,RFS,InD,METABRIC,LH,40
4.8,0.16674838371607706,0.1629732942499588,RFS,InD,METABRIC,LH,40
5.0,0.16976128561967513,0.16724396243979958,RFS,InD,METABRIC,LH,40
5.2,0.1717728518751214,0.16965211570584066,RFS,InD,METABRIC,LH,40
5.4,0.17659392210638572,0.17322658866638221,RFS,InD,METABRIC,LH,40
5.6,0.1820127774047314,0.17787724150819362,RFS,InD,METABRIC,LH,40
5.8,0.18485738645970676,0.1801562992701748,RFS,InD,METABRIC,LH,40
6.0,0.19118708797277104,0.18572797169718563,RFS,InD,METABRIC,LH,40
6.2,0.1921562713255472,0.18790588524118365,RFS,InD,METABRIC,LH,40
6.4,0.22683450041603972,0.1911186843605053,RFS,InD,METABRIC,LH,40
6.6,0.2294664633037439,0.1947765311325662,RFS,InD,METABRIC,LH,40
6.8,0.23257711767951267,0.20128761631670464,RFS,InD,METABRIC,LH,40
7.0,0.2342464235457049,0.20322058449848948,RFS,InD,METABRIC,LH,40
7.2,0.23553234833033354,0.2088101367275353,RFS,InD,METABRIC,LH,40
7.4,0.23824403634978736,0.21279938538425724,RFS,InD,METABRIC,LH,40
7.6,0.24053038101649404,0.219036274779728,RFS,InD,METABRIC,LH,40
7.8,0.2412805844670926,0.22100642165696383,RFS,InD,METABRIC,LH,40
8.0,0.24365027650226662,0.22291181664007517,RFS,InD,METABRIC,LH,40
8.2,0.24505957215511795,0.22583126831839803,RFS,InD,METABRIC,LH,40
8.4,0.24463724699797326,0.22826733021881837,RFS,InD,METABRIC,LH,40
8.6,0.24599721377131936,0.23060229126595838,RFS,InD,METABRIC,LH,40
8.8,0.24712295871508283,0.2328271021938452,RFS,InD,METABRIC,LH,40
9.0,0.2473590494685478,0.23344159756087404,RFS,InD,METABRIC,LH,40
9.2,0.24825556037523683,0.2340503246119877,RFS,InD,METABRIC,LH,40
9.4,0.2680421938098243,0.23723640232018842,RFS,InD,METABRIC,LH,40
9.6,0.26716837153012624,0.2385794272804656,RFS,InD,METABRIC,LH,40
9.8,0.26775247311032424,0.2396082969256367,RFS,InD,METABRIC,LH,40
10.0,0.2672920786504446,0.24107770516459862,RFS,InD,METABRIC,LH,40
1.6,0.04866086940481017,0.03828004930667394,RFS,InD,METABRIC,LH,41
1.8,0.054016613897507934,0.044834414691411,RFS,InD,METABRIC,LH,41
2.0,0.06336692880189206,0.05492896325190109,RFS,InD,METABRIC,LH,41
2.2,0.06954827226658779,0.06300263758443388,RFS,InD,METABRIC,LH,41
2.4,0.08011015287023456,0.07524309171865956,RFS,InD,METABRIC,LH,41
2.6,0.08752357161997092,0.0845728047612073,RFS,InD,METABRIC,LH,41
2.8,0.09526634915705726,0.09284272458342378,RFS,InD,METABRIC,LH,41
3.0,0.10373635122826805,0.10172545435627045,RFS,InD,METABRIC,LH,41
3.2,0.11494697420632614,0.11419223463057677,RFS,InD,METABRIC,LH,41
3.4,0.139615617470966,0.11872616107540845,RFS,InD,METABRIC,LH,41
3.6,0.14883461098996625,0.13115428283734842,RFS,InD,METABRIC,LH,41
3.8,0.15158634128600681,0.13819420476908054,RFS,InD,METABRIC,LH,41
4.0,0.15560190827586498,0.14569805151112208,RFS,InD,METABRIC,LH,41
4.2,0.16098644025683007,0.1509916924699058,RFS,InD,METABRIC,LH,41
4.4,0.16766343921589275,0.15931020606895444,RFS,InD,METABRIC,LH,41
4.6,0.16764703931693406,0.15993497541461796,RFS,InD,METABRIC,LH,41
4.8,0.1720118848320321,0.16546634561770376,RFS,InD,METABRIC,LH,41
5.0,0.17477641296791016,0.16847861662751876,RFS,InD,METABRIC,LH,41
5.2,0.17732282815133074,0.17086132017824918,RFS,InD,METABRIC,LH,41
5.4,0.18240700155721828,0.1743989111548601,RFS,InD,METABRIC,LH,41
5.6,0.1841334259044151,0.17729203987069525,RFS,InD,METABRIC,LH,41
5.8,0.1864065935340337,0.17957183083810202,RFS,InD,METABRIC,LH,41
6.0,0.1891362616319698,0.18294590114585585,RFS,InD,METABRIC,LH,41
6.2,0.18956546811177022,0.1846135675792805,RFS,InD,METABRIC,LH,41
6.4,0.1938438666969411,0.1889907372093912,RFS,InD,METABRIC,LH,41
6.6,0.22212777081156132,0.19167401761007233,RFS,InD,METABRIC,LH,41
6.8,0.22422483199420248,0.1948242967166968,RFS,InD,METABRIC,LH,41
7.0,0.22678386100835535,0.19688853502881892,RFS,InD,METABRIC,LH,41
7.2,0.230813759635278,0.20141511747699076,RFS,InD,METABRIC,LH,41
7.4,0.23241243336284623,0.20337078967549502,RFS,InD,METABRIC,LH,41
7.6,0.23416051743351857,0.20810323847868337,RFS,InD,METABRIC,LH,41
7.8,0.23794331178368217,0.21217862125493037,RFS,InD,METABRIC,LH,41
8.0,0.23995230647490984,0.2152087747926299,RFS,InD,METABRIC,LH,41
8.2,0.24032526639491475,0.21932468090770116,RFS,InD,METABRIC,LH,41
8.4,0.2427677714474771,0.2216814299671586,RFS,InD,METABRIC,LH,41
8.6,0.2416343689698984,0.2246971609351778,RFS,InD,METABRIC,LH,41
8.8,0.24593913156023622,0.22755854398581044,RFS,InD,METABRIC,LH,41
9.0,0.2482619334812658,0.22926274802218707,RFS,InD,METABRIC,LH,41
9.2,0.24997842392117428,0.2305851772104906,RFS,InD,METABRIC,LH,41
9.4,0.251449424600616,0.2331405288986134,RFS,InD,METABRIC,LH,41
9.6,0.25273777452391866,0.23376087796262943,RFS,InD,METABRIC,LH,41
9.8,0.25577888943409394,0.23467277005414192,RFS,InD,METABRIC,LH,41
10.0,0.27983816525772104,0.23808851538925777,RFS,InD,METABRIC,LH,41
1.8,0.05012440643508103,0.043806125541477586,RFS,InD,METABRIC,LH,42
2.0,0.05765521256995463,0.052071913176281674,RFS,InD,METABRIC,LH,42
2.2,0.06393748609422963,0.05930072197344649,RFS,InD,METABRIC,LH,42
2.4,0.07398775519706029,0.07078383006770934,RFS,InD,METABRIC,LH,42
2.6,0.08331381620883281,0.08106715761788698,RFS,InD,METABRIC,LH,42
2.8,0.09027787865297703,0.08858309412428961,RFS,InD,METABRIC,LH,42
3.0,0.09831955716311835,0.09673964752687055,RFS,InD,METABRIC,LH,42
3.2,0.11145581381403101,0.11012049651115244,RFS,InD,METABRIC,LH,42
3.4,0.14078889943459907,0.11695707172238504,RFS,InD,METABRIC,LH,42
3.6,0.1473553630545747,0.12868807096491994,RFS,InD,METABRIC,LH,42
3.8,0.15311600838390169,0.13991948719831937,RFS,InD,METABRIC,LH,42
4.0,0.16112715238912842,0.14866815988417162,RFS,InD,METABRIC,LH,42
4.2,0.16372620529300008,0.15643315974610966,RFS,InD,METABRIC,LH,42
4.4,0.1700629637244924,0.16390196349397484,RFS,InD,METABRIC,LH,42
4.6,0.17640547056320696,0.16930438416681454,RFS,InD,METABRIC,LH,42
4.8,0.18082220550935318,0.17397087008396706,RFS,InD,METABRIC,LH,42
5.0,0.18304125085480333,0.17739700079600745,RFS,InD,METABRIC,LH,42
5.2,0.18636742917343777,0.1802164064258648,RFS,InD,METABRIC,LH,42
5.4,0.19185615257703353,0.184656223918031,RFS,InD,METABRIC,LH,42
5.6,0.19814779354943898,0.18949796881672815,RFS,InD,METABRIC,LH,42
5.8,0.2021675855260198,0.19314812003392473,RFS,InD,METABRIC,LH,42
6.0,0.20524026247956098,0.1967095766277166,RFS,InD,METABRIC,LH,42
6.2,0.20774516095003498,0.20017548354983544,RFS,InD,METABRIC,LH,42
6.4,0.21169711103295352,0.20353753426297028,RFS,InD,METABRIC,LH,42
6.6,0.22083774764982936,0.20634009472158896,RFS,InD,METABRIC,LH,42
6.8,0.2239490517267759,0.21083044329581108,RFS,InD,METABRIC,LH,42
7.0,0.22640421246468614,0.21298762656974027,RFS,InD,METABRIC,LH,42
7.2,0.2318941884619363,0.21951800859487888,RFS,InD,METABRIC,LH,42
7.4,0.23309091536690293,0.22183586941791028,RFS,InD,METABRIC,LH,42
7.6,0.23500294722590861,0.22516497698220775,RFS,InD,METABRIC,LH,42
7.8,0.23529278654296834,0.22623648931759266,RFS,InD,METABRIC,LH,42
8.0,0.23664825784964355,0.22728437643995572,RFS,InD,METABRIC,LH,42
8.2,0.2373518216583973,0.22931454691868308,RFS,InD,METABRIC,LH,42
8.4,0.241043550069924,0.23159235278221632,RFS,InD,METABRIC,LH,42
8.6,0.24380879311316436,0.23315787615110958,RFS,InD,METABRIC,LH,42
8.8,0.24605571598850842,0.23553335661088823,RFS,InD,METABRIC,LH,42
9.0,0.2467342647629624,0.236936949634447,RFS,InD,METABRIC,LH,42
9.2,0.24619520151639573,0.23827607728722774,RFS,InD,METABRIC,LH,42
9.4,0.25059004230231546,0.24077587967129577,RFS,InD,METABRIC,LH,42
9.6,0.25269217495041546,0.2423690660483852,RFS,InD,METABRIC,LH,42
9.8,0.25387521760435905,0.24301112847262402,RFS,InD,METABRIC,LH,42
10.0,0.2676121372160633,0.24478821237999454,RFS,InD,METABRIC,LH,42
1.8,0.04829933834275984,0.044798050596640944,RFS,InD,METABRIC,LH,43
2.0,0.055825007958244736,0.05399552918642347,RFS,InD,METABRIC,LH,43
2.2,0.05886086167481349,0.057629637048686705,RFS,InD,METABRIC,LH,43
2.4,0.06959394104538992,0.06923123712788447,RFS,InD,METABRIC,LH,43
2.6,0.07472030711857931,0.07446678737255424,RFS,InD,METABRIC,LH,43
2.8,0.08233794288713324,0.08217585786770577,RFS,InD,METABRIC,LH,43
3.0,0.093733047689522,0.09382743146682491,RFS,InD,METABRIC,LH,43
3.2,0.10461284629712363,0.10506891343023635,RFS,InD,METABRIC,LH,43
3.4,0.13348789165952035,0.1074241022713713,RFS,InD,METABRIC,LH,43
3.6,0.14331276794714118,0.12338415080800577,RFS,InD,METABRIC,LH,43
3.8,0.14492504891196795,0.1285045081882423,RFS,InD,METABRIC,LH,43
4.0,0.1489934571836549,0.13493711247884915,RFS,InD,METABRIC,LH,43
4.2,0.15760449682349234,0.14325666129730955,RFS,InD,METABRIC,LH,43
4.4,0.16369897210231593,0.1506185224960873,RFS,InD,METABRIC,LH,43
4.6,0.16973326858318774,0.15708941334474133,RFS,InD,METABRIC,LH,43
4.8,0.17360135589264475,0.16087487328409694,RFS,InD,METABRIC,LH,43
5.0,0.17937911189031225,0.16705252606357215,RFS,InD,METABRIC,LH,43
5.2,0.18273431333915346,0.1700742065435371,RFS,InD,METABRIC,LH,43
5.4,0.18954676432131956,0.17483869523893533,RFS,InD,METABRIC,LH,43
5.6,0.19379064986305755,0.1783280643055034,RFS,InD,METABRIC,LH,43
5.8,0.19761281916661247,0.18287472988739742,RFS,InD,METABRIC,LH,43
6.0,0.20265020413842988,0.1894347966520456,RFS,InD,METABRIC,LH,43
6.2,0.20659600661362454,0.19261348683459145,RFS,InD,METABRIC,LH,43
6.4,0.21132711341758045,0.19725068305138307,RFS,InD,METABRIC,LH,43
6.6,0.24246463884381575,0.20074873824231332,RFS,InD,METABRIC,LH,43
6.8,0.24503679453791682,0.20648837872407336,RFS,InD,METABRIC,LH,43
7.0,0.24619295142389427,0.20878878076241641,RFS,InD,METABRIC,LH,43
7.2,0.24999694891277097,0.21449939257751013,RFS,InD,METABRIC,LH,43
7.4,0.2517077972987708,0.2170093671022275,RFS,InD,METABRIC,LH,43
7.6,0.2534509046401586,0.22139202254167764,RFS,InD,METABRIC,LH,43
7.8,0.2537040537738813,0.22291849670886463,RFS,InD,METABRIC,LH,43
8.0,0.25424446528950884,0.22440948572711872,RFS,InD,METABRIC,LH,43
8.2,0.25436460526503724,0.2265722209455091,RFS,InD,METABRIC,LH,43
8.4,0.25628157003009094,0.22762247390816318,RFS,InD,METABRIC,LH,43
8.6,0.25766558967008624,0.23003102491230956,RFS,InD,METABRIC,LH,43
8.8,0.2593712885691944,0.23294979621174014,RFS,InD,METABRIC,LH,43
9.0,0.2595120003638963,0.23357152507786896,RFS,InD,METABRIC,LH,43
9.2,0.26162271003437304,0.23508567026664576,RFS,InD,METABRIC,LH,43
9.4,0.2679187075162165,0.23872369730422435,RFS,InD,METABRIC,LH,43
9.6,0.27000940015779257,0.2397511605486925,RFS,InD,METABRIC,LH,43
9.8,0.2721553261742494,0.24024978599383986,RFS,InD,METABRIC,LH,43
10.0,0.27495068273689366,0.24212563457447508,RFS,InD,METABRIC,LH,43
1.6,0.045294910774373205,0.04100434652225919,RFS,InD,METABRIC,LH,44
1.8,0.052937490731156604,0.049337542265907565,RFS,InD,METABRIC,LH,44
2.0,0.06337094788942896,0.061096932794607164,RFS,InD,METABRIC,LH,44
2.2,0.06863916081730116,0.06641667319519758,RFS,InD,METABRIC,LH,44
2.4,0.07765820610584195,0.07684246823919638,RFS,InD,METABRIC,LH,44
2.6,0.09262645088051898,0.09191933375150364,RFS,InD,METABRIC,LH,44
2.8,0.09855949566769878,0.09760545417622593,RFS,InD,METABRIC,LH,44
3.0,0.10442143205306634,0.10320302197193568,RFS,InD,METABRIC,LH,44
3.2,0.12028555392733917,0.11179040616078283,RFS,InD,METABRIC,LH,44
3.4,0.1269411110685139,0.12161080028660894,RFS,InD,METABRIC,LH,44
3.6,0.13316175498096577,0.12964369455783414,RFS,InD,METABRIC,LH,44
3.8,0.14197183458875498,0.13952235258781417,RFS,InD,METABRIC,LH,44
4.0,0.14852320489908463,0.1469906520422828,RFS,InD,METABRIC,LH,44
4.2,0.15375743941285133,0.15420335188007445,RFS,InD,METABRIC,LH,44
4.4,0.1600881862472831,0.15991978985294175,RFS,InD,METABRIC,LH,44
4.6,0.16649610208256274,0.16606515356340074,RFS,InD,METABRIC,LH,44
4.8,0.1705436123853457,0.1708305695887791,RFS,InD,METABRIC,LH,44
5.0,0.17452602965955238,0.17490360732425253,RFS,InD,METABRIC,LH,44
5.2,0.17776118553928882,0.17719155892559899,RFS,InD,METABRIC,LH,44
5.4,0.18367116989645413,0.18168705134880528,RFS,InD,METABRIC,LH,44
5.6,0.1875452203643873,0.1855069442290924,RFS,InD,METABRIC,LH,44
5.8,0.19309425994480314,0.18922504471644114,RFS,InD,METABRIC,LH,44
6.0,0.19895879924529594,0.1933531686318626,RFS,InD,METABRIC,LH,44
6.2,0.20185643812440912,0.19536853700549153,RFS,InD,METABRIC,LH,44
6.4,0.209367584678444,0.19784642233918506,RFS,InD,METABRIC,LH,44
6.6,0.21059287946235833,0.19931672073823595,RFS,InD,METABRIC,LH,44
6.8,0.2129999747888407,0.2040881263245127,RFS,InD,METABRIC,LH,44
7.0,0.21573132797982625,0.2068467161072851,RFS,InD,METABRIC,LH,44
7.2,0.2202222050268448,0.21126664874498696,RFS,InD,METABRIC,LH,44
7.4,0.22254246705369762,0.2125597376448987,RFS,InD,METABRIC,LH,44
7.6,0.22796353696506352,0.21753814056209667,RFS,InD,METABRIC,LH,44
7.8,0.22951096420099326,0.2195257505810185,RFS,InD,METABRIC,LH,44
8.0,0.23210188973835547,0.22069074314694742,RFS,InD,METABRIC,LH,44
8.2,0.23332814719920228,0.22183682610531733,RFS,InD,METABRIC,LH,44
8.4,0.23699905776502422,0.2244461604134891,RFS,InD,METABRIC,LH,44
8.6,0.23918273938534415,0.22730574761526523,RFS,InD,METABRIC,LH,44
8.8,0.2423661425671041,0.23000786784913319,RFS,InD,METABRIC,LH,44
9.0,0.24512519906602326,0.23162060750924568,RFS,InD,METABRIC,LH,44
9.2,0.24697626360806163,0.2328682970566275,RFS,InD,METABRIC,LH,44
9.4,0.2808967673551569,0.23498209408004025,RFS,InD,METABRIC,LH,44
9.6,0.2829266129885138,0.23613902008979773,RFS,InD,METABRIC,LH,44
9.8,0.28241418826572734,0.23698316260969063,RFS,InD,METABRIC,LH,44
10.0,0.2845164137664855,0.24011923321560377,RFS,InD,METABRIC,LH,44
1.8,0.04883219189862635,0.05009790268541527,RFS,InD,METABRIC,MTLR,40
2.0,0.059489846378245156,0.06177358067103276,RFS,InD,METABRIC,MTLR,40
2.2,0.06556524059286108,0.06792350849884586,RFS,InD,METABRIC,MTLR,40
2.4,0.07619786748319543,0.07823657823425569,RFS,InD,METABRIC,MTLR,40
2.6,0.08720582091789733,0.08907535825595224,RFS,InD,METABRIC,MTLR,40
2.8,0.09284730610690094,0.09476966593073878,RFS,InD,METABRIC,MTLR,40
3.0,0.10308852685671833,0.10432166064417517,RFS,InD,METABRIC,MTLR,40
3.2,0.11256043653865455,0.11432928110558634,RFS,InD,METABRIC,MTLR,40
3.4,0.11429427101950139,0.11808355074622415,RFS,InD,METABRIC,MTLR,40
3.6,0.12132236653990355,0.12615839802918788,RFS,InD,METABRIC,MTLR,40
3.8,0.12673549032101097,0.13330091641102282,RFS,InD,METABRIC,MTLR,40
4.0,0.13088054457693954,0.13887360852977762,RFS,InD,METABRIC,MTLR,40
4.2,0.13844597532366942,0.14632542666431733,RFS,InD,METABRIC,MTLR,40
4.4,0.1444367624906829,0.1522460023408419,RFS,InD,METABRIC,MTLR,40
4.6,0.14923616176597096,0.1573674594859293,RFS,InD,METABRIC,MTLR,40
4.8,0.1548879795095649,0.1629732942499588,RFS,InD,METABRIC,MTLR,40
5.0,0.16062854176328697,0.16724396243979958,RFS,InD,METABRIC,MTLR,40
5.2,0.16326029783614207,0.16965211570584066,RFS,InD,METABRIC,MTLR,40
5.4,0.16710946971080884,0.17322658866638221,RFS,InD,METABRIC,MTLR,40
5.6,0.17349690803357026,0.17787724150819362,RFS,InD,METABRIC,MTLR,40
5.8,0.1754526700716894,0.1801562992701748,RFS,InD,METABRIC,MTLR,40
6.0,0.18221303873061578,0.18572797169718563,RFS,InD,METABRIC,MTLR,40
6.2,0.18448975404742804,0.18790588524118365,RFS,InD,METABRIC,MTLR,40
6.4,0.18344814827497669,0.1911186843605053,RFS,InD,METABRIC,MTLR,40
6.6,0.1867994220613459,0.1947765311325662,RFS,InD,METABRIC,MTLR,40
6.8,0.19308198265056276,0.20128761631670464,RFS,InD,METABRIC,MTLR,40
7.0,0.19576404192260402,0.20322058449848948,RFS,InD,METABRIC,MTLR,40
7.2,0.20226349449575365,0.2088101367275353,RFS,InD,METABRIC,MTLR,40
7.4,0.20802970276249472,0.21279938538425724,RFS,InD,METABRIC,MTLR,40
7.6,0.21438995357170348,0.219036274779728,RFS,InD,METABRIC,MTLR,40
7.8,0.21786207621082346,0.22100642165696383,RFS,InD,METABRIC,MTLR,40
8.0,0.22053943885080488,0.22291181664007517,RFS,InD,METABRIC,MTLR,40
8.2,0.22296994772080955,0.22583126831839803,RFS,InD,METABRIC,MTLR,40
8.4,0.22688415747891932,0.22826733021881837,RFS,InD,METABRIC,MTLR,40
8.6,0.2292793367686139,0.23060229126595838,RFS,InD,METABRIC,MTLR,40
8.8,0.23137717644708555,0.2328271021938452,RFS,InD,METABRIC,MTLR,40
9.0,0.23256952593847932,0.23344159756087404,RFS,InD,METABRIC,MTLR,40
9.2,0.2349841367816007,0.2340503246119877,RFS,InD,METABRIC,MTLR,40
9.4,0.2277166850149561,0.23723640232018842,RFS,InD,METABRIC,MTLR,40
9.6,0.23043477831257034,0.2385794272804656,RFS,InD,METABRIC,MTLR,40
9.8,0.23319775209754348,0.2396082969256367,RFS,InD,METABRIC,MTLR,40
10.0,0.23491940571432607,0.24107770516459862,RFS,InD,METABRIC,MTLR,40
1.6,0.04020009431937985,0.03828004930667394,RFS,InD,METABRIC,MTLR,41
1.8,0.04624205249202361,0.044834414691411,RFS,InD,METABRIC,MTLR,41
2.0,0.055529557681640355,0.05492896325190109,RFS,InD,METABRIC,MTLR,41
2.2,0.06340954050875505,0.06300263758443388,RFS,InD,METABRIC,MTLR,41
2.4,0.07570121539281735,0.07524309171865956,RFS,InD,METABRIC,MTLR,41
2.6,0.08552226726908399,0.0845728047612073,RFS,InD,METABRIC,MTLR,41
2.8,0.09439943508530013,0.09284272458342378,RFS,InD,METABRIC,MTLR,41
3.0,0.10436168538269791,0.10172545435627045,RFS,InD,METABRIC,MTLR,41
3.2,0.11850237254214263,0.11419223463057677,RFS,InD,METABRIC,MTLR,41
3.4,0.12355226387145246,0.11872616107540845,RFS,InD,METABRIC,MTLR,41
3.6,0.13367280029253298,0.13115428283734842,RFS,InD,METABRIC,MTLR,41
3.8,0.13838427925436184,0.13819420476908054,RFS,InD,METABRIC,MTLR,41
4.0,0.14403295606411282,0.14569805151112208,RFS,InD,METABRIC,MTLR,41
4.2,0.15037063912296142,0.1509916924699058,RFS,InD,METABRIC,MTLR,41
4.4,0.1591260858014568,0.15931020606895444,RFS,InD,METABRIC,MTLR,41
4.6,0.15991612180862616,0.15993497541461796,RFS,InD,METABRIC,MTLR,41
4.8,0.16590466200637974,0.16546634561770376,RFS,InD,METABRIC,MTLR,41
5.0,0.16976621611758094,0.16847861662751876,RFS,InD,METABRIC,MTLR,41
5.2,0.17213616597794223,0.17086132017824918,RFS,InD,METABRIC,MTLR,41
5.4,0.17734064328859234,0.1743989111548601,RFS,InD,METABRIC,MTLR,41
5.6,0.18000018602437273,0.17729203987069525,RFS,InD,METABRIC,MTLR,41
5.8,0.18228868299150688,0.17957183083810202,RFS,InD,METABRIC,MTLR,41
6.0,0.18682474774292293,0.18294590114585585,RFS,InD,METABRIC,MTLR,41
6.2,0.18808697540687586,0.1846135675792805,RFS,InD,METABRIC,MTLR,41
6.4,0.19397742376017205,0.1889907372093912,RFS,InD,METABRIC,MTLR,41
6.6,0.20139427455713468,0.19167401761007233,RFS,InD,METABRIC,MTLR,41
6.8,0.2040007315877605,0.1948242967166968,RFS,InD,METABRIC,MTLR,41
7.0,0.20667941450167035,0.19688853502881892,RFS,InD,METABRIC,MTLR,41
7.2,0.2123586952043678,0.20141511747699076,RFS,InD,METABRIC,MTLR,41
7.4,0.21472550685063835,0.20337078967549502,RFS,InD,METABRIC,MTLR,41
7.6,0.21922751132858942,0.20810323847868337,RFS,InD,METABRIC,MTLR,41
7.8,0.2240413302310621,0.21217862125493037,RFS,InD,METABRIC,MTLR,41
8.0,0.22607056065868847,0.2152087747926299,RFS,InD,METABRIC,MTLR,41
8.2,0.22739314098336705,0.21932468090770116,RFS,InD,METABRIC,MTLR,41
8.4,0.23099151295997178,0.2216814299671586,RFS,InD,METABRIC,MTLR,41
8.6,0.23285602130879704,0.2246971609351778,RFS,InD,METABRIC,MTLR,41
8.8,0.23558805774112265,0.22755854398581044,RFS,InD,METABRIC,MTLR,41
9.0,0.23952042004890056,0.22926274802218707,RFS,InD,METABRIC,MTLR,41
9.2,0.24285487887678137,0.2305851772104906,RFS,InD,METABRIC,MTLR,41
9.4,0.24781000174473808,0.2331405288986134,RFS,InD,METABRIC,MTLR,41
9.6,0.250074746256881,0.23376087796262943,RFS,InD,METABRIC,MTLR,41
9.8,0.25264529277121617,0.23467277005414192,RFS,InD,METABRIC,MTLR,41
10.0,0.2616723485008398,0.23808851538925777,RFS,InD,METABRIC,MTLR,41
1.8,0.04341101924561975,0.043806125541477586,RFS,InD,METABRIC,MTLR,42
2.0,0.051260975902321856,0.052071913176281674,RFS,InD,METABRIC,MTLR,42
2.2,0.058123911357536064,0.05930072197344649,RFS,InD,METABRIC,MTLR,42
2.4,0.06848506579584865,0.07078383006770934,RFS,InD,METABRIC,MTLR,42
2.6,0.07939028561048467,0.08106715761788698,RFS,InD,METABRIC,MTLR,42
2.8,0.0873505909313096,0.08858309412428961,RFS,InD,METABRIC,MTLR,42
3.0,0.09651045849233642,0.09673964752687055,RFS,InD,METABRIC,MTLR,42
3.2,0.11111985978522633,0.11012049651115244,RFS,InD,METABRIC,MTLR,42
3.4,0.11690077909892219,0.11695707172238504,RFS,InD,METABRIC,MTLR,42
3.6,0.12542996257142966,0.12868807096491994,RFS,InD,METABRIC,MTLR,42
3.8,0.13417207221651478,0.13991948719831937,RFS,InD,METABRIC,MTLR,42
4.0,0.14283332765841134,0.14866815988417162,RFS,InD,METABRIC,MTLR,42
4.2,0.14840376198354707,0.15643315974610966,RFS,InD,METABRIC,MTLR,42
4.4,0.15714737043417015,0.16390196349397484,RFS,InD,METABRIC,MTLR,42
4.6,0.16404757617346347,0.16930438416681454,RFS,InD,METABRIC,MTLR,42
4.8,0.16898375505790245,0.17397087008396706,RFS,InD,METABRIC,MTLR,42
5.0,0.17336866916013294,0.17739700079600745,RFS,InD,METABRIC,MTLR,42
5.2,0.17744972663359992,0.1802164064258648,RFS,InD,METABRIC,MTLR,42
5.4,0.18306943166781575,0.184656223918031,RFS,InD,METABRIC,MTLR,42
5.6,0.18722865427787144,0.18949796881672815,RFS,InD,METABRIC,MTLR,42
5.8,0.19230826137297946,0.19314812003392473,RFS,InD,METABRIC,MTLR,42
6.0,0.19653075634260275,0.1967095766277166,RFS,InD,METABRIC,MTLR,42
6.2,0.1998177166575236,0.20017548354983544,RFS,InD,METABRIC,MTLR,42
6.4,0.20539755451364483,0.20353753426297028,RFS,InD,METABRIC,MTLR,42
6.6,0.20495527831601443,0.20634009472158896,RFS,InD,METABRIC,MTLR,42
6.8,0.2105037040019078,0.21083044329581108,RFS,InD,METABRIC,MTLR,42
7.0,0.21276898374050973,0.21298762656974027,RFS,InD,METABRIC,MTLR,42
7.2,0.22265877287169253,0.21951800859487888,RFS,InD,METABRIC,MTLR,42
7.4,0.22613307088086107,0.22183586941791028,RFS,InD,METABRIC,MTLR,42
7.6,0.2304586381623843,0.22516497698220775,RFS,InD,METABRIC,MTLR,42
7.8,0.2319640754008341,0.22623648931759266,RFS,InD,METABRIC,MTLR,42
8.0,0.23305067183532255,0.22728437643995572,RFS,InD,METABRIC,MTLR,42
8.2,0.23352758643780713,0.22931454691868308,RFS,InD,METABRIC,MTLR,42
8.4,0.23871996871423407,0.23159235278221632,RFS,InD,METABRIC,MTLR,42
8.6,0.24298567257181095,0.23315787615110958,RFS,InD,METABRIC,MTLR,42
8.8,0.2474863203700947,0.23553335661088823,RFS,InD,METABRIC,MTLR,42
9.0,0.249956357774253,0.236936949634447,RFS,InD,METABRIC,MTLR,42
9.2,0.2505779340260063,0.23827607728722774,RFS,InD,METABRIC,MTLR,42
9.4,0.2557952718621638,0.24077587967129577,RFS,InD,METABRIC,MTLR,42
9.6,0.2621361634978891,0.2423690660483852,RFS,InD,METABRIC,MTLR,42
9.8,0.2644945749116685,0.24301112847262402,RFS,InD,METABRIC,MTLR,42
10.0,0.2515159111166706,0.24478821237999454,RFS,InD,METABRIC,MTLR,42
1.8,0.04531298598248371,0.044798050596640944,RFS,InD,METABRIC,MTLR,43
2.0,0.05490463575442392,0.05399552918642347,RFS,InD,METABRIC,MTLR,43
2.2,0.05862959292774345,0.057629637048686705,RFS,InD,METABRIC,MTLR,43
2.4,0.07102052870810341,0.06923123712788447,RFS,InD,METABRIC,MTLR,43
2.6,0.076786303750182,0.07446678737255424,RFS,InD,METABRIC,MTLR,43
2.8,0.08526859424220595,0.08217585786770577,RFS,InD,METABRIC,MTLR,43
3.0,0.09873990359847754,0.09382743146682491,RFS,InD,METABRIC,MTLR,43
3.2,0.11193042587453197,0.10506891343023635,RFS,InD,METABRIC,MTLR,43
3.4,0.10866170338281524,0.1074241022713713,RFS,InD,METABRIC,MTLR,43
3.6,0.12233053836633723,0.12338415080800577,RFS,InD,METABRIC,MTLR,43
3.8,0.12704329443582907,0.1285045081882423,RFS,InD,METABRIC,MTLR,43
4.0,0.13165712410235128,0.13493711247884915,RFS,InD,METABRIC,MTLR,43
4.2,0.14087750460728782,0.14325666129730955,RFS,InD,METABRIC,MTLR,43
4.4,0.14898490651846,0.1506185224960873,RFS,InD,METABRIC,MTLR,43
4.6,0.15560074289258222,0.15708941334474133,RFS,InD,METABRIC,MTLR,43
4.8,0.1609866453297458,0.16087487328409694,RFS,InD,METABRIC,MTLR,43
5.0,0.16872067536973215,0.16705252606357215,RFS,InD,METABRIC,MTLR,43
5.2,0.1728514751039794,0.1700742065435371,RFS,InD,METABRIC,MTLR,43
5.4,0.18044598130967468,0.17483869523893533,RFS,InD,METABRIC,MTLR,43
5.6,0.18416873932018374,0.1783280643055034,RFS,InD,METABRIC,MTLR,43
5.8,0.19032264165135498,0.18287472988739742,RFS,InD,METABRIC,MTLR,43
6.0,0.19943783141417665,0.1894347966520456,RFS,InD,METABRIC,MTLR,43
6.2,0.2027937996867853,0.19261348683459145,RFS,InD,METABRIC,MTLR,43
6.4,0.20908621454533224,0.19725068305138307,RFS,InD,METABRIC,MTLR,43
6.6,0.20960207851101603,0.20074873824231332,RFS,InD,METABRIC,MTLR,43
6.8,0.21668005323511047,0.20648837872407336,RFS,InD,METABRIC,MTLR,43
7.0,0.2176540330547503,0.20878878076241641,RFS,InD,METABRIC,MTLR,43
7.2,0.22542150297225577,0.21449939257751013,RFS,InD,METABRIC,MTLR,43
7.4,0.23001017858344333,0.2170093671022275,RFS,InD,METABRIC,MTLR,43
7.6,0.23661818417906616,0.22139202254167764,RFS,InD,METABRIC,MTLR,43
7.8,0.24043325678118135,0.22291849670886463,RFS,InD,METABRIC,MTLR,43
8.0,0.24284898909188685,0.22440948572711872,RFS,InD,METABRIC,MTLR,43
8.2,0.24429917993451325,0.2265722209455091,RFS,InD,METABRIC,MTLR,43
8.4,0.2468100198693181,0.22762247390816318,RFS,InD,METABRIC,MTLR,43
8.6,0.2501511114934536,0.23003102491230956,RFS,InD,METABRIC,MTLR,43
8.8,0.25537817355785347,0.23294979621174014,RFS,InD,METABRIC,MTLR,43
9.0,0.25650366334479524,0.23357152507786896,RFS,InD,METABRIC,MTLR,43
9.2,0.2606709800594108,0.23508567026664576,RFS,InD,METABRIC,MTLR,43
9.4,0.26944014790112963,0.23872369730422435,RFS,InD,METABRIC,MTLR,43
9.6,0.2726574736522961,0.2397511605486925,RFS,InD,METABRIC,MTLR,43
9.8,0.27459582588647446,0.24024978599383986,RFS,InD,METABRIC,MTLR,43
10.0,0.25821233784405007,0.24212563457447508,RFS,InD,METABRIC,MTLR,43
1.6,0.04137328380577943,0.04100434652225919,RFS,InD,METABRIC,MTLR,44
1.8,0.049914186257487336,0.049337542265907565,RFS,InD,METABRIC,MTLR,44
2.0,0.062131483820845844,0.061096932794607164,RFS,InD,METABRIC,MTLR,44
2.2,0.0678011510892048,0.06641667319519758,RFS,InD,METABRIC,MTLR,44
2.4,0.078996476743766,0.07684246823919638,RFS,InD,METABRIC,MTLR,44
2.6,0.0960271868486755,0.09191933375150364,RFS,InD,METABRIC,MTLR,44
2.8,0.10281025721070661,0.09760545417622593,RFS,InD,METABRIC,MTLR,44
3.0,0.1094963641668683,0.10320302197193568,RFS,InD,METABRIC,MTLR,44
3.2,0.11481168248405461,0.11179040616078283,RFS,InD,METABRIC,MTLR,44
3.4,0.12279703612987941,0.12161080028660894,RFS,InD,METABRIC,MTLR,44
3.6,0.13057392469435347,0.12964369455783414,RFS,InD,METABRIC,MTLR,44
3.8,0.1395829231331077,0.13952235258781417,RFS,InD,METABRIC,MTLR,44
4.0,0.14640948957238886,0.1469906520422828,RFS,InD,METABRIC,MTLR,44
4.2,0.1535489443340806,0.15420335188007445,RFS,InD,METABRIC,MTLR,44
4.4,0.15981244178397064,0.15991978985294175,RFS,InD,METABRIC,MTLR,44
4.6,0.16687333471852195,0.16606515356340074,RFS,InD,METABRIC,MTLR,44
4.8,0.17247818910170556,0.1708305695887791,RFS,InD,METABRIC,MTLR,44
5.0,0.17861042031953597,0.17490360732425253,RFS,InD,METABRIC,MTLR,44
5.2,0.18070508251718734,0.17719155892559899,RFS,InD,METABRIC,MTLR,44
5.4,0.18811361294947992,0.18168705134880528,RFS,InD,METABRIC,MTLR,44
5.6,0.19352001997385807,0.1855069442290924,RFS,InD,METABRIC,MTLR,44
5.8,0.19863178595658781,0.18922504471644114,RFS,InD,METABRIC,MTLR,44
6.0,0.20574497538499448,0.1933531686318626,RFS,InD,METABRIC,MTLR,44
6.2,0.20931884826192834,0.19536853700549153,RFS,InD,METABRIC,MTLR,44
6.4,0.2061322355738949,0.19784642233918506,RFS,InD,METABRIC,MTLR,44
6.6,0.20803632387906212,0.19931672073823595,RFS,InD,METABRIC,MTLR,44
6.8,0.21300372066323628,0.2040881263245127,RFS,InD,METABRIC,MTLR,44
7.0,0.21641759242446268,0.2068467161072851,RFS,InD,METABRIC,MTLR,44
7.2,0.22250790161504844,0.21126664874498696,RFS,InD,METABRIC,MTLR,44
7.4,0.22543378033015948,0.2125597376448987,RFS,InD,METABRIC,MTLR,44
7.6,0.23305557798676693,0.21753814056209667,RFS,InD,METABRIC,MTLR,44
7.8,0.2354920883355342,0.2195257505810185,RFS,InD,METABRIC,MTLR,44
8.0,0.238456267610045,0.22069074314694742,RFS,InD,METABRIC,MTLR,44
8.2,0.23953763516647145,0.22183682610531733,RFS,InD,METABRIC,MTLR,44
8.4,0.24457507670967027,0.2244461604134891,RFS,InD,METABRIC,MTLR,44
8.6,0.2478624774719399,0.22730574761526523,RFS,InD,METABRIC,MTLR,44
8.8,0.25294238998639496,0.23000786784913319,RFS,InD,METABRIC,MTLR,44
9.0,0.256149177982477,0.23162060750924568,RFS,InD,METABRIC,MTLR,44
9.2,0.25901573165023195,0.2328682970566275,RFS,InD,METABRIC,MTLR,44
9.4,0.25806561194737176,0.23498209408004025,RFS,InD,METABRIC,MTLR,44
9.6,0.2601039323825879,0.23613902008979773,RFS,InD,METABRIC,MTLR,44
9.8,0.26147889867682383,0.23698316260969063,RFS,InD,METABRIC,MTLR,44
10.0,0.2669238443995668,0.24011923321560377,RFS,InD,METABRIC,MTLR,44
1.8,0.052895873205737985,0.05009790268541527,RFS,InD,METABRIC,PCHazard,40
2.0,0.06614930697837053,0.06177358067103276,RFS,InD,METABRIC,PCHazard,40
2.2,0.07329577335863595,0.06792350849884586,RFS,InD,METABRIC,PCHazard,40
2.4,0.08555648237238278,0.07823657823425569,RFS,InD,METABRIC,PCHazard,40
2.6,0.09884583627328744,0.08907535825595224,RFS,InD,METABRIC,PCHazard,40
2.8,0.13022489568157983,0.09476966593073878,RFS,InD,METABRIC,PCHazard,40
3.0,0.13557060554957173,0.10432166064417517,RFS,InD,METABRIC,PCHazard,40
3.2,0.1363907732456353,0.11432928110558634,RFS,InD,METABRIC,PCHazard,40
3.4,0.13740327014474188,0.11808355074622415,RFS,InD,METABRIC,PCHazard,40
3.6,0.14263240596139384,0.12615839802918788,RFS,InD,METABRIC,PCHazard,40
3.8,0.14644677202606776,0.13330091641102282,RFS,InD,METABRIC,PCHazard,40
4.0,0.15005302755498093,0.13887360852977762,RFS,InD,METABRIC,PCHazard,40
4.2,0.15579909036340575,0.14632542666431733,RFS,InD,METABRIC,PCHazard,40
4.4,0.15965043370756857,0.1522460023408419,RFS,InD,METABRIC,PCHazard,40
4.6,0.1633679176071755,0.1573674594859293,RFS,InD,METABRIC,PCHazard,40
4.8,0.16783626236594296,0.1629732942499588,RFS,InD,METABRIC,PCHazard,40
5.0,0.17094526258790085,0.16724396243979958,RFS,InD,METABRIC,PCHazard,40
5.2,0.17360920956150622,0.16965211570584066,RFS,InD,METABRIC,PCHazard,40
5.4,0.177383982821277,0.17322658866638221,RFS,InD,METABRIC,PCHazard,40
5.6,0.23218474582245813,0.17787724150819362,RFS,InD,METABRIC,PCHazard,40
5.8,0.23292239684787297,0.1801562992701748,RFS,InD,METABRIC,PCHazard,40
6.0,0.23450007288027336,0.18572797169718563,RFS,InD,METABRIC,PCHazard,40
6.2,0.23364828262952902,0.18790588524118365,RFS,InD,METABRIC,PCHazard,40
6.4,0.23520876602993118,0.1911186843605053,RFS,InD,METABRIC,PCHazard,40
6.6,0.23592059006551702,0.1947765311325662,RFS,InD,METABRIC,PCHazard,40
6.8,0.23758924005870086,0.20128761631670464,RFS,InD,METABRIC,PCHazard,40
7.0,0.23939807945552063,0.20322058449848948,RFS,InD,METABRIC,PCHazard,40
7.2,0.2398370830880378,0.2088101367275353,RFS,InD,METABRIC,PCHazard,40
7.4,0.24024182577346676,0.21279938538425724,RFS,InD,METABRIC,PCHazard,40
7.6,0.24059008610621566,0.219036274779728,RFS,InD,METABRIC,PCHazard,40
7.8,0.24299517724499922,0.22100642165696383,RFS,InD,METABRIC,PCHazard,40
8.0,0.2447106897015661,0.22291181664007517,RFS,InD,METABRIC,PCHazard,40
8.2,0.24467928923200266,0.22583126831839803,RFS,InD,METABRIC,PCHazard,40
8.4,0.2719946027731027,0.22826733021881837,RFS,InD,METABRIC,PCHazard,40
8.6,0.26964223462969794,0.23060229126595838,RFS,InD,METABRIC,PCHazard,40
8.8,0.2673574081841853,0.2328271021938452,RFS,InD,METABRIC,PCHazard,40
9.0,0.2671805407401285,0.23344159756087404,RFS,InD,METABRIC,PCHazard,40
9.2,0.2681155261229689,0.2340503246119877,RFS,InD,METABRIC,PCHazard,40
9.4,0.2663186212446221,0.23723640232018842,RFS,InD,METABRIC,PCHazard,40
9.6,0.2673791932048491,0.2385794272804656,RFS,InD,METABRIC,PCHazard,40
9.8,0.26889367319602286,0.2396082969256367,RFS,InD,METABRIC,PCHazard,40
10.0,0.2690535422707333,0.24107770516459862,RFS,InD,METABRIC,PCHazard,40
1.6,0.03986963728381707,0.03828004930667394,RFS,InD,METABRIC,PCHazard,41
1.8,0.04704792162019061,0.044834414691411,RFS,InD,METABRIC,PCHazard,41
2.0,0.05833153072910117,0.05492896325190109,RFS,InD,METABRIC,PCHazard,41
2.2,0.06756808349109321,0.06300263758443388,RFS,InD,METABRIC,PCHazard,41
2.4,0.08196063788042585,0.07524309171865956,RFS,InD,METABRIC,PCHazard,41
2.6,0.09327256624531469,0.0845728047612073,RFS,InD,METABRIC,PCHazard,41
2.8,0.10356931513039792,0.09284272458342378,RFS,InD,METABRIC,PCHazard,41
3.0,0.13898475731186108,0.10172545435627045,RFS,InD,METABRIC,PCHazard,41
3.2,0.14076508347117078,0.11419223463057677,RFS,InD,METABRIC,PCHazard,41
3.4,0.1426594107974632,0.11872616107540845,RFS,InD,METABRIC,PCHazard,41
3.6,0.15184754346352872,0.13115428283734842,RFS,InD,METABRIC,PCHazard,41
3.8,0.15572737267189965,0.13819420476908054,RFS,InD,METABRIC,PCHazard,41
4.0,0.15917698115212936,0.14569805151112208,RFS,InD,METABRIC,PCHazard,41
4.2,0.16451721078514733,0.1509916924699058,RFS,InD,METABRIC,PCHazard,41
4.4,0.17036503100150416,0.15931020606895444,RFS,InD,METABRIC,PCHazard,41
4.6,0.17112993073693825,0.15993497541461796,RFS,InD,METABRIC,PCHazard,41
4.8,0.17618217266752323,0.16546634561770376,RFS,InD,METABRIC,PCHazard,41
5.0,0.1793630736042414,0.16847861662751876,RFS,InD,METABRIC,PCHazard,41
5.2,0.18186384849363985,0.17086132017824918,RFS,InD,METABRIC,PCHazard,41
5.4,0.18635584751549697,0.1743989111548601,RFS,InD,METABRIC,PCHazard,41
5.6,0.1885731240635919,0.17729203987069525,RFS,InD,METABRIC,PCHazard,41
5.8,0.1905358713191556,0.17957183083810202,RFS,InD,METABRIC,PCHazard,41
6.0,0.22746824496712184,0.18294590114585585,RFS,InD,METABRIC,PCHazard,41
6.2,0.22513601555755175,0.1846135675792805,RFS,InD,METABRIC,PCHazard,41
6.4,0.22667419640973718,0.1889907372093912,RFS,InD,METABRIC,PCHazard,41
6.6,0.22738189917642523,0.19167401761007233,RFS,InD,METABRIC,PCHazard,41
6.8,0.22866923022247942,0.1948242967166968,RFS,InD,METABRIC,PCHazard,41
7.0,0.23244547368311863,0.19688853502881892,RFS,InD,METABRIC,PCHazard,41
7.2,0.23621842053776126,0.20141511747699076,RFS,InD,METABRIC,PCHazard,41
7.4,0.23703729547211444,0.20337078967549502,RFS,InD,METABRIC,PCHazard,41
7.6,0.23959805219355185,0.20810323847868337,RFS,InD,METABRIC,PCHazard,41
7.8,0.24315017406374,0.21217862125493037,RFS,InD,METABRIC,PCHazard,41
8.0,0.24524281429543504,0.2152087747926299,RFS,InD,METABRIC,PCHazard,41
8.2,0.24526147214379873,0.21932468090770116,RFS,InD,METABRIC,PCHazard,41
8.4,0.24884627982415086,0.2216814299671586,RFS,InD,METABRIC,PCHazard,41
8.6,0.24952970190871201,0.2246971609351778,RFS,InD,METABRIC,PCHazard,41
8.8,0.25207124617732213,0.22755854398581044,RFS,InD,METABRIC,PCHazard,41
9.0,0.2762310937020427,0.22926274802218707,RFS,InD,METABRIC,PCHazard,41
9.2,0.2771690349053614,0.2305851772104906,RFS,InD,METABRIC,PCHazard,41
9.4,0.27759310578896335,0.2331405288986134,RFS,InD,METABRIC,PCHazard,41
9.6,0.2772237161038596,0.23376087796262943,RFS,InD,METABRIC,PCHazard,41
9.8,0.27914737907815146,0.23467277005414192,RFS,InD,METABRIC,PCHazard,41
10.0,0.27701855150444193,0.23808851538925777,RFS,InD,METABRIC,PCHazard,41
1.8,0.04591424088117286,0.043806125541477586,RFS,InD,METABRIC,PCHazard,42
2.0,0.05510890101278139,0.052071913176281674,RFS,InD,METABRIC,PCHazard,42
2.2,0.06330871068603189,0.05930072197344649,RFS,InD,METABRIC,PCHazard,42
2.4,0.07666068456072622,0.07078383006770934,RFS,InD,METABRIC,PCHazard,42
2.6,0.08898558352198253,0.08106715761788698,RFS,InD,METABRIC,PCHazard,42
2.8,0.09823275913467512,0.08858309412428961,RFS,InD,METABRIC,PCHazard,42
3.0,0.10094197915062315,0.09673964752687055,RFS,InD,METABRIC,PCHazard,42
3.2,0.10949592735610555,0.11012049651115244,RFS,InD,METABRIC,PCHazard,42
3.4,0.11558823972194977,0.11695707172238504,RFS,InD,METABRIC,PCHazard,42
3.6,0.1262268649346163,0.12868807096491994,RFS,InD,METABRIC,PCHazard,42
3.8,0.1372150985563786,0.13991948719831937,RFS,InD,METABRIC,PCHazard,42
4.0,0.14674776455756536,0.14866815988417162,RFS,InD,METABRIC,PCHazard,42
4.2,0.15441902656360382,0.15643315974610966,RFS,InD,METABRIC,PCHazard,42
4.4,0.16398688309060058,0.16390196349397484,RFS,InD,METABRIC,PCHazard,42
4.6,0.17011180818719296,0.16930438416681454,RFS,InD,METABRIC,PCHazard,42
4.8,0.17547950581540053,0.17397087008396706,RFS,InD,METABRIC,PCHazard,42
5.0,0.17988873244771406,0.17739700079600745,RFS,InD,METABRIC,PCHazard,42
5.2,0.18424776971399187,0.1802164064258648,RFS,InD,METABRIC,PCHazard,42
5.4,0.1907187204825992,0.184656223918031,RFS,InD,METABRIC,PCHazard,42
5.6,0.19760158410806022,0.18949796881672815,RFS,InD,METABRIC,PCHazard,42
5.8,0.20315446044552452,0.19314812003392473,RFS,InD,METABRIC,PCHazard,42
6.0,0.20317884475601805,0.1967095766277166,RFS,InD,METABRIC,PCHazard,42
6.2,0.20579899043470753,0.20017548354983544,RFS,InD,METABRIC,PCHazard,42
6.4,0.20889676091665363,0.20353753426297028,RFS,InD,METABRIC,PCHazard,42
6.6,0.21009712355563753,0.20634009472158896,RFS,InD,METABRIC,PCHazard,42
6.8,0.21473795651349958,0.21083044329581108,RFS,InD,METABRIC,PCHazard,42
7.0,0.218219124038873,0.21298762656974027,RFS,InD,METABRIC,PCHazard,42
7.2,0.22742807251113373,0.21951800859487888,RFS,InD,METABRIC,PCHazard,42
7.4,0.23185010649932394,0.22183586941791028,RFS,InD,METABRIC,PCHazard,42
7.6,0.2347779346820822,0.22516497698220775,RFS,InD,METABRIC,PCHazard,42
7.8,0.23624625778133693,0.22623648931759266,RFS,InD,METABRIC,PCHazard,42
8.0,0.2375223263051255,0.22728437643995572,RFS,InD,METABRIC,PCHazard,42
8.2,0.23850040753604954,0.22931454691868308,RFS,InD,METABRIC,PCHazard,42
8.4,0.24172363049236897,0.23159235278221632,RFS,InD,METABRIC,PCHazard,42
8.6,0.2445642521483622,0.23315787615110958,RFS,InD,METABRIC,PCHazard,42
8.8,0.24821169608233537,0.23553335661088823,RFS,InD,METABRIC,PCHazard,42
9.0,0.2483619287682847,0.236936949634447,RFS,InD,METABRIC,PCHazard,42
9.2,0.2475282953733449,0.23827607728722774,RFS,InD,METABRIC,PCHazard,42
9.4,0.25206001559020574,0.24077587967129577,RFS,InD,METABRIC,PCHazard,42
9.6,0.25422489965687955,0.2423690660483852,RFS,InD,METABRIC,PCHazard,42
9.8,0.2554191856940022,0.24301112847262402,RFS,InD,METABRIC,PCHazard,42
10.0,0.25365168255832987,0.24478821237999454,RFS,InD,METABRIC,PCHazard,42
1.8,0.047007779536364425,0.044798050596640944,RFS,InD,METABRIC,PCHazard,43
2.0,0.057276074317275064,0.05399552918642347,RFS,InD,METABRIC,PCHazard,43
2.2,0.06139953597802967,0.057629637048686705,RFS,InD,METABRIC,PCHazard,43
2.4,0.07483089370794853,0.06923123712788447,RFS,InD,METABRIC,PCHazard,43
2.6,0.08103315196932245,0.07446678737255424,RFS,InD,METABRIC,PCHazard,43
2.8,0.09033653936138335,0.08217585786770577,RFS,InD,METABRIC,PCHazard,43
3.0,0.12139558703684579,0.09382743146682491,RFS,InD,METABRIC,PCHazard,43
3.2,0.12474813691143724,0.10506891343023635,RFS,InD,METABRIC,PCHazard,43
3.4,0.12482410373323995,0.1074241022713713,RFS,InD,METABRIC,PCHazard,43
3.6,0.13325023504414324,0.12338415080800577,RFS,InD,METABRIC,PCHazard,43
3.8,0.13565257034960077,0.1285045081882423,RFS,InD,METABRIC,PCHazard,43
4.0,0.13909425124891817,0.13493711247884915,RFS,InD,METABRIC,PCHazard,43
4.2,0.1458148360628789,0.14325666129730955,RFS,InD,METABRIC,PCHazard,43
4.4,0.1512364861698551,0.1506185224960873,RFS,InD,METABRIC,PCHazard,43
4.6,0.15674926692618857,0.15708941334474133,RFS,InD,METABRIC,PCHazard,43
4.8,0.16045542816959046,0.16087487328409694,RFS,InD,METABRIC,PCHazard,43
5.0,0.16459915456817234,0.16705252606357215,RFS,InD,METABRIC,PCHazard,43
5.2,0.16700760503690484,0.1700742065435371,RFS,InD,METABRIC,PCHazard,43
5.4,0.1729653016684208,0.17483869523893533,RFS,InD,METABRIC,PCHazard,43
5.6,0.1754673259262139,0.1783280643055034,RFS,InD,METABRIC,PCHazard,43
5.8,0.17921469468578055,0.18287472988739742,RFS,InD,METABRIC,PCHazard,43
6.0,0.2241925164782589,0.1894347966520456,RFS,InD,METABRIC,PCHazard,43
6.2,0.22473796346282196,0.19261348683459145,RFS,InD,METABRIC,PCHazard,43
6.4,0.2270472152771775,0.19725068305138307,RFS,InD,METABRIC,PCHazard,43
6.6,0.22753345727201066,0.20074873824231332,RFS,InD,METABRIC,PCHazard,43
6.8,0.2306101269005678,0.20648837872407336,RFS,InD,METABRIC,PCHazard,43
7.0,0.23058481107299975,0.20878878076241641,RFS,InD,METABRIC,PCHazard,43
7.2,0.23478735147442772,0.21449939257751013,RFS,InD,METABRIC,PCHazard,43
7.4,0.23639206259188542,0.2170093671022275,RFS,InD,METABRIC,PCHazard,43
7.6,0.23784663143246645,0.22139202254167764,RFS,InD,METABRIC,PCHazard,43
7.8,0.23973321494413014,0.22291849670886463,RFS,InD,METABRIC,PCHazard,43
8.0,0.24123631940476484,0.22440948572711872,RFS,InD,METABRIC,PCHazard,43
8.2,0.2404769655006791,0.2265722209455091,RFS,InD,METABRIC,PCHazard,43
8.4,0.24167098153857847,0.22762247390816318,RFS,InD,METABRIC,PCHazard,43
8.6,0.2424495879113133,0.23003102491230956,RFS,InD,METABRIC,PCHazard,43
8.8,0.243368127387287,0.23294979621174014,RFS,InD,METABRIC,PCHazard,43
9.0,0.2617929450302925,0.23357152507786896,RFS,InD,METABRIC,PCHazard,43
9.2,0.2631846472015776,0.23508567026664576,RFS,InD,METABRIC,PCHazard,43
9.4,0.2658902568087185,0.23872369730422435,RFS,InD,METABRIC,PCHazard,43
9.6,0.26501960555555426,0.2397511605486925,RFS,InD,METABRIC,PCHazard,43
9.8,0.26645181812130997,0.24024978599383986,RFS,InD,METABRIC,PCHazard,43
10.0,0.2652432968620064,0.24212563457447508,RFS,InD,METABRIC,PCHazard,43
1.6,0.042839571463807395,0.04100434652225919,RFS,InD,METABRIC,PCHazard,44
1.8,0.05204636004387509,0.049337542265907565,RFS,InD,METABRIC,PCHazard,44
2.0,0.06537017920135317,0.061096932794607164,RFS,InD,METABRIC,PCHazard,44
2.2,0.0715337312295998,0.06641667319519758,RFS,InD,METABRIC,PCHazard,44
2.4,0.08387794726210522,0.07684246823919638,RFS,InD,METABRIC,PCHazard,44
2.6,0.1024063475494119,0.09191933375150364,RFS,InD,METABRIC,PCHazard,44
2.8,0.10698198844644068,0.09760545417622593,RFS,InD,METABRIC,PCHazard,44
3.0,0.11190546138485317,0.10320302197193568,RFS,InD,METABRIC,PCHazard,44
3.2,0.11584750853827315,0.11179040616078283,RFS,InD,METABRIC,PCHazard,44
3.4,0.12372002646708703,0.12161080028660894,RFS,InD,METABRIC,PCHazard,44
3.6,0.1305062895786283,0.12964369455783414,RFS,InD,METABRIC,PCHazard,44
3.8,0.14022168269192892,0.13952235258781417,RFS,InD,METABRIC,PCHazard,44
4.0,0.1473668009861901,0.1469906520422828,RFS,InD,METABRIC,PCHazard,44
4.2,0.15411460563249302,0.15420335188007445,RFS,InD,METABRIC,PCHazard,44
4.4,0.1597545627759039,0.15991978985294175,RFS,InD,METABRIC,PCHazard,44
4.6,0.16735897758351112,0.16606515356340074,RFS,InD,METABRIC,PCHazard,44
4.8,0.17208772599736746,0.1708305695887791,RFS,InD,METABRIC,PCHazard,44
5.0,0.176861825104718,0.17490360732425253,RFS,InD,METABRIC,PCHazard,44
5.2,0.1800222262550348,0.17719155892559899,RFS,InD,METABRIC,PCHazard,44
5.4,0.18624550271305515,0.18168705134880528,RFS,InD,METABRIC,PCHazard,44
5.6,0.20609933657610746,0.1855069442290924,RFS,InD,METABRIC,PCHazard,44
5.8,0.20983690567356786,0.18922504471644114,RFS,InD,METABRIC,PCHazard,44
6.0,0.21408349788739303,0.1933531686318626,RFS,InD,METABRIC,PCHazard,44
6.2,0.21527676344650054,0.19536853700549153,RFS,InD,METABRIC,PCHazard,44
6.4,0.21549646543702242,0.19784642233918506,RFS,InD,METABRIC,PCHazard,44
6.6,0.2155647022019868,0.19931672073823595,RFS,InD,METABRIC,PCHazard,44
6.8,0.21809290831430217,0.2040881263245127,RFS,InD,METABRIC,PCHazard,44
7.0,0.22117011772840584,0.2068467161072851,RFS,InD,METABRIC,PCHazard,44
7.2,0.2272720320169337,0.21126664874498696,RFS,InD,METABRIC,PCHazard,44
7.4,0.22950822400646226,0.2125597376448987,RFS,InD,METABRIC,PCHazard,44
7.6,0.23557931153200998,0.21753814056209667,RFS,InD,METABRIC,PCHazard,44
7.8,0.23771426375667803,0.2195257505810185,RFS,InD,METABRIC,PCHazard,44
8.0,0.23962330236425172,0.22069074314694742,RFS,InD,METABRIC,PCHazard,44
8.2,0.2403422860331754,0.22183682610531733,RFS,InD,METABRIC,PCHazard,44
8.4,0.2686406617072349,0.2244461604134891,RFS,InD,METABRIC,PCHazard,44
8.6,0.267047484478584,0.22730574761526523,RFS,InD,METABRIC,PCHazard,44
8.8,0.26775059588839684,0.23000786784913319,RFS,InD,METABRIC,PCHazard,44
9.0,0.267949720175836,0.23162060750924568,RFS,InD,METABRIC,PCHazard,44
9.2,0.2702904986321241,0.2328682970566275,RFS,InD,METABRIC,PCHazard,44
9.4,0.27139087297512626,0.23498209408004025,RFS,InD,METABRIC,PCHazard,44
9.6,0.2719602062102195,0.23613902008979773,RFS,InD,METABRIC,PCHazard,44
9.8,0.2730595917645883,0.23698316260969063,RFS,InD,METABRIC,PCHazard,44
10.0,0.27528426169709824,0.24011923321560377,RFS,InD,METABRIC,PCHazard,44
1.8,0.05060153662485506,0.05009790268541527,RFS,InD,METABRIC,PMF,40
2.0,0.06254570615754973,0.06177358067103276,RFS,InD,METABRIC,PMF,40
2.2,0.06898316202955469,0.06792350849884586,RFS,InD,METABRIC,PMF,40
2.4,0.08024479933452916,0.07823657823425569,RFS,InD,METABRIC,PMF,40
2.6,0.09180659530866936,0.08907535825595224,RFS,InD,METABRIC,PMF,40
2.8,0.09823679931383907,0.09476966593073878,RFS,InD,METABRIC,PMF,40
3.0,0.10910322625673355,0.10432166064417517,RFS,InD,METABRIC,PMF,40
3.2,0.12040111262153773,0.11432928110558634,RFS,InD,METABRIC,PMF,40
3.4,0.12065642212388013,0.11808355074622415,RFS,InD,METABRIC,PMF,40
3.6,0.1275636802159204,0.12615839802918788,RFS,InD,METABRIC,PMF,40
3.8,0.13362883946351575,0.13330091641102282,RFS,InD,METABRIC,PMF,40
4.0,0.13731435139707676,0.13887360852977762,RFS,InD,METABRIC,PMF,40
4.2,0.14392062785232818,0.14632542666431733,RFS,InD,METABRIC,PMF,40
4.4,0.14921188790383302,0.1522460023408419,RFS,InD,METABRIC,PMF,40
4.6,0.15439230768754386,0.1573674594859293,RFS,InD,METABRIC,PMF,40
4.8,0.15943514757064253,0.1629732942499588,RFS,InD,METABRIC,PMF,40
5.0,0.16470412520731323,0.16724396243979958,RFS,InD,METABRIC,PMF,40
5.2,0.16754267856531688,0.16965211570584066,RFS,InD,METABRIC,PMF,40
5.4,0.17217138558435308,0.17322658866638221,RFS,InD,METABRIC,PMF,40
5.6,0.1776959674620225,0.17787724150819362,RFS,InD,METABRIC,PMF,40
5.8,0.18072503904186488,0.1801562992701748,RFS,InD,METABRIC,PMF,40
6.0,0.18638101869820287,0.18572797169718563,RFS,InD,METABRIC,PMF,40
6.2,0.18852963295315608,0.18790588524118365,RFS,InD,METABRIC,PMF,40
6.4,0.18800731218572656,0.1911186843605053,RFS,InD,METABRIC,PMF,40
6.6,0.19124735030028125,0.1947765311325662,RFS,InD,METABRIC,PMF,40
6.8,0.19830973597162055,0.20128761631670464,RFS,InD,METABRIC,PMF,40
7.0,0.2009336657998473,0.20322058449848948,RFS,InD,METABRIC,PMF,40
7.2,0.2069529878904925,0.2088101367275353,RFS,InD,METABRIC,PMF,40
7.4,0.21242946352954745,0.21279938538425724,RFS,InD,METABRIC,PMF,40
7.6,0.21923654429636713,0.219036274779728,RFS,InD,METABRIC,PMF,40
7.8,0.22324048701387966,0.22100642165696383,RFS,InD,METABRIC,PMF,40
8.0,0.22664972041826675,0.22291181664007517,RFS,InD,METABRIC,PMF,40
8.2,0.23057133654504927,0.22583126831839803,RFS,InD,METABRIC,PMF,40
8.4,0.23240400986419307,0.22826733021881837,RFS,InD,METABRIC,PMF,40
8.6,0.23463024643584035,0.23060229126595838,RFS,InD,METABRIC,PMF,40
8.8,0.2376031100660585,0.2328271021938452,RFS,InD,METABRIC,PMF,40
9.0,0.23863857781738088,0.23344159756087404,RFS,InD,METABRIC,PMF,40
9.2,0.24019439941285134,0.2340503246119877,RFS,InD,METABRIC,PMF,40
9.4,0.23629804224919215,0.23723640232018842,RFS,InD,METABRIC,PMF,40
9.6,0.23773094498347322,0.2385794272804656,RFS,InD,METABRIC,PMF,40
9.8,0.2388990156955327,0.2396082969256367,RFS,InD,METABRIC,PMF,40
10.0,0.2390966533406376,0.24107770516459862,RFS,InD,METABRIC,PMF,40
1.6,0.039400594015522046,0.03828004930667394,RFS,InD,METABRIC,PMF,41
1.8,0.04585067820920808,0.044834414691411,RFS,InD,METABRIC,PMF,41
2.0,0.05623422914233159,0.05492896325190109,RFS,InD,METABRIC,PMF,41
2.2,0.06453276225623966,0.06300263758443388,RFS,InD,METABRIC,PMF,41
2.4,0.07780034464455589,0.07524309171865956,RFS,InD,METABRIC,PMF,41
2.6,0.08804331678809892,0.0845728047612073,RFS,InD,METABRIC,PMF,41
2.8,0.09746050454471651,0.09284272458342378,RFS,InD,METABRIC,PMF,41
3.0,0.10779240580693276,0.10172545435627045,RFS,InD,METABRIC,PMF,41
3.2,0.12279854170618952,0.11419223463057677,RFS,InD,METABRIC,PMF,41
3.4,0.13655436149500813,0.11872616107540845,RFS,InD,METABRIC,PMF,41
3.6,0.14654783296579252,0.13115428283734842,RFS,InD,METABRIC,PMF,41
3.8,0.15000206150060313,0.13819420476908054,RFS,InD,METABRIC,PMF,41
4.0,0.15539325454950012,0.14569805151112208,RFS,InD,METABRIC,PMF,41
4.2,0.16161006435677464,0.1509916924699058,RFS,InD,METABRIC,PMF,41
4.4,0.16898964913329362,0.15931020606895444,RFS,InD,METABRIC,PMF,41
4.6,0.16970086206931848,0.15993497541461796,RFS,InD,METABRIC,PMF,41
4.8,0.1755648052390063,0.16546634561770376,RFS,InD,METABRIC,PMF,41
5.0,0.17847564045047795,0.16847861662751876,RFS,InD,METABRIC,PMF,41
5.2,0.1812565732679856,0.17086132017824918,RFS,InD,METABRIC,PMF,41
5.4,0.1858553193080518,0.1743989111548601,RFS,InD,METABRIC,PMF,41
5.6,0.1879866609780515,0.17729203987069525,RFS,InD,METABRIC,PMF,41
5.8,0.1894636588121046,0.17957183083810202,RFS,InD,METABRIC,PMF,41
6.0,0.1926580581153117,0.18294590114585585,RFS,InD,METABRIC,PMF,41
6.2,0.1932006215465727,0.1846135675792805,RFS,InD,METABRIC,PMF,41
6.4,0.19902078980606755,0.1889907372093912,RFS,InD,METABRIC,PMF,41
6.6,0.2054447038933368,0.19167401761007233,RFS,InD,METABRIC,PMF,41
6.8,0.20835405126939602,0.1948242967166968,RFS,InD,METABRIC,PMF,41
7.0,0.20922058917513617,0.19688853502881892,RFS,InD,METABRIC,PMF,41
7.2,0.2119606344246471,0.20141511747699076,RFS,InD,METABRIC,PMF,41
7.4,0.2126333969396801,0.20337078967549502,RFS,InD,METABRIC,PMF,41
7.6,0.2153316612228956,0.20810323847868337,RFS,InD,METABRIC,PMF,41
7.8,0.21876532185632458,0.21217862125493037,RFS,InD,METABRIC,PMF,41
8.0,0.22092275957813626,0.2152087747926299,RFS,InD,METABRIC,PMF,41
8.2,0.22100346745483504,0.21932468090770116,RFS,InD,METABRIC,PMF,41
8.4,0.22540189118387854,0.2216814299671586,RFS,InD,METABRIC,PMF,41
8.6,0.2277771569271095,0.2246971609351778,RFS,InD,METABRIC,PMF,41
8.8,0.232087298837745,0.22755854398581044,RFS,InD,METABRIC,PMF,41
9.0,0.23461447036345248,0.22926274802218707,RFS,InD,METABRIC,PMF,41
9.2,0.23666296212682608,0.2305851772104906,RFS,InD,METABRIC,PMF,41
9.4,0.23970692833425702,0.2331405288986134,RFS,InD,METABRIC,PMF,41
9.6,0.24066992707658377,0.23376087796262943,RFS,InD,METABRIC,PMF,41
9.8,0.2438275444356015,0.23467277005414192,RFS,InD,METABRIC,PMF,41
10.0,0.236745160095049,0.23808851538925777,RFS,InD,METABRIC,PMF,41
1.8,0.043317782448859754,0.043806125541477586,RFS,InD,METABRIC,PMF,42
2.0,0.05165633454008264,0.052071913176281674,RFS,InD,METABRIC,PMF,42
2.2,0.05890043447354996,0.05930072197344649,RFS,InD,METABRIC,PMF,42
2.4,0.07073499752021994,0.07078383006770934,RFS,InD,METABRIC,PMF,42
2.6,0.08181624861947104,0.08106715761788698,RFS,InD,METABRIC,PMF,42
2.8,0.09005356870132714,0.08858309412428961,RFS,InD,METABRIC,PMF,42
3.0,0.09928243809461063,0.09673964752687055,RFS,InD,METABRIC,PMF,42
3.2,0.11473464024075322,0.11012049651115244,RFS,InD,METABRIC,PMF,42
3.4,0.1129833872536316,0.11695707172238504,RFS,InD,METABRIC,PMF,42
3.6,0.1244340657098177,0.12868807096491994,RFS,InD,METABRIC,PMF,42
3.8,0.13401305327244098,0.13991948719831937,RFS,InD,METABRIC,PMF,42
4.0,0.14320436068056222,0.14866815988417162,RFS,InD,METABRIC,PMF,42
4.2,0.15103276982462444,0.15643315974610966,RFS,InD,METABRIC,PMF,42
4.4,0.1597199317276527,0.16390196349397484,RFS,InD,METABRIC,PMF,42
4.6,0.16594240312896727,0.16930438416681454,RFS,InD,METABRIC,PMF,42
4.8,0.17114727621477369,0.17397087008396706,RFS,InD,METABRIC,PMF,42
5.0,0.17574627983744223,0.17739700079600745,RFS,InD,METABRIC,PMF,42
5.2,0.17977791102231047,0.1802164064258648,RFS,InD,METABRIC,PMF,42
5.4,0.1849453499357299,0.184656223918031,RFS,InD,METABRIC,PMF,42
5.6,0.19095332809648266,0.18949796881672815,RFS,InD,METABRIC,PMF,42
5.8,0.1959878675969306,0.19314812003392473,RFS,InD,METABRIC,PMF,42
6.0,0.20038071076768366,0.1967095766277166,RFS,InD,METABRIC,PMF,42
6.2,0.20502278212217329,0.20017548354983544,RFS,InD,METABRIC,PMF,42
6.4,0.2106660173206554,0.20353753426297028,RFS,InD,METABRIC,PMF,42
6.6,0.20697302840911397,0.20634009472158896,RFS,InD,METABRIC,PMF,42
6.8,0.21346976851228303,0.21083044329581108,RFS,InD,METABRIC,PMF,42
7.0,0.2167880139658017,0.21298762656974027,RFS,InD,METABRIC,PMF,42
7.2,0.22703758603509622,0.21951800859487888,RFS,InD,METABRIC,PMF,42
7.4,0.23153634788421065,0.22183586941791028,RFS,InD,METABRIC,PMF,42
7.6,0.23798732879194975,0.22516497698220775,RFS,InD,METABRIC,PMF,42
7.8,0.23965697933034708,0.22623648931759266,RFS,InD,METABRIC,PMF,42
8.0,0.2418037288466918,0.22728437643995572,RFS,InD,METABRIC,PMF,42
8.2,0.24340682813308248,0.22931454691868308,RFS,InD,METABRIC,PMF,42
8.4,0.24931108150063488,0.23159235278221632,RFS,InD,METABRIC,PMF,42
8.6,0.2537980100552395,0.23315787615110958,RFS,InD,METABRIC,PMF,42
8.8,0.25952330777120414,0.23553335661088823,RFS,InD,METABRIC,PMF,42
9.0,0.26169764230890946,0.236936949634447,RFS,InD,METABRIC,PMF,42
9.2,0.2627136788569154,0.23827607728722774,RFS,InD,METABRIC,PMF,42
9.4,0.2693526438513836,0.24077587967129577,RFS,InD,METABRIC,PMF,42
9.6,0.2744240002696736,0.2423690660483852,RFS,InD,METABRIC,PMF,42
9.8,0.2769534998514716,0.24301112847262402,RFS,InD,METABRIC,PMF,42
10.0,0.24994779129949554,0.24478821237999454,RFS,InD,METABRIC,PMF,42
1.8,0.04473026717521169,0.044798050596640944,RFS,InD,METABRIC,PMF,43
2.0,0.05385504475862124,0.05399552918642347,RFS,InD,METABRIC,PMF,43
2.2,0.05743435234608395,0.057629637048686705,RFS,InD,METABRIC,PMF,43
2.4,0.06939904254966697,0.06923123712788447,RFS,InD,METABRIC,PMF,43
2.6,0.07506117204453834,0.07446678737255424,RFS,InD,METABRIC,PMF,43
2.8,0.08340986203632583,0.08217585786770577,RFS,InD,METABRIC,PMF,43
3.0,0.09645256793336145,0.09382743146682491,RFS,InD,METABRIC,PMF,43
3.2,0.10957025045101408,0.10506891343023635,RFS,InD,METABRIC,PMF,43
3.4,0.11789493526958625,0.1074241022713713,RFS,InD,METABRIC,PMF,43
3.6,0.12936602467504357,0.12338415080800577,RFS,InD,METABRIC,PMF,43
3.8,0.13483803199718225,0.1285045081882423,RFS,InD,METABRIC,PMF,43
4.0,0.13954089093209188,0.13493711247884915,RFS,InD,METABRIC,PMF,43
4.2,0.14876652744560498,0.14325666129730955,RFS,InD,METABRIC,PMF,43
4.4,0.15578804340114358,0.1506185224960873,RFS,InD,METABRIC,PMF,43
4.6,0.1628607104422024,0.15708941334474133,RFS,InD,METABRIC,PMF,43
4.8,0.1678220216112982,0.16087487328409694,RFS,InD,METABRIC,PMF,43
5.0,0.1754133069677584,0.16705252606357215,RFS,InD,METABRIC,PMF,43
5.2,0.17859119135285753,0.1700742065435371,RFS,InD,METABRIC,PMF,43
5.4,0.18543081741810072,0.17483869523893533,RFS,InD,METABRIC,PMF,43
5.6,0.1891095051371144,0.1783280643055034,RFS,InD,METABRIC,PMF,43
5.8,0.1937540407122798,0.18287472988739742,RFS,InD,METABRIC,PMF,43
6.0,0.20126219839801193,0.1894347966520456,RFS,InD,METABRIC,PMF,43
6.2,0.2048094815446678,0.19261348683459145,RFS,InD,METABRIC,PMF,43
6.4,0.21127880547388894,0.19725068305138307,RFS,InD,METABRIC,PMF,43
6.6,0.20535455468019426,0.20074873824231332,RFS,InD,METABRIC,PMF,43
6.8,0.21172967698592202,0.20648837872407336,RFS,InD,METABRIC,PMF,43
7.0,0.2123458886411325,0.20878878076241641,RFS,InD,METABRIC,PMF,43
7.2,0.21843064600626255,0.21449939257751013,RFS,InD,METABRIC,PMF,43
7.4,0.22224833212993145,0.2170093671022275,RFS,InD,METABRIC,PMF,43
7.6,0.22874488513872018,0.22139202254167764,RFS,InD,METABRIC,PMF,43
7.8,0.23238556228426732,0.22291849670886463,RFS,InD,METABRIC,PMF,43
8.0,0.2343878192226117,0.22440948572711872,RFS,InD,METABRIC,PMF,43
8.2,0.2369819770507855,0.2265722209455091,RFS,InD,METABRIC,PMF,43
8.4,0.23864430710558618,0.22762247390816318,RFS,InD,METABRIC,PMF,43
8.6,0.24372295062040317,0.23003102491230956,RFS,InD,METABRIC,PMF,43
8.8,0.24845075981218462,0.23294979621174014,RFS,InD,METABRIC,PMF,43
9.0,0.2499242863170222,0.23357152507786896,RFS,InD,METABRIC,PMF,43
9.2,0.2528325479883403,0.23508567026664576,RFS,InD,METABRIC,PMF,43
9.4,0.2609086736846278,0.23872369730422435,RFS,InD,METABRIC,PMF,43
9.6,0.2639018083671394,0.2397511605486925,RFS,InD,METABRIC,PMF,43
9.8,0.265882903678467,0.24024978599383986,RFS,InD,METABRIC,PMF,43
10.0,0.2445963187237667,0.24212563457447508,RFS,InD,METABRIC,PMF,43
1.6,0.042369399593695546,0.04100434652225919,RFS,InD,METABRIC,PMF,44
1.8,0.050598688349823874,0.049337542265907565,RFS,InD,METABRIC,PMF,44
2.0,0.0623451744351818,0.061096932794607164,RFS,InD,METABRIC,PMF,44
2.2,0.06790038836288156,0.06641667319519758,RFS,InD,METABRIC,PMF,44
2.4,0.07879419381273849,0.07684246823919638,RFS,InD,METABRIC,PMF,44
2.6,0.09495631865264123,0.09191933375150364,RFS,InD,METABRIC,PMF,44
2.8,0.10138858560248587,0.09760545417622593,RFS,InD,METABRIC,PMF,44
3.0,0.10797542084514386,0.10320302197193568,RFS,InD,METABRIC,PMF,44
3.2,0.11245955727244435,0.11179040616078283,RFS,InD,METABRIC,PMF,44
3.4,0.12021921475492425,0.12161080028660894,RFS,InD,METABRIC,PMF,44
3.6,0.12789928718484675,0.12964369455783414,RFS,InD,METABRIC,PMF,44
3.8,0.13695423990605496,0.13952235258781417,RFS,InD,METABRIC,PMF,44
4.0,0.14392237843693664,0.1469906520422828,RFS,InD,METABRIC,PMF,44
4.2,0.15102413191470976,0.15420335188007445,RFS,InD,METABRIC,PMF,44
4.4,0.15708392689816614,0.15991978985294175,RFS,InD,METABRIC,PMF,44
4.6,0.16477002861245446,0.16606515356340074,RFS,InD,METABRIC,PMF,44
4.8,0.17090469215594487,0.1708305695887791,RFS,InD,METABRIC,PMF,44
5.0,0.17615507264197944,0.17490360732425253,RFS,InD,METABRIC,PMF,44
5.2,0.1792712552154405,0.17719155892559899,RFS,InD,METABRIC,PMF,44
5.4,0.1854558060504839,0.18168705134880528,RFS,InD,METABRIC,PMF,44
5.6,0.18988487590049494,0.1855069442290924,RFS,InD,METABRIC,PMF,44
5.8,0.1941003711088686,0.18922504471644114,RFS,InD,METABRIC,PMF,44
6.0,0.20072371653624085,0.1933531686318626,RFS,InD,METABRIC,PMF,44
6.2,0.20383032644410437,0.19536853700549153,RFS,InD,METABRIC,PMF,44
6.4,0.20523263552503337,0.19784642233918506,RFS,InD,METABRIC,PMF,44
6.6,0.2060455571807477,0.19931672073823595,RFS,InD,METABRIC,PMF,44
6.8,0.21246085539230009,0.2040881263245127,RFS,InD,METABRIC,PMF,44
7.0,0.214676272330076,0.2068467161072851,RFS,InD,METABRIC,PMF,44
7.2,0.22099351406414677,0.21126664874498696,RFS,InD,METABRIC,PMF,44
7.4,0.22362464055715925,0.2125597376448987,RFS,InD,METABRIC,PMF,44
7.6,0.22835604956856986,0.21753814056209667,RFS,InD,METABRIC,PMF,44
7.8,0.23139699809853398,0.2195257505810185,RFS,InD,METABRIC,PMF,44
8.0,0.23400168664654308,0.22069074314694742,RFS,InD,METABRIC,PMF,44
8.2,0.23573386247033204,0.22183682610531733,RFS,InD,METABRIC,PMF,44
8.4,0.2393522216722571,0.2244461604134891,RFS,InD,METABRIC,PMF,44
8.6,0.24272313582604224,0.22730574761526523,RFS,InD,METABRIC,PMF,44
8.8,0.24613139274882975,0.23000786784913319,RFS,InD,METABRIC,PMF,44
9.0,0.2491905774017208,0.23162060750924568,RFS,InD,METABRIC,PMF,44
9.2,0.2503225993481381,0.2328682970566275,RFS,InD,METABRIC,PMF,44
9.4,0.25453339200591946,0.23498209408004025,RFS,InD,METABRIC,PMF,44
9.6,0.257797239263321,0.23613902008979773,RFS,InD,METABRIC,PMF,44
9.8,0.2592312419505775,0.23698316260969063,RFS,InD,METABRIC,PMF,44
10.0,0.2646103079029042,0.24011923321560377,RFS,InD,METABRIC,PMF,44
1.8,0.04946751101993242,0.05009790268541527,RFS,InD,METABRIC,RSF,40
2.0,0.060987914777884775,0.06177358067103276,RFS,InD,METABRIC,RSF,40
2.2,0.06673156799241776,0.06792350849884586,RFS,InD,METABRIC,RSF,40
2.4,0.07649149362193326,0.07823657823425569,RFS,InD,METABRIC,RSF,40
2.6,0.08688410433717271,0.08907535825595224,RFS,InD,METABRIC,RSF,40
2.8,0.0923714604116355,0.09476966593073878,RFS,InD,METABRIC,RSF,40
3.0,0.10121159312247843,0.10432166064417517,RFS,InD,METABRIC,RSF,40
3.2,0.11041718987907573,0.11432928110558634,RFS,InD,METABRIC,RSF,40
3.4,0.11363864590393087,0.11808355074622415,RFS,InD,METABRIC,RSF,40
3.6,0.12173565336843231,0.12615839802918788,RFS,InD,METABRIC,RSF,40
3.8,0.12812165979458268,0.13330091641102282,RFS,InD,METABRIC,RSF,40
4.0,0.13305628396567762,0.13887360852977762,RFS,InD,METABRIC,RSF,40
4.2,0.140125695302816,0.14632542666431733,RFS,InD,METABRIC,RSF,40
4.4,0.14575154636560156,0.1522460023408419,RFS,InD,METABRIC,RSF,40
4.6,0.1503347544124197,0.1573674594859293,RFS,InD,METABRIC,RSF,40
4.8,0.15568653847014718,0.1629732942499588,RFS,InD,METABRIC,RSF,40
5.0,0.1601387057831654,0.16724396243979958,RFS,InD,METABRIC,RSF,40
5.2,0.16274522318673304,0.16965211570584066,RFS,InD,METABRIC,RSF,40
5.4,0.16672504519159698,0.17322658866638221,RFS,InD,METABRIC,RSF,40
5.6,0.17090554120534746,0.17787724150819362,RFS,InD,METABRIC,RSF,40
5.8,0.17301464200390942,0.1801562992701748,RFS,InD,METABRIC,RSF,40
6.0,0.17782615379406005,0.18572797169718563,RFS,InD,METABRIC,RSF,40
6.2,0.17961191226335627,0.18790588524118365,RFS,InD,METABRIC,RSF,40
6.4,0.18296925644857945,0.1911186843605053,RFS,InD,METABRIC,RSF,40
6.6,0.18636053353138546,0.1947765311325662,RFS,InD,METABRIC,RSF,40
6.8,0.19273746257280325,0.20128761631670464,RFS,InD,METABRIC,RSF,40
7.0,0.1944166224949363,0.20322058449848948,RFS,InD,METABRIC,RSF,40
7.2,0.19961863308392375,0.2088101367275353,RFS,InD,METABRIC,RSF,40
7.4,0.2033414894315351,0.21279938538425724,RFS,InD,METABRIC,RSF,40
7.6,0.20963140370753544,0.219036274779728,RFS,InD,METABRIC,RSF,40
7.8,0.2115192073004947,0.22100642165696383,RFS,InD,METABRIC,RSF,40
8.0,0.2132023773006553,0.22291181664007517,RFS,InD,METABRIC,RSF,40
8.2,0.21563878602253042,0.22583126831839803,RFS,InD,METABRIC,RSF,40
8.4,0.21802690024892435,0.22826733021881837,RFS,InD,METABRIC,RSF,40
8.6,0.21988640764947776,0.23060229126595838,RFS,InD,METABRIC,RSF,40
8.8,0.22159355309634018,0.2328271021938452,RFS,InD,METABRIC,RSF,40
9.0,0.22207333142179259,0.23344159756087404,RFS,InD,METABRIC,RSF,40
9.2,0.22267677817510131,0.2340503246119877,RFS,InD,METABRIC,RSF,40
9.4,0.2253940937841246,0.23723640232018842,RFS,InD,METABRIC,RSF,40
9.6,0.2271015157234679,0.2385794272804656,RFS,InD,METABRIC,RSF,40
9.8,0.22777774274613447,0.2396082969256367,RFS,InD,METABRIC,RSF,40
10.0,0.2282927130239411,0.24107770516459862,RFS,InD,METABRIC,RSF,40
1.6,0.03790846822851259,0.03828004930667394,RFS,InD,METABRIC,RSF,41
1.8,0.04431846842564068,0.044834414691411,RFS,InD,METABRIC,RSF,41
2.0,0.05462201161544407,0.05492896325190109,RFS,InD,METABRIC,RSF,41
2.2,0.06221913371369886,0.06300263758443388,RFS,InD,METABRIC,RSF,41
2.4,0.07293275437699111,0.07524309171865956,RFS,InD,METABRIC,RSF,41
2.6,0.08168926398904877,0.0845728047612073,RFS,InD,METABRIC,RSF,41
2.8,0.08952713028378223,0.09284272458342378,RFS,InD,METABRIC,RSF,41
3.0,0.09801072530351154,0.10172545435627045,RFS,InD,METABRIC,RSF,41
3.2,0.1096483701726511,0.11419223463057677,RFS,InD,METABRIC,RSF,41
3.4,0.11336821074761733,0.11872616107540845,RFS,InD,METABRIC,RSF,41
3.6,0.12532190068220891,0.13115428283734842,RFS,InD,METABRIC,RSF,41
3.8,0.13139409019636,0.13819420476908054,RFS,InD,METABRIC,RSF,41
4.0,0.13830570625629332,0.14569805151112208,RFS,InD,METABRIC,RSF,41
4.2,0.14370122738116642,0.1509916924699058,RFS,InD,METABRIC,RSF,41
4.4,0.15165388955862388,0.15931020606895444,RFS,InD,METABRIC,RSF,41
4.6,0.15256191054988322,0.15993497541461796,RFS,InD,METABRIC,RSF,41
4.8,0.1581511596617538,0.16546634561770376,RFS,InD,METABRIC,RSF,41
5.0,0.161241242962775,0.16847861662751876,RFS,InD,METABRIC,RSF,41
5.2,0.16369441429063863,0.17086132017824918,RFS,InD,METABRIC,RSF,41
5.4,0.167644661459704,0.1743989111548601,RFS,InD,METABRIC,RSF,41
5.6,0.17053242512960048,0.17729203987069525,RFS,InD,METABRIC,RSF,41
5.8,0.17274125408661342,0.17957183083810202,RFS,InD,METABRIC,RSF,41
6.0,0.17647107014772812,0.18294590114585585,RFS,InD,METABRIC,RSF,41
6.2,0.17761737625379267,0.1846135675792805,RFS,InD,METABRIC,RSF,41
6.4,0.1814734998294668,0.1889907372093912,RFS,InD,METABRIC,RSF,41
6.6,0.1842043502287726,0.19167401761007233,RFS,InD,METABRIC,RSF,41
6.8,0.18775112459781054,0.1948242967166968,RFS,InD,METABRIC,RSF,41
7.0,0.1898083329778659,0.19688853502881892,RFS,InD,METABRIC,RSF,41
7.2,0.1946879389796088,0.20141511747699076,RFS,InD,METABRIC,RSF,41
7.4,0.19709235640815406,0.20337078967549502,RFS,InD,METABRIC,RSF,41
7.6,0.20285072029694962,0.20810323847868337,RFS,InD,METABRIC,RSF,41
7.8,0.20660372464645652,0.21217862125493037,RFS,InD,METABRIC,RSF,41
8.0,0.2085123494453046,0.2152087747926299,RFS,InD,METABRIC,RSF,41
8.2,0.211226981582063,0.21932468090770116,RFS,InD,METABRIC,RSF,41
8.4,0.21407921399433277,0.2216814299671586,RFS,InD,METABRIC,RSF,41
8.6,0.21678173536377407,0.2246971609351778,RFS,InD,METABRIC,RSF,41
8.8,0.21938473071063283,0.22755854398581044,RFS,InD,METABRIC,RSF,41
9.0,0.22116195658538465,0.22926274802218707,RFS,InD,METABRIC,RSF,41
9.2,0.2231298024418052,0.2305851772104906,RFS,InD,METABRIC,RSF,41
9.4,0.2263412007171984,0.2331405288986134,RFS,InD,METABRIC,RSF,41
9.6,0.22894890579206395,0.23376087796262943,RFS,InD,METABRIC,RSF,41
9.8,0.23007149987138045,0.23467277005414192,RFS,InD,METABRIC,RSF,41
10.0,0.23244711453209124,0.23808851538925777,RFS,InD,METABRIC,RSF,41
1.8,0.04281940057021692,0.043806125541477586,RFS,InD,METABRIC,RSF,42
2.0,0.05079429093640636,0.052071913176281674,RFS,InD,METABRIC,RSF,42
2.2,0.05759986451678162,0.05930072197344649,RFS,InD,METABRIC,RSF,42
2.4,0.06853039073310543,0.07078383006770934,RFS,InD,METABRIC,RSF,42
2.6,0.07840523752691235,0.08106715761788698,RFS,InD,METABRIC,RSF,42
2.8,0.08521526856294571,0.08858309412428961,RFS,InD,METABRIC,RSF,42
3.0,0.09276018518663566,0.09673964752687055,RFS,InD,METABRIC,RSF,42
3.2,0.10526933629666246,0.11012049651115244,RFS,InD,METABRIC,RSF,42
3.4,0.11126760463288446,0.11695707172238504,RFS,InD,METABRIC,RSF,42
3.6,0.12267122858960744,0.12868807096491994,RFS,InD,METABRIC,RSF,42
3.8,0.13323737671064229,0.13991948719831937,RFS,InD,METABRIC,RSF,42
4.0,0.1412347792492,0.14866815988417162,RFS,InD,METABRIC,RSF,42
4.2,0.1481582248907207,0.15643315974610966,RFS,InD,METABRIC,RSF,42
4.4,0.15557418795126268,0.16390196349397484,RFS,InD,METABRIC,RSF,42
4.6,0.16080033238828798,0.16930438416681454,RFS,InD,METABRIC,RSF,42
4.8,0.1649279058485499,0.17397087008396706,RFS,InD,METABRIC,RSF,42
5.0,0.16827042363521752,0.17739700079600745,RFS,InD,METABRIC,RSF,42
5.2,0.17127460777328318,0.1802164064258648,RFS,InD,METABRIC,RSF,42
5.4,0.1759515978678375,0.184656223918031,RFS,InD,METABRIC,RSF,42
5.6,0.18041927160959667,0.18949796881672815,RFS,InD,METABRIC,RSF,42
5.8,0.1840553679314611,0.19314812003392473,RFS,InD,METABRIC,RSF,42
6.0,0.1874625328577426,0.1967095766277166,RFS,InD,METABRIC,RSF,42
6.2,0.191039294340332,0.20017548354983544,RFS,InD,METABRIC,RSF,42
6.4,0.1945733161171254,0.20353753426297028,RFS,InD,METABRIC,RSF,42
6.6,0.19708508493480476,0.20634009472158896,RFS,InD,METABRIC,RSF,42
6.8,0.20162774225390012,0.21083044329581108,RFS,InD,METABRIC,RSF,42
7.0,0.20398172631932357,0.21298762656974027,RFS,InD,METABRIC,RSF,42
7.2,0.2112905648839567,0.21951800859487888,RFS,InD,METABRIC,RSF,42
7.4,0.21300154304214403,0.22183586941791028,RFS,InD,METABRIC,RSF,42
7.6,0.21633939832845306,0.22516497698220775,RFS,InD,METABRIC,RSF,42
7.8,0.21651672355967685,0.22623648931759266,RFS,InD,METABRIC,RSF,42
8.0,0.21714765955952375,0.22728437643995572,RFS,InD,METABRIC,RSF,42
8.2,0.2184735546790889,0.22931454691868308,RFS,InD,METABRIC,RSF,42
8.4,0.2205046142724765,0.23159235278221632,RFS,InD,METABRIC,RSF,42
8.6,0.22222201375490608,0.23315787615110958,RFS,InD,METABRIC,RSF,42
8.8,0.22456429997657884,0.23553335661088823,RFS,InD,METABRIC,RSF,42
9.0,0.22541677987124387,0.236936949634447,RFS,InD,METABRIC,RSF,42
9.2,0.22659162473519623,0.23827607728722774,RFS,InD,METABRIC,RSF,42
9.4,0.22906305357523202,0.24077587967129577,RFS,InD,METABRIC,RSF,42
9.6,0.23105345285272638,0.2423690660483852,RFS,InD,METABRIC,RSF,42
9.8,0.23207883735226423,0.24301112847262402,RFS,InD,METABRIC,RSF,42
10.0,0.2328875991222489,0.24478821237999454,RFS,InD,METABRIC,RSF,42
1.8,0.04366454642436284,0.044798050596640944,RFS,InD,METABRIC,RSF,43
2.0,0.05232412648188459,0.05399552918642347,RFS,InD,METABRIC,RSF,43
2.2,0.055772465325181236,0.057629637048686705,RFS,InD,METABRIC,RSF,43
2.4,0.06654258426732138,0.06923123712788447,RFS,InD,METABRIC,RSF,43
2.6,0.07160904926120866,0.07446678737255424,RFS,InD,METABRIC,RSF,43
2.8,0.07856526145254071,0.08217585786770577,RFS,InD,METABRIC,RSF,43
3.0,0.08929044047186845,0.09382743146682491,RFS,InD,METABRIC,RSF,43
3.2,0.0995551132474167,0.10506891343023635,RFS,InD,METABRIC,RSF,43
3.4,0.10164551140842755,0.1074241022713713,RFS,InD,METABRIC,RSF,43
3.6,0.11656883650585774,0.12338415080800577,RFS,InD,METABRIC,RSF,43
3.8,0.12115605175801633,0.1285045081882423,RFS,InD,METABRIC,RSF,43
4.0,0.12670116658598646,0.13493711247884915,RFS,InD,METABRIC,RSF,43
4.2,0.13489132921237226,0.14325666129730955,RFS,InD,METABRIC,RSF,43
4.4,0.14197924311560992,0.1506185224960873,RFS,InD,METABRIC,RSF,43
4.6,0.14791573747866202,0.15708941334474133,RFS,InD,METABRIC,RSF,43
4.8,0.1524354238922727,0.16087487328409694,RFS,InD,METABRIC,RSF,43
5.0,0.1584549557045,0.16705252606357215,RFS,InD,METABRIC,RSF,43
5.2,0.16168961943636578,0.1700742065435371,RFS,InD,METABRIC,RSF,43
5.4,0.16661473754677078,0.17483869523893533,RFS,InD,METABRIC,RSF,43
5.6,0.1692966253425936,0.1783280643055034,RFS,InD,METABRIC,RSF,43
5.8,0.1731891748061004,0.18287472988739742,RFS,InD,METABRIC,RSF,43
6.0,0.17933112797673686,0.1894347966520456,RFS,InD,METABRIC,RSF,43
6.2,0.1821015173289783,0.19261348683459145,RFS,InD,METABRIC,RSF,43
6.4,0.1862958280852816,0.19725068305138307,RFS,InD,METABRIC,RSF,43
6.6,0.189552284229625,0.20074873824231332,RFS,InD,METABRIC,RSF,43
6.8,0.19533709659899381,0.20648837872407336,RFS,InD,METABRIC,RSF,43
7.0,0.19697785509448215,0.20878878076241641,RFS,InD,METABRIC,RSF,43
7.2,0.2030969579501642,0.21449939257751013,RFS,InD,METABRIC,RSF,43
7.4,0.20636068502818208,0.2170093671022275,RFS,InD,METABRIC,RSF,43
7.6,0.21110583039343617,0.22139202254167764,RFS,InD,METABRIC,RSF,43
7.8,0.2128798385337967,0.22291849670886463,RFS,InD,METABRIC,RSF,43
8.0,0.21449769284535342,0.22440948572711872,RFS,InD,METABRIC,RSF,43
8.2,0.2163714681723214,0.2265722209455091,RFS,InD,METABRIC,RSF,43
8.4,0.2177466223096648,0.22762247390816318,RFS,InD,METABRIC,RSF,43
8.6,0.2203492842588472,0.23003102491230956,RFS,InD,METABRIC,RSF,43
8.8,0.22299140105218085,0.23294979621174014,RFS,InD,METABRIC,RSF,43
9.0,0.2237840797423317,0.23357152507786896,RFS,InD,METABRIC,RSF,43
9.2,0.2259004155182378,0.23508567026664576,RFS,InD,METABRIC,RSF,43
9.4,0.22969621237909937,0.23872369730422435,RFS,InD,METABRIC,RSF,43
9.6,0.23096269263619584,0.2397511605486925,RFS,InD,METABRIC,RSF,43
9.8,0.23115156543469467,0.24024978599383986,RFS,InD,METABRIC,RSF,43
10.0,0.23275063598846057,0.24212563457447508,RFS,InD,METABRIC,RSF,43
1.6,0.040720360451140705,0.04100434652225919,RFS,InD,METABRIC,RSF,44
1.8,0.048738912165891164,0.049337542265907565,RFS,InD,METABRIC,RSF,44
2.0,0.060500846240695266,0.061096932794607164,RFS,InD,METABRIC,RSF,44
2.2,0.06566853593788946,0.06641667319519758,RFS,InD,METABRIC,RSF,44
2.4,0.07582207538653822,0.07684246823919638,RFS,InD,METABRIC,RSF,44
2.6,0.09114408204899853,0.09191933375150364,RFS,InD,METABRIC,RSF,44
2.8,0.09602987182972829,0.09760545417622593,RFS,InD,METABRIC,RSF,44
3.0,0.10083595231248133,0.10320302197193568,RFS,InD,METABRIC,RSF,44
3.2,0.10886609601802386,0.11179040616078283,RFS,InD,METABRIC,RSF,44
3.4,0.11774100774806276,0.12161080028660894,RFS,InD,METABRIC,RSF,44
3.6,0.12526210210118718,0.12964369455783414,RFS,InD,METABRIC,RSF,44
3.8,0.134473220832108,0.13952235258781417,RFS,InD,METABRIC,RSF,44
4.0,0.14147386365603745,0.1469906520422828,RFS,InD,METABRIC,RSF,44
4.2,0.1479804296003845,0.15420335188007445,RFS,InD,METABRIC,RSF,44
4.4,0.15359853547162436,0.15991978985294175,RFS,InD,METABRIC,RSF,44
4.6,0.15924493241605533,0.16606515356340074,RFS,InD,METABRIC,RSF,44
4.8,0.16341672833698995,0.1708305695887791,RFS,InD,METABRIC,RSF,44
5.0,0.1677296912777287,0.17490360732425253,RFS,InD,METABRIC,RSF,44
5.2,0.1698360310662551,0.17719155892559899,RFS,InD,METABRIC,RSF,44
5.4,0.17460283172066854,0.18168705134880528,RFS,InD,METABRIC,RSF,44
5.6,0.17829640359465246,0.1855069442290924,RFS,InD,METABRIC,RSF,44
5.8,0.18148642531284795,0.18922504471644114,RFS,InD,METABRIC,RSF,44
6.0,0.18595508064734229,0.1933531686318626,RFS,InD,METABRIC,RSF,44
6.2,0.18807969986411363,0.19536853700549153,RFS,InD,METABRIC,RSF,44
6.4,0.19000971517702486,0.19784642233918506,RFS,InD,METABRIC,RSF,44
6.6,0.19149400011435555,0.19931672073823595,RFS,InD,METABRIC,RSF,44
6.8,0.1964240049125894,0.2040881263245127,RFS,InD,METABRIC,RSF,44
7.0,0.1988176346750822,0.2068467161072851,RFS,InD,METABRIC,RSF,44
7.2,0.2040115894492902,0.21126664874498696,RFS,InD,METABRIC,RSF,44
7.4,0.20558926328775493,0.2125597376448987,RFS,InD,METABRIC,RSF,44
7.6,0.21085841263018645,0.21753814056209667,RFS,InD,METABRIC,RSF,44
7.8,0.2126836857230991,0.2195257505810185,RFS,InD,METABRIC,RSF,44
8.0,0.21373485753993346,0.22069074314694742,RFS,InD,METABRIC,RSF,44
8.2,0.21463779102851102,0.22183682610531733,RFS,InD,METABRIC,RSF,44
8.4,0.21734606691303682,0.2244461604134891,RFS,InD,METABRIC,RSF,44
8.6,0.22008699602214293,0.22730574761526523,RFS,InD,METABRIC,RSF,44
8.8,0.2224918000408643,0.23000786784913319,RFS,InD,METABRIC,RSF,44
9.0,0.2237403094490744,0.23162060750924568,RFS,InD,METABRIC,RSF,44
9.2,0.2252283704639606,0.2328682970566275,RFS,InD,METABRIC,RSF,44
9.4,0.2279234532607241,0.23498209408004025,RFS,InD,METABRIC,RSF,44
9.6,0.2293449770259813,0.23613902008979773,RFS,InD,METABRIC,RSF,44
9.8,0.23049161200807017,0.23698316260969063,RFS,InD,METABRIC,RSF,44
10.0,0.23361077965034538,0.24011923321560377,RFS,InD,METABRIC,RSF,44
0.2,0.00018731494008410938,0.0,RFS,OOD,TCGA500,TabSurv_M,40
0.4,0.006897365005838264,0.006708415009556401,RFS,OOD,TCGA500,TabSurv_M,40
0.6,0.013674035778514797,0.013586616672297186,RFS,OOD,TCGA500,TabSurv_M,40
0.8,0.013966826114189344,0.01358661667229718,RFS,OOD,TCGA500,TabSurv_M,40
1.0,0.018928621246893873,0.018224950669401996,RFS,OOD,TCGA500,TabSurv_M,40
1.2,0.028903240293624066,0.028673642639631736,RFS,OOD,TCGA500,TabSurv_M,40
1.4,0.02971507651975213,0.028673642639631725,RFS,OOD,TCGA500,TabSurv_M,40
1.6,0.04190678728529571,0.04059702315239935,RFS,OOD,TCGA500,TabSurv_M,40
1.8,0.05183992787864285,0.050067615085500596,RFS,OOD,TCGA500,TabSurv_M,40
2.0,0.05899863899962646,0.05688667785233105,RFS,OOD,TCGA500,TabSurv_M,40
2.2,0.06347332082093428,0.060491289791558336,RFS,OOD,TCGA500,TabSurv_M,40
2.4,0.06523853194019975,0.06049128979155832,RFS,OOD,TCGA500,TabSurv_M,40
2.6,0.06700538306408488,0.060491289791558336,RFS,OOD,TCGA500,TabSurv_M,40
2.8,0.07377497833410923,0.06799133015143645,RFS,OOD,TCGA500,TabSurv_M,40
3.0,0.08240692631148686,0.07597433296158572,RFS,OOD,TCGA500,TabSurv_M,40
3.2,0.08977929996843864,0.08417121273531396,RFS,OOD,TCGA500,TabSurv_M,40
3.4,0.09652156654117879,0.08851474912770078,RFS,OOD,TCGA500,TabSurv_M,40
3.6,0.1065393152736682,0.10215379643711513,RFS,OOD,TCGA500,TabSurv_M,40
3.8,0.1124888651364491,0.10668399191027211,RFS,OOD,TCGA500,TabSurv_M,40
4.0,0.1173649651601742,0.11120430628003143,RFS,OOD,TCGA500,TabSurv_M,40
4.2,0.11914496622727404,0.11120430628003143,RFS,OOD,TCGA500,TabSurv_M,40
4.4,0.12114861548565822,0.11120430628003143,RFS,OOD,TCGA500,TabSurv_M,40
4.6,0.12795807787926222,0.12129753349688802,RFS,OOD,TCGA500,TabSurv_M,40
4.8,0.13474063072350517,0.1265108724091685,RFS,OOD,TCGA500,TabSurv_M,40
5.0,0.1404719496144054,0.13179680059760027,RFS,OOD,TCGA500,TabSurv_M,40
5.2,0.14335051330736134,0.13179680059760027,RFS,OOD,TCGA500,TabSurv_M,40
0.2,0.00013415156676945526,0.0,RFS,OOD,TCGA500,TabSurv_M,41
0.4,0.006722717448641837,0.006708415009556401,RFS,OOD,TCGA500,TabSurv_M,41
0.6,0.013526516207707407,0.013586616672297186,RFS,OOD,TCGA500,TabSurv_M,41
0.8,0.013746516303882305,0.01358661667229718,RFS,OOD,TCGA500,TabSurv_M,41
1.0,0.018665927167463042,0.018224950669401996,RFS,OOD,TCGA500,TabSurv_M,41
1.2,0.028646194695388313,0.028673642639631736,RFS,OOD,TCGA500,TabSurv_M,41
1.4,0.029300525910541088,0.028673642639631725,RFS,OOD,TCGA500,TabSurv_M,41
1.6,0.04129970594802166,0.04059702315239935,RFS,OOD,TCGA500,TabSurv_M,41
1.8,0.05152469812426557,0.050067615085500596,RFS,OOD,TCGA500,TabSurv_M,41
2.0,0.058185842305559135,0.05688667785233105,RFS,OOD,TCGA500,TabSurv_M,41
2.2,0.06232756782169091,0.060491289791558336,RFS,OOD,TCGA500,TabSurv_M,41
2.4,0.06382678459251266,0.06049128979155832,RFS,OOD,TCGA500,TabSurv_M,41
2.6,0.06535958534137827,0.060491289791558336,RFS,OOD,TCGA500,TabSurv_M,41
2.8,0.07202433121309307,0.06799133015143645,RFS,OOD,TCGA500,TabSurv_M,41
3.0,0.07994907362853773,0.07597433296158572,RFS,OOD,TCGA500,TabSurv_M,41
3.2,0.08733421646263491,0.08417121273531396,RFS,OOD,TCGA500,TabSurv_M,41
3.4,0.09347196964045874,0.08851474912770078,RFS,OOD,TCGA500,TabSurv_M,41
3.6,0.10359394660022604,0.10215379643711513,RFS,OOD,TCGA500,TabSurv_M,41
3.8,0.109489175094103,0.10668399191027211,RFS,OOD,TCGA500,TabSurv_M,41
4.0,0.1150606721012198,0.11120430628003143,RFS,OOD,TCGA500,TabSurv_M,41
4.2,0.11720197270036764,0.11120430628003143,RFS,OOD,TCGA500,TabSurv_M,41
4.4,0.1190945477233308,0.11120430628003143,RFS,OOD,TCGA500,TabSurv_M,41
4.6,0.12649089132724559,0.12129753349688802,RFS,OOD,TCGA500,TabSurv_M,41
4.8,0.13311150502008384,0.1265108724091685,RFS,OOD,TCGA500,TabSurv_M,41
5.0,0.13935889117239142,0.13179680059760027,RFS,OOD,TCGA500,TabSurv_M,41
5.2,0.14221284200994724,0.13179680059760027,RFS,OOD,TCGA500,TabSurv_M,41
0.2,0.00025445074667807276,0.0,RFS,OOD,TCGA500,TabSurv_M,42
0.4,0.006935417154623818,0.006708415009556401,RFS,OOD,TCGA500,TabSurv_M,42
0.6,0.013750011480869403,0.013586616672297186,RFS,OOD,TCGA500,TabSurv_M,42
0.8,0.014210109868085272,0.01358661667229718,RFS,OOD,TCGA500,TabSurv_M,42
1.0,0.01953878618617694,0.018224950669401996,RFS,OOD,TCGA500,TabSurv_M,42
1.2,0.029852679536497177,0.028673642639631736,RFS,OOD,TCGA500,TabSurv_M,42
1.4,0.031444598453973,0.028673642639631725,RFS,OOD,TCGA500,TabSurv_M,42
1.6,0.04384421217916314,0.04059702315239935,RFS,OOD,TCGA500,TabSurv_M,42
1.8,0.054849332473255165,0.050067615085500596,RFS,OOD,TCGA500,TabSurv_M,42
2.0,0.06307197467095721,0.05688667785233105,RFS,OOD,TCGA500,TabSurv_M,42
2.2,0.06860462941537446,0.060491289791558336,RFS,OOD,TCGA500,TabSurv_M,42
2.4,0.0716448708293761,0.06049128979155832,RFS,OOD,TCGA500,TabSurv_M,42
2.6,0.0743302891620255,0.060491289791558336,RFS,OOD,TCGA500,TabSurv_M,42
2.8,0.08154044939542107,0.06799133015143645,RFS,OOD,TCGA500,TabSurv_M,42
3.0,0.08939599345702791,0.07597433296158572,RFS,OOD,TCGA500,TabSurv_M,42
3.2,0.09650132848484252,0.08417121273531396,RFS,OOD,TCGA500,TabSurv_M,42
3.4,0.10288032016965971,0.08851474912770078,RFS,OOD,TCGA500,TabSurv_M,42
3.6,0.11249382588291454,0.10215379643711513,RFS,OOD,TCGA500,TabSurv_M,42
3.8,0.11883669691947406,0.10668399191027211,RFS,OOD,TCGA500,TabSurv_M,42
4.0,0.12438752650269617,0.11120430628003143,RFS,OOD,TCGA500,TabSurv_M,42
4.2,0.12700940147877202,0.11120430628003143,RFS,OOD,TCGA500,TabSurv_M,42
4.4,0.12970315241109145,0.11120430628003143,RFS,OOD,TCGA500,TabSurv_M,42
4.6,0.13657248790163753,0.12129753349688802,RFS,OOD,TCGA500,TabSurv_M,42
4.8,0.1441028145928542,0.1265108724091685,RFS,OOD,TCGA500,TabSurv_M,42
5.0,0.15025098090201414,0.13179680059760027,RFS,OOD,TCGA500,TabSurv_M,42
5.2,0.15374559388421694,0.13179680059760027,RFS,OOD,TCGA500,TabSurv_M,42
0.2,0.00015122585390554748,0.0,RFS,OOD,TCGA500,TabSurv_M,43
0.4,0.006818761379027666,0.006708415009556401,RFS,OOD,TCGA500,TabSurv_M,43
0.6,0.01359713527936473,0.013586616672297186,RFS,OOD,TCGA500,TabSurv_M,43
0.8,0.013899840480919962,0.01358661667229718,RFS,OOD,TCGA500,TabSurv_M,43
1.0,0.01894447114631863,0.018224950669401996,RFS,OOD,TCGA500,TabSurv_M,43
1.2,0.029199949825276572,0.028673642639631736,RFS,OOD,TCGA500,TabSurv_M,43
1.4,0.030311451121828554,0.028673642639631725,RFS,OOD,TCGA500,TabSurv_M,43
1.6,0.04224944416277227,0.04059702315239935,RFS,OOD,TCGA500,TabSurv_M,43
1.8,0.05278681751627577,0.050067615085500596,RFS,OOD,TCGA500,TabSurv_M,43
2.0,0.06039309690089984,0.05688667785233105,RFS,OOD,TCGA500,TabSurv_M,43
2.2,0.06550311102886223,0.060491289791558336,RFS,OOD,TCGA500,TabSurv_M,43
2.4,0.06802497092847046,0.06049128979155832,RFS,OOD,TCGA500,TabSurv_M,43
2.6,0.0704359176953786,0.060491289791558336,RFS,OOD,TCGA500,TabSurv_M,43
2.8,0.07740955447044677,0.06799133015143645,RFS,OOD,TCGA500,TabSurv_M,43
3.0,0.08581991878572676,0.07597433296158572,RFS,OOD,TCGA500,TabSurv_M,43
3.2,0.09354030513384447,0.08417121273531396,RFS,OOD,TCGA500,TabSurv_M,43
3.4,0.09997037113415402,0.08851474912770078,RFS,OOD,TCGA500,TabSurv_M,43
3.6,0.10975628106472263,0.10215379643711513,RFS,OOD,TCGA500,TabSurv_M,43
3.8,0.11624598060995135,0.10668399191027211,RFS,OOD,TCGA500,TabSurv_M,43
4.0,0.12151453930885091,0.11120430628003143,RFS,OOD,TCGA500,TabSurv_M,43
4.2,0.12411044635640088,0.11120430628003143,RFS,OOD,TCGA500,TabSurv_M,43
4.4,0.12675592769163746,0.11120430628003143,RFS,OOD,TCGA500,TabSurv_M,43
4.6,0.1339036467688285,0.12129753349688802,RFS,OOD,TCGA500,TabSurv_M,43
4.8,0.14099312321363225,0.1265108724091685,RFS,OOD,TCGA500,TabSurv_M,43
5.0,0.14662896314798538,0.13179680059760027,RFS,OOD,TCGA500,TabSurv_M,43
5.2,0.14941062669520347,0.13179680059760027,RFS,OOD,TCGA500,TabSurv_M,43
0.2,0.00013615674003821123,0.0,RFS,OOD,TCGA500,TabSurv_M,44
0.4,0.006797731805727006,0.006708415009556401,RFS,OOD,TCGA500,TabSurv_M,44
0.6,0.013610560493155389,0.013586616672297186,RFS,OOD,TCGA500,TabSurv_M,44
0.8,0.01389090388588455,0.01358661667229718,RFS,OOD,TCGA500,TabSurv_M,44
1.0,0.01885112436754865,0.018224950669401996,RFS,OOD,TCGA500,TabSurv_M,44
1.2,0.028704434765157754,0.028673642639631736,RFS,OOD,TCGA500,TabSurv_M,44
1.4,0.029559740400314657,0.028673642639631725,RFS,OOD,TCGA500,TabSurv_M,44
1.6,0.041646780815966476,0.04059702315239935,RFS,OOD,TCGA500,TabSurv_M,44
1.8,0.05182531100277204,0.050067615085500596,RFS,OOD,TCGA500,TabSurv_M,44
2.0,0.058975743975958374,0.05688667785233105,RFS,OOD,TCGA500,TabSurv_M,44
2.2,0.06328706491515805,0.060491289791558336,RFS,OOD,TCGA500,TabSurv_M,44
2.4,0.06527191927582918,0.06049128979155832,RFS,OOD,TCGA500,TabSurv_M,44
2.6,0.06727445669558878,0.060491289791558336,RFS,OOD,TCGA500,TabSurv_M,44
2.8,0.07400763424161566,0.06799133015143645,RFS,OOD,TCGA500,TabSurv_M,44
3.0,0.0822362849367004,0.07597433296158572,RFS,OOD,TCGA500,TabSurv_M,44
3.2,0.09026016981359895,0.08417121273531396,RFS,OOD,TCGA500,TabSurv_M,44
3.4,0.09671917955897699,0.08851474912770078,RFS,OOD,TCGA500,TabSurv_M,44
3.6,0.10640832837780179,0.10215379643711513,RFS,OOD,TCGA500,TabSurv_M,44
3.8,0.11254267641384925,0.10668399191027211,RFS,OOD,TCGA500,TabSurv_M,44
4.0,0.11721147756966621,0.11120430628003143,RFS,OOD,TCGA500,TabSurv_M,44
4.2,0.11919650991101556,0.11120430628003143,RFS,OOD,TCGA500,TabSurv_M,44
4.4,0.1217117881683031,0.11120430628003143,RFS,OOD,TCGA500,TabSurv_M,44
4.6,0.12746821253376453,0.12129753349688802,RFS,OOD,TCGA500,TabSurv_M,44
4.8,0.13462559372024938,0.1265108724091685,RFS,OOD,TCGA500,TabSurv_M,44
5.0,0.14015477247756547,0.13179680059760027,RFS,OOD,TCGA500,TabSurv_M,44
5.2,0.1433428193095444,0.13179680059760027,RFS,OOD,TCGA500,TabSurv_M,44
0.2,0.0045986336535471465,0.0,RFS,OOD,TCGA500,DeepHS,40
0.4,0.010365401831168913,0.006708415009556401,RFS,OOD,TCGA500,DeepHS,40
0.6,0.016762543754511926,0.013586616672297186,RFS,OOD,TCGA500,DeepHS,40
0.8,0.016762182970494602,0.01358661667229718,RFS,OOD,TCGA500,DeepHS,40
1.0,0.020692927488033648,0.018224950669401996,RFS,OOD,TCGA500,DeepHS,40
1.2,0.02978340140201548,0.028673642639631736,RFS,OOD,TCGA500,DeepHS,40
1.4,0.02982244247783646,0.028673642639631725,RFS,OOD,TCGA500,DeepHS,40
1.6,0.0410638271160772,0.04059702315239935,RFS,OOD,TCGA500,DeepHS,40
1.8,0.0504350154740426,0.050067615085500596,RFS,OOD,TCGA500,DeepHS,40
2.0,0.05687961088021285,0.05688667785233105,RFS,OOD,TCGA500,DeepHS,40
2.2,0.06038221016289124,0.060491289791558336,RFS,OOD,TCGA500,DeepHS,40
2.4,0.06038399334781887,0.06049128979155832,RFS,OOD,TCGA500,DeepHS,40
2.6,0.0603956154878595,0.060491289791558336,RFS,OOD,TCGA500,DeepHS,40
2.8,0.06818315369632462,0.06799133015143645,RFS,OOD,TCGA500,DeepHS,40
3.0,0.07618927177873892,0.07597433296158572,RFS,OOD,TCGA500,DeepHS,40
3.2,0.0867512497278066,0.08417121273531396,RFS,OOD,TCGA500,DeepHS,40
3.4,0.09051086844115477,0.08851474912770078,RFS,OOD,TCGA500,DeepHS,40
3.6,0.10132227410435887,0.10215379643711513,RFS,OOD,TCGA500,DeepHS,40
3.8,0.10621936881879342,0.10668399191027211,RFS,OOD,TCGA500,DeepHS,40
4.0,0.11017158153939242,0.11120430628003143,RFS,OOD,TCGA500,DeepHS,40
4.2,0.10973720756128903,0.11120430628003143,RFS,OOD,TCGA500,DeepHS,40
4.4,0.10957068926023537,0.11120430628003143,RFS,OOD,TCGA500,DeepHS,40
4.6,0.11688282646247491,0.12129753349688802,RFS,OOD,TCGA500,DeepHS,40
4.8,0.12291641193258025,0.1265108724091685,RFS,OOD,TCGA500,DeepHS,40
5.0,0.12826676534527195,0.13179680059760027,RFS,OOD,TCGA500,DeepHS,40
5.2,0.12865251214416662,0.13179680059760027,RFS,OOD,TCGA500,DeepHS,40
0.2,0.0038478213371887305,0.0,RFS,OOD,TCGA500,DeepHS,41
0.4,0.009764071679200039,0.006708415009556401,RFS,OOD,TCGA500,DeepHS,41
0.6,0.01591015798834923,0.013586616672297186,RFS,OOD,TCGA500,DeepHS,41
0.8,0.015918393814634984,0.01358661667229718,RFS,OOD,TCGA500,DeepHS,41
1.0,0.020217634503422212,0.018224950669401996,RFS,OOD,TCGA500,DeepHS,41
1.2,0.029614420363002544,0.028673642639631736,RFS,OOD,TCGA500,DeepHS,41
1.4,0.0296597801176731,0.028673642639631725,RFS,OOD,TCGA500,DeepHS,41
1.6,0.040830211508723145,0.04059702315239935,RFS,OOD,TCGA500,DeepHS,41
1.8,0.05043533500815803,0.050067615085500596,RFS,OOD,TCGA500,DeepHS,41
2.0,0.05691675060226556,0.05688667785233105,RFS,OOD,TCGA500,DeepHS,41
2.2,0.06056481554417173,0.060491289791558336,RFS,OOD,TCGA500,DeepHS,41
2.4,0.06057070581477651,0.06049128979155832,RFS,OOD,TCGA500,DeepHS,41
2.6,0.06053631017879678,0.060491289791558336,RFS,OOD,TCGA500,DeepHS,41
2.8,0.06823000720895503,0.06799133015143645,RFS,OOD,TCGA500,DeepHS,41
3.0,0.07673941798660656,0.07597433296158572,RFS,OOD,TCGA500,DeepHS,41
3.2,0.08568243500959649,0.08417121273531396,RFS,OOD,TCGA500,DeepHS,41
3.4,0.09006436101607092,0.08851474912770078,RFS,OOD,TCGA500,DeepHS,41
3.6,0.10115462122616405,0.10215379643711513,RFS,OOD,TCGA500,DeepHS,41
3.8,0.10639271477138723,0.10668399191027211,RFS,OOD,TCGA500,DeepHS,41
4.0,0.11071202753854656,0.11120430628003143,RFS,OOD,TCGA500,DeepHS,41
4.2,0.11064616295565004,0.11120430628003143,RFS,OOD,TCGA500,DeepHS,41
4.4,0.11081875393705705,0.11120430628003143,RFS,OOD,TCGA500,DeepHS,41
4.6,0.119517715229647,0.12129753349688802,RFS,OOD,TCGA500,DeepHS,41
4.8,0.12563373288174362,0.1265108724091685,RFS,OOD,TCGA500,DeepHS,41
5.0,0.13089227225257014,0.13179680059760027,RFS,OOD,TCGA500,DeepHS,41
5.2,0.13108520780709537,0.13179680059760027,RFS,OOD,TCGA500,DeepHS,41
0.2,0.004312754858571759,0.0,RFS,OOD,TCGA500,DeepHS,42
0.4,0.009923837828147592,0.006708415009556401,RFS,OOD,TCGA500,DeepHS,42
0.6,0.016141051826187355,0.013586616672297186,RFS,OOD,TCGA500,DeepHS,42
0.8,0.016142559176672056,0.01358661667229718,RFS,OOD,TCGA500,DeepHS,42
1.0,0.019962285000891807,0.018224950669401996,RFS,OOD,TCGA500,DeepHS,42
1.2,0.0292549864165011,0.028673642639631736,RFS,OOD,TCGA500,DeepHS,42
1.4,0.02922019196816358,0.028673642639631725,RFS,OOD,TCGA500,DeepHS,42
1.6,0.040113954856415536,0.04059702315239935,RFS,OOD,TCGA500,DeepHS,42
1.8,0.0496009186127195,0.050067615085500596,RFS,OOD,TCGA500,DeepHS,42
2.0,0.05640127764246131,0.05688667785233105,RFS,OOD,TCGA500,DeepHS,42
2.2,0.05986803817662566,0.060491289791558336,RFS,OOD,TCGA500,DeepHS,42
2.4,0.05982116117269556,0.06049128979155832,RFS,OOD,TCGA500,DeepHS,42
2.6,0.05979099189352669,0.060491289791558336,RFS,OOD,TCGA500,DeepHS,42
2.8,0.06758697288910277,0.06799133015143645,RFS,OOD,TCGA500,DeepHS,42
3.0,0.07567623094692191,0.07597433296158572,RFS,OOD,TCGA500,DeepHS,42
3.2,0.08417878801977635,0.08417121273531396,RFS,OOD,TCGA500,DeepHS,42
3.4,0.08997554559431428,0.08851474912770078,RFS,OOD,TCGA500,DeepHS,42
3.6,0.1001351203499578,0.10215379643711513,RFS,OOD,TCGA500,DeepHS,42
3.8,0.10523329599774249,0.10668399191027211,RFS,OOD,TCGA500,DeepHS,42
4.0,0.10938230273619368,0.11120430628003143,RFS,OOD,TCGA500,DeepHS,42
4.2,0.10959386861996676,0.11120430628003143,RFS,OOD,TCGA500,DeepHS,42
4.4,0.10990149941156314,0.11120430628003143,RFS,OOD,TCGA500,DeepHS,42
4.6,0.11833666343690463,0.12129753349688802,RFS,OOD,TCGA500,DeepHS,42
4.8,0.12458770483580799,0.1265108724091685,RFS,OOD,TCGA500,DeepHS,42
5.0,0.12964426071510268,0.13179680059760027,RFS,OOD,TCGA500,DeepHS,42
5.2,0.1296516870907214,0.13179680059760027,RFS,OOD,TCGA500,DeepHS,42
0.2,0.004161845163844925,0.0,RFS,OOD,TCGA500,DeepHS,43
0.4,0.010044823754835125,0.006708415009556401,RFS,OOD,TCGA500,DeepHS,43
0.6,0.016197795550532905,0.013586616672297186,RFS,OOD,TCGA500,DeepHS,43
0.8,0.01620400137889645,0.01358661667229718,RFS,OOD,TCGA500,DeepHS,43
1.0,0.02047565501949099,0.018224950669401996,RFS,OOD,TCGA500,DeepHS,43
1.2,0.0301733833520044,0.028673642639631736,RFS,OOD,TCGA500,DeepHS,43
1.4,0.030165839239200763,0.028673642639631725,RFS,OOD,TCGA500,DeepHS,43
1.6,0.04158712217783145,0.04059702315239935,RFS,OOD,TCGA500,DeepHS,43
1.8,0.05078322775822,0.050067615085500596,RFS,OOD,TCGA500,DeepHS,43
2.0,0.057364613988407094,0.05688667785233105,RFS,OOD,TCGA500,DeepHS,43
2.2,0.06082074251967884,0.060491289791558336,RFS,OOD,TCGA500,DeepHS,43
2.4,0.060841014077304016,0.06049128979155832,RFS,OOD,TCGA500,DeepHS,43
2.6,0.06086415720399285,0.060491289791558336,RFS,OOD,TCGA500,DeepHS,43
2.8,0.06820535372737446,0.06799133015143645,RFS,OOD,TCGA500,DeepHS,43
3.0,0.07621676689209023,0.07597433296158572,RFS,OOD,TCGA500,DeepHS,43
3.2,0.08464269977149677,0.08417121273531396,RFS,OOD,TCGA500,DeepHS,43
3.4,0.09287489079905674,0.08851474912770078,RFS,OOD,TCGA500,DeepHS,43
3.6,0.10216481212499284,0.10215379643711513,RFS,OOD,TCGA500,DeepHS,43
3.8,0.1071135517171998,0.10668399191027211,RFS,OOD,TCGA500,DeepHS,43
4.0,0.11080675216983783,0.11120430628003143,RFS,OOD,TCGA500,DeepHS,43
4.2,0.11093811224350077,0.11120430628003143,RFS,OOD,TCGA500,DeepHS,43
4.4,0.11100373129206538,0.11120430628003143,RFS,OOD,TCGA500,DeepHS,43
4.6,0.11833832541235235,0.12129753349688802,RFS,OOD,TCGA500,DeepHS,43
4.8,0.12426744929349241,0.1265108724091685,RFS,OOD,TCGA500,DeepHS,43
5.0,0.13067419798322205,0.13179680059760027,RFS,OOD,TCGA500,DeepHS,43
5.2,0.1311047269179602,0.13179680059760027,RFS,OOD,TCGA500,DeepHS,43
0.2,0.005254912716969985,0.0,RFS,OOD,TCGA500,DeepHS,44
0.4,0.010845977773762639,0.006708415009556401,RFS,OOD,TCGA500,DeepHS,44
0.6,0.017049210574767867,0.013586616672297186,RFS,OOD,TCGA500,DeepHS,44
0.8,0.01705066004499025,0.01358661667229718,RFS,OOD,TCGA500,DeepHS,44
1.0,0.021202793225778557,0.018224950669401996,RFS,OOD,TCGA500,DeepHS,44
1.2,0.030430873191438335,0.028673642639631736,RFS,OOD,TCGA500,DeepHS,44
1.4,0.03038840574710465,0.028673642639631725,RFS,OOD,TCGA500,DeepHS,44
1.6,0.041556592355501173,0.04059702315239935,RFS,OOD,TCGA500,DeepHS,44
1.8,0.05047894835957432,0.050067615085500596,RFS,OOD,TCGA500,DeepHS,44
2.0,0.0570007663366832,0.05688667785233105,RFS,OOD,TCGA500,DeepHS,44
2.2,0.0602971036096133,0.060491289791558336,RFS,OOD,TCGA500,DeepHS,44
2.4,0.06030184884304601,0.06049128979155832,RFS,OOD,TCGA500,DeepHS,44
2.6,0.06027627949261359,0.060491289791558336,RFS,OOD,TCGA500,DeepHS,44
2.8,0.06785844047018894,0.06799133015143645,RFS,OOD,TCGA500,DeepHS,44
3.0,0.07564039965386092,0.07597433296158572,RFS,OOD,TCGA500,DeepHS,44
3.2,0.0864852375473929,0.08417121273531396,RFS,OOD,TCGA500,DeepHS,44
3.4,0.09129349036934595,0.08851474912770078,RFS,OOD,TCGA500,DeepHS,44
3.6,0.10198916925966868,0.10215379643711513,RFS,OOD,TCGA500,DeepHS,44
3.8,0.1067328446948745,0.10668399191027211,RFS,OOD,TCGA500,DeepHS,44
4.0,0.11103714196091316,0.11120430628003143,RFS,OOD,TCGA500,DeepHS,44
4.2,0.11085532827504431,0.11120430628003143,RFS,OOD,TCGA500,DeepHS,44
4.4,0.11074398952041395,0.11120430628003143,RFS,OOD,TCGA500,DeepHS,44
4.6,0.1183016762015377,0.12129753349688802,RFS,OOD,TCGA500,DeepHS,44
4.8,0.12394290595032578,0.1265108724091685,RFS,OOD,TCGA500,DeepHS,44
5.0,0.12943230639861536,0.13179680059760027,RFS,OOD,TCGA500,DeepHS,44
5.2,0.12948828151981043,0.13179680059760027,RFS,OOD,TCGA500,DeepHS,44
0.2,5.610433188028298e-06,0.0,RFS,OOD,TCGA500,DeepSurv,40
0.4,0.006718367483866812,0.006708415009556401,RFS,OOD,TCGA500,DeepSurv,40
0.6,0.01368880825180487,0.013586616672297186,RFS,OOD,TCGA500,DeepSurv,40
0.8,0.013612335833647621,0.01358661667229718,RFS,OOD,TCGA500,DeepSurv,40
1.0,0.018086439050476178,0.018224950669401996,RFS,OOD,TCGA500,DeepSurv,40
1.2,0.02844369837101306,0.028673642639631736,RFS,OOD,TCGA500,DeepSurv,40
1.4,0.028319807315705655,0.028673642639631725,RFS,OOD,TCGA500,DeepSurv,40
1.6,0.04028292411872014,0.04059702315239935,RFS,OOD,TCGA500,DeepSurv,40
1.8,0.049861394058938066,0.050067615085500596,RFS,OOD,TCGA500,DeepSurv,40
2.0,0.056346732507556625,0.05688667785233105,RFS,OOD,TCGA500,DeepSurv,40
2.2,0.05937586744132306,0.060491289791558336,RFS,OOD,TCGA500,DeepSurv,40
2.4,0.05970032963024249,0.06049128979155832,RFS,OOD,TCGA500,DeepSurv,40
2.6,0.06096596970493278,0.060491289791558336,RFS,OOD,TCGA500,DeepSurv,40
2.8,0.06806508137820691,0.06799133015143645,RFS,OOD,TCGA500,DeepSurv,40
3.0,0.07661333493637629,0.07597433296158572,RFS,OOD,TCGA500,DeepSurv,40
3.2,0.08491888114229161,0.08417121273531396,RFS,OOD,TCGA500,DeepSurv,40
3.4,0.08943176612009972,0.08851474912770078,RFS,OOD,TCGA500,DeepSurv,40
3.6,0.10101970700390812,0.10215379643711513,RFS,OOD,TCGA500,DeepSurv,40
3.8,0.1070405184922056,0.10668399191027211,RFS,OOD,TCGA500,DeepSurv,40
4.0,0.11230915605600693,0.11120430628003143,RFS,OOD,TCGA500,DeepSurv,40
4.2,0.11422652098621129,0.11120430628003143,RFS,OOD,TCGA500,DeepSurv,40
4.4,0.1175206558680018,0.11120430628003143,RFS,OOD,TCGA500,DeepSurv,40
4.6,0.1291941619362746,0.12129753349688802,RFS,OOD,TCGA500,DeepSurv,40
4.8,0.1365397582876912,0.1265108724091685,RFS,OOD,TCGA500,DeepSurv,40
5.0,0.14197826168711158,0.13179680059760027,RFS,OOD,TCGA500,DeepSurv,40
5.2,0.14296740004779193,0.13179680059760027,RFS,OOD,TCGA500,DeepSurv,40
0.2,0.0,0.0,RFS,OOD,TCGA500,DeepSurv,41
0.4,0.006712089683394476,0.006708415009556401,RFS,OOD,TCGA500,DeepSurv,41
0.6,0.013688655884620466,0.013586616672297186,RFS,OOD,TCGA500,DeepSurv,41
0.8,0.01377771595742677,0.01358661667229718,RFS,OOD,TCGA500,DeepSurv,41
1.0,0.01889680841305063,0.018224950669401996,RFS,OOD,TCGA500,DeepSurv,41
1.2,0.027759472749010868,0.028673642639631736,RFS,OOD,TCGA500,DeepSurv,41
1.4,0.027874836859789583,0.028673642639631725,RFS,OOD,TCGA500,DeepSurv,41
1.6,0.03995712644772122,0.04059702315239935,RFS,OOD,TCGA500,DeepSurv,41
1.8,0.051341661756932694,0.050067615085500596,RFS,OOD,TCGA500,DeepSurv,41
2.0,0.059772396268126644,0.05688667785233105,RFS,OOD,TCGA500,DeepSurv,41
2.2,0.06284390671903423,0.060491289791558336,RFS,OOD,TCGA500,DeepSurv,41
2.4,0.06326944686688561,0.06049128979155832,RFS,OOD,TCGA500,DeepSurv,41
2.6,0.06395758362405987,0.060491289791558336,RFS,OOD,TCGA500,DeepSurv,41
2.8,0.07231317121921556,0.06799133015143645,RFS,OOD,TCGA500,DeepSurv,41
3.0,0.08221863609982133,0.07597433296158572,RFS,OOD,TCGA500,DeepSurv,41
3.2,0.09191549546866444,0.08417121273531396,RFS,OOD,TCGA500,DeepSurv,41
3.4,0.09808118441725476,0.08851474912770078,RFS,OOD,TCGA500,DeepSurv,41
3.6,0.11132364818332749,0.10215379643711513,RFS,OOD,TCGA500,DeepSurv,41
3.8,0.1205073452544905,0.10668399191027211,RFS,OOD,TCGA500,DeepSurv,41
4.0,0.11972068907340737,0.11120430628003143,RFS,OOD,TCGA500,DeepSurv,41
4.2,0.122061835040115,0.11120430628003143,RFS,OOD,TCGA500,DeepSurv,41
4.4,0.1256819957252636,0.11120430628003143,RFS,OOD,TCGA500,DeepSurv,41
4.6,0.13647930528976637,0.12129753349688802,RFS,OOD,TCGA500,DeepSurv,41
4.8,0.1444106804610688,0.1265108724091685,RFS,OOD,TCGA500,DeepSurv,41
5.0,0.14757123342662348,0.13179680059760027,RFS,OOD,TCGA500,DeepSurv,41
5.2,0.1501895156377698,0.13179680059760027,RFS,OOD,TCGA500,DeepSurv,41
0.2,5.957963615521108e-06,0.0,RFS,OOD,TCGA500,DeepSurv,42
0.4,0.006682522268171243,0.006708415009556401,RFS,OOD,TCGA500,DeepSurv,42
0.6,0.013632059566322977,0.013586616672297186,RFS,OOD,TCGA500,DeepSurv,42
0.8,0.013503633094827439,0.01358661667229718,RFS,OOD,TCGA500,DeepSurv,42
1.0,0.018199145367080404,0.018224950669401996,RFS,OOD,TCGA500,DeepSurv,42
1.2,0.028476983426982863,0.028673642639631736,RFS,OOD,TCGA500,DeepSurv,42
1.4,0.028560790089750366,0.028673642639631725,RFS,OOD,TCGA500,DeepSurv,42
1.6,0.04032350768441101,0.04059702315239935,RFS,OOD,TCGA500,DeepSurv,42
1.8,0.0502285733120931,0.050067615085500596,RFS,OOD,TCGA500,DeepSurv,42
2.0,0.0565684391909514,0.05688667785233105,RFS,OOD,TCGA500,DeepSurv,42
2.2,0.05959018984400243,0.060491289791558336,RFS,OOD,TCGA500,DeepSurv,42
2.4,0.05986387955105295,0.06049128979155832,RFS,OOD,TCGA500,DeepSurv,42
2.6,0.060725582313952566,0.060491289791558336,RFS,OOD,TCGA500,DeepSurv,42
2.8,0.06728145130512173,0.06799133015143645,RFS,OOD,TCGA500,DeepSurv,42
3.0,0.07534194970356958,0.07597433296158572,RFS,OOD,TCGA500,DeepSurv,42
3.2,0.08209387547265035,0.08417121273531396,RFS,OOD,TCGA500,DeepSurv,42
3.4,0.08731938129188506,0.08851474912770078,RFS,OOD,TCGA500,DeepSurv,42
3.6,0.09719049920383839,0.10215379643711513,RFS,OOD,TCGA500,DeepSurv,42
3.8,0.10328728684971912,0.10668399191027211,RFS,OOD,TCGA500,DeepSurv,42
4.0,0.10730226667227702,0.11120430628003143,RFS,OOD,TCGA500,DeepSurv,42
4.2,0.10917959587666524,0.11120430628003143,RFS,OOD,TCGA500,DeepSurv,42
4.4,0.1113728159458438,0.11120430628003143,RFS,OOD,TCGA500,DeepSurv,42
4.6,0.11983917426890514,0.12129753349688802,RFS,OOD,TCGA500,DeepSurv,42
4.8,0.12727397638085552,0.1265108724091685,RFS,OOD,TCGA500,DeepSurv,42
5.0,0.13449544681877545,0.13179680059760027,RFS,OOD,TCGA500,DeepSurv,42
5.2,0.13540683998461808,0.13179680059760027,RFS,OOD,TCGA500,DeepSurv,42
0.2,0.0,0.0,RFS,OOD,TCGA500,DeepSurv,43
0.4,0.0067050788703328125,0.006708415009556401,RFS,OOD,TCGA500,DeepSurv,43
0.6,0.01362576935904263,0.013586616672297186,RFS,OOD,TCGA500,DeepSurv,43
0.8,0.013525474357568124,0.01358661667229718,RFS,OOD,TCGA500,DeepSurv,43
1.0,0.018207504055110343,0.018224950669401996,RFS,OOD,TCGA500,DeepSurv,43
1.2,0.028695810332244154,0.028673642639631736,RFS,OOD,TCGA500,DeepSurv,43
1.4,0.02878094875693841,0.028673642639631725,RFS,OOD,TCGA500,DeepSurv,43
1.6,0.040575793950138044,0.04059702315239935,RFS,OOD,TCGA500,DeepSurv,43
1.8,0.0510260402053527,0.050067615085500596,RFS,OOD,TCGA500,DeepSurv,43
2.0,0.05719743474426133,0.05688667785233105,RFS,OOD,TCGA500,DeepSurv,43
2.2,0.061145033771869826,0.060491289791558336,RFS,OOD,TCGA500,DeepSurv,43
2.4,0.061608520960566696,0.06049128979155832,RFS,OOD,TCGA500,DeepSurv,43
2.6,0.06321508356596828,0.060491289791558336,RFS,OOD,TCGA500,DeepSurv,43
2.8,0.06910053629707003,0.06799133015143645,RFS,OOD,TCGA500,DeepSurv,43
3.0,0.07847762111027651,0.07597433296158572,RFS,OOD,TCGA500,DeepSurv,43
3.2,0.08873878857199052,0.08417121273531396,RFS,OOD,TCGA500,DeepSurv,43
3.4,0.09599468504663863,0.08851474912770078,RFS,OOD,TCGA500,DeepSurv,43
3.6,0.10527270531486538,0.10215379643711513,RFS,OOD,TCGA500,DeepSurv,43
3.8,0.11366788716842147,0.10668399191027211,RFS,OOD,TCGA500,DeepSurv,43
4.0,0.11817050782570789,0.11120430628003143,RFS,OOD,TCGA500,DeepSurv,43
4.2,0.12250653097076332,0.11120430628003143,RFS,OOD,TCGA500,DeepSurv,43
4.4,0.12824192496144546,0.11120430628003143,RFS,OOD,TCGA500,DeepSurv,43
4.6,0.13498925777800408,0.12129753349688802,RFS,OOD,TCGA500,DeepSurv,43
4.8,0.1454281777634083,0.1265108724091685,RFS,OOD,TCGA500,DeepSurv,43
5.0,0.14725484576064385,0.13179680059760027,RFS,OOD,TCGA500,DeepSurv,43
5.2,0.14903875879181624,0.13179680059760027,RFS,OOD,TCGA500,DeepSurv,43
0.2,0.0,0.0,RFS,OOD,TCGA500,DeepSurv,44
0.4,0.0067540313971249126,0.006708415009556401,RFS,OOD,TCGA500,DeepSurv,44
0.6,0.01377640399137839,0.013586616672297186,RFS,OOD,TCGA500,DeepSurv,44
0.8,0.013717299100856615,0.01358661667229718,RFS,OOD,TCGA500,DeepSurv,44
1.0,0.018348597207554853,0.018224950669401996,RFS,OOD,TCGA500,DeepSurv,44
1.2,0.028305059381423588,0.028673642639631736,RFS,OOD,TCGA500,DeepSurv,44
1.4,0.028016737201834358,0.028673642639631725,RFS,OOD,TCGA500,DeepSurv,44
1.6,0.039990962112346026,0.04059702315239935,RFS,OOD,TCGA500,DeepSurv,44
1.8,0.04975448961653504,0.050067615085500596,RFS,OOD,TCGA500,DeepSurv,44
2.0,0.056528732121031655,0.05688667785233105,RFS,OOD,TCGA500,DeepSurv,44
2.2,0.05898550553181663,0.060491289791558336,RFS,OOD,TCGA500,DeepSurv,44
2.4,0.05906501550814999,0.06049128979155832,RFS,OOD,TCGA500,DeepSurv,44
2.6,0.05922385310989256,0.060491289791558336,RFS,OOD,TCGA500,DeepSurv,44
2.8,0.06575678619077935,0.06799133015143645,RFS,OOD,TCGA500,DeepSurv,44
3.0,0.07520739060144736,0.07597433296158572,RFS,OOD,TCGA500,DeepSurv,44
3.2,0.08522623614961196,0.08417121273531396,RFS,OOD,TCGA500,DeepSurv,44
3.4,0.09133408723427318,0.08851474912770078,RFS,OOD,TCGA500,DeepSurv,44
3.6,0.10448161198808342,0.10215379643711513,RFS,OOD,TCGA500,DeepSurv,44
3.8,0.11079035549866709,0.10668399191027211,RFS,OOD,TCGA500,DeepSurv,44
4.0,0.1123269011210813,0.11120430628003143,RFS,OOD,TCGA500,DeepSurv,44
4.2,0.11347565729429714,0.11120430628003143,RFS,OOD,TCGA500,DeepSurv,44
4.4,0.11756684481289528,0.11120430628003143,RFS,OOD,TCGA500,DeepSurv,44
4.6,0.12196050021303606,0.12129753349688802,RFS,OOD,TCGA500,DeepSurv,44
4.8,0.1288705293620416,0.1265108724091685,RFS,OOD,TCGA500,DeepSurv,44
5.0,0.13413280081158327,0.13179680059760027,RFS,OOD,TCGA500,DeepSurv,44
5.2,0.13792874082137485,0.13179680059760027,RFS,OOD,TCGA500,DeepSurv,44
0.2,4.275639781742521e-06,0.0,RFS,OOD,TCGA500,ENCox,40
0.4,0.006725377930705936,0.006708415009556401,RFS,OOD,TCGA500,ENCox,40
0.6,0.013718648607360079,0.013586616672297186,RFS,OOD,TCGA500,ENCox,40
0.8,0.01366919107811322,0.01358661667229718,RFS,OOD,TCGA500,ENCox,40
1.0,0.01828205878375719,0.018224950669401996,RFS,OOD,TCGA500,ENCox,40
1.2,0.028663194772963956,0.028673642639631736,RFS,OOD,TCGA500,ENCox,40
1.4,0.02855616547406233,0.028673642639631725,RFS,OOD,TCGA500,ENCox,40
1.6,0.04060930034963515,0.04059702315239935,RFS,OOD,TCGA500,ENCox,40
1.8,0.05041324712293573,0.050067615085500596,RFS,OOD,TCGA500,ENCox,40
2.0,0.057520486967911504,0.05688667785233105,RFS,OOD,TCGA500,ENCox,40
2.2,0.060495053749891343,0.060491289791558336,RFS,OOD,TCGA500,ENCox,40
2.4,0.06109159930100945,0.06049128979155832,RFS,OOD,TCGA500,ENCox,40
2.6,0.06289763236091964,0.060491289791558336,RFS,OOD,TCGA500,ENCox,40
2.8,0.07126805367314896,0.06799133015143645,RFS,OOD,TCGA500,ENCox,40
3.0,0.07990974575593061,0.07597433296158572,RFS,OOD,TCGA500,ENCox,40
3.2,0.08984059336827765,0.08417121273531396,RFS,OOD,TCGA500,ENCox,40
3.4,0.09682131712874338,0.08851474912770078,RFS,OOD,TCGA500,ENCox,40
3.6,0.11187542428898443,0.10215379643711513,RFS,OOD,TCGA500,ENCox,40
3.8,0.11849699418794887,0.10668399191027211,RFS,OOD,TCGA500,ENCox,40
4.0,0.12557475046162797,0.11120430628003143,RFS,OOD,TCGA500,ENCox,40
4.2,0.12933097799201435,0.11120430628003143,RFS,OOD,TCGA500,ENCox,40
4.4,0.13454675719785644,0.11120430628003143,RFS,OOD,TCGA500,ENCox,40
4.6,0.14131054747778607,0.12129753349688802,RFS,OOD,TCGA500,ENCox,40
4.8,0.15043485938128684,0.1265108724091685,RFS,OOD,TCGA500,ENCox,40
5.0,0.15435648457656864,0.13179680059760027,RFS,OOD,TCGA500,ENCox,40
5.2,0.15816082612541085,0.13179680059760027,RFS,OOD,TCGA500,ENCox,40
0.2,0.0,0.0,RFS,OOD,TCGA500,ENCox,41
0.4,0.006719085248851726,0.006708415009556401,RFS,OOD,TCGA500,ENCox,41
0.6,0.01360474367596906,0.013586616672297186,RFS,OOD,TCGA500,ENCox,41
0.8,0.01357239537966934,0.01358661667229718,RFS,OOD,TCGA500,ENCox,41
1.0,0.018274744516169967,0.018224950669401996,RFS,OOD,TCGA500,ENCox,41
1.2,0.02873215905934967,0.028673642639631736,RFS,OOD,TCGA500,ENCox,41
1.4,0.028762709026763946,0.028673642639631725,RFS,OOD,TCGA500,ENCox,41
1.6,0.04054580454960005,0.04059702315239935,RFS,OOD,TCGA500,ENCox,41
1.8,0.05045796185120067,0.050067615085500596,RFS,OOD,TCGA500,ENCox,41
2.0,0.05742654557086837,0.05688667785233105,RFS,OOD,TCGA500,ENCox,41
2.2,0.06105088755076127,0.060491289791558336,RFS,OOD,TCGA500,ENCox,41
2.4,0.061204614391239975,0.06049128979155832,RFS,OOD,TCGA500,ENCox,41
2.6,0.061332105312430246,0.060491289791558336,RFS,OOD,TCGA500,ENCox,41
2.8,0.06884332522467473,0.06799133015143645,RFS,OOD,TCGA500,ENCox,41
3.0,0.07650897340041693,0.07597433296158572,RFS,OOD,TCGA500,ENCox,41
3.2,0.08413731673148994,0.08417121273531396,RFS,OOD,TCGA500,ENCox,41
3.4,0.08854986671251089,0.08851474912770078,RFS,OOD,TCGA500,ENCox,41
3.6,0.10113619712610422,0.10215379643711513,RFS,OOD,TCGA500,ENCox,41
3.8,0.10678569846795552,0.10668399191027211,RFS,OOD,TCGA500,ENCox,41
4.0,0.11138162681640967,0.11120430628003143,RFS,OOD,TCGA500,ENCox,41
4.2,0.1128985717195642,0.11120430628003143,RFS,OOD,TCGA500,ENCox,41
4.4,0.11433481321353776,0.11120430628003143,RFS,OOD,TCGA500,ENCox,41
4.6,0.12321956194220306,0.12129753349688802,RFS,OOD,TCGA500,ENCox,41
4.8,0.12942192450517373,0.1265108724091685,RFS,OOD,TCGA500,ENCox,41
5.0,0.1355593378910671,0.13179680059760027,RFS,OOD,TCGA500,ENCox,41
5.2,0.13681305475414543,0.13179680059760027,RFS,OOD,TCGA500,ENCox,41
0.2,4.264418505822468e-06,0.0,RFS,OOD,TCGA500,ENCox,42
0.4,0.006696013354030204,0.006708415009556401,RFS,OOD,TCGA500,ENCox,42
0.6,0.013651730821400277,0.013586616672297186,RFS,OOD,TCGA500,ENCox,42
0.8,0.013528562816746664,0.01358661667229718,RFS,OOD,TCGA500,ENCox,42
1.0,0.018119632185152272,0.018224950669401996,RFS,OOD,TCGA500,ENCox,42
1.2,0.028534476604423636,0.028673642639631736,RFS,OOD,TCGA500,ENCox,42
1.4,0.0284815606299152,0.028673642639631725,RFS,OOD,TCGA500,ENCox,42
1.6,0.04015336240208206,0.04059702315239935,RFS,OOD,TCGA500,ENCox,42
1.8,0.049625095578191995,0.050067615085500596,RFS,OOD,TCGA500,ENCox,42
2.0,0.05620479864767124,0.05688667785233105,RFS,OOD,TCGA500,ENCox,42
2.2,0.0596304086432844,0.060491289791558336,RFS,OOD,TCGA500,ENCox,42
2.4,0.05971575906408332,0.06049128979155832,RFS,OOD,TCGA500,ENCox,42
2.6,0.060047125069404246,0.060491289791558336,RFS,OOD,TCGA500,ENCox,42
2.8,0.06705246580297464,0.06799133015143645,RFS,OOD,TCGA500,ENCox,42
3.0,0.07513602489542921,0.07597433296158572,RFS,OOD,TCGA500,ENCox,42
3.2,0.08343018225519357,0.08417121273531396,RFS,OOD,TCGA500,ENCox,42
3.4,0.08831135699645618,0.08851474912770078,RFS,OOD,TCGA500,ENCox,42
3.6,0.10032861138470799,0.10215379643711513,RFS,OOD,TCGA500,ENCox,42
3.8,0.10483058726872449,0.10668399191027211,RFS,OOD,TCGA500,ENCox,42
4.0,0.10942597212743503,0.11120430628003143,RFS,OOD,TCGA500,ENCox,42
4.2,0.11049886391528786,0.11120430628003143,RFS,OOD,TCGA500,ENCox,42
4.4,0.11193609639611103,0.11120430628003143,RFS,OOD,TCGA500,ENCox,42
4.6,0.12054880063165904,0.12129753349688802,RFS,OOD,TCGA500,ENCox,42
4.8,0.12706672680122758,0.1265108724091685,RFS,OOD,TCGA500,ENCox,42
5.0,0.1337630409206797,0.13179680059760027,RFS,OOD,TCGA500,ENCox,42
5.2,0.13490360043224361,0.13179680059760027,RFS,OOD,TCGA500,ENCox,42
0.2,0.0,0.0,RFS,OOD,TCGA500,ENCox,43
0.4,0.006721554163849429,0.006708415009556401,RFS,OOD,TCGA500,ENCox,43
0.6,0.013636492858703326,0.013586616672297186,RFS,OOD,TCGA500,ENCox,43
0.8,0.01353552112767699,0.01358661667229718,RFS,OOD,TCGA500,ENCox,43
1.0,0.018169137191173402,0.018224950669401996,RFS,OOD,TCGA500,ENCox,43
1.2,0.02837181547282417,0.028673642639631736,RFS,OOD,TCGA500,ENCox,43
1.4,0.02811567616069958,0.028673642639631725,RFS,OOD,TCGA500,ENCox,43
1.6,0.039733385159680425,0.04059702315239935,RFS,OOD,TCGA500,ENCox,43
1.8,0.049297546303573136,0.050067615085500596,RFS,OOD,TCGA500,ENCox,43
2.0,0.056160687788390215,0.05688667785233105,RFS,OOD,TCGA500,ENCox,43
2.2,0.05968797583244017,0.060491289791558336,RFS,OOD,TCGA500,ENCox,43
2.4,0.05997644148127196,0.06049128979155832,RFS,OOD,TCGA500,ENCox,43
2.6,0.06115563799925922,0.060491289791558336,RFS,OOD,TCGA500,ENCox,43
2.8,0.06711343317059533,0.06799133015143645,RFS,OOD,TCGA500,ENCox,43
3.0,0.07457728494842397,0.07597433296158572,RFS,OOD,TCGA500,ENCox,43
3.2,0.08269711741099971,0.08417121273531396,RFS,OOD,TCGA500,ENCox,43
3.4,0.08910498679861467,0.08851474912770078,RFS,OOD,TCGA500,ENCox,43
3.6,0.09881715663951497,0.10215379643711513,RFS,OOD,TCGA500,ENCox,43
3.8,0.10584548429887806,0.10668399191027211,RFS,OOD,TCGA500,ENCox,43
4.0,0.1085542158386587,0.11120430628003143,RFS,OOD,TCGA500,ENCox,43
4.2,0.11052487230449579,0.11120430628003143,RFS,OOD,TCGA500,ENCox,43
4.4,0.11344660065079183,0.11120430628003143,RFS,OOD,TCGA500,ENCox,43
4.6,0.12286047352478753,0.12129753349688802,RFS,OOD,TCGA500,ENCox,43
4.8,0.13051121065578583,0.1265108724091685,RFS,OOD,TCGA500,ENCox,43
5.0,0.13545586608529217,0.13179680059760027,RFS,OOD,TCGA500,ENCox,43
5.2,0.13662787226281253,0.13179680059760027,RFS,OOD,TCGA500,ENCox,43
0.2,0.0,0.0,RFS,OOD,TCGA500,ENCox,44
0.4,0.0067540313971249126,0.006708415009556401,RFS,OOD,TCGA500,ENCox,44
0.6,0.01377640399137839,0.013586616672297186,RFS,OOD,TCGA500,ENCox,44
0.8,0.013670063969339676,0.01358661667229718,RFS,OOD,TCGA500,ENCox,44
1.0,0.018187153638046568,0.018224950669401996,RFS,OOD,TCGA500,ENCox,44
1.2,0.028339517964173923,0.028673642639631736,RFS,OOD,TCGA500,ENCox,44
1.4,0.02820235194653336,0.028673642639631725,RFS,OOD,TCGA500,ENCox,44
1.6,0.040281242176332326,0.04059702315239935,RFS,OOD,TCGA500,ENCox,44
1.8,0.049984909804040786,0.050067615085500596,RFS,OOD,TCGA500,ENCox,44
2.0,0.05692431465403707,0.05688667785233105,RFS,OOD,TCGA500,ENCox,44
2.2,0.0602857201318307,0.060491289791558336,RFS,OOD,TCGA500,ENCox,44
2.4,0.060636903160081336,0.06049128979155832,RFS,OOD,TCGA500,ENCox,44
2.6,0.061043857750341594,0.060491289791558336,RFS,OOD,TCGA500,ENCox,44
2.8,0.06852921091681069,0.06799133015143645,RFS,OOD,TCGA500,ENCox,44
3.0,0.07764458137745142,0.07597433296158572,RFS,OOD,TCGA500,ENCox,44
3.2,0.08782697040207552,0.08417121273531396,RFS,OOD,TCGA500,ENCox,44
3.4,0.09296748214996016,0.08851474912770078,RFS,OOD,TCGA500,ENCox,44
3.6,0.10425607610725225,0.10215379643711513,RFS,OOD,TCGA500,ENCox,44
3.8,0.1101226395048733,0.10668399191027211,RFS,OOD,TCGA500,ENCox,44
4.0,0.11129201563466853,0.11120430628003143,RFS,OOD,TCGA500,ENCox,44
4.2,0.11229572176038054,0.11120430628003143,RFS,OOD,TCGA500,ENCox,44
4.4,0.1160400134290252,0.11120430628003143,RFS,OOD,TCGA500,ENCox,44
4.6,0.12451007639248513,0.12129753349688802,RFS,OOD,TCGA500,ENCox,44
4.8,0.13320784445790376,0.1265108724091685,RFS,OOD,TCGA500,ENCox,44
5.0,0.1374086849671482,0.13179680059760027,RFS,OOD,TCGA500,ENCox,44
5.2,0.14084686125392154,0.13179680059760027,RFS,OOD,TCGA500,ENCox,44
0.2,0.015696470943587247,0.0,RFS,OOD,TCGA500,LH,40
0.4,0.02126016575087759,0.006708415009556401,RFS,OOD,TCGA500,LH,40
0.6,0.02615671754064353,0.013586616672297186,RFS,OOD,TCGA500,LH,40
0.8,0.026216111948445947,0.01358661667229718,RFS,OOD,TCGA500,LH,40
1.0,0.029452990256233935,0.018224950669401996,RFS,OOD,TCGA500,LH,40
1.2,0.036724323575036556,0.028673642639631736,RFS,OOD,TCGA500,LH,40
1.4,0.03669351062371816,0.028673642639631725,RFS,OOD,TCGA500,LH,40
1.6,0.04731950302851985,0.04059702315239935,RFS,OOD,TCGA500,LH,40
1.8,0.05510868967254476,0.050067615085500596,RFS,OOD,TCGA500,LH,40
2.0,0.06190580804485884,0.05688667785233105,RFS,OOD,TCGA500,LH,40
2.2,0.06508539897823147,0.060491289791558336,RFS,OOD,TCGA500,LH,40
2.4,0.06510526769610263,0.06049128979155832,RFS,OOD,TCGA500,LH,40
2.6,0.06526086567435628,0.060491289791558336,RFS,OOD,TCGA500,LH,40
2.8,0.07143368644461716,0.06799133015143645,RFS,OOD,TCGA500,LH,40
3.0,0.07883526779959643,0.07597433296158572,RFS,OOD,TCGA500,LH,40
3.2,0.14193810521357006,0.08417121273531396,RFS,OOD,TCGA500,LH,40
3.4,0.14945177251668487,0.08851474912770078,RFS,OOD,TCGA500,LH,40
3.6,0.15466627375343817,0.10215379643711513,RFS,OOD,TCGA500,LH,40
3.8,0.15952742250825644,0.10668399191027211,RFS,OOD,TCGA500,LH,40
4.0,0.15739184312875162,0.11120430628003143,RFS,OOD,TCGA500,LH,40
4.2,0.15849833060079935,0.11120430628003143,RFS,OOD,TCGA500,LH,40
4.4,0.16033008007722344,0.11120430628003143,RFS,OOD,TCGA500,LH,40
4.6,0.15897530983892452,0.12129753349688802,RFS,OOD,TCGA500,LH,40
4.8,0.1651484217462663,0.1265108724091685,RFS,OOD,TCGA500,LH,40
5.0,0.1688736531703783,0.13179680059760027,RFS,OOD,TCGA500,LH,40
5.2,0.17201928046898649,0.13179680059760027,RFS,OOD,TCGA500,LH,40
0.2,0.01567283125214621,0.0,RFS,OOD,TCGA500,LH,41
0.4,0.01968219412555363,0.006708415009556401,RFS,OOD,TCGA500,LH,41
0.6,0.025180007537755213,0.013586616672297186,RFS,OOD,TCGA500,LH,41
0.8,0.025106870048419657,0.01358661667229718,RFS,OOD,TCGA500,LH,41
1.0,0.028431208673605053,0.018224950669401996,RFS,OOD,TCGA500,LH,41
1.2,0.037141736939380325,0.028673642639631736,RFS,OOD,TCGA500,LH,41
1.4,0.037740987284342414,0.028673642639631725,RFS,OOD,TCGA500,LH,41
1.6,0.04855024925768643,0.04059702315239935,RFS,OOD,TCGA500,LH,41
1.8,0.05707983983819783,0.050067615085500596,RFS,OOD,TCGA500,LH,41
2.0,0.06195648375865813,0.05688667785233105,RFS,OOD,TCGA500,LH,41
2.2,0.06518300827485606,0.060491289791558336,RFS,OOD,TCGA500,LH,41
2.4,0.06531733074568774,0.06049128979155832,RFS,OOD,TCGA500,LH,41
2.6,0.06503128788751524,0.060491289791558336,RFS,OOD,TCGA500,LH,41
2.8,0.07159829703284591,0.06799133015143645,RFS,OOD,TCGA500,LH,41
3.0,0.07921834464343609,0.07597433296158572,RFS,OOD,TCGA500,LH,41
3.2,0.0874223173032406,0.08417121273531396,RFS,OOD,TCGA500,LH,41
3.4,0.1287502068703839,0.08851474912770078,RFS,OOD,TCGA500,LH,41
3.6,0.12540035796292473,0.10215379643711513,RFS,OOD,TCGA500,LH,41
3.8,0.13132269708275782,0.10668399191027211,RFS,OOD,TCGA500,LH,41
4.0,0.13602166018199743,0.11120430628003143,RFS,OOD,TCGA500,LH,41
4.2,0.13771634898478077,0.11120430628003143,RFS,OOD,TCGA500,LH,41
4.4,0.13776158474877948,0.11120430628003143,RFS,OOD,TCGA500,LH,41
4.6,0.14430551663726954,0.12129753349688802,RFS,OOD,TCGA500,LH,41
4.8,0.15097227064044116,0.1265108724091685,RFS,OOD,TCGA500,LH,41
5.0,0.15530896103641034,0.13179680059760027,RFS,OOD,TCGA500,LH,41
5.2,0.15642362516691177,0.13179680059760027,RFS,OOD,TCGA500,LH,41
0.2,0.012472377929735122,0.0,RFS,OOD,TCGA500,LH,42
0.4,0.017557872766782088,0.006708415009556401,RFS,OOD,TCGA500,LH,42
0.6,0.023577207908809624,0.013586616672297186,RFS,OOD,TCGA500,LH,42
0.8,0.023574664078710027,0.01358661667229718,RFS,OOD,TCGA500,LH,42
1.0,0.027442986043712744,0.018224950669401996,RFS,OOD,TCGA500,LH,42
1.2,0.03582517137523132,0.028673642639631736,RFS,OOD,TCGA500,LH,42
1.4,0.035853278326077966,0.028673642639631725,RFS,OOD,TCGA500,LH,42
1.6,0.045570792493123076,0.04059702315239935,RFS,OOD,TCGA500,LH,42
1.8,0.053791858120364515,0.050067615085500596,RFS,OOD,TCGA500,LH,42
2.0,0.059155972885072114,0.05688667785233105,RFS,OOD,TCGA500,LH,42
2.2,0.06155345234830655,0.060491289791558336,RFS,OOD,TCGA500,LH,42
2.4,0.06161610201914191,0.06049128979155832,RFS,OOD,TCGA500,LH,42
2.6,0.061601678574423196,0.060491289791558336,RFS,OOD,TCGA500,LH,42
2.8,0.06876861361961971,0.06799133015143645,RFS,OOD,TCGA500,LH,42
3.0,0.07613877270039542,0.07597433296158572,RFS,OOD,TCGA500,LH,42
3.2,0.08324884896365561,0.08417121273531396,RFS,OOD,TCGA500,LH,42
3.4,0.1411083244300871,0.08851474912770078,RFS,OOD,TCGA500,LH,42
3.6,0.14113411263681136,0.10215379643711513,RFS,OOD,TCGA500,LH,42
3.8,0.14722340760344177,0.10668399191027211,RFS,OOD,TCGA500,LH,42
4.0,0.14690768812407334,0.11120430628003143,RFS,OOD,TCGA500,LH,42
4.2,0.1447892226139642,0.11120430628003143,RFS,OOD,TCGA500,LH,42
4.4,0.14066909820994664,0.11120430628003143,RFS,OOD,TCGA500,LH,42
4.6,0.14370521884590706,0.12129753349688802,RFS,OOD,TCGA500,LH,42
4.8,0.15115141023426593,0.1265108724091685,RFS,OOD,TCGA500,LH,42
5.0,0.15274757060727903,0.13179680059760027,RFS,OOD,TCGA500,LH,42
5.2,0.1533177970801844,0.13179680059760027,RFS,OOD,TCGA500,LH,42
0.2,0.01082527599194523,0.0,RFS,OOD,TCGA500,LH,43
0.4,0.016586084831432233,0.006708415009556401,RFS,OOD,TCGA500,LH,43
0.6,0.022502262768688473,0.013586616672297186,RFS,OOD,TCGA500,LH,43
0.8,0.022485296380491376,0.01358661667229718,RFS,OOD,TCGA500,LH,43
1.0,0.026683254753680108,0.018224950669401996,RFS,OOD,TCGA500,LH,43
1.2,0.03412771695547224,0.028673642639631736,RFS,OOD,TCGA500,LH,43
1.4,0.03411097925521692,0.028673642639631725,RFS,OOD,TCGA500,LH,43
1.6,0.04477399440374604,0.04059702315239935,RFS,OOD,TCGA500,LH,43
1.8,0.053219290652230744,0.050067615085500596,RFS,OOD,TCGA500,LH,43
2.0,0.05942633361904977,0.05688667785233105,RFS,OOD,TCGA500,LH,43
2.2,0.06259539521509987,0.060491289791558336,RFS,OOD,TCGA500,LH,43
2.4,0.06269612056971066,0.06049128979155832,RFS,OOD,TCGA500,LH,43
2.6,0.06275851544232372,0.060491289791558336,RFS,OOD,TCGA500,LH,43
2.8,0.0707204328910212,0.06799133015143645,RFS,OOD,TCGA500,LH,43
3.0,0.07844190954027115,0.07597433296158572,RFS,OOD,TCGA500,LH,43
3.2,0.08425124934556925,0.08417121273531396,RFS,OOD,TCGA500,LH,43
3.4,0.1542726132402988,0.08851474912770078,RFS,OOD,TCGA500,LH,43
3.6,0.15657717961200776,0.10215379643711513,RFS,OOD,TCGA500,LH,43
3.8,0.16453836909005168,0.10668399191027211,RFS,OOD,TCGA500,LH,43
4.0,0.1708351535855657,0.11120430628003143,RFS,OOD,TCGA500,LH,43
4.2,0.17329658943947956,0.11120430628003143,RFS,OOD,TCGA500,LH,43
4.4,0.1698050779839139,0.11120430628003143,RFS,OOD,TCGA500,LH,43
4.6,0.17874891228709922,0.12129753349688802,RFS,OOD,TCGA500,LH,43
4.8,0.18214162260344238,0.1265108724091685,RFS,OOD,TCGA500,LH,43
5.0,0.18269940558513525,0.13179680059760027,RFS,OOD,TCGA500,LH,43
5.2,0.17715759339122536,0.13179680059760027,RFS,OOD,TCGA500,LH,43
0.2,0.009584801245840803,0.0,RFS,OOD,TCGA500,LH,44
0.4,0.01515507581700726,0.006708415009556401,RFS,OOD,TCGA500,LH,44
0.6,0.020824692195247175,0.013586616672297186,RFS,OOD,TCGA500,LH,44
0.8,0.020809384478094835,0.01358661667229718,RFS,OOD,TCGA500,LH,44
1.0,0.024841884566004488,0.018224950669401996,RFS,OOD,TCGA500,LH,44
1.2,0.03392603705581407,0.028673642639631736,RFS,OOD,TCGA500,LH,44
1.4,0.03404038177320891,0.028673642639631725,RFS,OOD,TCGA500,LH,44
1.6,0.04448881665386685,0.04059702315239935,RFS,OOD,TCGA500,LH,44
1.8,0.05264515512957849,0.050067615085500596,RFS,OOD,TCGA500,LH,44
2.0,0.05940073310715487,0.05688667785233105,RFS,OOD,TCGA500,LH,44
2.2,0.06322104861454543,0.060491289791558336,RFS,OOD,TCGA500,LH,44
2.4,0.06316308574147897,0.06049128979155832,RFS,OOD,TCGA500,LH,44
2.6,0.06325099321624032,0.060491289791558336,RFS,OOD,TCGA500,LH,44
2.8,0.07106266681194055,0.06799133015143645,RFS,OOD,TCGA500,LH,44
3.0,0.07795907795728094,0.07597433296158572,RFS,OOD,TCGA500,LH,44
3.2,0.10150568053466573,0.08417121273531396,RFS,OOD,TCGA500,LH,44
3.4,0.10613032161749128,0.08851474912770078,RFS,OOD,TCGA500,LH,44
3.6,0.11547123019598006,0.10215379643711513,RFS,OOD,TCGA500,LH,44
3.8,0.12049931840640682,0.10668399191027211,RFS,OOD,TCGA500,LH,44
4.0,0.12537534179079368,0.11120430628003143,RFS,OOD,TCGA500,LH,44
4.2,0.12611827869428416,0.11120430628003143,RFS,OOD,TCGA500,LH,44
4.4,0.12445446614968764,0.11120430628003143,RFS,OOD,TCGA500,LH,44
4.6,0.1263816976724576,0.12129753349688802,RFS,OOD,TCGA500,LH,44
4.8,0.13374095169606795,0.1265108724091685,RFS,OOD,TCGA500,LH,44
5.0,0.14015063056693888,0.13179680059760027,RFS,OOD,TCGA500,LH,44
5.2,0.14168991749232396,0.13179680059760027,RFS,OOD,TCGA500,LH,44
0.2,0.005849079388844451,0.0,RFS,OOD,TCGA500,MTLR,40
0.4,0.011853432654975852,0.006708415009556401,RFS,OOD,TCGA500,MTLR,40
0.6,0.017267949776503658,0.013586616672297186,RFS,OOD,TCGA500,MTLR,40
0.8,0.01731233314150177,0.01358661667229718,RFS,OOD,TCGA500,MTLR,40
1.0,0.02174161531001489,0.018224950669401996,RFS,OOD,TCGA500,MTLR,40
1.2,0.03089419237828945,0.028673642639631736,RFS,OOD,TCGA500,MTLR,40
1.4,0.03084796269995288,0.028673642639631725,RFS,OOD,TCGA500,MTLR,40
1.6,0.042092193480163145,0.04059702315239935,RFS,OOD,TCGA500,MTLR,40
1.8,0.0509736637749584,0.050067615085500596,RFS,OOD,TCGA500,MTLR,40
2.0,0.05700070742313804,0.05688667785233105,RFS,OOD,TCGA500,MTLR,40
2.2,0.060251354578923326,0.060491289791558336,RFS,OOD,TCGA500,MTLR,40
2.4,0.060340429453965325,0.06049128979155832,RFS,OOD,TCGA500,MTLR,40
2.6,0.06032892552777061,0.060491289791558336,RFS,OOD,TCGA500,MTLR,40
2.8,0.06655796307093066,0.06799133015143645,RFS,OOD,TCGA500,MTLR,40
3.0,0.07429012562508351,0.07597433296158572,RFS,OOD,TCGA500,MTLR,40
3.2,0.09771741011989953,0.08417121273531396,RFS,OOD,TCGA500,MTLR,40
3.4,0.10280154109952833,0.08851474912770078,RFS,OOD,TCGA500,MTLR,40
3.6,0.1123196015053631,0.10215379643711513,RFS,OOD,TCGA500,MTLR,40
3.8,0.11800136709109667,0.10668399191027211,RFS,OOD,TCGA500,MTLR,40
4.0,0.1205645572463351,0.11120430628003143,RFS,OOD,TCGA500,MTLR,40
4.2,0.12113329797993577,0.11120430628003143,RFS,OOD,TCGA500,MTLR,40
4.4,0.1222396263963014,0.11120430628003143,RFS,OOD,TCGA500,MTLR,40
4.6,0.12419553938620446,0.12129753349688802,RFS,OOD,TCGA500,MTLR,40
4.8,0.13138249152661777,0.1265108724091685,RFS,OOD,TCGA500,MTLR,40
5.0,0.13514585977703839,0.13179680059760027,RFS,OOD,TCGA500,MTLR,40
5.2,0.13573897033805776,0.13179680059760027,RFS,OOD,TCGA500,MTLR,40
0.2,0.005484520344250214,0.0,RFS,OOD,TCGA500,MTLR,41
0.4,0.011076442339153815,0.006708415009556401,RFS,OOD,TCGA500,MTLR,41
0.6,0.0169935428037439,0.013586616672297186,RFS,OOD,TCGA500,MTLR,41
0.8,0.016977839517283846,0.01358661667229718,RFS,OOD,TCGA500,MTLR,41
1.0,0.021360468895201153,0.018224950669401996,RFS,OOD,TCGA500,MTLR,41
1.2,0.030779685398205338,0.028673642639631736,RFS,OOD,TCGA500,MTLR,41
1.4,0.0308078777122294,0.028673642639631725,RFS,OOD,TCGA500,MTLR,41
1.6,0.04265709706816604,0.04059702315239935,RFS,OOD,TCGA500,MTLR,41
1.8,0.05156432407499314,0.050067615085500596,RFS,OOD,TCGA500,MTLR,41
2.0,0.05763720185715561,0.05688667785233105,RFS,OOD,TCGA500,MTLR,41
2.2,0.06157141727888904,0.060491289791558336,RFS,OOD,TCGA500,MTLR,41
2.4,0.061655859251525766,0.06049128979155832,RFS,OOD,TCGA500,MTLR,41
2.6,0.0616304455310205,0.060491289791558336,RFS,OOD,TCGA500,MTLR,41
2.8,0.0690341013559858,0.06799133015143645,RFS,OOD,TCGA500,MTLR,41
3.0,0.07735573023124712,0.07597433296158572,RFS,OOD,TCGA500,MTLR,41
3.2,0.08570564166158393,0.08417121273531396,RFS,OOD,TCGA500,MTLR,41
3.4,0.10966469311503388,0.08851474912770078,RFS,OOD,TCGA500,MTLR,41
3.6,0.11507355636756957,0.10215379643711513,RFS,OOD,TCGA500,MTLR,41
3.8,0.12015372334474786,0.10668399191027211,RFS,OOD,TCGA500,MTLR,41
4.0,0.1245811380371594,0.11120430628003143,RFS,OOD,TCGA500,MTLR,41
4.2,0.12460271237333656,0.11120430628003143,RFS,OOD,TCGA500,MTLR,41
4.4,0.12348016720663997,0.11120430628003143,RFS,OOD,TCGA500,MTLR,41
4.6,0.12769076254695616,0.12129753349688802,RFS,OOD,TCGA500,MTLR,41
4.8,0.1350065801333052,0.1265108724091685,RFS,OOD,TCGA500,MTLR,41
5.0,0.14074283018402023,0.13179680059760027,RFS,OOD,TCGA500,MTLR,41
5.2,0.1414761238959511,0.13179680059760027,RFS,OOD,TCGA500,MTLR,41
0.2,0.004670042905238464,0.0,RFS,OOD,TCGA500,MTLR,42
0.4,0.010369901096561097,0.006708415009556401,RFS,OOD,TCGA500,MTLR,42
0.6,0.016608023185063513,0.013586616672297186,RFS,OOD,TCGA500,MTLR,42
0.8,0.016613649585148847,0.01358661667229718,RFS,OOD,TCGA500,MTLR,42
1.0,0.020975166416831517,0.018224950669401996,RFS,OOD,TCGA500,MTLR,42
1.2,0.030272124682239353,0.028673642639631736,RFS,OOD,TCGA500,MTLR,42
1.4,0.030231007560012246,0.028673642639631725,RFS,OOD,TCGA500,MTLR,42
1.6,0.040978198874509285,0.04059702315239935,RFS,OOD,TCGA500,MTLR,42
1.8,0.05051078348531198,0.050067615085500596,RFS,OOD,TCGA500,MTLR,42
2.0,0.057402935655314416,0.05688667785233105,RFS,OOD,TCGA500,MTLR,42
2.2,0.060197336916419035,0.060491289791558336,RFS,OOD,TCGA500,MTLR,42
2.4,0.06026065742068337,0.06049128979155832,RFS,OOD,TCGA500,MTLR,42
2.6,0.06020969647552179,0.060491289791558336,RFS,OOD,TCGA500,MTLR,42
2.8,0.06771273575244666,0.06799133015143645,RFS,OOD,TCGA500,MTLR,42
3.0,0.07593497392159047,0.07597433296158572,RFS,OOD,TCGA500,MTLR,42
3.2,0.08408059836286931,0.08417121273531396,RFS,OOD,TCGA500,MTLR,42
3.4,0.12813491402199048,0.08851474912770078,RFS,OOD,TCGA500,MTLR,42
3.6,0.1310496841520104,0.10215379643711513,RFS,OOD,TCGA500,MTLR,42
3.8,0.1388578134751412,0.10668399191027211,RFS,OOD,TCGA500,MTLR,42
4.0,0.13795043451491942,0.11120430628003143,RFS,OOD,TCGA500,MTLR,42
4.2,0.13840068767826594,0.11120430628003143,RFS,OOD,TCGA500,MTLR,42
4.4,0.13596536516575927,0.11120430628003143,RFS,OOD,TCGA500,MTLR,42
4.6,0.13738319242880084,0.12129753349688802,RFS,OOD,TCGA500,MTLR,42
4.8,0.14503867130023584,0.1265108724091685,RFS,OOD,TCGA500,MTLR,42
5.0,0.15128483537110232,0.13179680059760027,RFS,OOD,TCGA500,MTLR,42
5.2,0.15301142506888174,0.13179680059760027,RFS,OOD,TCGA500,MTLR,42
0.2,0.0014698791988328817,0.0,RFS,OOD,TCGA500,MTLR,43
0.4,0.007637005841646788,0.006708415009556401,RFS,OOD,TCGA500,MTLR,43
0.6,0.014264450290970883,0.013586616672297186,RFS,OOD,TCGA500,MTLR,43
0.8,0.014264082538030713,0.01358661667229718,RFS,OOD,TCGA500,MTLR,43
1.0,0.018803907571726942,0.018224950669401996,RFS,OOD,TCGA500,MTLR,43
1.2,0.02896772393665769,0.028673642639631736,RFS,OOD,TCGA500,MTLR,43
1.4,0.02898465476459886,0.028673642639631725,RFS,OOD,TCGA500,MTLR,43
1.6,0.04082813126815798,0.04059702315239935,RFS,OOD,TCGA500,MTLR,43
1.8,0.0507596094615013,0.050067615085500596,RFS,OOD,TCGA500,MTLR,43
2.0,0.05786834869401555,0.05688667785233105,RFS,OOD,TCGA500,MTLR,43
2.2,0.06165311161742414,0.060491289791558336,RFS,OOD,TCGA500,MTLR,43
2.4,0.0616540895345012,0.06049128979155832,RFS,OOD,TCGA500,MTLR,43
2.6,0.061646179072526286,0.060491289791558336,RFS,OOD,TCGA500,MTLR,43
2.8,0.06981603577510226,0.06799133015143645,RFS,OOD,TCGA500,MTLR,43
3.0,0.07818010254588315,0.07597433296158572,RFS,OOD,TCGA500,MTLR,43
3.2,0.08735728634556313,0.08417121273531396,RFS,OOD,TCGA500,MTLR,43
3.4,0.12587353280652494,0.08851474912770078,RFS,OOD,TCGA500,MTLR,43
3.6,0.13223689387900917,0.10215379643711513,RFS,OOD,TCGA500,MTLR,43
3.8,0.13960128162907415,0.10668399191027211,RFS,OOD,TCGA500,MTLR,43
4.0,0.14472096471954835,0.11120430628003143,RFS,OOD,TCGA500,MTLR,43
4.2,0.14642471530124854,0.11120430628003143,RFS,OOD,TCGA500,MTLR,43
4.4,0.14768927434082704,0.11120430628003143,RFS,OOD,TCGA500,MTLR,43
4.6,0.15139175454460083,0.12129753349688802,RFS,OOD,TCGA500,MTLR,43
4.8,0.15751121751315672,0.1265108724091685,RFS,OOD,TCGA500,MTLR,43
5.0,0.16087795232391972,0.13179680059760027,RFS,OOD,TCGA500,MTLR,43
5.2,0.16025408431297547,0.13179680059760027,RFS,OOD,TCGA500,MTLR,43
0.2,0.0014803406621719279,0.0,RFS,OOD,TCGA500,MTLR,44
0.4,0.007519836888321806,0.006708415009556401,RFS,OOD,TCGA500,MTLR,44
0.6,0.013663623379877681,0.013586616672297186,RFS,OOD,TCGA500,MTLR,44
0.8,0.013665463987534694,0.01358661667229718,RFS,OOD,TCGA500,MTLR,44
1.0,0.018256187072481497,0.018224950669401996,RFS,OOD,TCGA500,MTLR,44
1.2,0.028585578392844646,0.028673642639631736,RFS,OOD,TCGA500,MTLR,44
1.4,0.028580311715808153,0.028673642639631725,RFS,OOD,TCGA500,MTLR,44
1.6,0.040108046098995445,0.04059702315239935,RFS,OOD,TCGA500,MTLR,44
1.8,0.049851633954769166,0.050067615085500596,RFS,OOD,TCGA500,MTLR,44
2.0,0.057155694540956016,0.05688667785233105,RFS,OOD,TCGA500,MTLR,44
2.2,0.06095987239700048,0.060491289791558336,RFS,OOD,TCGA500,MTLR,44
2.4,0.06096064742259995,0.06049128979155832,RFS,OOD,TCGA500,MTLR,44
2.6,0.060960830994437956,0.060491289791558336,RFS,OOD,TCGA500,MTLR,44
2.8,0.06903207063510988,0.06799133015143645,RFS,OOD,TCGA500,MTLR,44
3.0,0.0777820642997316,0.07597433296158572,RFS,OOD,TCGA500,MTLR,44
3.2,0.09820308226724057,0.08417121273531396,RFS,OOD,TCGA500,MTLR,44
3.4,0.10495923774010364,0.08851474912770078,RFS,OOD,TCGA500,MTLR,44
3.6,0.11360336689705244,0.10215379643711513,RFS,OOD,TCGA500,MTLR,44
3.8,0.1201966578827401,0.10668399191027211,RFS,OOD,TCGA500,MTLR,44
4.0,0.12311627391488449,0.11120430628003143,RFS,OOD,TCGA500,MTLR,44
4.2,0.12235032210377245,0.11120430628003143,RFS,OOD,TCGA500,MTLR,44
4.4,0.1204458927682384,0.11120430628003143,RFS,OOD,TCGA500,MTLR,44
4.6,0.12166360648559427,0.12129753349688802,RFS,OOD,TCGA500,MTLR,44
4.8,0.1295353105358428,0.1265108724091685,RFS,OOD,TCGA500,MTLR,44
5.0,0.13646429023238002,0.13179680059760027,RFS,OOD,TCGA500,MTLR,44
5.2,0.13811054577063597,0.13179680059760027,RFS,OOD,TCGA500,MTLR,44
0.2,0.0,0.0,RFS,OOD,TCGA500,PCHazard,40
0.4,0.0067540313971249126,0.006708415009556401,RFS,OOD,TCGA500,PCHazard,40
0.6,0.01377640399137839,0.013586616672297186,RFS,OOD,TCGA500,PCHazard,40
0.8,0.01377640399137839,0.01358661667229718,RFS,OOD,TCGA500,PCHazard,40
1.0,0.01856978401582015,0.018224950669401996,RFS,OOD,TCGA500,PCHazard,40
1.2,0.02954661392987284,0.028673642639631736,RFS,OOD,TCGA500,PCHazard,40
1.4,0.02954661392987284,0.028673642639631725,RFS,OOD,TCGA500,PCHazard,40
1.6,0.04239423115864654,0.04059702315239935,RFS,OOD,TCGA500,PCHazard,40
1.8,0.05286189831684909,0.050067615085500596,RFS,OOD,TCGA500,PCHazard,40
2.0,0.060553183528918975,0.05688667785233105,RFS,OOD,TCGA500,PCHazard,40
2.2,0.06467377989400905,0.060491289791558336,RFS,OOD,TCGA500,PCHazard,40
2.4,0.06467377989400905,0.06049128979155832,RFS,OOD,TCGA500,PCHazard,40
2.6,0.06467377989400905,0.060491289791558336,RFS,OOD,TCGA500,PCHazard,40
2.8,0.11617892748293752,0.06799133015143645,RFS,OOD,TCGA500,PCHazard,40
3.0,0.1189400375567651,0.07597433296158572,RFS,OOD,TCGA500,PCHazard,40
3.2,0.12260679166390885,0.08417121273531396,RFS,OOD,TCGA500,PCHazard,40
3.4,0.1263873043290946,0.08851474912770078,RFS,OOD,TCGA500,PCHazard,40
3.6,0.13311775189791306,0.10215379643711513,RFS,OOD,TCGA500,PCHazard,40
3.8,0.13609455700973092,0.10668399191027211,RFS,OOD,TCGA500,PCHazard,40
4.0,0.13705691239445228,0.11120430628003143,RFS,OOD,TCGA500,PCHazard,40
4.2,0.13715345527967138,0.11120430628003143,RFS,OOD,TCGA500,PCHazard,40
4.4,0.13579385212579226,0.11120430628003143,RFS,OOD,TCGA500,PCHazard,40
4.6,0.1371722778208762,0.12129753349688802,RFS,OOD,TCGA500,PCHazard,40
4.8,0.14309075659701978,0.1265108724091685,RFS,OOD,TCGA500,PCHazard,40
5.0,0.1434397277563468,0.13179680059760027,RFS,OOD,TCGA500,PCHazard,40
5.2,0.14519520184978896,0.13179680059760027,RFS,OOD,TCGA500,PCHazard,40
0.2,0.0,0.0,RFS,OOD,TCGA500,PCHazard,41
0.4,0.0067540313971249126,0.006708415009556401,RFS,OOD,TCGA500,PCHazard,41
0.6,0.01377640399137839,0.013586616672297186,RFS,OOD,TCGA500,PCHazard,41
0.8,0.01377640399137839,0.01358661667229718,RFS,OOD,TCGA500,PCHazard,41
1.0,0.01856978401582015,0.018224950669401996,RFS,OOD,TCGA500,PCHazard,41
1.2,0.02954661392987284,0.028673642639631736,RFS,OOD,TCGA500,PCHazard,41
1.4,0.02954661392987284,0.028673642639631725,RFS,OOD,TCGA500,PCHazard,41
1.6,0.04239423115864654,0.04059702315239935,RFS,OOD,TCGA500,PCHazard,41
1.8,0.05286189831684909,0.050067615085500596,RFS,OOD,TCGA500,PCHazard,41
2.0,0.060553183528918975,0.05688667785233105,RFS,OOD,TCGA500,PCHazard,41
2.2,0.06467377989400905,0.060491289791558336,RFS,OOD,TCGA500,PCHazard,41
2.4,0.06467377989400905,0.06049128979155832,RFS,OOD,TCGA500,PCHazard,41
2.6,0.06467377989400905,0.060491289791558336,RFS,OOD,TCGA500,PCHazard,41
2.8,0.07337494617192017,0.06799133015143645,RFS,OOD,TCGA500,PCHazard,41
3.0,0.1043281747351861,0.07597433296158572,RFS,OOD,TCGA500,PCHazard,41
3.2,0.10750807232589153,0.08417121273531396,RFS,OOD,TCGA500,PCHazard,41
3.4,0.11415502074892356,0.08851474912770078,RFS,OOD,TCGA500,PCHazard,41
3.6,0.11492860002868767,0.10215379643711513,RFS,OOD,TCGA500,PCHazard,41
3.8,0.120294591419791,0.10668399191027211,RFS,OOD,TCGA500,PCHazard,41
4.0,0.1258047271031733,0.11120430628003143,RFS,OOD,TCGA500,PCHazard,41
4.2,0.1262481286331889,0.11120430628003143,RFS,OOD,TCGA500,PCHazard,41
4.4,0.12624603145140673,0.11120430628003143,RFS,OOD,TCGA500,PCHazard,41
4.6,0.1329896802616201,0.12129753349688802,RFS,OOD,TCGA500,PCHazard,41
4.8,0.13803429390650848,0.1265108724091685,RFS,OOD,TCGA500,PCHazard,41
5.0,0.144270241820395,0.13179680059760027,RFS,OOD,TCGA500,PCHazard,41
5.2,0.14610458317792036,0.13179680059760027,RFS,OOD,TCGA500,PCHazard,41
0.2,0.0,0.0,RFS,OOD,TCGA500,PCHazard,42
0.4,0.0067540313971249126,0.006708415009556401,RFS,OOD,TCGA500,PCHazard,42
0.6,0.01377640399137839,0.013586616672297186,RFS,OOD,TCGA500,PCHazard,42
0.8,0.01377640399137839,0.01358661667229718,RFS,OOD,TCGA500,PCHazard,42
1.0,0.01856978401582015,0.018224950669401996,RFS,OOD,TCGA500,PCHazard,42
1.2,0.02954661392987284,0.028673642639631736,RFS,OOD,TCGA500,PCHazard,42
1.4,0.02954661392987284,0.028673642639631725,RFS,OOD,TCGA500,PCHazard,42
1.6,0.04239423115864654,0.04059702315239935,RFS,OOD,TCGA500,PCHazard,42
1.8,0.05286189831684909,0.050067615085500596,RFS,OOD,TCGA500,PCHazard,42
2.0,0.060553183528918975,0.05688667785233105,RFS,OOD,TCGA500,PCHazard,42
2.2,0.06467377989400905,0.060491289791558336,RFS,OOD,TCGA500,PCHazard,42
2.4,0.06467377989400905,0.06049128979155832,RFS,OOD,TCGA500,PCHazard,42
2.6,0.06467377989400905,0.060491289791558336,RFS,OOD,TCGA500,PCHazard,42
2.8,0.07337494617192017,0.06799133015143645,RFS,OOD,TCGA500,PCHazard,42
3.0,0.09807131076174387,0.07597433296158572,RFS,OOD,TCGA500,PCHazard,42
3.2,0.10429408450654291,0.08417121273531396,RFS,OOD,TCGA500,PCHazard,42
3.4,0.10738443799127191,0.08851474912770078,RFS,OOD,TCGA500,PCHazard,42
3.6,0.11132532827414106,0.10215379643711513,RFS,OOD,TCGA500,PCHazard,42
3.8,0.11750952533298546,0.10668399191027211,RFS,OOD,TCGA500,PCHazard,42
4.0,0.12028265545995935,0.11120430628003143,RFS,OOD,TCGA500,PCHazard,42
4.2,0.12123504860044508,0.11120430628003143,RFS,OOD,TCGA500,PCHazard,42
4.4,0.12159677380766262,0.11120430628003143,RFS,OOD,TCGA500,PCHazard,42
4.6,0.12623542634922189,0.12129753349688802,RFS,OOD,TCGA500,PCHazard,42
4.8,0.13482616169661768,0.1265108724091685,RFS,OOD,TCGA500,PCHazard,42
5.0,0.13982990281499422,0.13179680059760027,RFS,OOD,TCGA500,PCHazard,42
5.2,0.14149980518498953,0.13179680059760027,RFS,OOD,TCGA500,PCHazard,42
0.2,0.0,0.0,RFS,OOD,TCGA500,PCHazard,43
0.4,0.0067540313971249126,0.006708415009556401,RFS,OOD,TCGA500,PCHazard,43
0.6,0.01377640399137839,0.013586616672297186,RFS,OOD,TCGA500,PCHazard,43
0.8,0.01377640399137839,0.01358661667229718,RFS,OOD,TCGA500,PCHazard,43
1.0,0.01856978401582015,0.018224950669401996,RFS,OOD,TCGA500,PCHazard,43
1.2,0.02954661392987284,0.028673642639631736,RFS,OOD,TCGA500,PCHazard,43
1.4,0.02954661392987284,0.028673642639631725,RFS,OOD,TCGA500,PCHazard,43
1.6,0.04239423115864654,0.04059702315239935,RFS,OOD,TCGA500,PCHazard,43
1.8,0.05286189831684909,0.050067615085500596,RFS,OOD,TCGA500,PCHazard,43
2.0,0.060553183528918975,0.05688667785233105,RFS,OOD,TCGA500,PCHazard,43
2.2,0.06467377989400905,0.060491289791558336,RFS,OOD,TCGA500,PCHazard,43
2.4,0.06467377989400905,0.06049128979155832,RFS,OOD,TCGA500,PCHazard,43
2.6,0.06467377989400905,0.060491289791558336,RFS,OOD,TCGA500,PCHazard,43
2.8,0.07337494617192017,0.06799133015143645,RFS,OOD,TCGA500,PCHazard,43
3.0,0.1271897314065129,0.07597433296158572,RFS,OOD,TCGA500,PCHazard,43
3.2,0.1328462254262118,0.08417121273531396,RFS,OOD,TCGA500,PCHazard,43
3.4,0.13888012822303866,0.08851474912770078,RFS,OOD,TCGA500,PCHazard,43
3.6,0.1372450599673357,0.10215379643711513,RFS,OOD,TCGA500,PCHazard,43
3.8,0.1429043948886521,0.10668399191027211,RFS,OOD,TCGA500,PCHazard,43
4.0,0.14583239346506882,0.11120430628003143,RFS,OOD,TCGA500,PCHazard,43
4.2,0.14663186705537432,0.11120430628003143,RFS,OOD,TCGA500,PCHazard,43
4.4,0.1446902356511095,0.11120430628003143,RFS,OOD,TCGA500,PCHazard,43
4.6,0.14894794931034697,0.12129753349688802,RFS,OOD,TCGA500,PCHazard,43
4.8,0.1540922599421897,0.1265108724091685,RFS,OOD,TCGA500,PCHazard,43
5.0,0.15451582428477303,0.13179680059760027,RFS,OOD,TCGA500,PCHazard,43
5.2,0.15053105179991164,0.13179680059760027,RFS,OOD,TCGA500,PCHazard,43
0.2,0.0,0.0,RFS,OOD,TCGA500,PCHazard,44
0.4,0.0067540313971249126,0.006708415009556401,RFS,OOD,TCGA500,PCHazard,44
0.6,0.01377640399137839,0.013586616672297186,RFS,OOD,TCGA500,PCHazard,44
0.8,0.01377640399137839,0.01358661667229718,RFS,OOD,TCGA500,PCHazard,44
1.0,0.01856978401582015,0.018224950669401996,RFS,OOD,TCGA500,PCHazard,44
1.2,0.02954661392987284,0.028673642639631736,RFS,OOD,TCGA500,PCHazard,44
1.4,0.02954661392987284,0.028673642639631725,RFS,OOD,TCGA500,PCHazard,44
1.6,0.04239423115864654,0.04059702315239935,RFS,OOD,TCGA500,PCHazard,44
1.8,0.05286189831684909,0.050067615085500596,RFS,OOD,TCGA500,PCHazard,44
2.0,0.060553183528918975,0.05688667785233105,RFS,OOD,TCGA500,PCHazard,44
2.2,0.06467377989400905,0.060491289791558336,RFS,OOD,TCGA500,PCHazard,44
2.4,0.06467377989400905,0.06049128979155832,RFS,OOD,TCGA500,PCHazard,44
2.6,0.06467377989400905,0.060491289791558336,RFS,OOD,TCGA500,PCHazard,44
2.8,0.09381413053327844,0.06799133015143645,RFS,OOD,TCGA500,PCHazard,44
3.0,0.09722873311146571,0.07597433296158572,RFS,OOD,TCGA500,PCHazard,44
3.2,0.10454756737259872,0.08417121273531396,RFS,OOD,TCGA500,PCHazard,44
3.4,0.11051393896517986,0.08851474912770078,RFS,OOD,TCGA500,PCHazard,44
3.6,0.11984147880073487,0.10215379643711513,RFS,OOD,TCGA500,PCHazard,44
3.8,0.1247586327026153,0.10668399191027211,RFS,OOD,TCGA500,PCHazard,44
4.0,0.12661649221496818,0.11120430628003143,RFS,OOD,TCGA500,PCHazard,44
4.2,0.12325638468079902,0.11120430628003143,RFS,OOD,TCGA500,PCHazard,44
4.4,0.12150373324263058,0.11120430628003143,RFS,OOD,TCGA500,PCHazard,44
4.6,0.12159201361231473,0.12129753349688802,RFS,OOD,TCGA500,PCHazard,44
4.8,0.12916288795069664,0.1265108724091685,RFS,OOD,TCGA500,PCHazard,44
5.0,0.1362188045020533,0.13179680059760027,RFS,OOD,TCGA500,PCHazard,44
5.2,0.1370952179049922,0.13179680059760027,RFS,OOD,TCGA500,PCHazard,44
0.2,0.00315104398858035,0.0,RFS,OOD,TCGA500,PMF,40
0.4,0.009245365724287738,0.006708415009556401,RFS,OOD,TCGA500,PMF,40
0.6,0.015662256132385182,0.013586616672297186,RFS,OOD,TCGA500,PMF,40
0.8,0.01565946420399364,0.01358661667229718,RFS,OOD,TCGA500,PMF,40
1.0,0.019716215483500034,0.018224950669401996,RFS,OOD,TCGA500,PMF,40
1.2,0.02960097553083069,0.028673642639631736,RFS,OOD,TCGA500,PMF,40
1.4,0.029583975025416247,0.028673642639631725,RFS,OOD,TCGA500,PMF,40
1.6,0.04144302146916878,0.04059702315239935,RFS,OOD,TCGA500,PMF,40
1.8,0.050901812684704645,0.050067615085500596,RFS,OOD,TCGA500,PMF,40
2.0,0.05740893614545552,0.05688667785233105,RFS,OOD,TCGA500,PMF,40
2.2,0.06113647363516737,0.060491289791558336,RFS,OOD,TCGA500,PMF,40
2.4,0.06114680090313051,0.06049128979155832,RFS,OOD,TCGA500,PMF,40
2.6,0.06117000342184383,0.060491289791558336,RFS,OOD,TCGA500,PMF,40
2.8,0.06858028116231007,0.06799133015143645,RFS,OOD,TCGA500,PMF,40
3.0,0.07712958648537778,0.07597433296158572,RFS,OOD,TCGA500,PMF,40
3.2,0.1270697955979485,0.08417121273531396,RFS,OOD,TCGA500,PMF,40
3.4,0.13458750551611232,0.08851474912770078,RFS,OOD,TCGA500,PMF,40
3.6,0.13704610766920816,0.10215379643711513,RFS,OOD,TCGA500,PMF,40
3.8,0.14382726521855943,0.10668399191027211,RFS,OOD,TCGA500,PMF,40
4.0,0.14210897974239783,0.11120430628003143,RFS,OOD,TCGA500,PMF,40
4.2,0.1394036603676167,0.11120430628003143,RFS,OOD,TCGA500,PMF,40
4.4,0.1405995304357925,0.11120430628003143,RFS,OOD,TCGA500,PMF,40
4.6,0.14209647021032906,0.12129753349688802,RFS,OOD,TCGA500,PMF,40
4.8,0.14954315604847443,0.1265108724091685,RFS,OOD,TCGA500,PMF,40
5.0,0.15439524254541545,0.13179680059760027,RFS,OOD,TCGA500,PMF,40
5.2,0.15531171173158112,0.13179680059760027,RFS,OOD,TCGA500,PMF,40
0.2,0.002203715012736643,0.0,RFS,OOD,TCGA500,PMF,41
0.4,0.00857828485106013,0.006708415009556401,RFS,OOD,TCGA500,PMF,41
0.6,0.015132745469621449,0.013586616672297186,RFS,OOD,TCGA500,PMF,41
0.8,0.015138860430572845,0.01358661667229718,RFS,OOD,TCGA500,PMF,41
1.0,0.019679770039939728,0.018224950669401996,RFS,OOD,TCGA500,PMF,41
1.2,0.02991931590635074,0.028673642639631736,RFS,OOD,TCGA500,PMF,41
1.4,0.029942770743637402,0.028673642639631725,RFS,OOD,TCGA500,PMF,41
1.6,0.041654560511246996,0.04059702315239935,RFS,OOD,TCGA500,PMF,41
1.8,0.05114940641364929,0.050067615085500596,RFS,OOD,TCGA500,PMF,41
2.0,0.058239743935756545,0.05688667785233105,RFS,OOD,TCGA500,PMF,41
2.2,0.06209772445318215,0.060491289791558336,RFS,OOD,TCGA500,PMF,41
2.4,0.062114105097861194,0.06049128979155832,RFS,OOD,TCGA500,PMF,41
2.6,0.062106697446431915,0.060491289791558336,RFS,OOD,TCGA500,PMF,41
2.8,0.07021699574549467,0.06799133015143645,RFS,OOD,TCGA500,PMF,41
3.0,0.07879937907458563,0.07597433296158572,RFS,OOD,TCGA500,PMF,41
3.2,0.08759231447589148,0.08417121273531396,RFS,OOD,TCGA500,PMF,41
3.4,0.11507586938002384,0.08851474912770078,RFS,OOD,TCGA500,PMF,41
3.6,0.11883274139702081,0.10215379643711513,RFS,OOD,TCGA500,PMF,41
3.8,0.12500220365614648,0.10668399191027211,RFS,OOD,TCGA500,PMF,41
4.0,0.13041735523290296,0.11120430628003143,RFS,OOD,TCGA500,PMF,41
4.2,0.13142621835110982,0.11120430628003143,RFS,OOD,TCGA500,PMF,41
4.4,0.13179656228264652,0.11120430628003143,RFS,OOD,TCGA500,PMF,41
4.6,0.14038620551019373,0.12129753349688802,RFS,OOD,TCGA500,PMF,41
4.8,0.14847314055998478,0.1265108724091685,RFS,OOD,TCGA500,PMF,41
5.0,0.15442920665312812,0.13179680059760027,RFS,OOD,TCGA500,PMF,41
5.2,0.15570226340339785,0.13179680059760027,RFS,OOD,TCGA500,PMF,41
0.2,0.0027081067603002412,0.0,RFS,OOD,TCGA500,PMF,42
0.4,0.008730255410730454,0.006708415009556401,RFS,OOD,TCGA500,PMF,42
0.6,0.01501919662621818,0.013586616672297186,RFS,OOD,TCGA500,PMF,42
0.8,0.015026858964365232,0.01358661667229718,RFS,OOD,TCGA500,PMF,42
1.0,0.01923897971236766,0.018224950669401996,RFS,OOD,TCGA500,PMF,42
1.2,0.029236402300666722,0.028673642639631736,RFS,OOD,TCGA500,PMF,42
1.4,0.029198624433754736,0.028673642639631725,RFS,OOD,TCGA500,PMF,42
1.6,0.04087940286192201,0.04059702315239935,RFS,OOD,TCGA500,PMF,42
1.8,0.049904956732243516,0.050067615085500596,RFS,OOD,TCGA500,PMF,42
2.0,0.05675919955515838,0.05688667785233105,RFS,OOD,TCGA500,PMF,42
2.2,0.06026617960042327,0.060491289791558336,RFS,OOD,TCGA500,PMF,42
2.4,0.060291434273448644,0.06049128979155832,RFS,OOD,TCGA500,PMF,42
2.6,0.060308416267898735,0.060491289791558336,RFS,OOD,TCGA500,PMF,42
2.8,0.06806433620440656,0.06799133015143645,RFS,OOD,TCGA500,PMF,42
3.0,0.07637919970584942,0.07597433296158572,RFS,OOD,TCGA500,PMF,42
3.2,0.08528247510373467,0.08417121273531396,RFS,OOD,TCGA500,PMF,42
3.4,0.11528147880366212,0.08851474912770078,RFS,OOD,TCGA500,PMF,42
3.6,0.11974409519738138,0.10215379643711513,RFS,OOD,TCGA500,PMF,42
3.8,0.12677857549369362,0.10668399191027211,RFS,OOD,TCGA500,PMF,42
4.0,0.12814872744506192,0.11120430628003143,RFS,OOD,TCGA500,PMF,42
4.2,0.12785759454769136,0.11120430628003143,RFS,OOD,TCGA500,PMF,42
4.4,0.12424197947107059,0.11120430628003143,RFS,OOD,TCGA500,PMF,42
4.6,0.13041075916604386,0.12129753349688802,RFS,OOD,TCGA500,PMF,42
4.8,0.13831335302208458,0.1265108724091685,RFS,OOD,TCGA500,PMF,42
5.0,0.14308989304625405,0.13179680059760027,RFS,OOD,TCGA500,PMF,42
5.2,0.143669212767221,0.13179680059760027,RFS,OOD,TCGA500,PMF,42
0.2,0.0027602209379427403,0.0,RFS,OOD,TCGA500,PMF,43
0.4,0.008979427994552114,0.006708415009556401,RFS,OOD,TCGA500,PMF,43
0.6,0.015180438720748403,0.013586616672297186,RFS,OOD,TCGA500,PMF,43
0.8,0.015167010769833893,0.01358661667229718,RFS,OOD,TCGA500,PMF,43
1.0,0.019382380750010676,0.018224950669401996,RFS,OOD,TCGA500,PMF,43
1.2,0.02876665712794744,0.028673642639631736,RFS,OOD,TCGA500,PMF,43
1.4,0.02874295521995589,0.028673642639631725,RFS,OOD,TCGA500,PMF,43
1.6,0.04074582144503802,0.04059702315239935,RFS,OOD,TCGA500,PMF,43
1.8,0.049949932542378825,0.050067615085500596,RFS,OOD,TCGA500,PMF,43
2.0,0.056754197607104276,0.05688667785233105,RFS,OOD,TCGA500,PMF,43
2.2,0.060280264332232485,0.060491289791558336,RFS,OOD,TCGA500,PMF,43
2.4,0.06029879378220493,0.06049128979155832,RFS,OOD,TCGA500,PMF,43
2.6,0.060300546764480385,0.060491289791558336,RFS,OOD,TCGA500,PMF,43
2.8,0.06797807292264961,0.06799133015143645,RFS,OOD,TCGA500,PMF,43
3.0,0.07620464332892038,0.07597433296158572,RFS,OOD,TCGA500,PMF,43
3.2,0.08497854166306944,0.08417121273531396,RFS,OOD,TCGA500,PMF,43
3.4,0.11956561018943206,0.08851474912770078,RFS,OOD,TCGA500,PMF,43
3.6,0.12556324494805762,0.10215379643711513,RFS,OOD,TCGA500,PMF,43
3.8,0.13270427485346542,0.10668399191027211,RFS,OOD,TCGA500,PMF,43
4.0,0.137610914996257,0.11120430628003143,RFS,OOD,TCGA500,PMF,43
4.2,0.13882694065833054,0.11120430628003143,RFS,OOD,TCGA500,PMF,43
4.4,0.13858280893293032,0.11120430628003143,RFS,OOD,TCGA500,PMF,43
4.6,0.14222297991348337,0.12129753349688802,RFS,OOD,TCGA500,PMF,43
4.8,0.1501155651396219,0.1265108724091685,RFS,OOD,TCGA500,PMF,43
5.0,0.1562908066002732,0.13179680059760027,RFS,OOD,TCGA500,PMF,43
5.2,0.15669786199824567,0.13179680059760027,RFS,OOD,TCGA500,PMF,43
0.2,0.005468705977347122,0.0,RFS,OOD,TCGA500,PMF,44
0.4,0.011475817129744038,0.006708415009556401,RFS,OOD,TCGA500,PMF,44
0.6,0.017864158582475507,0.013586616672297186,RFS,OOD,TCGA500,PMF,44
0.8,0.01782578604763513,0.01358661667229718,RFS,OOD,TCGA500,PMF,44
1.0,0.02211636079905355,0.018224950669401996,RFS,OOD,TCGA500,PMF,44
1.2,0.031598460011016793,0.028673642639631736,RFS,OOD,TCGA500,PMF,44
1.4,0.031822814193175016,0.028673642639631725,RFS,OOD,TCGA500,PMF,44
1.6,0.042868254171254144,0.04059702315239935,RFS,OOD,TCGA500,PMF,44
1.8,0.05217096178052704,0.050067615085500596,RFS,OOD,TCGA500,PMF,44
2.0,0.05925052342211685,0.05688667785233105,RFS,OOD,TCGA500,PMF,44
2.2,0.06318203235495207,0.060491289791558336,RFS,OOD,TCGA500,PMF,44
2.4,0.0631680588884738,0.06049128979155832,RFS,OOD,TCGA500,PMF,44
2.6,0.0631907249121451,0.060491289791558336,RFS,OOD,TCGA500,PMF,44
2.8,0.07084779262951284,0.06799133015143645,RFS,OOD,TCGA500,PMF,44
3.0,0.07900630445906398,0.07597433296158572,RFS,OOD,TCGA500,PMF,44
3.2,0.10492550050870134,0.08417121273531396,RFS,OOD,TCGA500,PMF,44
3.4,0.11061064538322758,0.08851474912770078,RFS,OOD,TCGA500,PMF,44
3.6,0.11871782403901492,0.10215379643711513,RFS,OOD,TCGA500,PMF,44
3.8,0.12453351410555558,0.10668399191027211,RFS,OOD,TCGA500,PMF,44
4.0,0.12763828657735354,0.11120430628003143,RFS,OOD,TCGA500,PMF,44
4.2,0.12832419771719605,0.11120430628003143,RFS,OOD,TCGA500,PMF,44
4.4,0.12799423772152124,0.11120430628003143,RFS,OOD,TCGA500,PMF,44
4.6,0.12970056157293167,0.12129753349688802,RFS,OOD,TCGA500,PMF,44
4.8,0.1363195514185269,0.1265108724091685,RFS,OOD,TCGA500,PMF,44
5.0,0.1434629935389598,0.13179680059760027,RFS,OOD,TCGA500,PMF,44
5.2,0.14409522094457902,0.13179680059760027,RFS,OOD,TCGA500,PMF,44
0.2,5.0199812759767266e-06,0.0,RFS,OOD,TCGA500,RSF,40
0.4,0.006728479565695859,0.006708415009556401,RFS,OOD,TCGA500,RSF,40
0.6,0.013723818089305688,0.013586616672297186,RFS,OOD,TCGA500,RSF,40
0.8,0.013655364483599372,0.01358661667229718,RFS,OOD,TCGA500,RSF,40
1.0,0.018237898334395826,0.018224950669401996,RFS,OOD,TCGA500,RSF,40
1.2,0.028644388021312646,0.028673642639631736,RFS,OOD,TCGA500,RSF,40
1.4,0.02850781219556351,0.028673642639631725,RFS,OOD,TCGA500,RSF,40
1.6,0.04027052655966463,0.04059702315239935,RFS,OOD,TCGA500,RSF,40
1.8,0.04960331126543616,0.050067615085500596,RFS,OOD,TCGA500,RSF,40
2.0,0.056278509069693144,0.05688667785233105,RFS,OOD,TCGA500,RSF,40
2.2,0.059629426242905466,0.060491289791558336,RFS,OOD,TCGA500,RSF,40
2.4,0.0599950867303265,0.06049128979155832,RFS,OOD,TCGA500,RSF,40
2.6,0.061096265700789326,0.060491289791558336,RFS,OOD,TCGA500,RSF,40
2.8,0.06820723340369209,0.06799133015143645,RFS,OOD,TCGA500,RSF,40
3.0,0.07651388388472494,0.07597433296158572,RFS,OOD,TCGA500,RSF,40
3.2,0.08519190625337228,0.08417121273531396,RFS,OOD,TCGA500,RSF,40
3.4,0.09068469948437875,0.08851474912770078,RFS,OOD,TCGA500,RSF,40
3.6,0.10374872662485825,0.10215379643711513,RFS,OOD,TCGA500,RSF,40
3.8,0.1089140553883641,0.10668399191027211,RFS,OOD,TCGA500,RSF,40
4.0,0.11314684519014863,0.11120430628003143,RFS,OOD,TCGA500,RSF,40
4.2,0.11421100028006026,0.11120430628003143,RFS,OOD,TCGA500,RSF,40
4.4,0.11626955556917334,0.11120430628003143,RFS,OOD,TCGA500,RSF,40
4.6,0.12517283966625076,0.12129753349688802,RFS,OOD,TCGA500,RSF,40
4.8,0.1311462551913423,0.1265108724091685,RFS,OOD,TCGA500,RSF,40
5.0,0.13603404653497023,0.13179680059760027,RFS,OOD,TCGA500,RSF,40
5.2,0.13688886952784027,0.13179680059760027,RFS,OOD,TCGA500,RSF,40
0.2,0.0,0.0,RFS,OOD,TCGA500,RSF,41
0.4,0.00666685812608181,0.006708415009556401,RFS,OOD,TCGA500,RSF,41
0.6,0.013561004623767343,0.013586616672297186,RFS,OOD,TCGA500,RSF,41
0.8,0.013528587041025992,0.01358661667229718,RFS,OOD,TCGA500,RSF,41
1.0,0.018286983616864604,0.018224950669401996,RFS,OOD,TCGA500,RSF,41
1.2,0.028669272264071233,0.028673642639631736,RFS,OOD,TCGA500,RSF,41
1.4,0.028652406280084426,0.028673642639631725,RFS,OOD,TCGA500,RSF,41
1.6,0.0401764971317347,0.04059702315239935,RFS,OOD,TCGA500,RSF,41
1.8,0.0497775040581054,0.050067615085500596,RFS,OOD,TCGA500,RSF,41
2.0,0.05703495925643244,0.05688667785233105,RFS,OOD,TCGA500,RSF,41
2.2,0.06068452625529578,0.060491289791558336,RFS,OOD,TCGA500,RSF,41
2.4,0.060923558898249366,0.06049128979155832,RFS,OOD,TCGA500,RSF,41
2.6,0.061119259319523125,0.060491289791558336,RFS,OOD,TCGA500,RSF,41
2.8,0.06776822401975928,0.06799133015143645,RFS,OOD,TCGA500,RSF,41
3.0,0.07565958509913993,0.07597433296158572,RFS,OOD,TCGA500,RSF,41
3.2,0.0838804681712676,0.08417121273531396,RFS,OOD,TCGA500,RSF,41
3.4,0.0890368834761232,0.08851474912770078,RFS,OOD,TCGA500,RSF,41
3.6,0.1011024699114981,0.10215379643711513,RFS,OOD,TCGA500,RSF,41
3.8,0.10705670768446231,0.10668399191027211,RFS,OOD,TCGA500,RSF,41
4.0,0.1110634354779744,0.11120430628003143,RFS,OOD,TCGA500,RSF,41
4.2,0.11307781416669638,0.11120430628003143,RFS,OOD,TCGA500,RSF,41
4.4,0.11437635932647557,0.11120430628003143,RFS,OOD,TCGA500,RSF,41
4.6,0.12321604777513707,0.12129753349688802,RFS,OOD,TCGA500,RSF,41
4.8,0.1302491392400796,0.1265108724091685,RFS,OOD,TCGA500,RSF,41
5.0,0.1343368460634333,0.13179680059760027,RFS,OOD,TCGA500,RSF,41
5.2,0.13525937922127823,0.13179680059760027,RFS,OOD,TCGA500,RSF,41
0.2,4.556515121324345e-06,0.0,RFS,OOD,TCGA500,RSF,42
0.4,0.006716187017711822,0.006708415009556401,RFS,OOD,TCGA500,RSF,42
0.6,0.013693424692984854,0.013586616672297186,RFS,OOD,TCGA500,RSF,42
0.8,0.013571593604876399,0.01358661667229718,RFS,OOD,TCGA500,RSF,42
1.0,0.018151039859369285,0.018224950669401996,RFS,OOD,TCGA500,RSF,42
1.2,0.028402057484136423,0.028673642639631736,RFS,OOD,TCGA500,RSF,42
1.4,0.02836360149912255,0.028673642639631725,RFS,OOD,TCGA500,RSF,42
1.6,0.040031586846893626,0.04059702315239935,RFS,OOD,TCGA500,RSF,42
1.8,0.04945883846179434,0.050067615085500596,RFS,OOD,TCGA500,RSF,42
2.0,0.05613279812631252,0.05688667785233105,RFS,OOD,TCGA500,RSF,42
2.2,0.05963658939920445,0.060491289791558336,RFS,OOD,TCGA500,RSF,42
2.4,0.05983425609310654,0.06049128979155832,RFS,OOD,TCGA500,RSF,42
2.6,0.060507930392311324,0.060491289791558336,RFS,OOD,TCGA500,RSF,42
2.8,0.0673303025761562,0.06799133015143645,RFS,OOD,TCGA500,RSF,42
3.0,0.07596094024276459,0.07597433296158572,RFS,OOD,TCGA500,RSF,42
3.2,0.08416891439951195,0.08417121273531396,RFS,OOD,TCGA500,RSF,42
3.4,0.08968575189331347,0.08851474912770078,RFS,OOD,TCGA500,RSF,42
3.6,0.10132335667034567,0.10215379643711513,RFS,OOD,TCGA500,RSF,42
3.8,0.10695929340191489,0.10668399191027211,RFS,OOD,TCGA500,RSF,42
4.0,0.11144557522364078,0.11120430628003143,RFS,OOD,TCGA500,RSF,42
4.2,0.11297469691829733,0.11120430628003143,RFS,OOD,TCGA500,RSF,42
4.4,0.11496218229890555,0.11120430628003143,RFS,OOD,TCGA500,RSF,42
4.6,0.12228155692928133,0.12129753349688802,RFS,OOD,TCGA500,RSF,42
4.8,0.12895362416696637,0.1265108724091685,RFS,OOD,TCGA500,RSF,42
5.0,0.13475099601383722,0.13179680059760027,RFS,OOD,TCGA500,RSF,42
5.2,0.13628878922597618,0.13179680059760027,RFS,OOD,TCGA500,RSF,42
0.2,0.0,0.0,RFS,OOD,TCGA500,RSF,43
0.4,0.006722603806402242,0.006708415009556401,RFS,OOD,TCGA500,RSF,43
0.6,0.01363772614301513,0.013586616672297186,RFS,OOD,TCGA500,RSF,43
0.8,0.013572176508944975,0.01358661667229718,RFS,OOD,TCGA500,RSF,43
1.0,0.018131970140766885,0.018224950669401996,RFS,OOD,TCGA500,RSF,43
1.2,0.028502630181443424,0.028673642639631736,RFS,OOD,TCGA500,RSF,43
1.4,0.028419928662336863,0.028673642639631725,RFS,OOD,TCGA500,RSF,43
1.6,0.040140421025685276,0.04059702315239935,RFS,OOD,TCGA500,RSF,43
1.8,0.049743648092332254,0.050067615085500596,RFS,OOD,TCGA500,RSF,43
2.0,0.05649820968350612,0.05688667785233105,RFS,OOD,TCGA500,RSF,43
2.2,0.06032913932560765,0.060491289791558336,RFS,OOD,TCGA500,RSF,43
2.4,0.06080157889585178,0.06049128979155832,RFS,OOD,TCGA500,RSF,43
2.6,0.062332639961085186,0.060491289791558336,RFS,OOD,TCGA500,RSF,43
2.8,0.06808618497123817,0.06799133015143645,RFS,OOD,TCGA500,RSF,43
3.0,0.07619866669742659,0.07597433296158572,RFS,OOD,TCGA500,RSF,43
3.2,0.08511319429985664,0.08417121273531396,RFS,OOD,TCGA500,RSF,43
3.4,0.09165448694632956,0.08851474912770078,RFS,OOD,TCGA500,RSF,43
3.6,0.10248630122832844,0.10215379643711513,RFS,OOD,TCGA500,RSF,43
3.8,0.10962260405671151,0.10668399191027211,RFS,OOD,TCGA500,RSF,43
4.0,0.1146388305745743,0.11120430628003143,RFS,OOD,TCGA500,RSF,43
4.2,0.11749823887566783,0.11120430628003143,RFS,OOD,TCGA500,RSF,43
4.4,0.12060592700871597,0.11120430628003143,RFS,OOD,TCGA500,RSF,43
4.6,0.12743316523397283,0.12129753349688802,RFS,OOD,TCGA500,RSF,43
4.8,0.134845656121553,0.1265108724091685,RFS,OOD,TCGA500,RSF,43
5.0,0.13835505421970606,0.13179680059760027,RFS,OOD,TCGA500,RSF,43
5.2,0.13946342355302715,0.13179680059760027,RFS,OOD,TCGA500,RSF,43
0.2,0.0,0.0,RFS,OOD,TCGA500,RSF,44
0.4,0.0067540313971249126,0.006708415009556401,RFS,OOD,TCGA500,RSF,44
0.6,0.01377640399137839,0.013586616672297186,RFS,OOD,TCGA500,RSF,44
0.8,0.013718663168682263,0.01358661667229718,RFS,OOD,TCGA500,RSF,44
1.0,0.01828742520482195,0.018224950669401996,RFS,OOD,TCGA500,RSF,44
1.2,0.028558902035259754,0.028673642639631736,RFS,OOD,TCGA500,RSF,44
1.4,0.028316177842695314,0.028673642639631725,RFS,OOD,TCGA500,RSF,44
1.6,0.04004659551769927,0.04059702315239935,RFS,OOD,TCGA500,RSF,44
1.8,0.04947123587473395,0.050067615085500596,RFS,OOD,TCGA500,RSF,44
2.0,0.056161207801213114,0.05688667785233105,RFS,OOD,TCGA500,RSF,44
2.2,0.059669760120947574,0.060491289791558336,RFS,OOD,TCGA500,RSF,44
2.4,0.05972968749004715,0.06049128979155832,RFS,OOD,TCGA500,RSF,44
2.6,0.059831915892398786,0.060491289791558336,RFS,OOD,TCGA500,RSF,44
2.8,0.0667699157002794,0.06799133015143645,RFS,OOD,TCGA500,RSF,44
3.0,0.07549187023958816,0.07597433296158572,RFS,OOD,TCGA500,RSF,44
3.2,0.08413171027850137,0.08417121273531396,RFS,OOD,TCGA500,RSF,44
3.4,0.0883198215507129,0.08851474912770078,RFS,OOD,TCGA500,RSF,44
3.6,0.10093170732136332,0.10215379643711513,RFS,OOD,TCGA500,RSF,44
3.8,0.10629469896506603,0.10668399191027211,RFS,OOD,TCGA500,RSF,44
4.0,0.11086094089543838,0.11120430628003143,RFS,OOD,TCGA500,RSF,44
4.2,0.11219704817538508,0.11120430628003143,RFS,OOD,TCGA500,RSF,44
4.4,0.11434304707937293,0.11120430628003143,RFS,OOD,TCGA500,RSF,44
4.6,0.12173591734925293,0.12129753349688802,RFS,OOD,TCGA500,RSF,44
4.8,0.127491719133426,0.1265108724091685,RFS,OOD,TCGA500,RSF,44
5.0,0.13229240484984112,0.13179680059760027,RFS,OOD,TCGA500,RSF,44
5.2,0.1334866021299127,0.13179680059760027,RFS,OOD,TCGA500,RSF,44
0.6,0.06227133155772242,0.06105873629099478,RFS,OOD,GEO,TabSurv_M,40
0.8,0.07778362298590578,0.07631487905341318,RFS,OOD,GEO,TabSurv_M,40
1.0,0.10202768299026078,0.09973403450701973,RFS,OOD,GEO,TabSurv_M,40
1.2,0.12009334723864779,0.11748480909037463,RFS,OOD,GEO,TabSurv_M,40
1.4,0.14141726726274326,0.1379176254236341,RFS,OOD,GEO,TabSurv_M,40
1.6,0.16289808528989327,0.15753820204447896,RFS,OOD,GEO,TabSurv_M,40
1.8,0.170927860219302,0.16667648553949937,RFS,OOD,GEO,TabSurv_M,40
2.0,0.18629232495004142,0.18068316238681928,RFS,OOD,GEO,TabSurv_M,40
2.2,0.2007152704797754,0.19278694174502042,RFS,OOD,GEO,TabSurv_M,40
2.4,0.20965622821075822,0.20131417879260785,RFS,OOD,GEO,TabSurv_M,40
2.6,0.2248826595885335,0.21257571458645833,RFS,OOD,GEO,TabSurv_M,40
2.8,0.22971261022357697,0.21795601494052216,RFS,OOD,GEO,TabSurv_M,40
3.0,0.23749223484372242,0.22439787693734867,RFS,OOD,GEO,TabSurv_M,40
3.2,0.24421387556015478,0.22979303475724747,RFS,OOD,GEO,TabSurv_M,40
3.4,0.24989120025253905,0.23422068527098092,RFS,OOD,GEO,TabSurv_M,40
3.6,0.25245109928378967,0.23677711124836312,RFS,OOD,GEO,TabSurv_M,40
3.8,0.2525483504141129,0.23847547486582976,RFS,OOD,GEO,TabSurv_M,40
4.0,0.2552768609973932,0.24098559834351502,RFS,OOD,GEO,TabSurv_M,40
4.2,0.2535498898440895,0.2418775130591576,RFS,OOD,GEO,TabSurv_M,40
4.4,0.25259416008551855,0.24301041861777667,RFS,OOD,GEO,TabSurv_M,40
4.6,0.2560205621836538,0.24513057392544962,RFS,OOD,GEO,TabSurv_M,40
4.8,0.2535065172498885,0.24537385534010078,RFS,OOD,GEO,TabSurv_M,40
5.0,0.25615371905470596,0.2469729404093988,RFS,OOD,GEO,TabSurv_M,40
5.2,0.2570319161377335,0.2479264429043912,RFS,OOD,GEO,TabSurv_M,40
5.4,0.2565660237365531,0.2484232904469286,RFS,OOD,GEO,TabSurv_M,40
5.6,0.255538697191804,0.24872586762353474,RFS,OOD,GEO,TabSurv_M,40
5.8,0.25431796717182215,0.24900716369549938,RFS,OOD,GEO,TabSurv_M,40
6.0,0.2531758307062404,0.24914114156738193,RFS,OOD,GEO,TabSurv_M,40
6.2,0.25316259328052476,0.24940561179143944,RFS,OOD,GEO,TabSurv_M,40
6.4,0.252577367077442,0.24963250661893563,RFS,OOD,GEO,TabSurv_M,40
6.6,0.2520860282803313,0.2498209742964881,RFS,OOD,GEO,TabSurv_M,40
6.8,0.25102816449690396,0.24996301289796788,RFS,OOD,GEO,TabSurv_M,40
7.0,0.2510455236510655,0.25004325767185065,RFS,OOD,GEO,TabSurv_M,40
7.2,0.25137833912082863,0.2501212037263686,RFS,OOD,GEO,TabSurv_M,40
7.4,0.24939850886481907,0.25012633187081634,RFS,OOD,GEO,TabSurv_M,40
0.6,0.062114572417270524,0.06105873629099478,RFS,OOD,GEO,TabSurv_M,41
0.8,0.0774026496257998,0.07631487905341318,RFS,OOD,GEO,TabSurv_M,41
1.0,0.10188849901602,0.09973403450701973,RFS,OOD,GEO,TabSurv_M,41
1.2,0.11964869282203072,0.11748480909037463,RFS,OOD,GEO,TabSurv_M,41
1.4,0.1414336344448057,0.1379176254236341,RFS,OOD,GEO,TabSurv_M,41
1.6,0.16339056095403273,0.15753820204447896,RFS,OOD,GEO,TabSurv_M,41
1.8,0.17214243101686363,0.16667648553949937,RFS,OOD,GEO,TabSurv_M,41
2.0,0.18768096805184598,0.18068316238681928,RFS,OOD,GEO,TabSurv_M,41
2.2,0.20266164451794666,0.19278694174502042,RFS,OOD,GEO,TabSurv_M,41
2.4,0.21160348873925944,0.20131417879260785,RFS,OOD,GEO,TabSurv_M,41
2.6,0.22713839143867887,0.21257571458645833,RFS,OOD,GEO,TabSurv_M,41
2.8,0.2324611193112375,0.21795601494052216,RFS,OOD,GEO,TabSurv_M,41
3.0,0.2402662538298992,0.22439787693734867,RFS,OOD,GEO,TabSurv_M,41
3.2,0.2476322779046123,0.22979303475724747,RFS,OOD,GEO,TabSurv_M,41
3.4,0.25366580017527085,0.23422068527098092,RFS,OOD,GEO,TabSurv_M,41
3.6,0.25610638521192347,0.23677711124836312,RFS,OOD,GEO,TabSurv_M,41
3.8,0.2562513093213539,0.23847547486582976,RFS,OOD,GEO,TabSurv_M,41
4.0,0.2582053786149103,0.24098559834351502,RFS,OOD,GEO,TabSurv_M,41
4.2,0.2561785490853063,0.2418775130591576,RFS,OOD,GEO,TabSurv_M,41
4.4,0.25513617751208,0.24301041861777667,RFS,OOD,GEO,TabSurv_M,41
4.6,0.2582624366759079,0.24513057392544962,RFS,OOD,GEO,TabSurv_M,41
4.8,0.2554555893020784,0.24537385534010078,RFS,OOD,GEO,TabSurv_M,41
5.0,0.25831516722648534,0.2469729404093988,RFS,OOD,GEO,TabSurv_M,41
5.2,0.25928285579180804,0.2479264429043912,RFS,OOD,GEO,TabSurv_M,41
5.4,0.2583847764352921,0.2484232904469286,RFS,OOD,GEO,TabSurv_M,41
5.6,0.25701241627812993,0.24872586762353474,RFS,OOD,GEO,TabSurv_M,41
5.8,0.2556122336795943,0.24900716369549938,RFS,OOD,GEO,TabSurv_M,41
6.0,0.25380372455091604,0.24914114156738193,RFS,OOD,GEO,TabSurv_M,41
6.2,0.252956560782324,0.24940561179143944,RFS,OOD,GEO,TabSurv_M,41
6.4,0.25225925205985594,0.24963250661893563,RFS,OOD,GEO,TabSurv_M,41
6.6,0.2516687002234212,0.2498209742964881,RFS,OOD,GEO,TabSurv_M,41
6.8,0.2506290838742351,0.24996301289796788,RFS,OOD,GEO,TabSurv_M,41
7.0,0.24994972660170867,0.25004325767185065,RFS,OOD,GEO,TabSurv_M,41
7.2,0.2505393574119136,0.2501212037263686,RFS,OOD,GEO,TabSurv_M,41
7.4,0.2482283209136614,0.25012633187081634,RFS,OOD,GEO,TabSurv_M,41
0.6,0.062355684342074794,0.06105873629099478,RFS,OOD,GEO,TabSurv_M,42
0.8,0.07785754280352641,0.07631487905341318,RFS,OOD,GEO,TabSurv_M,42
1.0,0.10199581481647829,0.09973403450701973,RFS,OOD,GEO,TabSurv_M,42
1.2,0.11976233348086274,0.11748480909037463,RFS,OOD,GEO,TabSurv_M,42
1.4,0.1408864728148824,0.1379176254236341,RFS,OOD,GEO,TabSurv_M,42
1.6,0.16211405546961188,0.15753820204447896,RFS,OOD,GEO,TabSurv_M,42
1.8,0.16997562323660728,0.16667648553949937,RFS,OOD,GEO,TabSurv_M,42
2.0,0.1849087021781413,0.18068316238681928,RFS,OOD,GEO,TabSurv_M,42
2.2,0.19898216838157398,0.19278694174502042,RFS,OOD,GEO,TabSurv_M,42
2.4,0.20787725489349015,0.20131417879260785,RFS,OOD,GEO,TabSurv_M,42
2.6,0.2227679773127865,0.21257571458645833,RFS,OOD,GEO,TabSurv_M,42
2.8,0.2281966816434471,0.21795601494052216,RFS,OOD,GEO,TabSurv_M,42
3.0,0.23694901923759312,0.22439787693734867,RFS,OOD,GEO,TabSurv_M,42
3.2,0.24490614259970578,0.22979303475724747,RFS,OOD,GEO,TabSurv_M,42
3.4,0.251493319418145,0.23422068527098092,RFS,OOD,GEO,TabSurv_M,42
3.6,0.25437558423991513,0.23677711124836312,RFS,OOD,GEO,TabSurv_M,42
3.8,0.25511726473559027,0.23847547486582976,RFS,OOD,GEO,TabSurv_M,42
4.0,0.25790329940570755,0.24098559834351502,RFS,OOD,GEO,TabSurv_M,42
4.2,0.2562951813710136,0.2418775130591576,RFS,OOD,GEO,TabSurv_M,42
4.4,0.25549139660984344,0.24301041861777667,RFS,OOD,GEO,TabSurv_M,42
4.6,0.25883115360267167,0.24513057392544962,RFS,OOD,GEO,TabSurv_M,42
4.8,0.25639483605398455,0.24537385534010078,RFS,OOD,GEO,TabSurv_M,42
5.0,0.2596349624134664,0.2469729404093988,RFS,OOD,GEO,TabSurv_M,42
5.2,0.260570917191179,0.2479264429043912,RFS,OOD,GEO,TabSurv_M,42
5.4,0.2600058023946633,0.2484232904469286,RFS,OOD,GEO,TabSurv_M,42
5.6,0.2587031936371199,0.24872586762353474,RFS,OOD,GEO,TabSurv_M,42
5.8,0.2577558059026064,0.24900716369549938,RFS,OOD,GEO,TabSurv_M,42
6.0,0.25653729970072164,0.24914114156738193,RFS,OOD,GEO,TabSurv_M,42
6.2,0.2568251779555817,0.24940561179143944,RFS,OOD,GEO,TabSurv_M,42
6.4,0.2568134985434431,0.24963250661893563,RFS,OOD,GEO,TabSurv_M,42
6.6,0.2565108306247231,0.2498209742964881,RFS,OOD,GEO,TabSurv_M,42
6.8,0.2553095442970099,0.24996301289796788,RFS,OOD,GEO,TabSurv_M,42
7.0,0.25480335747522587,0.25004325767185065,RFS,OOD,GEO,TabSurv_M,42
7.2,0.2546340778937972,0.2501212037263686,RFS,OOD,GEO,TabSurv_M,42
7.4,0.25223654047216726,0.25012633187081634,RFS,OOD,GEO,TabSurv_M,42
0.6,0.0624804023597301,0.06105873629099478,RFS,OOD,GEO,TabSurv_M,43
0.8,0.07797387557827577,0.07631487905341318,RFS,OOD,GEO,TabSurv_M,43
1.0,0.1021430030484928,0.09973403450701973,RFS,OOD,GEO,TabSurv_M,43
1.2,0.11996591966868436,0.11748480909037463,RFS,OOD,GEO,TabSurv_M,43
1.4,0.14092408026686104,0.1379176254236341,RFS,OOD,GEO,TabSurv_M,43
1.6,0.16172781237645,0.15753820204447896,RFS,OOD,GEO,TabSurv_M,43
1.8,0.16944809887284287,0.16667648553949937,RFS,OOD,GEO,TabSurv_M,43
2.0,0.18393047896141554,0.18068316238681928,RFS,OOD,GEO,TabSurv_M,43
2.2,0.1974393785776848,0.19278694174502042,RFS,OOD,GEO,TabSurv_M,43
2.4,0.20588972670148858,0.20131417879260785,RFS,OOD,GEO,TabSurv_M,43
2.6,0.2206246004637374,0.21257571458645833,RFS,OOD,GEO,TabSurv_M,43
2.8,0.2256532022493446,0.21795601494052216,RFS,OOD,GEO,TabSurv_M,43
3.0,0.2331015043564658,0.22439787693734867,RFS,OOD,GEO,TabSurv_M,43
3.2,0.23969578149749382,0.22979303475724747,RFS,OOD,GEO,TabSurv_M,43
3.4,0.24548285235451434,0.23422068527098092,RFS,OOD,GEO,TabSurv_M,43
3.6,0.24828994671339524,0.23677711124836312,RFS,OOD,GEO,TabSurv_M,43
3.8,0.24891399743998657,0.23847547486582976,RFS,OOD,GEO,TabSurv_M,43
4.0,0.25105107422071277,0.24098559834351502,RFS,OOD,GEO,TabSurv_M,43
4.2,0.24911126640281428,0.2418775130591576,RFS,OOD,GEO,TabSurv_M,43
4.4,0.24798897728984293,0.24301041861777667,RFS,OOD,GEO,TabSurv_M,43
4.6,0.25086757195537857,0.24513057392544962,RFS,OOD,GEO,TabSurv_M,43
4.8,0.24857246679102674,0.24537385534010078,RFS,OOD,GEO,TabSurv_M,43
5.0,0.2514853366473986,0.2469729404093988,RFS,OOD,GEO,TabSurv_M,43
5.2,0.2528117257628632,0.2479264429043912,RFS,OOD,GEO,TabSurv_M,43
5.4,0.2525304308509178,0.2484232904469286,RFS,OOD,GEO,TabSurv_M,43
5.6,0.25157867833277314,0.24872586762353474,RFS,OOD,GEO,TabSurv_M,43
5.8,0.25052694172564555,0.24900716369549938,RFS,OOD,GEO,TabSurv_M,43
6.0,0.24948043860578603,0.24914114156738193,RFS,OOD,GEO,TabSurv_M,43
6.2,0.24980339620070732,0.24940561179143944,RFS,OOD,GEO,TabSurv_M,43
6.4,0.2499459367368863,0.24963250661893563,RFS,OOD,GEO,TabSurv_M,43
6.6,0.249758411084375,0.2498209742964881,RFS,OOD,GEO,TabSurv_M,43
6.8,0.248971140859826,0.24996301289796788,RFS,OOD,GEO,TabSurv_M,43
7.0,0.24897721509037476,0.25004325767185065,RFS,OOD,GEO,TabSurv_M,43
7.2,0.249754255657991,0.2501212037263686,RFS,OOD,GEO,TabSurv_M,43
7.4,0.2473031191008805,0.25012633187081634,RFS,OOD,GEO,TabSurv_M,43
0.6,0.06272706255409385,0.06105873629099478,RFS,OOD,GEO,TabSurv_M,44
0.8,0.0783337542280874,0.07631487905341318,RFS,OOD,GEO,TabSurv_M,44
1.0,0.10265435555431326,0.09973403450701973,RFS,OOD,GEO,TabSurv_M,44
1.2,0.1203870233971391,0.11748480909037463,RFS,OOD,GEO,TabSurv_M,44
1.4,0.14113913972163428,0.1379176254236341,RFS,OOD,GEO,TabSurv_M,44
1.6,0.16220950093866118,0.15753820204447896,RFS,OOD,GEO,TabSurv_M,44
1.8,0.17014035110207432,0.16667648553949937,RFS,OOD,GEO,TabSurv_M,44
2.0,0.18467397296809393,0.18068316238681928,RFS,OOD,GEO,TabSurv_M,44
2.2,0.1986910545500262,0.19278694174502042,RFS,OOD,GEO,TabSurv_M,44
2.4,0.20750548651903403,0.20131417879260785,RFS,OOD,GEO,TabSurv_M,44
2.6,0.22212029412174897,0.21257571458645833,RFS,OOD,GEO,TabSurv_M,44
2.8,0.22772671974564396,0.21795601494052216,RFS,OOD,GEO,TabSurv_M,44
3.0,0.23550401455185935,0.22439787693734867,RFS,OOD,GEO,TabSurv_M,44
3.2,0.24291809771054937,0.22979303475724747,RFS,OOD,GEO,TabSurv_M,44
3.4,0.24959097488385013,0.23422068527098092,RFS,OOD,GEO,TabSurv_M,44
3.6,0.2524982566957316,0.23677711124836312,RFS,OOD,GEO,TabSurv_M,44
3.8,0.2531027460447956,0.23847547486582976,RFS,OOD,GEO,TabSurv_M,44
4.0,0.25578663714959593,0.24098559834351502,RFS,OOD,GEO,TabSurv_M,44
4.2,0.2535693016265286,0.2418775130591576,RFS,OOD,GEO,TabSurv_M,44
4.4,0.2522306763721073,0.24301041861777667,RFS,OOD,GEO,TabSurv_M,44
4.6,0.25564464209503784,0.24513057392544962,RFS,OOD,GEO,TabSurv_M,44
4.8,0.25300384196410186,0.24537385534010078,RFS,OOD,GEO,TabSurv_M,44
5.0,0.2553560635224589,0.2469729404093988,RFS,OOD,GEO,TabSurv_M,44
5.2,0.25623021292435283,0.2479264429043912,RFS,OOD,GEO,TabSurv_M,44
5.4,0.2557301589293909,0.2484232904469286,RFS,OOD,GEO,TabSurv_M,44
5.6,0.2542487769670643,0.24872586762353474,RFS,OOD,GEO,TabSurv_M,44
5.8,0.25309223359173727,0.24900716369549938,RFS,OOD,GEO,TabSurv_M,44
6.0,0.2521231390528619,0.24914114156738193,RFS,OOD,GEO,TabSurv_M,44
6.2,0.25191812831055094,0.24940561179143944,RFS,OOD,GEO,TabSurv_M,44
6.4,0.25131527841837714,0.24963250661893563,RFS,OOD,GEO,TabSurv_M,44
6.6,0.25109133570566405,0.2498209742964881,RFS,OOD,GEO,TabSurv_M,44
6.8,0.25059698178250034,0.24996301289796788,RFS,OOD,GEO,TabSurv_M,44
7.0,0.2504354793838438,0.25004325767185065,RFS,OOD,GEO,TabSurv_M,44
7.2,0.25067150488684997,0.2501212037263686,RFS,OOD,GEO,TabSurv_M,44
7.4,0.24833774388673732,0.25012633187081634,RFS,OOD,GEO,TabSurv_M,44
0.6,0.061479707705573095,0.06105873629099478,RFS,OOD,GEO,DeepHS,40
0.8,0.07703850847531844,0.07631487905341318,RFS,OOD,GEO,DeepHS,40
1.0,0.10252144221925785,0.09973403450701973,RFS,OOD,GEO,DeepHS,40
1.2,0.12312369484438929,0.11748480909037463,RFS,OOD,GEO,DeepHS,40
1.4,0.1482198126604138,0.1379176254236341,RFS,OOD,GEO,DeepHS,40
1.6,0.17511750251379601,0.15753820204447896,RFS,OOD,GEO,DeepHS,40
1.8,0.18833642855662203,0.16667648553949937,RFS,OOD,GEO,DeepHS,40
2.0,0.2102155434176831,0.18068316238681928,RFS,OOD,GEO,DeepHS,40
2.2,0.23061194961498968,0.19278694174502042,RFS,OOD,GEO,DeepHS,40
2.4,0.24642122799295446,0.20131417879260785,RFS,OOD,GEO,DeepHS,40
2.6,0.27004024765027085,0.21257571458645833,RFS,OOD,GEO,DeepHS,40
2.8,0.2825184418445834,0.21795601494052216,RFS,OOD,GEO,DeepHS,40
3.0,0.29906896061130706,0.22439787693734867,RFS,OOD,GEO,DeepHS,40
3.2,0.26365511816513004,0.22979303475724747,RFS,OOD,GEO,DeepHS,40
3.4,0.2751397397709773,0.23422068527098092,RFS,OOD,GEO,DeepHS,40
3.6,0.2828130367171641,0.23677711124836312,RFS,OOD,GEO,DeepHS,40
3.8,0.2883283514916821,0.23847547486582976,RFS,OOD,GEO,DeepHS,40
4.0,0.2970108000375764,0.24098559834351502,RFS,OOD,GEO,DeepHS,40
4.2,0.2999295299271041,0.2418775130591576,RFS,OOD,GEO,DeepHS,40
4.4,0.3043257711299696,0.24301041861777667,RFS,OOD,GEO,DeepHS,40
4.6,0.3138236974673179,0.24513057392544962,RFS,OOD,GEO,DeepHS,40
4.8,0.31495103113443557,0.24537385534010078,RFS,OOD,GEO,DeepHS,40
5.0,0.32365338328074705,0.2469729404093988,RFS,OOD,GEO,DeepHS,40
5.2,0.33009822202056627,0.2479264429043912,RFS,OOD,GEO,DeepHS,40
5.4,0.33426310061877196,0.2484232904469286,RFS,OOD,GEO,DeepHS,40
5.6,0.33691981318964986,0.24872586762353474,RFS,OOD,GEO,DeepHS,40
5.8,0.3398055989628837,0.24900716369549938,RFS,OOD,GEO,DeepHS,40
6.0,0.3414481370822534,0.24914114156738193,RFS,OOD,GEO,DeepHS,40
6.2,0.34469362253738167,0.24940561179143944,RFS,OOD,GEO,DeepHS,40
6.4,0.3018526294998552,0.24963250661893563,RFS,OOD,GEO,DeepHS,40
6.6,0.3047107560808179,0.2498209742964881,RFS,OOD,GEO,DeepHS,40
6.8,0.3073416263204245,0.24996301289796788,RFS,OOD,GEO,DeepHS,40
7.0,0.3093552032564455,0.25004325767185065,RFS,OOD,GEO,DeepHS,40
7.2,0.3123045142331723,0.2501212037263686,RFS,OOD,GEO,DeepHS,40
7.4,0.31378378619437475,0.25012633187081634,RFS,OOD,GEO,DeepHS,40
0.6,0.06102307246327234,0.06105873629099478,RFS,OOD,GEO,DeepHS,41
0.8,0.07663966463231756,0.07631487905341318,RFS,OOD,GEO,DeepHS,41
1.0,0.10157036625239114,0.09973403450701973,RFS,OOD,GEO,DeepHS,41
1.2,0.1221149606181729,0.11748480909037463,RFS,OOD,GEO,DeepHS,41
1.4,0.1472895853116679,0.1379176254236341,RFS,OOD,GEO,DeepHS,41
1.6,0.17376817878277462,0.15753820204447896,RFS,OOD,GEO,DeepHS,41
1.8,0.18721747413447687,0.16667648553949937,RFS,OOD,GEO,DeepHS,41
2.0,0.20935221345192892,0.18068316238681928,RFS,OOD,GEO,DeepHS,41
2.2,0.2301515658213652,0.19278694174502042,RFS,OOD,GEO,DeepHS,41
2.4,0.24616036082069864,0.20131417879260785,RFS,OOD,GEO,DeepHS,41
2.6,0.26997521221500476,0.21257571458645833,RFS,OOD,GEO,DeepHS,41
2.8,0.28278176499663826,0.21795601494052216,RFS,OOD,GEO,DeepHS,41
3.0,0.299468603589379,0.22439787693734867,RFS,OOD,GEO,DeepHS,41
3.2,0.31539583950105465,0.22979303475724747,RFS,OOD,GEO,DeepHS,41
3.4,0.2810510574831365,0.23422068527098092,RFS,OOD,GEO,DeepHS,41
3.6,0.2891138076913427,0.23677711124836312,RFS,OOD,GEO,DeepHS,41
3.8,0.29500883387379007,0.23847547486582976,RFS,OOD,GEO,DeepHS,41
4.0,0.3039974926927565,0.24098559834351502,RFS,OOD,GEO,DeepHS,41
4.2,0.3070248419035811,0.2418775130591576,RFS,OOD,GEO,DeepHS,41
4.4,0.31159613939742664,0.24301041861777667,RFS,OOD,GEO,DeepHS,41
4.6,0.3214651659440156,0.24513057392544962,RFS,OOD,GEO,DeepHS,41
4.8,0.32261375420040683,0.24537385534010078,RFS,OOD,GEO,DeepHS,41
5.0,0.3317450707280026,0.2469729404093988,RFS,OOD,GEO,DeepHS,41
5.2,0.33857919582862106,0.2479264429043912,RFS,OOD,GEO,DeepHS,41
5.4,0.3429072769914871,0.2484232904469286,RFS,OOD,GEO,DeepHS,41
5.6,0.3457633599927451,0.24872586762353474,RFS,OOD,GEO,DeepHS,41
5.8,0.3488075107214,0.24900716369549938,RFS,OOD,GEO,DeepHS,41
6.0,0.350500430386012,0.24914114156738193,RFS,OOD,GEO,DeepHS,41
6.2,0.35389974017027387,0.24940561179143944,RFS,OOD,GEO,DeepHS,41
6.4,0.3575821364037761,0.24963250661893563,RFS,OOD,GEO,DeepHS,41
6.6,0.3033874468887565,0.2498209742964881,RFS,OOD,GEO,DeepHS,41
6.8,0.3060791002034704,0.24996301289796788,RFS,OOD,GEO,DeepHS,41
7.0,0.30723064396742805,0.25004325767185065,RFS,OOD,GEO,DeepHS,41
7.2,0.3102630727845162,0.2501212037263686,RFS,OOD,GEO,DeepHS,41
7.4,0.3111969125109404,0.25012633187081634,RFS,OOD,GEO,DeepHS,41
0.6,0.06103339639376544,0.06105873629099478,RFS,OOD,GEO,DeepHS,42
0.8,0.07620367304537293,0.07631487905341318,RFS,OOD,GEO,DeepHS,42
1.0,0.10154299435330681,0.09973403450701973,RFS,OOD,GEO,DeepHS,42
1.2,0.12141210463754766,0.11748480909037463,RFS,OOD,GEO,DeepHS,42
1.4,0.1468137246754226,0.1379176254236341,RFS,OOD,GEO,DeepHS,42
1.6,0.17353831361103922,0.15753820204447896,RFS,OOD,GEO,DeepHS,42
1.8,0.18680013787195163,0.16667648553949937,RFS,OOD,GEO,DeepHS,42
2.0,0.20928960284298184,0.18068316238681928,RFS,OOD,GEO,DeepHS,42
2.2,0.2303445969801736,0.19278694174502042,RFS,OOD,GEO,DeepHS,42
2.4,0.24624839501972873,0.20131417879260785,RFS,OOD,GEO,DeepHS,42
2.6,0.27049289287635003,0.21257571458645833,RFS,OOD,GEO,DeepHS,42
2.8,0.2833654055259649,0.21795601494052216,RFS,OOD,GEO,DeepHS,42
3.0,0.29995885136943923,0.22439787693734867,RFS,OOD,GEO,DeepHS,42
3.2,0.3158412727312551,0.22979303475724747,RFS,OOD,GEO,DeepHS,42
3.4,0.2773117801052001,0.23422068527098092,RFS,OOD,GEO,DeepHS,42
3.6,0.28515992693666836,0.23677711124836312,RFS,OOD,GEO,DeepHS,42
3.8,0.2905059538705408,0.23847547486582976,RFS,OOD,GEO,DeepHS,42
4.0,0.298916310214926,0.24098559834351502,RFS,OOD,GEO,DeepHS,42
4.2,0.3021279796481572,0.2418775130591576,RFS,OOD,GEO,DeepHS,42
4.4,0.30638772575910883,0.24301041861777667,RFS,OOD,GEO,DeepHS,42
4.6,0.3158876631775853,0.24513057392544962,RFS,OOD,GEO,DeepHS,42
4.8,0.3170936150197809,0.24537385534010078,RFS,OOD,GEO,DeepHS,42
5.0,0.3256315009097144,0.2469729404093988,RFS,OOD,GEO,DeepHS,42
5.2,0.3321189130915137,0.2479264429043912,RFS,OOD,GEO,DeepHS,42
5.4,0.3359143094529361,0.2484232904469286,RFS,OOD,GEO,DeepHS,42
5.6,0.33861000367208344,0.24872586762353474,RFS,OOD,GEO,DeepHS,42
5.8,0.34147675065867683,0.24900716369549938,RFS,OOD,GEO,DeepHS,42
6.0,0.3432465858511032,0.24914114156738193,RFS,OOD,GEO,DeepHS,42
6.2,0.3468032975066043,0.24940561179143944,RFS,OOD,GEO,DeepHS,42
6.4,0.3507706844582875,0.24963250661893563,RFS,OOD,GEO,DeepHS,42
6.6,0.29804941708645205,0.2498209742964881,RFS,OOD,GEO,DeepHS,42
6.8,0.3005472032414891,0.24996301289796788,RFS,OOD,GEO,DeepHS,42
7.0,0.3021831959446695,0.25004325767185065,RFS,OOD,GEO,DeepHS,42
7.2,0.3051801145612395,0.2501212037263686,RFS,OOD,GEO,DeepHS,42
7.4,0.3061677335506724,0.25012633187081634,RFS,OOD,GEO,DeepHS,42
0.6,0.06105347304933959,0.06105873629099478,RFS,OOD,GEO,DeepHS,43
0.8,0.07658157695966632,0.07631487905341318,RFS,OOD,GEO,DeepHS,43
1.0,0.10130586930115937,0.09973403450701973,RFS,OOD,GEO,DeepHS,43
1.2,0.12187093038329522,0.11748480909037463,RFS,OOD,GEO,DeepHS,43
1.4,0.14699342655315667,0.1379176254236341,RFS,OOD,GEO,DeepHS,43
1.6,0.17384025953316481,0.15753820204447896,RFS,OOD,GEO,DeepHS,43
1.8,0.18740115846066505,0.16667648553949937,RFS,OOD,GEO,DeepHS,43
2.0,0.20948620349467903,0.18068316238681928,RFS,OOD,GEO,DeepHS,43
2.2,0.23083678552107886,0.19278694174502042,RFS,OOD,GEO,DeepHS,43
2.4,0.24718767942232828,0.20131417879260785,RFS,OOD,GEO,DeepHS,43
2.6,0.2709937504805977,0.21257571458645833,RFS,OOD,GEO,DeepHS,43
2.8,0.2835219511501252,0.21795601494052216,RFS,OOD,GEO,DeepHS,43
3.0,0.30046643781328375,0.22439787693734867,RFS,OOD,GEO,DeepHS,43
3.2,0.31626592520242724,0.22979303475724747,RFS,OOD,GEO,DeepHS,43
3.4,0.2720782727353335,0.23422068527098092,RFS,OOD,GEO,DeepHS,43
3.6,0.27947220494394437,0.23677711124836312,RFS,OOD,GEO,DeepHS,43
3.8,0.2846117284033874,0.23847547486582976,RFS,OOD,GEO,DeepHS,43
4.0,0.29263686012940165,0.24098559834351502,RFS,OOD,GEO,DeepHS,43
4.2,0.2954211606283735,0.2418775130591576,RFS,OOD,GEO,DeepHS,43
4.4,0.299923910343521,0.24301041861777667,RFS,OOD,GEO,DeepHS,43
4.6,0.3096292475785734,0.24513057392544962,RFS,OOD,GEO,DeepHS,43
4.8,0.3106421448909433,0.24537385534010078,RFS,OOD,GEO,DeepHS,43
5.0,0.319242996724595,0.2469729404093988,RFS,OOD,GEO,DeepHS,43
5.2,0.32544859918658886,0.2479264429043912,RFS,OOD,GEO,DeepHS,43
5.4,0.3292663058058711,0.2484232904469286,RFS,OOD,GEO,DeepHS,43
5.6,0.3319169526669052,0.24872586762353474,RFS,OOD,GEO,DeepHS,43
5.8,0.3344852616166619,0.24900716369549938,RFS,OOD,GEO,DeepHS,43
6.0,0.3363319310330236,0.24914114156738193,RFS,OOD,GEO,DeepHS,43
6.2,0.34003000107451264,0.24940561179143944,RFS,OOD,GEO,DeepHS,43
6.4,0.3435855701697772,0.24963250661893563,RFS,OOD,GEO,DeepHS,43
6.6,0.28654877094796743,0.2498209742964881,RFS,OOD,GEO,DeepHS,43
6.8,0.2886322022955796,0.24996301289796788,RFS,OOD,GEO,DeepHS,43
7.0,0.29062557531431127,0.25004325767185065,RFS,OOD,GEO,DeepHS,43
7.2,0.2936455939258,0.2501212037263686,RFS,OOD,GEO,DeepHS,43
7.4,0.29435713440158234,0.25012633187081634,RFS,OOD,GEO,DeepHS,43
0.6,0.06187223803326407,0.06105873629099478,RFS,OOD,GEO,DeepHS,44
0.8,0.07742735682668192,0.07631487905341318,RFS,OOD,GEO,DeepHS,44
1.0,0.1025611788774625,0.09973403450701973,RFS,OOD,GEO,DeepHS,44
1.2,0.12264744189263609,0.11748480909037463,RFS,OOD,GEO,DeepHS,44
1.4,0.14776076231040775,0.1379176254236341,RFS,OOD,GEO,DeepHS,44
1.6,0.1747688793343691,0.15753820204447896,RFS,OOD,GEO,DeepHS,44
1.8,0.1880725658938596,0.16667648553949937,RFS,OOD,GEO,DeepHS,44
2.0,0.20964865769300467,0.18068316238681928,RFS,OOD,GEO,DeepHS,44
2.2,0.23049367520310396,0.19278694174502042,RFS,OOD,GEO,DeepHS,44
2.4,0.2467030300848882,0.20131417879260785,RFS,OOD,GEO,DeepHS,44
2.6,0.2704646515143851,0.21257571458645833,RFS,OOD,GEO,DeepHS,44
2.8,0.28303361244038255,0.21795601494052216,RFS,OOD,GEO,DeepHS,44
3.0,0.2992840625838568,0.22439787693734867,RFS,OOD,GEO,DeepHS,44
3.2,0.2666978867021344,0.22979303475724747,RFS,OOD,GEO,DeepHS,44
3.4,0.27882867559158336,0.23422068527098092,RFS,OOD,GEO,DeepHS,44
3.6,0.28671197886809247,0.23677711124836312,RFS,OOD,GEO,DeepHS,44
3.8,0.29217890612574293,0.23847547486582976,RFS,OOD,GEO,DeepHS,44
4.0,0.3006848443542459,0.24098559834351502,RFS,OOD,GEO,DeepHS,44
4.2,0.3037132562670259,0.2418775130591576,RFS,OOD,GEO,DeepHS,44
4.4,0.3079060322257745,0.24301041861777667,RFS,OOD,GEO,DeepHS,44
4.6,0.3170971845914689,0.24513057392544962,RFS,OOD,GEO,DeepHS,44
4.8,0.3182847391714459,0.24537385534010078,RFS,OOD,GEO,DeepHS,44
5.0,0.32766818861263003,0.2469729404093988,RFS,OOD,GEO,DeepHS,44
5.2,0.3341745074836443,0.2479264429043912,RFS,OOD,GEO,DeepHS,44
5.4,0.33827043345240815,0.2484232904469286,RFS,OOD,GEO,DeepHS,44
5.6,0.34091968071722595,0.24872586762353474,RFS,OOD,GEO,DeepHS,44
5.8,0.3439788425105977,0.24900716369549938,RFS,OOD,GEO,DeepHS,44
6.0,0.34570208077174,0.24914114156738193,RFS,OOD,GEO,DeepHS,44
6.2,0.34923599249457143,0.24940561179143944,RFS,OOD,GEO,DeepHS,44
6.4,0.2997615137136145,0.24963250661893563,RFS,OOD,GEO,DeepHS,44
6.6,0.3030494189787865,0.2498209742964881,RFS,OOD,GEO,DeepHS,44
6.8,0.30568573229898605,0.24996301289796788,RFS,OOD,GEO,DeepHS,44
7.0,0.3075980604659964,0.25004325767185065,RFS,OOD,GEO,DeepHS,44
7.2,0.3108718674996596,0.2501212037263686,RFS,OOD,GEO,DeepHS,44
7.4,0.31254969502001645,0.25012633187081634,RFS,OOD,GEO,DeepHS,44
0.6,0.0650176856983078,0.06105873629099478,RFS,OOD,GEO,DeepSurv,40
0.8,0.08248581011916763,0.07631487905341318,RFS,OOD,GEO,DeepSurv,40
1.0,0.10887673098212183,0.09973403450701973,RFS,OOD,GEO,DeepSurv,40
1.2,0.1300911507656532,0.11748480909037463,RFS,OOD,GEO,DeepSurv,40
1.4,0.15593337232340274,0.1379176254236341,RFS,OOD,GEO,DeepSurv,40
1.6,0.18280801908701458,0.15753820204447896,RFS,OOD,GEO,DeepSurv,40
1.8,0.19270201186534,0.16667648553949937,RFS,OOD,GEO,DeepSurv,40
2.0,0.21125530854414531,0.18068316238681928,RFS,OOD,GEO,DeepSurv,40
2.2,0.2270593015765031,0.19278694174502042,RFS,OOD,GEO,DeepSurv,40
2.4,0.23545496840112268,0.20131417879260785,RFS,OOD,GEO,DeepSurv,40
2.6,0.24819926285908808,0.21257571458645833,RFS,OOD,GEO,DeepSurv,40
2.8,0.25523166993221696,0.21795601494052216,RFS,OOD,GEO,DeepSurv,40
3.0,0.26267954808687366,0.22439787693734867,RFS,OOD,GEO,DeepSurv,40
3.2,0.2690094429499334,0.22979303475724747,RFS,OOD,GEO,DeepSurv,40
3.4,0.2747694452527642,0.23422068527098092,RFS,OOD,GEO,DeepSurv,40
3.6,0.2723059082165641,0.23677711124836312,RFS,OOD,GEO,DeepSurv,40
3.8,0.27448774679520843,0.23847547486582976,RFS,OOD,GEO,DeepSurv,40
4.0,0.27893281537687253,0.24098559834351502,RFS,OOD,GEO,DeepSurv,40
4.2,0.27825078760103855,0.2418775130591576,RFS,OOD,GEO,DeepSurv,40
4.4,0.27686172354663574,0.24301041861777667,RFS,OOD,GEO,DeepSurv,40
4.6,0.27893145677357206,0.24513057392544962,RFS,OOD,GEO,DeepSurv,40
4.8,0.2767929542284591,0.24537385534010078,RFS,OOD,GEO,DeepSurv,40
5.0,0.2807689071512786,0.2469729404093988,RFS,OOD,GEO,DeepSurv,40
5.2,0.2834531687696313,0.2479264429043912,RFS,OOD,GEO,DeepSurv,40
5.4,0.279860267125732,0.2484232904469286,RFS,OOD,GEO,DeepSurv,40
5.6,0.27966542140820116,0.24872586762353474,RFS,OOD,GEO,DeepSurv,40
5.8,0.28015236970886814,0.24900716369549938,RFS,OOD,GEO,DeepSurv,40
6.0,0.28030895437356407,0.24914114156738193,RFS,OOD,GEO,DeepSurv,40
6.2,0.2807805776386263,0.24940561179143944,RFS,OOD,GEO,DeepSurv,40
6.4,0.28056500255145767,0.24963250661893563,RFS,OOD,GEO,DeepSurv,40
6.6,0.28116351062055733,0.2498209742964881,RFS,OOD,GEO,DeepSurv,40
6.8,0.28057537803099314,0.24996301289796788,RFS,OOD,GEO,DeepSurv,40
7.0,0.281749856154095,0.25004325767185065,RFS,OOD,GEO,DeepSurv,40
7.2,0.2817958491240274,0.2501212037263686,RFS,OOD,GEO,DeepSurv,40
7.4,0.28058604775934837,0.25012633187081634,RFS,OOD,GEO,DeepSurv,40
0.6,0.06396492612720897,0.06105873629099478,RFS,OOD,GEO,DeepSurv,41
0.8,0.08062631771548817,0.07631487905341318,RFS,OOD,GEO,DeepSurv,41
1.0,0.10641628594451698,0.09973403450701973,RFS,OOD,GEO,DeepSurv,41
1.2,0.12595660252775803,0.11748480909037463,RFS,OOD,GEO,DeepSurv,41
1.4,0.15106740474165806,0.1379176254236341,RFS,OOD,GEO,DeepSurv,41
1.6,0.17636033669412346,0.15753820204447896,RFS,OOD,GEO,DeepSurv,41
1.8,0.1832296625299872,0.16667648553949937,RFS,OOD,GEO,DeepSurv,41
2.0,0.19786832975582722,0.18068316238681928,RFS,OOD,GEO,DeepSurv,41
2.2,0.21549235610516063,0.19278694174502042,RFS,OOD,GEO,DeepSurv,41
2.4,0.22897634415391782,0.20131417879260785,RFS,OOD,GEO,DeepSurv,41
2.6,0.24895226400336273,0.21257571458645833,RFS,OOD,GEO,DeepSurv,41
2.8,0.2578468939061388,0.21795601494052216,RFS,OOD,GEO,DeepSurv,41
3.0,0.2676714846927005,0.22439787693734867,RFS,OOD,GEO,DeepSurv,41
3.2,0.2773624267687909,0.22979303475724747,RFS,OOD,GEO,DeepSurv,41
3.4,0.28403834625181745,0.23422068527098092,RFS,OOD,GEO,DeepSurv,41
3.6,0.28368315287324447,0.23677711124836312,RFS,OOD,GEO,DeepSurv,41
3.8,0.2832216173324503,0.23847547486582976,RFS,OOD,GEO,DeepSurv,41
4.0,0.28907863582342325,0.24098559834351502,RFS,OOD,GEO,DeepSurv,41
4.2,0.2839536387085176,0.2418775130591576,RFS,OOD,GEO,DeepSurv,41
4.4,0.2831105530168267,0.24301041861777667,RFS,OOD,GEO,DeepSurv,41
4.6,0.2853884823378371,0.24513057392544962,RFS,OOD,GEO,DeepSurv,41
4.8,0.28218895677212286,0.24537385534010078,RFS,OOD,GEO,DeepSurv,41
5.0,0.2849628802551847,0.2469729404093988,RFS,OOD,GEO,DeepSurv,41
5.2,0.28735656734127263,0.2479264429043912,RFS,OOD,GEO,DeepSurv,41
5.4,0.286967885201409,0.2484232904469286,RFS,OOD,GEO,DeepSurv,41
5.6,0.2841958390052457,0.24872586762353474,RFS,OOD,GEO,DeepSurv,41
5.8,0.28416145066006476,0.24900716369549938,RFS,OOD,GEO,DeepSurv,41
6.0,0.28271952134370165,0.24914114156738193,RFS,OOD,GEO,DeepSurv,41
6.2,0.2832047971437348,0.24940561179143944,RFS,OOD,GEO,DeepSurv,41
6.4,0.2857285489858764,0.24963250661893563,RFS,OOD,GEO,DeepSurv,41
6.6,0.2866683310780967,0.2498209742964881,RFS,OOD,GEO,DeepSurv,41
6.8,0.2833977274202332,0.24996301289796788,RFS,OOD,GEO,DeepSurv,41
7.0,0.28072055959253445,0.25004325767185065,RFS,OOD,GEO,DeepSurv,41
7.2,0.2780834564570481,0.2501212037263686,RFS,OOD,GEO,DeepSurv,41
7.4,0.2738939990453762,0.25012633187081634,RFS,OOD,GEO,DeepSurv,41
0.6,0.06465830507530854,0.06105873629099478,RFS,OOD,GEO,DeepSurv,42
0.8,0.08119724637253926,0.07631487905341318,RFS,OOD,GEO,DeepSurv,42
1.0,0.1069838234187742,0.09973403450701973,RFS,OOD,GEO,DeepSurv,42
1.2,0.1280633112407618,0.11748480909037463,RFS,OOD,GEO,DeepSurv,42
1.4,0.15081445354186182,0.1379176254236341,RFS,OOD,GEO,DeepSurv,42
1.6,0.17412540643791422,0.15753820204447896,RFS,OOD,GEO,DeepSurv,42
1.8,0.18613055326330769,0.16667648553949937,RFS,OOD,GEO,DeepSurv,42
2.0,0.2028748347635662,0.18068316238681928,RFS,OOD,GEO,DeepSurv,42
2.2,0.22025152681623525,0.19278694174502042,RFS,OOD,GEO,DeepSurv,42
2.4,0.23224472974219423,0.20131417879260785,RFS,OOD,GEO,DeepSurv,42
2.6,0.2483569949996079,0.21257571458645833,RFS,OOD,GEO,DeepSurv,42
2.8,0.25542631887840267,0.21795601494052216,RFS,OOD,GEO,DeepSurv,42
3.0,0.2621695363865234,0.22439787693734867,RFS,OOD,GEO,DeepSurv,42
3.2,0.2718636116031857,0.22979303475724747,RFS,OOD,GEO,DeepSurv,42
3.4,0.2772786139319346,0.23422068527098092,RFS,OOD,GEO,DeepSurv,42
3.6,0.2764113788452741,0.23677711124836312,RFS,OOD,GEO,DeepSurv,42
3.8,0.2795860636196213,0.23847547486582976,RFS,OOD,GEO,DeepSurv,42
4.0,0.28282449987382996,0.24098559834351502,RFS,OOD,GEO,DeepSurv,42
4.2,0.2781062494623572,0.2418775130591576,RFS,OOD,GEO,DeepSurv,42
4.4,0.2748385017510607,0.24301041861777667,RFS,OOD,GEO,DeepSurv,42
4.6,0.28122706790204277,0.24513057392544962,RFS,OOD,GEO,DeepSurv,42
4.8,0.277924558009993,0.24537385534010078,RFS,OOD,GEO,DeepSurv,42
5.0,0.27771060419256954,0.2469729404093988,RFS,OOD,GEO,DeepSurv,42
5.2,0.27906285760434196,0.2479264429043912,RFS,OOD,GEO,DeepSurv,42
5.4,0.2801142485282909,0.2484232904469286,RFS,OOD,GEO,DeepSurv,42
5.6,0.2803049589951321,0.24872586762353474,RFS,OOD,GEO,DeepSurv,42
5.8,0.2805101148784283,0.24900716369549938,RFS,OOD,GEO,DeepSurv,42
6.0,0.27838963042465403,0.24914114156738193,RFS,OOD,GEO,DeepSurv,42
6.2,0.2817858330640603,0.24940561179143944,RFS,OOD,GEO,DeepSurv,42
6.4,0.28250658924794314,0.24963250661893563,RFS,OOD,GEO,DeepSurv,42
6.6,0.28177893663611536,0.2498209742964881,RFS,OOD,GEO,DeepSurv,42
6.8,0.27935607530039475,0.24996301289796788,RFS,OOD,GEO,DeepSurv,42
7.0,0.2806111338014116,0.25004325767185065,RFS,OOD,GEO,DeepSurv,42
7.2,0.2788785846978142,0.2501212037263686,RFS,OOD,GEO,DeepSurv,42
7.4,0.27332735573696765,0.25012633187081634,RFS,OOD,GEO,DeepSurv,42
0.6,0.0647064224965097,0.06105873629099478,RFS,OOD,GEO,DeepSurv,43
0.8,0.08174006631715984,0.07631487905341318,RFS,OOD,GEO,DeepSurv,43
1.0,0.10880459853378353,0.09973403450701973,RFS,OOD,GEO,DeepSurv,43
1.2,0.13021651736019094,0.11748480909037463,RFS,OOD,GEO,DeepSurv,43
1.4,0.15365199942460814,0.1379176254236341,RFS,OOD,GEO,DeepSurv,43
1.6,0.178072838538117,0.15753820204447896,RFS,OOD,GEO,DeepSurv,43
1.8,0.18971292498099532,0.16667648553949937,RFS,OOD,GEO,DeepSurv,43
2.0,0.20809210234720876,0.18068316238681928,RFS,OOD,GEO,DeepSurv,43
2.2,0.2242946403589114,0.19278694174502042,RFS,OOD,GEO,DeepSurv,43
2.4,0.23575688728208,0.20131417879260785,RFS,OOD,GEO,DeepSurv,43
2.6,0.24884891792466193,0.21257571458645833,RFS,OOD,GEO,DeepSurv,43
2.8,0.2593801113323423,0.21795601494052216,RFS,OOD,GEO,DeepSurv,43
3.0,0.2679452859673512,0.22439787693734867,RFS,OOD,GEO,DeepSurv,43
3.2,0.275986068238414,0.22979303475724747,RFS,OOD,GEO,DeepSurv,43
3.4,0.2799225148968494,0.23422068527098092,RFS,OOD,GEO,DeepSurv,43
3.6,0.28333445129935714,0.23677711124836312,RFS,OOD,GEO,DeepSurv,43
3.8,0.2819089390702795,0.23847547486582976,RFS,OOD,GEO,DeepSurv,43
4.0,0.2861343764411913,0.24098559834351502,RFS,OOD,GEO,DeepSurv,43
4.2,0.28184478128135937,0.2418775130591576,RFS,OOD,GEO,DeepSurv,43
4.4,0.2776103723654683,0.24301041861777667,RFS,OOD,GEO,DeepSurv,43
4.6,0.2836345466484625,0.24513057392544962,RFS,OOD,GEO,DeepSurv,43
4.8,0.28151232636575957,0.24537385534010078,RFS,OOD,GEO,DeepSurv,43
5.0,0.28594025743268286,0.2469729404093988,RFS,OOD,GEO,DeepSurv,43
5.2,0.2898985704037649,0.2479264429043912,RFS,OOD,GEO,DeepSurv,43
5.4,0.2889241495638403,0.2484232904469286,RFS,OOD,GEO,DeepSurv,43
5.6,0.28866784989819144,0.24872586762353474,RFS,OOD,GEO,DeepSurv,43
5.8,0.2897378336813282,0.24900716369549938,RFS,OOD,GEO,DeepSurv,43
6.0,0.2899474584935181,0.24914114156738193,RFS,OOD,GEO,DeepSurv,43
6.2,0.2934321980766601,0.24940561179143944,RFS,OOD,GEO,DeepSurv,43
6.4,0.2968697924588559,0.24963250661893563,RFS,OOD,GEO,DeepSurv,43
6.6,0.29734165898614345,0.2498209742964881,RFS,OOD,GEO,DeepSurv,43
6.8,0.29547584597686377,0.24996301289796788,RFS,OOD,GEO,DeepSurv,43
7.0,0.2962188811133636,0.25004325767185065,RFS,OOD,GEO,DeepSurv,43
7.2,0.29602816282507566,0.2501212037263686,RFS,OOD,GEO,DeepSurv,43
7.4,0.29127014398951884,0.25012633187081634,RFS,OOD,GEO,DeepSurv,43
0.6,0.06532625601607218,0.06105873629099478,RFS,OOD,GEO,DeepSurv,44
0.8,0.08294286836736126,0.07631487905341318,RFS,OOD,GEO,DeepSurv,44
1.0,0.11057227725103322,0.09973403450701973,RFS,OOD,GEO,DeepSurv,44
1.2,0.13108270799067703,0.11748480909037463,RFS,OOD,GEO,DeepSurv,44
1.4,0.15520767221896486,0.1379176254236341,RFS,OOD,GEO,DeepSurv,44
1.6,0.18378251695672237,0.15753820204447896,RFS,OOD,GEO,DeepSurv,44
1.8,0.19415948130295585,0.16667648553949937,RFS,OOD,GEO,DeepSurv,44
2.0,0.21361234676747998,0.18068316238681928,RFS,OOD,GEO,DeepSurv,44
2.2,0.23123709647897514,0.19278694174502042,RFS,OOD,GEO,DeepSurv,44
2.4,0.24447630054054792,0.20131417879260785,RFS,OOD,GEO,DeepSurv,44
2.6,0.2650484188944485,0.21257571458645833,RFS,OOD,GEO,DeepSurv,44
2.8,0.27060134946607917,0.21795601494052216,RFS,OOD,GEO,DeepSurv,44
3.0,0.27307953653133116,0.22439787693734867,RFS,OOD,GEO,DeepSurv,44
3.2,0.2794333287068538,0.22979303475724747,RFS,OOD,GEO,DeepSurv,44
3.4,0.2901196518733058,0.23422068527098092,RFS,OOD,GEO,DeepSurv,44
3.6,0.28679557160929986,0.23677711124836312,RFS,OOD,GEO,DeepSurv,44
3.8,0.28988997049106524,0.23847547486582976,RFS,OOD,GEO,DeepSurv,44
4.0,0.2924281162284007,0.24098559834351502,RFS,OOD,GEO,DeepSurv,44
4.2,0.2889032272271958,0.2418775130591576,RFS,OOD,GEO,DeepSurv,44
4.4,0.28444423125375023,0.24301041861777667,RFS,OOD,GEO,DeepSurv,44
4.6,0.2916656762552437,0.24513057392544962,RFS,OOD,GEO,DeepSurv,44
4.8,0.2890802433137706,0.24537385534010078,RFS,OOD,GEO,DeepSurv,44
5.0,0.2949875170281744,0.2469729404093988,RFS,OOD,GEO,DeepSurv,44
5.2,0.29751970078671175,0.2479264429043912,RFS,OOD,GEO,DeepSurv,44
5.4,0.29646481867022645,0.2484232904469286,RFS,OOD,GEO,DeepSurv,44
5.6,0.2966025542754391,0.24872586762353474,RFS,OOD,GEO,DeepSurv,44
5.8,0.2951057957795754,0.24900716369549938,RFS,OOD,GEO,DeepSurv,44
6.0,0.2943133201753651,0.24914114156738193,RFS,OOD,GEO,DeepSurv,44
6.2,0.29519189634864595,0.24940561179143944,RFS,OOD,GEO,DeepSurv,44
6.4,0.2935746603812986,0.24963250661893563,RFS,OOD,GEO,DeepSurv,44
6.6,0.2925994299606288,0.2498209742964881,RFS,OOD,GEO,DeepSurv,44
6.8,0.29028715137147304,0.24996301289796788,RFS,OOD,GEO,DeepSurv,44
7.0,0.29049072837230566,0.25004325767185065,RFS,OOD,GEO,DeepSurv,44
7.2,0.2889615671920791,0.2501212037263686,RFS,OOD,GEO,DeepSurv,44
7.4,0.2866524268177977,0.25012633187081634,RFS,OOD,GEO,DeepSurv,44
0.6,0.06511847619642244,0.06105873629099478,RFS,OOD,GEO,ENCox,40
0.8,0.08274474733950803,0.07631487905341318,RFS,OOD,GEO,ENCox,40
1.0,0.10949547395505072,0.09973403450701973,RFS,OOD,GEO,ENCox,40
1.2,0.1306851836429934,0.11748480909037463,RFS,OOD,GEO,ENCox,40
1.4,0.15713198786322186,0.1379176254236341,RFS,OOD,GEO,ENCox,40
1.6,0.18491202590923897,0.15753820204447896,RFS,OOD,GEO,ENCox,40
1.8,0.19543994176503918,0.16667648553949937,RFS,OOD,GEO,ENCox,40
2.0,0.21408343830503557,0.18068316238681928,RFS,OOD,GEO,ENCox,40
2.2,0.23157116126433103,0.19278694174502042,RFS,OOD,GEO,ENCox,40
2.4,0.24168371172615186,0.20131417879260785,RFS,OOD,GEO,ENCox,40
2.6,0.2553135275681743,0.21257571458645833,RFS,OOD,GEO,ENCox,40
2.8,0.26208660152585306,0.21795601494052216,RFS,OOD,GEO,ENCox,40
3.0,0.2709341995943295,0.22439787693734867,RFS,OOD,GEO,ENCox,40
3.2,0.27762309427882215,0.22979303475724747,RFS,OOD,GEO,ENCox,40
3.4,0.2865008648693471,0.23422068527098092,RFS,OOD,GEO,ENCox,40
3.6,0.2860424266519517,0.23677711124836312,RFS,OOD,GEO,ENCox,40
3.8,0.28934300645366284,0.23847547486582976,RFS,OOD,GEO,ENCox,40
4.0,0.29607561965822177,0.24098559834351502,RFS,OOD,GEO,ENCox,40
4.2,0.2949389166140692,0.2418775130591576,RFS,OOD,GEO,ENCox,40
4.4,0.29341036779200397,0.24301041861777667,RFS,OOD,GEO,ENCox,40
4.6,0.29587448919437376,0.24513057392544962,RFS,OOD,GEO,ENCox,40
4.8,0.2946778817478026,0.24537385534010078,RFS,OOD,GEO,ENCox,40
5.0,0.29984073421109764,0.2469729404093988,RFS,OOD,GEO,ENCox,40
5.2,0.3040842913586356,0.2479264429043912,RFS,OOD,GEO,ENCox,40
5.4,0.3005842986028546,0.2484232904469286,RFS,OOD,GEO,ENCox,40
5.6,0.30062863973765713,0.24872586762353474,RFS,OOD,GEO,ENCox,40
5.8,0.2996422651751775,0.24900716369549938,RFS,OOD,GEO,ENCox,40
6.0,0.3004477229339905,0.24914114156738193,RFS,OOD,GEO,ENCox,40
6.2,0.30054771437501243,0.24940561179143944,RFS,OOD,GEO,ENCox,40
6.4,0.29919033333393763,0.24963250661893563,RFS,OOD,GEO,ENCox,40
6.6,0.300176356499855,0.2498209742964881,RFS,OOD,GEO,ENCox,40
6.8,0.3008824753478417,0.24996301289796788,RFS,OOD,GEO,ENCox,40
7.0,0.30316336606608507,0.25004325767185065,RFS,OOD,GEO,ENCox,40
7.2,0.30325150770771153,0.2501212037263686,RFS,OOD,GEO,ENCox,40
7.4,0.3026821334513642,0.25012633187081634,RFS,OOD,GEO,ENCox,40
0.6,0.06425287485127523,0.06105873629099478,RFS,OOD,GEO,ENCox,41
0.8,0.08118493798152669,0.07631487905341318,RFS,OOD,GEO,ENCox,41
1.0,0.10728216114725565,0.09973403450701973,RFS,OOD,GEO,ENCox,41
1.2,0.1276460070690009,0.11748480909037463,RFS,OOD,GEO,ENCox,41
1.4,0.15364877289616397,0.1379176254236341,RFS,OOD,GEO,ENCox,41
1.6,0.17919119675571996,0.15753820204447896,RFS,OOD,GEO,ENCox,41
1.8,0.18691015032545136,0.16667648553949937,RFS,OOD,GEO,ENCox,41
2.0,0.20207826542216245,0.18068316238681928,RFS,OOD,GEO,ENCox,41
2.2,0.21921163096105878,0.19278694174502042,RFS,OOD,GEO,ENCox,41
2.4,0.23354954083837914,0.20131417879260785,RFS,OOD,GEO,ENCox,41
2.6,0.2540698905889204,0.21257571458645833,RFS,OOD,GEO,ENCox,41
2.8,0.2627477365552284,0.21795601494052216,RFS,OOD,GEO,ENCox,41
3.0,0.2730591424116484,0.22439787693734867,RFS,OOD,GEO,ENCox,41
3.2,0.2821291757400876,0.22979303475724747,RFS,OOD,GEO,ENCox,41
3.4,0.28844834374562484,0.23422068527098092,RFS,OOD,GEO,ENCox,41
3.6,0.28681539904401704,0.23677711124836312,RFS,OOD,GEO,ENCox,41
3.8,0.28540255551450444,0.23847547486582976,RFS,OOD,GEO,ENCox,41
4.0,0.28980577657063417,0.24098559834351502,RFS,OOD,GEO,ENCox,41
4.2,0.2837167413789227,0.2418775130591576,RFS,OOD,GEO,ENCox,41
4.4,0.2825500416298651,0.24301041861777667,RFS,OOD,GEO,ENCox,41
4.6,0.28415582616421003,0.24513057392544962,RFS,OOD,GEO,ENCox,41
4.8,0.2794707582112932,0.24537385534010078,RFS,OOD,GEO,ENCox,41
5.0,0.28428649311367105,0.2469729404093988,RFS,OOD,GEO,ENCox,41
5.2,0.2876747850313936,0.2479264429043912,RFS,OOD,GEO,ENCox,41
5.4,0.2862957896011831,0.2484232904469286,RFS,OOD,GEO,ENCox,41
5.6,0.2845342064920236,0.24872586762353474,RFS,OOD,GEO,ENCox,41
5.8,0.28339107612386455,0.24900716369549938,RFS,OOD,GEO,ENCox,41
6.0,0.2803070759486889,0.24914114156738193,RFS,OOD,GEO,ENCox,41
6.2,0.2797953077399352,0.24940561179143944,RFS,OOD,GEO,ENCox,41
6.4,0.2806110660948058,0.24963250661893563,RFS,OOD,GEO,ENCox,41
6.6,0.2814041014490638,0.2498209742964881,RFS,OOD,GEO,ENCox,41
6.8,0.27755622319797346,0.24996301289796788,RFS,OOD,GEO,ENCox,41
7.0,0.2746291733432847,0.25004325767185065,RFS,OOD,GEO,ENCox,41
7.2,0.27350262303137746,0.2501212037263686,RFS,OOD,GEO,ENCox,41
7.4,0.2704957807760671,0.25012633187081634,RFS,OOD,GEO,ENCox,41
0.6,0.06477889818694907,0.06105873629099478,RFS,OOD,GEO,ENCox,42
0.8,0.0815227860429982,0.07631487905341318,RFS,OOD,GEO,ENCox,42
1.0,0.10781189692180763,0.09973403450701973,RFS,OOD,GEO,ENCox,42
1.2,0.12935517760810936,0.11748480909037463,RFS,OOD,GEO,ENCox,42
1.4,0.15331491259907915,0.1379176254236341,RFS,OOD,GEO,ENCox,42
1.6,0.1774941349721831,0.15753820204447896,RFS,OOD,GEO,ENCox,42
1.8,0.1899684071904276,0.16667648553949937,RFS,OOD,GEO,ENCox,42
2.0,0.20849420644604155,0.18068316238681928,RFS,OOD,GEO,ENCox,42
2.2,0.22613543589647603,0.19278694174502042,RFS,OOD,GEO,ENCox,42
2.4,0.23918237844181078,0.20131417879260785,RFS,OOD,GEO,ENCox,42
2.6,0.256045640873124,0.21257571458645833,RFS,OOD,GEO,ENCox,42
2.8,0.2637606334763488,0.21795601494052216,RFS,OOD,GEO,ENCox,42
3.0,0.2715901479032323,0.22439787693734867,RFS,OOD,GEO,ENCox,42
3.2,0.28151993023814653,0.22979303475724747,RFS,OOD,GEO,ENCox,42
3.4,0.2877276983624753,0.23422068527098092,RFS,OOD,GEO,ENCox,42
3.6,0.28702910766373946,0.23677711124836312,RFS,OOD,GEO,ENCox,42
3.8,0.2902373389031369,0.23847547486582976,RFS,OOD,GEO,ENCox,42
4.0,0.2943653111787273,0.24098559834351502,RFS,OOD,GEO,ENCox,42
4.2,0.2901344316203007,0.2418775130591576,RFS,OOD,GEO,ENCox,42
4.4,0.2875770236426867,0.24301041861777667,RFS,OOD,GEO,ENCox,42
4.6,0.2939883664035573,0.24513057392544962,RFS,OOD,GEO,ENCox,42
4.8,0.2907308362638098,0.24537385534010078,RFS,OOD,GEO,ENCox,42
5.0,0.29230903342891823,0.2469729404093988,RFS,OOD,GEO,ENCox,42
5.2,0.29450349205795406,0.2479264429043912,RFS,OOD,GEO,ENCox,42
5.4,0.2954747418529034,0.2484232904469286,RFS,OOD,GEO,ENCox,42
5.6,0.2955351271143446,0.24872586762353474,RFS,OOD,GEO,ENCox,42
5.8,0.29548327639292327,0.24900716369549938,RFS,OOD,GEO,ENCox,42
6.0,0.29256306285021905,0.24914114156738193,RFS,OOD,GEO,ENCox,42
6.2,0.29508646507386666,0.24940561179143944,RFS,OOD,GEO,ENCox,42
6.4,0.2954684588808774,0.24963250661893563,RFS,OOD,GEO,ENCox,42
6.6,0.2936779965943605,0.2498209742964881,RFS,OOD,GEO,ENCox,42
6.8,0.2915762002900256,0.24996301289796788,RFS,OOD,GEO,ENCox,42
7.0,0.2923781591297298,0.25004325767185065,RFS,OOD,GEO,ENCox,42
7.2,0.29015094101075845,0.2501212037263686,RFS,OOD,GEO,ENCox,42
7.4,0.28508833456279353,0.25012633187081634,RFS,OOD,GEO,ENCox,42
0.6,0.0647808928541471,0.06105873629099478,RFS,OOD,GEO,ENCox,43
0.8,0.08182885607374897,0.07631487905341318,RFS,OOD,GEO,ENCox,43
1.0,0.10898286262927595,0.09973403450701973,RFS,OOD,GEO,ENCox,43
1.2,0.12998144694798652,0.11748480909037463,RFS,OOD,GEO,ENCox,43
1.4,0.15308315756474505,0.1379176254236341,RFS,OOD,GEO,ENCox,43
1.6,0.17699543968015627,0.15753820204447896,RFS,OOD,GEO,ENCox,43
1.8,0.1878603416553919,0.16667648553949937,RFS,OOD,GEO,ENCox,43
2.0,0.2074177965537606,0.18068316238681928,RFS,OOD,GEO,ENCox,43
2.2,0.22346892503080124,0.19278694174502042,RFS,OOD,GEO,ENCox,43
2.4,0.2353341179722858,0.20131417879260785,RFS,OOD,GEO,ENCox,43
2.6,0.24830502918326297,0.21257571458645833,RFS,OOD,GEO,ENCox,43
2.8,0.259163114396281,0.21795601494052216,RFS,OOD,GEO,ENCox,43
3.0,0.2673855669427721,0.22439787693734867,RFS,OOD,GEO,ENCox,43
3.2,0.27315032846954773,0.22979303475724747,RFS,OOD,GEO,ENCox,43
3.4,0.2746202058235612,0.23422068527098092,RFS,OOD,GEO,ENCox,43
3.6,0.27716906767313093,0.23677711124836312,RFS,OOD,GEO,ENCox,43
3.8,0.27332897497609626,0.23847547486582976,RFS,OOD,GEO,ENCox,43
4.0,0.27653223709693664,0.24098559834351502,RFS,OOD,GEO,ENCox,43
4.2,0.2708809216275306,0.2418775130591576,RFS,OOD,GEO,ENCox,43
4.4,0.26649133266540204,0.24301041861777667,RFS,OOD,GEO,ENCox,43
4.6,0.272513213902427,0.24513057392544962,RFS,OOD,GEO,ENCox,43
4.8,0.268452854678701,0.24537385534010078,RFS,OOD,GEO,ENCox,43
5.0,0.2753472971229563,0.2469729404093988,RFS,OOD,GEO,ENCox,43
5.2,0.27762046597011786,0.2479264429043912,RFS,OOD,GEO,ENCox,43
5.4,0.2742625150113441,0.2484232904469286,RFS,OOD,GEO,ENCox,43
5.6,0.27310327453545946,0.24872586762353474,RFS,OOD,GEO,ENCox,43
5.8,0.2735143347416067,0.24900716369549938,RFS,OOD,GEO,ENCox,43
6.0,0.2719804604118998,0.24914114156738193,RFS,OOD,GEO,ENCox,43
6.2,0.2738186689481421,0.24940561179143944,RFS,OOD,GEO,ENCox,43
6.4,0.2736816033551675,0.24963250661893563,RFS,OOD,GEO,ENCox,43
6.6,0.2718072010359599,0.2498209742964881,RFS,OOD,GEO,ENCox,43
6.8,0.27054930752363204,0.24996301289796788,RFS,OOD,GEO,ENCox,43
7.0,0.26891211631448336,0.25004325767185065,RFS,OOD,GEO,ENCox,43
7.2,0.2669240796581968,0.2501212037263686,RFS,OOD,GEO,ENCox,43
7.4,0.26563585925423383,0.25012633187081634,RFS,OOD,GEO,ENCox,43
0.6,0.06532625601607218,0.06105873629099478,RFS,OOD,GEO,ENCox,44
0.8,0.08294063033344065,0.07631487905341318,RFS,OOD,GEO,ENCox,44
1.0,0.11072205503160724,0.09973403450701973,RFS,OOD,GEO,ENCox,44
1.2,0.13144014136379953,0.11748480909037463,RFS,OOD,GEO,ENCox,44
1.4,0.15630405058514887,0.1379176254236341,RFS,OOD,GEO,ENCox,44
1.6,0.18428241072647908,0.15753820204447896,RFS,OOD,GEO,ENCox,44
1.8,0.19483945758227159,0.16667648553949937,RFS,OOD,GEO,ENCox,44
2.0,0.21427437509406003,0.18068316238681928,RFS,OOD,GEO,ENCox,44
2.2,0.232097033301268,0.19278694174502042,RFS,OOD,GEO,ENCox,44
2.4,0.24522669728075758,0.20131417879260785,RFS,OOD,GEO,ENCox,44
2.6,0.26566047282006994,0.21257571458645833,RFS,OOD,GEO,ENCox,44
2.8,0.27097077722110785,0.21795601494052216,RFS,OOD,GEO,ENCox,44
3.0,0.2738143257242605,0.22439787693734867,RFS,OOD,GEO,ENCox,44
3.2,0.27999751507049137,0.22979303475724747,RFS,OOD,GEO,ENCox,44
3.4,0.2907748933005934,0.23422068527098092,RFS,OOD,GEO,ENCox,44
3.6,0.2873229703767806,0.23677711124836312,RFS,OOD,GEO,ENCox,44
3.8,0.2907461379798572,0.23847547486582976,RFS,OOD,GEO,ENCox,44
4.0,0.29340242647426273,0.24098559834351502,RFS,OOD,GEO,ENCox,44
4.2,0.290423852020519,0.2418775130591576,RFS,OOD,GEO,ENCox,44
4.4,0.28657306220383133,0.24301041861777667,RFS,OOD,GEO,ENCox,44
4.6,0.2928758771628607,0.24513057392544962,RFS,OOD,GEO,ENCox,44
4.8,0.2909104436247675,0.24537385534010078,RFS,OOD,GEO,ENCox,44
5.0,0.2964151678157396,0.2469729404093988,RFS,OOD,GEO,ENCox,44
5.2,0.2977189939812365,0.2479264429043912,RFS,OOD,GEO,ENCox,44
5.4,0.2966730636473736,0.2484232904469286,RFS,OOD,GEO,ENCox,44
5.6,0.2963088245924798,0.24872586762353474,RFS,OOD,GEO,ENCox,44
5.8,0.29481862450770846,0.24900716369549938,RFS,OOD,GEO,ENCox,44
6.0,0.2931885901644041,0.24914114156738193,RFS,OOD,GEO,ENCox,44
6.2,0.2925338314056659,0.24940561179143944,RFS,OOD,GEO,ENCox,44
6.4,0.29011010358083167,0.24963250661893563,RFS,OOD,GEO,ENCox,44
6.6,0.2858600292305216,0.2498209742964881,RFS,OOD,GEO,ENCox,44
6.8,0.2841163090949882,0.24996301289796788,RFS,OOD,GEO,ENCox,44
7.0,0.28592954298605017,0.25004325767185065,RFS,OOD,GEO,ENCox,44
7.2,0.284158594331596,0.2501212037263686,RFS,OOD,GEO,ENCox,44
7.4,0.282839474675478,0.25012633187081634,RFS,OOD,GEO,ENCox,44
0.6,0.06531295178529023,0.06105873629099478,RFS,OOD,GEO,LH,40
0.8,0.07986647369680144,0.07631487905341318,RFS,OOD,GEO,LH,40
1.0,0.10295608105813017,0.09973403450701973,RFS,OOD,GEO,LH,40
1.2,0.12164765929010941,0.11748480909037463,RFS,OOD,GEO,LH,40
1.4,0.14556057909494963,0.1379176254236341,RFS,OOD,GEO,LH,40
1.6,0.1697512005383383,0.15753820204447896,RFS,OOD,GEO,LH,40
1.8,0.18156223467800767,0.16667648553949937,RFS,OOD,GEO,LH,40
2.0,0.20146579145994412,0.18068316238681928,RFS,OOD,GEO,LH,40
2.2,0.21967180771678316,0.19278694174502042,RFS,OOD,GEO,LH,40
2.4,0.23445102185343802,0.20131417879260785,RFS,OOD,GEO,LH,40
2.6,0.25575826348580144,0.21257571458645833,RFS,OOD,GEO,LH,40
2.8,0.2666662853847492,0.21795601494052216,RFS,OOD,GEO,LH,40
3.0,0.2820035659078237,0.22439787693734867,RFS,OOD,GEO,LH,40
3.2,0.24770005448554588,0.22979303475724747,RFS,OOD,GEO,LH,40
3.4,0.2561822960941714,0.23422068527098092,RFS,OOD,GEO,LH,40
3.6,0.262858735961707,0.23677711124836312,RFS,OOD,GEO,LH,40
3.8,0.2665559444285387,0.23847547486582976,RFS,OOD,GEO,LH,40
4.0,0.27377945193948244,0.24098559834351502,RFS,OOD,GEO,LH,40
4.2,0.2757741566994712,0.2418775130591576,RFS,OOD,GEO,LH,40
4.4,0.2779820365565813,0.24301041861777667,RFS,OOD,GEO,LH,40
4.6,0.285057742855708,0.24513057392544962,RFS,OOD,GEO,LH,40
4.8,0.2857964733958687,0.24537385534010078,RFS,OOD,GEO,LH,40
5.0,0.294093798618423,0.2469729404093988,RFS,OOD,GEO,LH,40
5.2,0.2990804456479534,0.2479264429043912,RFS,OOD,GEO,LH,40
5.4,0.3029315301491227,0.2484232904469286,RFS,OOD,GEO,LH,40
5.6,0.3045505824524927,0.24872586762353474,RFS,OOD,GEO,LH,40
5.8,0.3060469872121182,0.24900716369549938,RFS,OOD,GEO,LH,40
6.0,0.30861594332847847,0.24914114156738193,RFS,OOD,GEO,LH,40
6.2,0.3112939841869008,0.24940561179143944,RFS,OOD,GEO,LH,40
6.4,0.27548466885810813,0.24963250661893563,RFS,OOD,GEO,LH,40
6.6,0.2765033440256525,0.2498209742964881,RFS,OOD,GEO,LH,40
6.8,0.27817057564253334,0.24996301289796788,RFS,OOD,GEO,LH,40
7.0,0.2790967377251484,0.25004325767185065,RFS,OOD,GEO,LH,40
7.2,0.28340059722842453,0.2501212037263686,RFS,OOD,GEO,LH,40
7.4,0.28351424453738266,0.25012633187081634,RFS,OOD,GEO,LH,40
0.6,0.06456206808629102,0.06105873629099478,RFS,OOD,GEO,LH,41
0.8,0.07773110484927034,0.07631487905341318,RFS,OOD,GEO,LH,41
1.0,0.09914223153049917,0.09973403450701973,RFS,OOD,GEO,LH,41
1.2,0.11579954736365912,0.11748480909037463,RFS,OOD,GEO,LH,41
1.4,0.1368311373568059,0.1379176254236341,RFS,OOD,GEO,LH,41
1.6,0.15895578637304664,0.15753820204447896,RFS,OOD,GEO,LH,41
1.8,0.17103412938953927,0.16667648553949937,RFS,OOD,GEO,LH,41
2.0,0.1888235485728073,0.18068316238681928,RFS,OOD,GEO,LH,41
2.2,0.20766026940757903,0.19278694174502042,RFS,OOD,GEO,LH,41
2.4,0.22229271960934516,0.20131417879260785,RFS,OOD,GEO,LH,41
2.6,0.24341933847960578,0.21257571458645833,RFS,OOD,GEO,LH,41
2.8,0.2540185784750059,0.21795601494052216,RFS,OOD,GEO,LH,41
3.0,0.2689011164632726,0.22439787693734867,RFS,OOD,GEO,LH,41
3.2,0.2836937859323607,0.22979303475724747,RFS,OOD,GEO,LH,41
3.4,0.2444214333265918,0.23422068527098092,RFS,OOD,GEO,LH,41
3.6,0.25037111822993735,0.23677711124836312,RFS,OOD,GEO,LH,41
3.8,0.25499944415999815,0.23847547486582976,RFS,OOD,GEO,LH,41
4.0,0.2590393843337417,0.24098559834351502,RFS,OOD,GEO,LH,41
4.2,0.26046895477070026,0.2418775130591576,RFS,OOD,GEO,LH,41
4.4,0.2635492161194137,0.24301041861777667,RFS,OOD,GEO,LH,41
4.6,0.2725960134021586,0.24513057392544962,RFS,OOD,GEO,LH,41
4.8,0.2737230128137755,0.24537385534010078,RFS,OOD,GEO,LH,41
5.0,0.28102904336016676,0.2469729404093988,RFS,OOD,GEO,LH,41
5.2,0.2864824334716735,0.2479264429043912,RFS,OOD,GEO,LH,41
5.4,0.28996844242371506,0.2484232904469286,RFS,OOD,GEO,LH,41
5.6,0.2905429526386237,0.24872586762353474,RFS,OOD,GEO,LH,41
5.8,0.29393774766820313,0.24900716369549938,RFS,OOD,GEO,LH,41
6.0,0.29591270013283266,0.24914114156738193,RFS,OOD,GEO,LH,41
6.2,0.2999499867415621,0.24940561179143944,RFS,OOD,GEO,LH,41
6.4,0.30287713289452445,0.24963250661893563,RFS,OOD,GEO,LH,41
6.6,0.25448537342978794,0.2498209742964881,RFS,OOD,GEO,LH,41
6.8,0.25510991018928736,0.24996301289796788,RFS,OOD,GEO,LH,41
7.0,0.25315972429132866,0.25004325767185065,RFS,OOD,GEO,LH,41
7.2,0.2584496320616864,0.2501212037263686,RFS,OOD,GEO,LH,41
7.4,0.25906121836341944,0.25012633187081634,RFS,OOD,GEO,LH,41
0.6,0.0632127895484476,0.06105873629099478,RFS,OOD,GEO,LH,42
0.8,0.0776855371731518,0.07631487905341318,RFS,OOD,GEO,LH,42
1.0,0.10009850329615037,0.09973403450701973,RFS,OOD,GEO,LH,42
1.2,0.11954320005101103,0.11748480909037463,RFS,OOD,GEO,LH,42
1.4,0.1424507669297987,0.1379176254236341,RFS,OOD,GEO,LH,42
1.6,0.16766456116805784,0.15753820204447896,RFS,OOD,GEO,LH,42
1.8,0.17993589775669055,0.16667648553949937,RFS,OOD,GEO,LH,42
2.0,0.20018408701141457,0.18068316238681928,RFS,OOD,GEO,LH,42
2.2,0.21925968571677573,0.19278694174502042,RFS,OOD,GEO,LH,42
2.4,0.23318377027156106,0.20131417879260785,RFS,OOD,GEO,LH,42
2.6,0.25508944492258007,0.21257571458645833,RFS,OOD,GEO,LH,42
2.8,0.266597577364053,0.21795601494052216,RFS,OOD,GEO,LH,42
3.0,0.2812569456761914,0.22439787693734867,RFS,OOD,GEO,LH,42
3.2,0.2951879531507867,0.22979303475724747,RFS,OOD,GEO,LH,42
3.4,0.25120533310953524,0.23422068527098092,RFS,OOD,GEO,LH,42
3.6,0.25703166892649104,0.23677711124836312,RFS,OOD,GEO,LH,42
3.8,0.2612396160578905,0.23847547486582976,RFS,OOD,GEO,LH,42
4.0,0.26719245060952523,0.24098559834351502,RFS,OOD,GEO,LH,42
4.2,0.26431789095939445,0.2418775130591576,RFS,OOD,GEO,LH,42
4.4,0.2632711812970249,0.24301041861777667,RFS,OOD,GEO,LH,42
4.6,0.271283033538592,0.24513057392544962,RFS,OOD,GEO,LH,42
4.8,0.27071372495040597,0.24537385534010078,RFS,OOD,GEO,LH,42
5.0,0.2786194639351025,0.2469729404093988,RFS,OOD,GEO,LH,42
5.2,0.2831398343869972,0.2479264429043912,RFS,OOD,GEO,LH,42
5.4,0.287149965912935,0.2484232904469286,RFS,OOD,GEO,LH,42
5.6,0.2882839158076615,0.24872586762353474,RFS,OOD,GEO,LH,42
5.8,0.29045657246732065,0.24900716369549938,RFS,OOD,GEO,LH,42
6.0,0.2927862269037049,0.24914114156738193,RFS,OOD,GEO,LH,42
6.2,0.29756491853661565,0.24940561179143944,RFS,OOD,GEO,LH,42
6.4,0.30176564067161105,0.24963250661893563,RFS,OOD,GEO,LH,42
6.6,0.273002785974475,0.2498209742964881,RFS,OOD,GEO,LH,42
6.8,0.27381251592565964,0.24996301289796788,RFS,OOD,GEO,LH,42
7.0,0.2752267624354731,0.25004325767185065,RFS,OOD,GEO,LH,42
7.2,0.2800944961729473,0.2501212037263686,RFS,OOD,GEO,LH,42
7.4,0.2739766914361335,0.25012633187081634,RFS,OOD,GEO,LH,42
0.6,0.06286126770312271,0.06105873629099478,RFS,OOD,GEO,LH,43
0.8,0.07743812673603298,0.07631487905341318,RFS,OOD,GEO,LH,43
1.0,0.10103400277300258,0.09973403450701973,RFS,OOD,GEO,LH,43
1.2,0.12015955001709856,0.11748480909037463,RFS,OOD,GEO,LH,43
1.4,0.14370279891503063,0.1379176254236341,RFS,OOD,GEO,LH,43
1.6,0.1694736528561533,0.15753820204447896,RFS,OOD,GEO,LH,43
1.8,0.18131167466240572,0.16667648553949937,RFS,OOD,GEO,LH,43
2.0,0.2026059211287405,0.18068316238681928,RFS,OOD,GEO,LH,43
2.2,0.2225218322462558,0.19278694174502042,RFS,OOD,GEO,LH,43
2.4,0.2374724383132099,0.20131417879260785,RFS,OOD,GEO,LH,43
2.6,0.2601288035834476,0.21257571458645833,RFS,OOD,GEO,LH,43
2.8,0.27180188721190435,0.21795601494052216,RFS,OOD,GEO,LH,43
3.0,0.28761848926155886,0.22439787693734867,RFS,OOD,GEO,LH,43
3.2,0.3020066139591885,0.22979303475724747,RFS,OOD,GEO,LH,43
3.4,0.2642334534377788,0.23422068527098092,RFS,OOD,GEO,LH,43
3.6,0.2720634924686146,0.23677711124836312,RFS,OOD,GEO,LH,43
3.8,0.27617302344143546,0.23847547486582976,RFS,OOD,GEO,LH,43
4.0,0.28259559496437925,0.24098559834351502,RFS,OOD,GEO,LH,43
4.2,0.2849355467236443,0.2418775130591576,RFS,OOD,GEO,LH,43
4.4,0.285299733090148,0.24301041861777667,RFS,OOD,GEO,LH,43
4.6,0.2921859351695226,0.24513057392544962,RFS,OOD,GEO,LH,43
4.8,0.29365890483325546,0.24537385534010078,RFS,OOD,GEO,LH,43
5.0,0.30030996224906276,0.2469729404093988,RFS,OOD,GEO,LH,43
5.2,0.3025949399553765,0.2479264429043912,RFS,OOD,GEO,LH,43
5.4,0.30679565482510623,0.2484232904469286,RFS,OOD,GEO,LH,43
5.6,0.309707269166451,0.24872586762353474,RFS,OOD,GEO,LH,43
5.8,0.311071178307416,0.24900716369549938,RFS,OOD,GEO,LH,43
6.0,0.3134608690642851,0.24914114156738193,RFS,OOD,GEO,LH,43
6.2,0.3175000976686749,0.24940561179143944,RFS,OOD,GEO,LH,43
6.4,0.3209722551287939,0.24963250661893563,RFS,OOD,GEO,LH,43
6.6,0.2806318065240718,0.2498209742964881,RFS,OOD,GEO,LH,43
6.8,0.2795849147218744,0.24996301289796788,RFS,OOD,GEO,LH,43
7.0,0.2791482476032911,0.25004325767185065,RFS,OOD,GEO,LH,43
7.2,0.28252451164342796,0.2501212037263686,RFS,OOD,GEO,LH,43
7.4,0.2788486007343793,0.25012633187081634,RFS,OOD,GEO,LH,43
0.6,0.06211999945941522,0.06105873629099478,RFS,OOD,GEO,LH,44
0.8,0.07694761991053371,0.07631487905341318,RFS,OOD,GEO,LH,44
1.0,0.10058335596415147,0.09973403450701973,RFS,OOD,GEO,LH,44
1.2,0.12023765070858715,0.11748480909037463,RFS,OOD,GEO,LH,44
1.4,0.14442247047094292,0.1379176254236341,RFS,OOD,GEO,LH,44
1.6,0.16931527139459035,0.15753820204447896,RFS,OOD,GEO,LH,44
1.8,0.18201031177377913,0.16667648553949937,RFS,OOD,GEO,LH,44
2.0,0.2035454235482854,0.18068316238681928,RFS,OOD,GEO,LH,44
2.2,0.2228897610885898,0.19278694174502042,RFS,OOD,GEO,LH,44
2.4,0.23772172619319498,0.20131417879260785,RFS,OOD,GEO,LH,44
2.6,0.2603634453326497,0.21257571458645833,RFS,OOD,GEO,LH,44
2.8,0.2723429477178608,0.21795601494052216,RFS,OOD,GEO,LH,44
3.0,0.2873586444628118,0.22439787693734867,RFS,OOD,GEO,LH,44
3.2,0.26357911408317547,0.22979303475724747,RFS,OOD,GEO,LH,44
3.4,0.27440255816977865,0.23422068527098092,RFS,OOD,GEO,LH,44
3.6,0.2826361096577121,0.23677711124836312,RFS,OOD,GEO,LH,44
3.8,0.28712480554397446,0.23847547486582976,RFS,OOD,GEO,LH,44
4.0,0.2958797470438693,0.24098559834351502,RFS,OOD,GEO,LH,44
4.2,0.29925624723500577,0.2418775130591576,RFS,OOD,GEO,LH,44
4.4,0.3035612802819405,0.24301041861777667,RFS,OOD,GEO,LH,44
4.6,0.31237183929363116,0.24513057392544962,RFS,OOD,GEO,LH,44
4.8,0.3134019558554433,0.24537385534010078,RFS,OOD,GEO,LH,44
5.0,0.32106809100222466,0.2469729404093988,RFS,OOD,GEO,LH,44
5.2,0.32669592734991776,0.2479264429043912,RFS,OOD,GEO,LH,44
5.4,0.33079882832072943,0.2484232904469286,RFS,OOD,GEO,LH,44
5.6,0.33334688197569173,0.24872586762353474,RFS,OOD,GEO,LH,44
5.8,0.336871248245166,0.24900716369549938,RFS,OOD,GEO,LH,44
6.0,0.33869700345091974,0.24914114156738193,RFS,OOD,GEO,LH,44
6.2,0.34200463007803034,0.24940561179143944,RFS,OOD,GEO,LH,44
6.4,0.29035767668607365,0.24963250661893563,RFS,OOD,GEO,LH,44
6.6,0.29208294032554144,0.2498209742964881,RFS,OOD,GEO,LH,44
6.8,0.29444084277898364,0.24996301289796788,RFS,OOD,GEO,LH,44
7.0,0.29565824811184915,0.25004325767185065,RFS,OOD,GEO,LH,44
7.2,0.29997186026545697,0.2501212037263686,RFS,OOD,GEO,LH,44
7.4,0.30026611021274574,0.25012633187081634,RFS,OOD,GEO,LH,44
0.6,0.06131962457185245,0.06105873629099478,RFS,OOD,GEO,MTLR,40
0.8,0.07645184202356649,0.07631487905341318,RFS,OOD,GEO,MTLR,40
1.0,0.09995805673803808,0.09973403450701973,RFS,OOD,GEO,MTLR,40
1.2,0.11984761178605652,0.11748480909037463,RFS,OOD,GEO,MTLR,40
1.4,0.14298534281163702,0.1379176254236341,RFS,OOD,GEO,MTLR,40
1.6,0.16902604363407628,0.15753820204447896,RFS,OOD,GEO,MTLR,40
1.8,0.18203475750245166,0.16667648553949937,RFS,OOD,GEO,MTLR,40
2.0,0.20375213895228353,0.18068316238681928,RFS,OOD,GEO,MTLR,40
2.2,0.22467814246121282,0.19278694174502042,RFS,OOD,GEO,MTLR,40
2.4,0.24081700537961312,0.20131417879260785,RFS,OOD,GEO,MTLR,40
2.6,0.26449173301869816,0.21257571458645833,RFS,OOD,GEO,MTLR,40
2.8,0.2770559465476327,0.21795601494052216,RFS,OOD,GEO,MTLR,40
3.0,0.293982429953707,0.22439787693734867,RFS,OOD,GEO,MTLR,40
3.2,0.25236135466293896,0.22979303475724747,RFS,OOD,GEO,MTLR,40
3.4,0.2633045404928426,0.23422068527098092,RFS,OOD,GEO,MTLR,40
3.6,0.27175003170741796,0.23677711124836312,RFS,OOD,GEO,MTLR,40
3.8,0.27637959340178986,0.23847547486582976,RFS,OOD,GEO,MTLR,40
4.0,0.2849682625284694,0.24098559834351502,RFS,OOD,GEO,MTLR,40
4.2,0.28801050551416224,0.2418775130591576,RFS,OOD,GEO,MTLR,40
4.4,0.2913388467304018,0.24301041861777667,RFS,OOD,GEO,MTLR,40
4.6,0.3020621682995193,0.24513057392544962,RFS,OOD,GEO,MTLR,40
4.8,0.3023911882521784,0.24537385534010078,RFS,OOD,GEO,MTLR,40
5.0,0.31055576837475557,0.2469729404093988,RFS,OOD,GEO,MTLR,40
5.2,0.31593928224868845,0.2479264429043912,RFS,OOD,GEO,MTLR,40
5.4,0.32004750348828415,0.2484232904469286,RFS,OOD,GEO,MTLR,40
5.6,0.3225879082198018,0.24872586762353474,RFS,OOD,GEO,MTLR,40
5.8,0.3248603368824203,0.24900716369549938,RFS,OOD,GEO,MTLR,40
6.0,0.32681805484729254,0.24914114156738193,RFS,OOD,GEO,MTLR,40
6.2,0.3309583691430806,0.24940561179143944,RFS,OOD,GEO,MTLR,40
6.4,0.28856654945594895,0.24963250661893563,RFS,OOD,GEO,MTLR,40
6.6,0.29147264480796725,0.2498209742964881,RFS,OOD,GEO,MTLR,40
6.8,0.2932683561477724,0.24996301289796788,RFS,OOD,GEO,MTLR,40
7.0,0.2952711185306773,0.25004325767185065,RFS,OOD,GEO,MTLR,40
7.2,0.3000277929466005,0.2501212037263686,RFS,OOD,GEO,MTLR,40
7.4,0.3007519600601868,0.25012633187081634,RFS,OOD,GEO,MTLR,40
0.6,0.060373893485005395,0.06105873629099478,RFS,OOD,GEO,MTLR,41
0.8,0.07555048355482985,0.07631487905341318,RFS,OOD,GEO,MTLR,41
1.0,0.10115492320292697,0.09973403450701973,RFS,OOD,GEO,MTLR,41
1.2,0.1215485068611304,0.11748480909037463,RFS,OOD,GEO,MTLR,41
1.4,0.14679850616607185,0.1379176254236341,RFS,OOD,GEO,MTLR,41
1.6,0.1731370979145946,0.15753820204447896,RFS,OOD,GEO,MTLR,41
1.8,0.18658557710913817,0.16667648553949937,RFS,OOD,GEO,MTLR,41
2.0,0.20907019241595903,0.18068316238681928,RFS,OOD,GEO,MTLR,41
2.2,0.23078676427735503,0.19278694174502042,RFS,OOD,GEO,MTLR,41
2.4,0.247852127518917,0.20131417879260785,RFS,OOD,GEO,MTLR,41
2.6,0.27191924199911893,0.21257571458645833,RFS,OOD,GEO,MTLR,41
2.8,0.28445616897672926,0.21795601494052216,RFS,OOD,GEO,MTLR,41
3.0,0.30082149216896026,0.22439787693734867,RFS,OOD,GEO,MTLR,41
3.2,0.31677973110501073,0.22979303475724747,RFS,OOD,GEO,MTLR,41
3.4,0.2613086475776722,0.23422068527098092,RFS,OOD,GEO,MTLR,41
3.6,0.27019105195539767,0.23677711124836312,RFS,OOD,GEO,MTLR,41
3.8,0.2761919244144829,0.23847547486582976,RFS,OOD,GEO,MTLR,41
4.0,0.2847602065370043,0.24098559834351502,RFS,OOD,GEO,MTLR,41
4.2,0.28711319571224075,0.2418775130591576,RFS,OOD,GEO,MTLR,41
4.4,0.2917099826295864,0.24301041861777667,RFS,OOD,GEO,MTLR,41
4.6,0.3004612912870874,0.24513057392544962,RFS,OOD,GEO,MTLR,41
4.8,0.30162411056639465,0.24537385534010078,RFS,OOD,GEO,MTLR,41
5.0,0.3099466439568303,0.2469729404093988,RFS,OOD,GEO,MTLR,41
5.2,0.3156828497761316,0.2479264429043912,RFS,OOD,GEO,MTLR,41
5.4,0.3201062971250964,0.2484232904469286,RFS,OOD,GEO,MTLR,41
5.6,0.32159904966559355,0.24872586762353474,RFS,OOD,GEO,MTLR,41
5.8,0.3249303050322742,0.24900716369549938,RFS,OOD,GEO,MTLR,41
6.0,0.326443586112033,0.24914114156738193,RFS,OOD,GEO,MTLR,41
6.2,0.33011256524343063,0.24940561179143944,RFS,OOD,GEO,MTLR,41
6.4,0.3338848433686444,0.24963250661893563,RFS,OOD,GEO,MTLR,41
6.6,0.2754320900578806,0.2498209742964881,RFS,OOD,GEO,MTLR,41
6.8,0.2782963213494784,0.24996301289796788,RFS,OOD,GEO,MTLR,41
7.0,0.2797800469130341,0.25004325767185065,RFS,OOD,GEO,MTLR,41
7.2,0.28106919483042847,0.2501212037263686,RFS,OOD,GEO,MTLR,41
7.4,0.28143130848837045,0.25012633187081634,RFS,OOD,GEO,MTLR,41
0.6,0.061611439231818804,0.06105873629099478,RFS,OOD,GEO,MTLR,42
0.8,0.07711077974175216,0.07631487905341318,RFS,OOD,GEO,MTLR,42
1.0,0.1019867098942024,0.09973403450701973,RFS,OOD,GEO,MTLR,42
1.2,0.12227243551775784,0.11748480909037463,RFS,OOD,GEO,MTLR,42
1.4,0.14770129074817387,0.1379176254236341,RFS,OOD,GEO,MTLR,42
1.6,0.1745226654202272,0.15753820204447896,RFS,OOD,GEO,MTLR,42
1.8,0.18803954165011905,0.16667648553949937,RFS,OOD,GEO,MTLR,42
2.0,0.21017747180049864,0.18068316238681928,RFS,OOD,GEO,MTLR,42
2.2,0.23142560696296924,0.19278694174502042,RFS,OOD,GEO,MTLR,42
2.4,0.24770567099214277,0.20131417879260785,RFS,OOD,GEO,MTLR,42
2.6,0.271917618233418,0.21257571458645833,RFS,OOD,GEO,MTLR,42
2.8,0.28505444324459706,0.21795601494052216,RFS,OOD,GEO,MTLR,42
3.0,0.30210710818963377,0.22439787693734867,RFS,OOD,GEO,MTLR,42
3.2,0.31802063490239546,0.22979303475724747,RFS,OOD,GEO,MTLR,42
3.4,0.2707757916809887,0.23422068527098092,RFS,OOD,GEO,MTLR,42
3.6,0.2793285788101287,0.23677711124836312,RFS,OOD,GEO,MTLR,42
3.8,0.2848016578697965,0.23847547486582976,RFS,OOD,GEO,MTLR,42
4.0,0.29276821544707066,0.24098559834351502,RFS,OOD,GEO,MTLR,42
4.2,0.29200792926886765,0.2418775130591576,RFS,OOD,GEO,MTLR,42
4.4,0.2954872687841026,0.24301041861777667,RFS,OOD,GEO,MTLR,42
4.6,0.30625904527744235,0.24513057392544962,RFS,OOD,GEO,MTLR,42
4.8,0.30527082178602516,0.24537385534010078,RFS,OOD,GEO,MTLR,42
5.0,0.3134503417148144,0.2469729404093988,RFS,OOD,GEO,MTLR,42
5.2,0.3196641359527005,0.2479264429043912,RFS,OOD,GEO,MTLR,42
5.4,0.32236638926626027,0.2484232904469286,RFS,OOD,GEO,MTLR,42
5.6,0.3240997220531593,0.24872586762353474,RFS,OOD,GEO,MTLR,42
5.8,0.3268260636035697,0.24900716369549938,RFS,OOD,GEO,MTLR,42
6.0,0.3290398005481234,0.24914114156738193,RFS,OOD,GEO,MTLR,42
6.2,0.3326349760821677,0.24940561179143944,RFS,OOD,GEO,MTLR,42
6.4,0.33587954379683976,0.24963250661893563,RFS,OOD,GEO,MTLR,42
6.6,0.2945672328481983,0.2498209742964881,RFS,OOD,GEO,MTLR,42
6.8,0.29701562429687184,0.24996301289796788,RFS,OOD,GEO,MTLR,42
7.0,0.29953626386457816,0.25004325767185065,RFS,OOD,GEO,MTLR,42
7.2,0.3028905472514042,0.2501212037263686,RFS,OOD,GEO,MTLR,42
7.4,0.3004352641712892,0.25012633187081634,RFS,OOD,GEO,MTLR,42
0.6,0.061958985058756126,0.06105873629099478,RFS,OOD,GEO,MTLR,43
0.8,0.07856558803325432,0.07631487905341318,RFS,OOD,GEO,MTLR,43
1.0,0.1052733658197503,0.09973403450701973,RFS,OOD,GEO,MTLR,43
1.2,0.12721759342578032,0.11748480909037463,RFS,OOD,GEO,MTLR,43
1.4,0.1541782572808829,0.1379176254236341,RFS,OOD,GEO,MTLR,43
1.6,0.18267540491303275,0.15753820204447896,RFS,OOD,GEO,MTLR,43
1.8,0.19679125654758303,0.16667648553949937,RFS,OOD,GEO,MTLR,43
2.0,0.2201484175980431,0.18068316238681928,RFS,OOD,GEO,MTLR,43
2.2,0.2425064753121897,0.19278694174502042,RFS,OOD,GEO,MTLR,43
2.4,0.25959410313646397,0.20131417879260785,RFS,OOD,GEO,MTLR,43
2.6,0.28506358997479825,0.21257571458645833,RFS,OOD,GEO,MTLR,43
2.8,0.29851985826927124,0.21795601494052216,RFS,OOD,GEO,MTLR,43
3.0,0.3162286050767403,0.22439787693734867,RFS,OOD,GEO,MTLR,43
3.2,0.33284819025126544,0.22979303475724747,RFS,OOD,GEO,MTLR,43
3.4,0.27773784236935206,0.23422068527098092,RFS,OOD,GEO,MTLR,43
3.6,0.2865526327811521,0.23677711124836312,RFS,OOD,GEO,MTLR,43
3.8,0.29157503884064395,0.23847547486582976,RFS,OOD,GEO,MTLR,43
4.0,0.2978610536153198,0.24098559834351502,RFS,OOD,GEO,MTLR,43
4.2,0.29925841339823817,0.2418775130591576,RFS,OOD,GEO,MTLR,43
4.4,0.30212886254043403,0.24301041861777667,RFS,OOD,GEO,MTLR,43
4.6,0.3126145555568782,0.24513057392544962,RFS,OOD,GEO,MTLR,43
4.8,0.31402280165011376,0.24537385534010078,RFS,OOD,GEO,MTLR,43
5.0,0.32272886329899997,0.2469729404093988,RFS,OOD,GEO,MTLR,43
5.2,0.3290147138678899,0.2479264429043912,RFS,OOD,GEO,MTLR,43
5.4,0.3313068499465814,0.2484232904469286,RFS,OOD,GEO,MTLR,43
5.6,0.3336491270075538,0.24872586762353474,RFS,OOD,GEO,MTLR,43
5.8,0.33595829284172485,0.24900716369549938,RFS,OOD,GEO,MTLR,43
6.0,0.3384164627713048,0.24914114156738193,RFS,OOD,GEO,MTLR,43
6.2,0.3425706046842164,0.24940561179143944,RFS,OOD,GEO,MTLR,43
6.4,0.3460421530508928,0.24963250661893563,RFS,OOD,GEO,MTLR,43
6.6,0.3058155213921793,0.2498209742964881,RFS,OOD,GEO,MTLR,43
6.8,0.3062701561976726,0.24996301289796788,RFS,OOD,GEO,MTLR,43
7.0,0.3075126074866533,0.25004325767185065,RFS,OOD,GEO,MTLR,43
7.2,0.3129877782466321,0.2501212037263686,RFS,OOD,GEO,MTLR,43
7.4,0.3107918485016591,0.25012633187081634,RFS,OOD,GEO,MTLR,43
0.6,0.06167082721476594,0.06105873629099478,RFS,OOD,GEO,MTLR,44
0.8,0.0782902084385682,0.07631487905341318,RFS,OOD,GEO,MTLR,44
1.0,0.1049163684708371,0.09973403450701973,RFS,OOD,GEO,MTLR,44
1.2,0.126817788915655,0.11748480909037463,RFS,OOD,GEO,MTLR,44
1.4,0.15367684502839551,0.1379176254236341,RFS,OOD,GEO,MTLR,44
1.6,0.18212903665225194,0.15753820204447896,RFS,OOD,GEO,MTLR,44
1.8,0.19648234112206903,0.16667648553949937,RFS,OOD,GEO,MTLR,44
2.0,0.21963619458641206,0.18068316238681928,RFS,OOD,GEO,MTLR,44
2.2,0.24206417538266525,0.19278694174502042,RFS,OOD,GEO,MTLR,44
2.4,0.259317237434846,0.20131417879260785,RFS,OOD,GEO,MTLR,44
2.6,0.28464112372829675,0.21257571458645833,RFS,OOD,GEO,MTLR,44
2.8,0.2981811533586264,0.21795601494052216,RFS,OOD,GEO,MTLR,44
3.0,0.3157842379670254,0.22439787693734867,RFS,OOD,GEO,MTLR,44
3.2,0.27784026744061313,0.22979303475724747,RFS,OOD,GEO,MTLR,44
3.4,0.2904967199227379,0.23422068527098092,RFS,OOD,GEO,MTLR,44
3.6,0.29948979863010833,0.23677711124836312,RFS,OOD,GEO,MTLR,44
3.8,0.30579435263487886,0.23847547486582976,RFS,OOD,GEO,MTLR,44
4.0,0.3158296027778101,0.24098559834351502,RFS,OOD,GEO,MTLR,44
4.2,0.31878039266932356,0.2418775130591576,RFS,OOD,GEO,MTLR,44
4.4,0.32372899349471795,0.24301041861777667,RFS,OOD,GEO,MTLR,44
4.6,0.3336326801558819,0.24513057392544962,RFS,OOD,GEO,MTLR,44
4.8,0.334513901730566,0.24537385534010078,RFS,OOD,GEO,MTLR,44
5.0,0.3444594835418699,0.2469729404093988,RFS,OOD,GEO,MTLR,44
5.2,0.3517334628088206,0.2479264429043912,RFS,OOD,GEO,MTLR,44
5.4,0.3560732979172712,0.2484232904469286,RFS,OOD,GEO,MTLR,44
5.6,0.3591545453932547,0.24872586762353474,RFS,OOD,GEO,MTLR,44
5.8,0.3628176461321658,0.24900716369549938,RFS,OOD,GEO,MTLR,44
6.0,0.3649692801777819,0.24914114156738193,RFS,OOD,GEO,MTLR,44
6.2,0.36879639873530184,0.24940561179143944,RFS,OOD,GEO,MTLR,44
6.4,0.31225453655916946,0.24963250661893563,RFS,OOD,GEO,MTLR,44
6.6,0.3151076090006404,0.2498209742964881,RFS,OOD,GEO,MTLR,44
6.8,0.3190750462272616,0.24996301289796788,RFS,OOD,GEO,MTLR,44
7.0,0.32171224723112885,0.25004325767185065,RFS,OOD,GEO,MTLR,44
7.2,0.325791800397472,0.2501212037263686,RFS,OOD,GEO,MTLR,44
7.4,0.3278881720966144,0.25012633187081634,RFS,OOD,GEO,MTLR,44
0.6,0.06532625601607218,0.06105873629099478,RFS,OOD,GEO,PCHazard,40
0.8,0.08324453099378912,0.07631487905341318,RFS,OOD,GEO,PCHazard,40
1.0,0.11235831972955986,0.09973403450701973,RFS,OOD,GEO,PCHazard,40
1.2,0.13597342503974866,0.11748480909037463,RFS,OOD,GEO,PCHazard,40
1.4,0.16521259672008665,0.1379176254236341,RFS,OOD,GEO,PCHazard,40
1.6,0.1959241500209107,0.15753820204447896,RFS,OOD,GEO,PCHazard,40
1.8,0.2113410269857595,0.16667648553949937,RFS,OOD,GEO,PCHazard,40
2.0,0.2367179266985305,0.18068316238681928,RFS,OOD,GEO,PCHazard,40
2.2,0.2608059328859938,0.19278694174502042,RFS,OOD,GEO,PCHazard,40
2.4,0.2793494297181305,0.20131417879260785,RFS,OOD,GEO,PCHazard,40
2.6,0.30654377108267744,0.21257571458645833,RFS,OOD,GEO,PCHazard,40
2.8,0.22753819059098063,0.21795601494052216,RFS,OOD,GEO,PCHazard,40
3.0,0.23743537693695374,0.22439787693734867,RFS,OOD,GEO,PCHazard,40
3.2,0.24689978511523444,0.22979303475724747,RFS,OOD,GEO,PCHazard,40
3.4,0.25563101563427826,0.23422068527098092,RFS,OOD,GEO,PCHazard,40
3.6,0.26386768151798484,0.23677711124836312,RFS,OOD,GEO,PCHazard,40
3.8,0.2680678996889453,0.23847547486582976,RFS,OOD,GEO,PCHazard,40
4.0,0.27500837354659124,0.24098559834351502,RFS,OOD,GEO,PCHazard,40
4.2,0.27788291357255906,0.2418775130591576,RFS,OOD,GEO,PCHazard,40
4.4,0.27901301148666474,0.24301041861777667,RFS,OOD,GEO,PCHazard,40
4.6,0.2863946954504291,0.24513057392544962,RFS,OOD,GEO,PCHazard,40
4.8,0.28668260633067627,0.24537385534010078,RFS,OOD,GEO,PCHazard,40
5.0,0.29404417014853207,0.2469729404093988,RFS,OOD,GEO,PCHazard,40
5.2,0.29946303515455813,0.2479264429043912,RFS,OOD,GEO,PCHazard,40
5.4,0.3033698564602824,0.2484232904469286,RFS,OOD,GEO,PCHazard,40
5.6,0.2718155667650984,0.24872586762353474,RFS,OOD,GEO,PCHazard,40
5.8,0.2724439472446488,0.24900716369549938,RFS,OOD,GEO,PCHazard,40
6.0,0.27545503721717074,0.24914114156738193,RFS,OOD,GEO,PCHazard,40
6.2,0.27689150990483574,0.24940561179143944,RFS,OOD,GEO,PCHazard,40
6.4,0.2724871638455901,0.24963250661893563,RFS,OOD,GEO,PCHazard,40
6.6,0.2697060779336409,0.2498209742964881,RFS,OOD,GEO,PCHazard,40
6.8,0.2697930558857675,0.24996301289796788,RFS,OOD,GEO,PCHazard,40
7.0,0.2728810823907496,0.25004325767185065,RFS,OOD,GEO,PCHazard,40
7.2,0.2794233121121762,0.2501212037263686,RFS,OOD,GEO,PCHazard,40
7.4,0.27725592555167217,0.25012633187081634,RFS,OOD,GEO,PCHazard,40
0.6,0.06532625601607218,0.06105873629099478,RFS,OOD,GEO,PCHazard,41
0.8,0.08324453099378912,0.07631487905341318,RFS,OOD,GEO,PCHazard,41
1.0,0.11235831972955986,0.09973403450701973,RFS,OOD,GEO,PCHazard,41
1.2,0.13597342503974866,0.11748480909037463,RFS,OOD,GEO,PCHazard,41
1.4,0.16521259672008665,0.1379176254236341,RFS,OOD,GEO,PCHazard,41
1.6,0.1959241500209107,0.15753820204447896,RFS,OOD,GEO,PCHazard,41
1.8,0.2113410269857595,0.16667648553949937,RFS,OOD,GEO,PCHazard,41
2.0,0.2367179266985305,0.18068316238681928,RFS,OOD,GEO,PCHazard,41
2.2,0.2608059328859938,0.19278694174502042,RFS,OOD,GEO,PCHazard,41
2.4,0.2793494297181305,0.20131417879260785,RFS,OOD,GEO,PCHazard,41
2.6,0.30654377108267744,0.21257571458645833,RFS,OOD,GEO,PCHazard,41
2.8,0.32098851650943117,0.21795601494052216,RFS,OOD,GEO,PCHazard,41
3.0,0.22895660502216994,0.22439787693734867,RFS,OOD,GEO,PCHazard,41
3.2,0.2420499990459955,0.22979303475724747,RFS,OOD,GEO,PCHazard,41
3.4,0.2521386254008289,0.23422068527098092,RFS,OOD,GEO,PCHazard,41
3.6,0.2602597087622617,0.23677711124836312,RFS,OOD,GEO,PCHazard,41
3.8,0.26629073689241345,0.23847547486582976,RFS,OOD,GEO,PCHazard,41
4.0,0.27192821020911134,0.24098559834351502,RFS,OOD,GEO,PCHazard,41
4.2,0.27382246124321813,0.2418775130591576,RFS,OOD,GEO,PCHazard,41
4.4,0.2768135926608024,0.24301041861777667,RFS,OOD,GEO,PCHazard,41
4.6,0.2840269340557694,0.24513057392544962,RFS,OOD,GEO,PCHazard,41
4.8,0.28563163834077815,0.24537385534010078,RFS,OOD,GEO,PCHazard,41
5.0,0.29384830212849183,0.2469729404093988,RFS,OOD,GEO,PCHazard,41
5.2,0.29936585093889606,0.2479264429043912,RFS,OOD,GEO,PCHazard,41
5.4,0.30284273469521356,0.2484232904469286,RFS,OOD,GEO,PCHazard,41
5.6,0.3038956229665363,0.24872586762353474,RFS,OOD,GEO,PCHazard,41
5.8,0.30715086402516034,0.24900716369549938,RFS,OOD,GEO,PCHazard,41
6.0,0.2639476994497797,0.24914114156738193,RFS,OOD,GEO,PCHazard,41
6.2,0.2681376966391618,0.24940561179143944,RFS,OOD,GEO,PCHazard,41
6.4,0.2716523889306694,0.24963250661893563,RFS,OOD,GEO,PCHazard,41
6.6,0.2765484032267807,0.2498209742964881,RFS,OOD,GEO,PCHazard,41
6.8,0.2787679072766097,0.24996301289796788,RFS,OOD,GEO,PCHazard,41
7.0,0.2774466225008288,0.25004325767185065,RFS,OOD,GEO,PCHazard,41
7.2,0.27936014487202493,0.2501212037263686,RFS,OOD,GEO,PCHazard,41
7.4,0.2793681607219454,0.25012633187081634,RFS,OOD,GEO,PCHazard,41
0.6,0.06532625601607218,0.06105873629099478,RFS,OOD,GEO,PCHazard,42
0.8,0.08324453099378912,0.07631487905341318,RFS,OOD,GEO,PCHazard,42
1.0,0.11235831972955986,0.09973403450701973,RFS,OOD,GEO,PCHazard,42
1.2,0.13597342503974866,0.11748480909037463,RFS,OOD,GEO,PCHazard,42
1.4,0.16521259672008665,0.1379176254236341,RFS,OOD,GEO,PCHazard,42
1.6,0.1959241500209107,0.15753820204447896,RFS,OOD,GEO,PCHazard,42
1.8,0.2113410269857595,0.16667648553949937,RFS,OOD,GEO,PCHazard,42
2.0,0.2367179266985305,0.18068316238681928,RFS,OOD,GEO,PCHazard,42
2.2,0.2608059328859938,0.19278694174502042,RFS,OOD,GEO,PCHazard,42
2.4,0.2793494297181305,0.20131417879260785,RFS,OOD,GEO,PCHazard,42
2.6,0.30654377108267744,0.21257571458645833,RFS,OOD,GEO,PCHazard,42
2.8,0.32098851650943117,0.21795601494052216,RFS,OOD,GEO,PCHazard,42
3.0,0.24378326154386037,0.22439787693734867,RFS,OOD,GEO,PCHazard,42
3.2,0.25691612263673674,0.22979303475724747,RFS,OOD,GEO,PCHazard,42
3.4,0.26919977742981294,0.23422068527098092,RFS,OOD,GEO,PCHazard,42
3.6,0.277301568856652,0.23677711124836312,RFS,OOD,GEO,PCHazard,42
3.8,0.28274422519417575,0.23847547486582976,RFS,OOD,GEO,PCHazard,42
4.0,0.2908083641255578,0.24098559834351502,RFS,OOD,GEO,PCHazard,42
4.2,0.29303190004455604,0.2418775130591576,RFS,OOD,GEO,PCHazard,42
4.4,0.29661186380478377,0.24301041861777667,RFS,OOD,GEO,PCHazard,42
4.6,0.3058276501215263,0.24513057392544962,RFS,OOD,GEO,PCHazard,42
4.8,0.30713119178293163,0.24537385534010078,RFS,OOD,GEO,PCHazard,42
5.0,0.31623028684128107,0.2469729404093988,RFS,OOD,GEO,PCHazard,42
5.2,0.32254659944126807,0.2479264429043912,RFS,OOD,GEO,PCHazard,42
5.4,0.32647365265325,0.2484232904469286,RFS,OOD,GEO,PCHazard,42
5.6,0.32812856592497797,0.24872586762353474,RFS,OOD,GEO,PCHazard,42
5.8,0.3309033315106396,0.24900716369549938,RFS,OOD,GEO,PCHazard,42
6.0,0.27395602729335594,0.24914114156738193,RFS,OOD,GEO,PCHazard,42
6.2,0.27820426390313147,0.24940561179143944,RFS,OOD,GEO,PCHazard,42
6.4,0.2819267647231669,0.24963250661893563,RFS,OOD,GEO,PCHazard,42
6.6,0.28517967157697993,0.2498209742964881,RFS,OOD,GEO,PCHazard,42
6.8,0.2878837352155541,0.24996301289796788,RFS,OOD,GEO,PCHazard,42
7.0,0.29046192233770857,0.25004325767185065,RFS,OOD,GEO,PCHazard,42
7.2,0.2937893192916676,0.2501212037263686,RFS,OOD,GEO,PCHazard,42
7.4,0.28892716979396477,0.25012633187081634,RFS,OOD,GEO,PCHazard,42
0.6,0.06532625601607218,0.06105873629099478,RFS,OOD,GEO,PCHazard,43
0.8,0.08324453099378912,0.07631487905341318,RFS,OOD,GEO,PCHazard,43
1.0,0.11235831972955986,0.09973403450701973,RFS,OOD,GEO,PCHazard,43
1.2,0.13597342503974866,0.11748480909037463,RFS,OOD,GEO,PCHazard,43
1.4,0.16521259672008665,0.1379176254236341,RFS,OOD,GEO,PCHazard,43
1.6,0.1959241500209107,0.15753820204447896,RFS,OOD,GEO,PCHazard,43
1.8,0.2113410269857595,0.16667648553949937,RFS,OOD,GEO,PCHazard,43
2.0,0.2367179266985305,0.18068316238681928,RFS,OOD,GEO,PCHazard,43
2.2,0.2608059328859938,0.19278694174502042,RFS,OOD,GEO,PCHazard,43
2.4,0.2793494297181305,0.20131417879260785,RFS,OOD,GEO,PCHazard,43
2.6,0.30654377108267744,0.21257571458645833,RFS,OOD,GEO,PCHazard,43
2.8,0.32098851650943117,0.21795601494052216,RFS,OOD,GEO,PCHazard,43
3.0,0.22897725216276074,0.22439787693734867,RFS,OOD,GEO,PCHazard,43
3.2,0.23739738362475796,0.22979303475724747,RFS,OOD,GEO,PCHazard,43
3.4,0.24662975312411617,0.23422068527098092,RFS,OOD,GEO,PCHazard,43
3.6,0.2535616351798896,0.23677711124836312,RFS,OOD,GEO,PCHazard,43
3.8,0.25657105813404596,0.23847547486582976,RFS,OOD,GEO,PCHazard,43
4.0,0.26220453971085794,0.24098559834351502,RFS,OOD,GEO,PCHazard,43
4.2,0.26170297473739884,0.2418775130591576,RFS,OOD,GEO,PCHazard,43
4.4,0.2622399199201121,0.24301041861777667,RFS,OOD,GEO,PCHazard,43
4.6,0.2690209314926228,0.24513057392544962,RFS,OOD,GEO,PCHazard,43
4.8,0.26982213387523774,0.24537385534010078,RFS,OOD,GEO,PCHazard,43
5.0,0.2751946382157519,0.2469729404093988,RFS,OOD,GEO,PCHazard,43
5.2,0.28131677049559345,0.2479264429043912,RFS,OOD,GEO,PCHazard,43
5.4,0.2844356750464948,0.2484232904469286,RFS,OOD,GEO,PCHazard,43
5.6,0.286091342039679,0.24872586762353474,RFS,OOD,GEO,PCHazard,43
5.8,0.2878899328121755,0.24900716369549938,RFS,OOD,GEO,PCHazard,43
6.0,0.2589843321045155,0.24914114156738193,RFS,OOD,GEO,PCHazard,43
6.2,0.2622807126120803,0.24940561179143944,RFS,OOD,GEO,PCHazard,43
6.4,0.2648321022526107,0.24963250661893563,RFS,OOD,GEO,PCHazard,43
6.6,0.2646045094893495,0.2498209742964881,RFS,OOD,GEO,PCHazard,43
6.8,0.26354985501373157,0.24996301289796788,RFS,OOD,GEO,PCHazard,43
7.0,0.2641933001778276,0.25004325767185065,RFS,OOD,GEO,PCHazard,43
7.2,0.2705440586111589,0.2501212037263686,RFS,OOD,GEO,PCHazard,43
7.4,0.26992128900458034,0.25012633187081634,RFS,OOD,GEO,PCHazard,43
0.6,0.06532625601607218,0.06105873629099478,RFS,OOD,GEO,PCHazard,44
0.8,0.08324453099378912,0.07631487905341318,RFS,OOD,GEO,PCHazard,44
1.0,0.11235831972955986,0.09973403450701973,RFS,OOD,GEO,PCHazard,44
1.2,0.13597342503974866,0.11748480909037463,RFS,OOD,GEO,PCHazard,44
1.4,0.16521259672008665,0.1379176254236341,RFS,OOD,GEO,PCHazard,44
1.6,0.1959241500209107,0.15753820204447896,RFS,OOD,GEO,PCHazard,44
1.8,0.2113410269857595,0.16667648553949937,RFS,OOD,GEO,PCHazard,44
2.0,0.2367179266985305,0.18068316238681928,RFS,OOD,GEO,PCHazard,44
2.2,0.2608059328859938,0.19278694174502042,RFS,OOD,GEO,PCHazard,44
2.4,0.2793494297181305,0.20131417879260785,RFS,OOD,GEO,PCHazard,44
2.6,0.30654377108267744,0.21257571458645833,RFS,OOD,GEO,PCHazard,44
2.8,0.23495171864794331,0.21795601494052216,RFS,OOD,GEO,PCHazard,44
3.0,0.24717459136752878,0.22439787693734867,RFS,OOD,GEO,PCHazard,44
3.2,0.2603567358691759,0.22979303475724747,RFS,OOD,GEO,PCHazard,44
3.4,0.27259989670334894,0.23422068527098092,RFS,OOD,GEO,PCHazard,44
3.6,0.28134415775103466,0.23677711124836312,RFS,OOD,GEO,PCHazard,44
3.8,0.28639384318937877,0.23847547486582976,RFS,OOD,GEO,PCHazard,44
4.0,0.2955588306860373,0.24098559834351502,RFS,OOD,GEO,PCHazard,44
4.2,0.2975184130328081,0.2418775130591576,RFS,OOD,GEO,PCHazard,44
4.4,0.30198875031735106,0.24301041861777667,RFS,OOD,GEO,PCHazard,44
4.6,0.3114252083592316,0.24513057392544962,RFS,OOD,GEO,PCHazard,44
4.8,0.31231319124221046,0.24537385534010078,RFS,OOD,GEO,PCHazard,44
5.0,0.3197663162202646,0.2469729404093988,RFS,OOD,GEO,PCHazard,44
5.2,0.325427552096366,0.2479264429043912,RFS,OOD,GEO,PCHazard,44
5.4,0.32883679679594785,0.2484232904469286,RFS,OOD,GEO,PCHazard,44
5.6,0.2748347187082607,0.24872586762353474,RFS,OOD,GEO,PCHazard,44
5.8,0.27870409031634624,0.24900716369549938,RFS,OOD,GEO,PCHazard,44
6.0,0.28033066732713363,0.24914114156738193,RFS,OOD,GEO,PCHazard,44
6.2,0.28468630624628743,0.24940561179143944,RFS,OOD,GEO,PCHazard,44
6.4,0.2860540104024589,0.24963250661893563,RFS,OOD,GEO,PCHazard,44
6.6,0.28889812939323967,0.2498209742964881,RFS,OOD,GEO,PCHazard,44
6.8,0.2912556418265694,0.24996301289796788,RFS,OOD,GEO,PCHazard,44
7.0,0.2935485904258076,0.25004325767185065,RFS,OOD,GEO,PCHazard,44
7.2,0.29834832976785103,0.2501212037263686,RFS,OOD,GEO,PCHazard,44
7.4,0.29825340220946467,0.25012633187081634,RFS,OOD,GEO,PCHazard,44
0.6,0.06095121840187478,0.06105873629099478,RFS,OOD,GEO,PMF,40
0.8,0.07702934316949554,0.07631487905341318,RFS,OOD,GEO,PMF,40
1.0,0.1029366599129629,0.09973403450701973,RFS,OOD,GEO,PMF,40
1.2,0.12399881517689504,0.11748480909037463,RFS,OOD,GEO,PMF,40
1.4,0.14988406531927168,0.1379176254236341,RFS,OOD,GEO,PMF,40
1.6,0.17721886617594831,0.15753820204447896,RFS,OOD,GEO,PMF,40
1.8,0.19060474417687948,0.16667648553949937,RFS,OOD,GEO,PMF,40
2.0,0.21314277601023307,0.18068316238681928,RFS,OOD,GEO,PMF,40
2.2,0.23448146394324199,0.19278694174502042,RFS,OOD,GEO,PMF,40
2.4,0.25113771277468794,0.20131417879260785,RFS,OOD,GEO,PMF,40
2.6,0.2754773645061493,0.21257571458645833,RFS,OOD,GEO,PMF,40
2.8,0.28853404152956663,0.21795601494052216,RFS,OOD,GEO,PMF,40
3.0,0.30517965726637974,0.22439787693734867,RFS,OOD,GEO,PMF,40
3.2,0.2439904524781911,0.22979303475724747,RFS,OOD,GEO,PMF,40
3.4,0.2536752336672428,0.23422068527098092,RFS,OOD,GEO,PMF,40
3.6,0.2620644767456999,0.23677711124836312,RFS,OOD,GEO,PMF,40
3.8,0.2672030160012553,0.23847547486582976,RFS,OOD,GEO,PMF,40
4.0,0.2746659244359865,0.24098559834351502,RFS,OOD,GEO,PMF,40
4.2,0.27734074181527013,0.2418775130591576,RFS,OOD,GEO,PMF,40
4.4,0.28053670277345155,0.24301041861777667,RFS,OOD,GEO,PMF,40
4.6,0.2904212998900249,0.24513057392544962,RFS,OOD,GEO,PMF,40
4.8,0.2908710120651917,0.24537385534010078,RFS,OOD,GEO,PMF,40
5.0,0.2967838933935532,0.2469729404093988,RFS,OOD,GEO,PMF,40
5.2,0.30213877233634767,0.2479264429043912,RFS,OOD,GEO,PMF,40
5.4,0.3066470027614053,0.2484232904469286,RFS,OOD,GEO,PMF,40
5.6,0.30714232797764596,0.24872586762353474,RFS,OOD,GEO,PMF,40
5.8,0.3086152755991467,0.24900716369549938,RFS,OOD,GEO,PMF,40
6.0,0.31115738407009547,0.24914114156738193,RFS,OOD,GEO,PMF,40
6.2,0.3150943668817104,0.24940561179143944,RFS,OOD,GEO,PMF,40
6.4,0.2747598481711062,0.24963250661893563,RFS,OOD,GEO,PMF,40
6.6,0.27499467107400605,0.2498209742964881,RFS,OOD,GEO,PMF,40
6.8,0.2754988354550342,0.24996301289796788,RFS,OOD,GEO,PMF,40
7.0,0.27750929956292186,0.25004325767185065,RFS,OOD,GEO,PMF,40
7.2,0.28304653655847845,0.2501212037263686,RFS,OOD,GEO,PMF,40
7.4,0.28298780911117793,0.25012633187081634,RFS,OOD,GEO,PMF,40
0.6,0.06142882036151755,0.06105873629099478,RFS,OOD,GEO,PMF,41
0.8,0.07791891891808707,0.07631487905341318,RFS,OOD,GEO,PMF,41
1.0,0.1042861255794842,0.09973403450701973,RFS,OOD,GEO,PMF,41
1.2,0.12583811629629685,0.11748480909037463,RFS,OOD,GEO,PMF,41
1.4,0.15260339233918582,0.1379176254236341,RFS,OOD,GEO,PMF,41
1.6,0.18056365261014412,0.15753820204447896,RFS,OOD,GEO,PMF,41
1.8,0.19448287081371712,0.16667648553949937,RFS,OOD,GEO,PMF,41
2.0,0.217872138273228,0.18068316238681928,RFS,OOD,GEO,PMF,41
2.2,0.2398461138921721,0.19278694174502042,RFS,OOD,GEO,PMF,41
2.4,0.2567418013385147,0.20131417879260785,RFS,OOD,GEO,PMF,41
2.6,0.2817799008065784,0.21257571458645833,RFS,OOD,GEO,PMF,41
2.8,0.2947427353865237,0.21795601494052216,RFS,OOD,GEO,PMF,41
3.0,0.31170849749765767,0.22439787693734867,RFS,OOD,GEO,PMF,41
3.2,0.32788261091028126,0.22979303475724747,RFS,OOD,GEO,PMF,41
3.4,0.2730276091289357,0.23422068527098092,RFS,OOD,GEO,PMF,41
3.6,0.2813236116310728,0.23677711124836312,RFS,OOD,GEO,PMF,41
3.8,0.2875277256294877,0.23847547486582976,RFS,OOD,GEO,PMF,41
4.0,0.2953883974723846,0.24098559834351502,RFS,OOD,GEO,PMF,41
4.2,0.29776454231409005,0.2418775130591576,RFS,OOD,GEO,PMF,41
4.4,0.3024327275471393,0.24301041861777667,RFS,OOD,GEO,PMF,41
4.6,0.31333809020415,0.24513057392544962,RFS,OOD,GEO,PMF,41
4.8,0.314621414664697,0.24537385534010078,RFS,OOD,GEO,PMF,41
5.0,0.32126388807659856,0.2469729404093988,RFS,OOD,GEO,PMF,41
5.2,0.32733811511149613,0.2479264429043912,RFS,OOD,GEO,PMF,41
5.4,0.3313942634893163,0.2484232904469286,RFS,OOD,GEO,PMF,41
5.6,0.3345069006060877,0.24872586762353474,RFS,OOD,GEO,PMF,41
5.8,0.3378894211863008,0.24900716369549938,RFS,OOD,GEO,PMF,41
6.0,0.3394148010929796,0.24914114156738193,RFS,OOD,GEO,PMF,41
6.2,0.3433836476914534,0.24940561179143944,RFS,OOD,GEO,PMF,41
6.4,0.34690019356236695,0.24963250661893563,RFS,OOD,GEO,PMF,41
6.6,0.2800647967527255,0.2498209742964881,RFS,OOD,GEO,PMF,41
6.8,0.2829993197637619,0.24996301289796788,RFS,OOD,GEO,PMF,41
7.0,0.28193432573362853,0.25004325767185065,RFS,OOD,GEO,PMF,41
7.2,0.28617395066546,0.2501212037263686,RFS,OOD,GEO,PMF,41
7.4,0.2879313218035184,0.25012633187081634,RFS,OOD,GEO,PMF,41
0.6,0.061213036926652635,0.06105873629099478,RFS,OOD,GEO,PMF,42
0.8,0.07756987749256222,0.07631487905341318,RFS,OOD,GEO,PMF,42
1.0,0.1033479899951032,0.09973403450701973,RFS,OOD,GEO,PMF,42
1.2,0.12449644391353976,0.11748480909037463,RFS,OOD,GEO,PMF,42
1.4,0.15064798451717532,0.1379176254236341,RFS,OOD,GEO,PMF,42
1.6,0.17841662950886467,0.15753820204447896,RFS,OOD,GEO,PMF,42
1.8,0.1922451408350904,0.16667648553949937,RFS,OOD,GEO,PMF,42
2.0,0.21500039330031492,0.18068316238681928,RFS,OOD,GEO,PMF,42
2.2,0.23684951753732958,0.19278694174502042,RFS,OOD,GEO,PMF,42
2.4,0.25361742812523386,0.20131417879260785,RFS,OOD,GEO,PMF,42
2.6,0.27818560470034875,0.21257571458645833,RFS,OOD,GEO,PMF,42
2.8,0.29138134783599673,0.21795601494052216,RFS,OOD,GEO,PMF,42
3.0,0.30816864410934985,0.22439787693734867,RFS,OOD,GEO,PMF,42
3.2,0.3240872411921822,0.22979303475724747,RFS,OOD,GEO,PMF,42
3.4,0.2644103152759806,0.23422068527098092,RFS,OOD,GEO,PMF,42
3.6,0.2718966617308231,0.23677711124836312,RFS,OOD,GEO,PMF,42
3.8,0.2778505135580684,0.23847547486582976,RFS,OOD,GEO,PMF,42
4.0,0.2858047823651638,0.24098559834351502,RFS,OOD,GEO,PMF,42
4.2,0.2872492309613956,0.2418775130591576,RFS,OOD,GEO,PMF,42
4.4,0.2902800861162892,0.24301041861777667,RFS,OOD,GEO,PMF,42
4.6,0.2995894675406682,0.24513057392544962,RFS,OOD,GEO,PMF,42
4.8,0.3006425529360207,0.24537385534010078,RFS,OOD,GEO,PMF,42
5.0,0.3086665201457149,0.2469729404093988,RFS,OOD,GEO,PMF,42
5.2,0.3148356777170469,0.2479264429043912,RFS,OOD,GEO,PMF,42
5.4,0.3190495641336417,0.2484232904469286,RFS,OOD,GEO,PMF,42
5.6,0.32131376933609357,0.24872586762353474,RFS,OOD,GEO,PMF,42
5.8,0.32449892911565964,0.24900716369549938,RFS,OOD,GEO,PMF,42
6.0,0.32679846846131216,0.24914114156738193,RFS,OOD,GEO,PMF,42
6.2,0.33104666564798,0.24940561179143944,RFS,OOD,GEO,PMF,42
6.4,0.33488791250227373,0.24963250661893563,RFS,OOD,GEO,PMF,42
6.6,0.2935050436262353,0.2498209742964881,RFS,OOD,GEO,PMF,42
6.8,0.2953543154353775,0.24996301289796788,RFS,OOD,GEO,PMF,42
7.0,0.2975298163043143,0.25004325767185065,RFS,OOD,GEO,PMF,42
7.2,0.3014727970398863,0.2501212037263686,RFS,OOD,GEO,PMF,42
7.4,0.3011622884523215,0.25012633187081634,RFS,OOD,GEO,PMF,42
0.6,0.06114001524174095,0.06105873629099478,RFS,OOD,GEO,PMF,43
0.8,0.07727592784187695,0.07631487905341318,RFS,OOD,GEO,PMF,43
1.0,0.10325267426608219,0.09973403450701973,RFS,OOD,GEO,PMF,43
1.2,0.1243201296755916,0.11748480909037463,RFS,OOD,GEO,PMF,43
1.4,0.1505122596053099,0.1379176254236341,RFS,OOD,GEO,PMF,43
1.6,0.17807336635110657,0.15753820204447896,RFS,OOD,GEO,PMF,43
1.8,0.1917176444510629,0.16667648553949937,RFS,OOD,GEO,PMF,43
2.0,0.21431133661862284,0.18068316238681928,RFS,OOD,GEO,PMF,43
2.2,0.23578161673441647,0.19278694174502042,RFS,OOD,GEO,PMF,43
2.4,0.2524930158765391,0.20131417879260785,RFS,OOD,GEO,PMF,43
2.6,0.27702978118595367,0.21257571458645833,RFS,OOD,GEO,PMF,43
2.8,0.290169045860262,0.21795601494052216,RFS,OOD,GEO,PMF,43
3.0,0.30732933294795556,0.22439787693734867,RFS,OOD,GEO,PMF,43
3.2,0.3233441159137191,0.22979303475724747,RFS,OOD,GEO,PMF,43
3.4,0.27036029707863746,0.23422068527098092,RFS,OOD,GEO,PMF,43
3.6,0.27784387069920774,0.23677711124836312,RFS,OOD,GEO,PMF,43
3.8,0.2830053538430068,0.23847547486582976,RFS,OOD,GEO,PMF,43
4.0,0.2899783860674454,0.24098559834351502,RFS,OOD,GEO,PMF,43
4.2,0.29226666259558,0.2418775130591576,RFS,OOD,GEO,PMF,43
4.4,0.29527296894680194,0.24301041861777667,RFS,OOD,GEO,PMF,43
4.6,0.30451201234879816,0.24513057392544962,RFS,OOD,GEO,PMF,43
4.8,0.3056979889628643,0.24537385534010078,RFS,OOD,GEO,PMF,43
5.0,0.3126968407579513,0.2469729404093988,RFS,OOD,GEO,PMF,43
5.2,0.3178920722539775,0.2479264429043912,RFS,OOD,GEO,PMF,43
5.4,0.32188114122250455,0.2484232904469286,RFS,OOD,GEO,PMF,43
5.6,0.3243212296661984,0.24872586762353474,RFS,OOD,GEO,PMF,43
5.8,0.32650076371278447,0.24900716369549938,RFS,OOD,GEO,PMF,43
6.0,0.3286168452825212,0.24914114156738193,RFS,OOD,GEO,PMF,43
6.2,0.33291804155635757,0.24940561179143944,RFS,OOD,GEO,PMF,43
6.4,0.3370497200758362,0.24963250661893563,RFS,OOD,GEO,PMF,43
6.6,0.2956988175451972,0.2498209742964881,RFS,OOD,GEO,PMF,43
6.8,0.2968513382017512,0.24996301289796788,RFS,OOD,GEO,PMF,43
7.0,0.29812631433550546,0.25004325767185065,RFS,OOD,GEO,PMF,43
7.2,0.30205782167649714,0.2501212037263686,RFS,OOD,GEO,PMF,43
7.4,0.3004306295106183,0.25012633187081634,RFS,OOD,GEO,PMF,43
0.6,0.061904167984461515,0.06105873629099478,RFS,OOD,GEO,PMF,44
0.8,0.0771491176737018,0.07631487905341318,RFS,OOD,GEO,PMF,44
1.0,0.10307854428751857,0.09973403450701973,RFS,OOD,GEO,PMF,44
1.2,0.12375467962884282,0.11748480909037463,RFS,OOD,GEO,PMF,44
1.4,0.14867120933299208,0.1379176254236341,RFS,OOD,GEO,PMF,44
1.6,0.17538924572729195,0.15753820204447896,RFS,OOD,GEO,PMF,44
1.8,0.18848528963076117,0.16667648553949937,RFS,OOD,GEO,PMF,44
2.0,0.21077063555337913,0.18068316238681928,RFS,OOD,GEO,PMF,44
2.2,0.23153301528129944,0.19278694174502042,RFS,OOD,GEO,PMF,44
2.4,0.24782770817476388,0.20131417879260785,RFS,OOD,GEO,PMF,44
2.6,0.2715346949574271,0.21257571458645833,RFS,OOD,GEO,PMF,44
2.8,0.2835710568111827,0.21795601494052216,RFS,OOD,GEO,PMF,44
3.0,0.30006967266108675,0.22439787693734867,RFS,OOD,GEO,PMF,44
3.2,0.26513409759273954,0.22979303475724747,RFS,OOD,GEO,PMF,44
3.4,0.27666903083624816,0.23422068527098092,RFS,OOD,GEO,PMF,44
3.6,0.2849185081279923,0.23677711124836312,RFS,OOD,GEO,PMF,44
3.8,0.2903797498829919,0.23847547486582976,RFS,OOD,GEO,PMF,44
4.0,0.29946779949074015,0.24098559834351502,RFS,OOD,GEO,PMF,44
4.2,0.3012539596395611,0.2418775130591576,RFS,OOD,GEO,PMF,44
4.4,0.3060196986841056,0.24301041861777667,RFS,OOD,GEO,PMF,44
4.6,0.315273700262301,0.24513057392544962,RFS,OOD,GEO,PMF,44
4.8,0.315898711840241,0.24537385534010078,RFS,OOD,GEO,PMF,44
5.0,0.32498112900365766,0.2469729404093988,RFS,OOD,GEO,PMF,44
5.2,0.3309388114096428,0.2479264429043912,RFS,OOD,GEO,PMF,44
5.4,0.3355007738681292,0.2484232904469286,RFS,OOD,GEO,PMF,44
5.6,0.3380954101621104,0.24872586762353474,RFS,OOD,GEO,PMF,44
5.8,0.3411002070880095,0.24900716369549938,RFS,OOD,GEO,PMF,44
6.0,0.34300128975005634,0.24914114156738193,RFS,OOD,GEO,PMF,44
6.2,0.3465507944069159,0.24940561179143944,RFS,OOD,GEO,PMF,44
6.4,0.2849832906148759,0.24963250661893563,RFS,OOD,GEO,PMF,44
6.6,0.28774731300998524,0.2498209742964881,RFS,OOD,GEO,PMF,44
6.8,0.29071596706267305,0.24996301289796788,RFS,OOD,GEO,PMF,44
7.0,0.29327372780273564,0.25004325767185065,RFS,OOD,GEO,PMF,44
7.2,0.2980306138297838,0.2501212037263686,RFS,OOD,GEO,PMF,44
7.4,0.29912101048007006,0.25012633187081634,RFS,OOD,GEO,PMF,44
0.6,0.06508319645416036,0.06105873629099478,RFS,OOD,GEO,RSF,40
0.8,0.08251740609041579,0.07631487905341318,RFS,OOD,GEO,RSF,40
1.0,0.10901590100866329,0.09973403450701973,RFS,OOD,GEO,RSF,40
1.2,0.13005390260221922,0.11748480909037463,RFS,OOD,GEO,RSF,40
1.4,0.1560329343236564,0.1379176254236341,RFS,OOD,GEO,RSF,40
1.6,0.1824942275974483,0.15753820204447896,RFS,OOD,GEO,RSF,40
1.8,0.19249586617683861,0.16667648553949937,RFS,OOD,GEO,RSF,40
2.0,0.21138441861092477,0.18068316238681928,RFS,OOD,GEO,RSF,40
2.2,0.22750042600760442,0.19278694174502042,RFS,OOD,GEO,RSF,40
2.4,0.2365551839153551,0.20131417879260785,RFS,OOD,GEO,RSF,40
2.6,0.24968304934079794,0.21257571458645833,RFS,OOD,GEO,RSF,40
2.8,0.25629775583085324,0.21795601494052216,RFS,OOD,GEO,RSF,40
3.0,0.2638077469554195,0.22439787693734867,RFS,OOD,GEO,RSF,40
3.2,0.26876771603130545,0.22979303475724747,RFS,OOD,GEO,RSF,40
3.4,0.2751636566611463,0.23422068527098092,RFS,OOD,GEO,RSF,40
3.6,0.27167901201775774,0.23677711124836312,RFS,OOD,GEO,RSF,40
3.8,0.2740877630693211,0.23847547486582976,RFS,OOD,GEO,RSF,40
4.0,0.27904488878496614,0.24098559834351502,RFS,OOD,GEO,RSF,40
4.2,0.277454939931383,0.2418775130591576,RFS,OOD,GEO,RSF,40
4.4,0.2763953515611561,0.24301041861777667,RFS,OOD,GEO,RSF,40
4.6,0.2800116582181909,0.24513057392544962,RFS,OOD,GEO,RSF,40
4.8,0.27811574556741137,0.24537385534010078,RFS,OOD,GEO,RSF,40
5.0,0.2826946459977096,0.2469729404093988,RFS,OOD,GEO,RSF,40
5.2,0.2856613311049044,0.2479264429043912,RFS,OOD,GEO,RSF,40
5.4,0.282166866381503,0.2484232904469286,RFS,OOD,GEO,RSF,40
5.6,0.2820942738039424,0.24872586762353474,RFS,OOD,GEO,RSF,40
5.8,0.2819323362032953,0.24900716369549938,RFS,OOD,GEO,RSF,40
6.0,0.28196759636581764,0.24914114156738193,RFS,OOD,GEO,RSF,40
6.2,0.28117800059265624,0.24940561179143944,RFS,OOD,GEO,RSF,40
6.4,0.280924969149509,0.24963250661893563,RFS,OOD,GEO,RSF,40
6.6,0.28198362306807023,0.2498209742964881,RFS,OOD,GEO,RSF,40
6.8,0.2820292337338338,0.24996301289796788,RFS,OOD,GEO,RSF,40
7.0,0.28089270772641584,0.25004325767185065,RFS,OOD,GEO,RSF,40
7.2,0.27864019077080693,0.2501212037263686,RFS,OOD,GEO,RSF,40
7.4,0.2776707687970912,0.25012633187081634,RFS,OOD,GEO,RSF,40
0.6,0.06411394210791958,0.06105873629099478,RFS,OOD,GEO,RSF,41
0.8,0.080875605480865,0.07631487905341318,RFS,OOD,GEO,RSF,41
1.0,0.10693156884782315,0.09973403450701973,RFS,OOD,GEO,RSF,41
1.2,0.12717013310950523,0.11748480909037463,RFS,OOD,GEO,RSF,41
1.4,0.15299800203524178,0.1379176254236341,RFS,OOD,GEO,RSF,41
1.6,0.17796962036796435,0.15753820204447896,RFS,OOD,GEO,RSF,41
1.8,0.18488369070537344,0.16667648553949937,RFS,OOD,GEO,RSF,41
2.0,0.19985429220867748,0.18068316238681928,RFS,OOD,GEO,RSF,41
2.2,0.21684483477763186,0.19278694174502042,RFS,OOD,GEO,RSF,41
2.4,0.23118042970936079,0.20131417879260785,RFS,OOD,GEO,RSF,41
2.6,0.25138042636544106,0.21257571458645833,RFS,OOD,GEO,RSF,41
2.8,0.2603938633464996,0.21795601494052216,RFS,OOD,GEO,RSF,41
3.0,0.27090796669871875,0.22439787693734867,RFS,OOD,GEO,RSF,41
3.2,0.2795760194194926,0.22979303475724747,RFS,OOD,GEO,RSF,41
3.4,0.2861435787667187,0.23422068527098092,RFS,OOD,GEO,RSF,41
3.6,0.28486304225946685,0.23677711124836312,RFS,OOD,GEO,RSF,41
3.8,0.28326174123830755,0.23847547486582976,RFS,OOD,GEO,RSF,41
4.0,0.28801795773663225,0.24098559834351502,RFS,OOD,GEO,RSF,41
4.2,0.281979096461178,0.2418775130591576,RFS,OOD,GEO,RSF,41
4.4,0.28130736103992515,0.24301041861777667,RFS,OOD,GEO,RSF,41
4.6,0.2827772715515961,0.24513057392544962,RFS,OOD,GEO,RSF,41
4.8,0.2783953795576533,0.24537385534010078,RFS,OOD,GEO,RSF,41
5.0,0.282219911054652,0.2469729404093988,RFS,OOD,GEO,RSF,41
5.2,0.28535426164742544,0.2479264429043912,RFS,OOD,GEO,RSF,41
5.4,0.2832300909917453,0.2484232904469286,RFS,OOD,GEO,RSF,41
5.6,0.2813937395746026,0.24872586762353474,RFS,OOD,GEO,RSF,41
5.8,0.28045726678921606,0.24900716369549938,RFS,OOD,GEO,RSF,41
6.0,0.27706342744608564,0.24914114156738193,RFS,OOD,GEO,RSF,41
6.2,0.2768385426683442,0.24940561179143944,RFS,OOD,GEO,RSF,41
6.4,0.2774277300718889,0.24963250661893563,RFS,OOD,GEO,RSF,41
6.6,0.2774074981694283,0.2498209742964881,RFS,OOD,GEO,RSF,41
6.8,0.27418795261944634,0.24996301289796788,RFS,OOD,GEO,RSF,41
7.0,0.2709894999284016,0.25004325767185065,RFS,OOD,GEO,RSF,41
7.2,0.26930148866172504,0.2501212037263686,RFS,OOD,GEO,RSF,41
7.4,0.2667629715618415,0.25012633187081634,RFS,OOD,GEO,RSF,41
0.6,0.06479768581778461,0.06105873629099478,RFS,OOD,GEO,RSF,42
0.8,0.08139678499696863,0.07631487905341318,RFS,OOD,GEO,RSF,42
1.0,0.1073157331618219,0.09973403450701973,RFS,OOD,GEO,RSF,42
1.2,0.12875362917926114,0.11748480909037463,RFS,OOD,GEO,RSF,42
1.4,0.15217585615084084,0.1379176254236341,RFS,OOD,GEO,RSF,42
1.6,0.17574428866452568,0.15753820204447896,RFS,OOD,GEO,RSF,42
1.8,0.1879236308122441,0.16667648553949937,RFS,OOD,GEO,RSF,42
2.0,0.2061617109668658,0.18068316238681928,RFS,OOD,GEO,RSF,42
2.2,0.22393866416184502,0.19278694174502042,RFS,OOD,GEO,RSF,42
2.4,0.23727968790028173,0.20131417879260785,RFS,OOD,GEO,RSF,42
2.6,0.2539611601170864,0.21257571458645833,RFS,OOD,GEO,RSF,42
2.8,0.261351141430063,0.21795601494052216,RFS,OOD,GEO,RSF,42
3.0,0.2687873659049035,0.22439787693734867,RFS,OOD,GEO,RSF,42
3.2,0.27809255538402233,0.22979303475724747,RFS,OOD,GEO,RSF,42
3.4,0.28375776073706777,0.23422068527098092,RFS,OOD,GEO,RSF,42
3.6,0.28356452004740673,0.23677711124836312,RFS,OOD,GEO,RSF,42
3.8,0.28679300557289567,0.23847547486582976,RFS,OOD,GEO,RSF,42
4.0,0.2901977249130318,0.24098559834351502,RFS,OOD,GEO,RSF,42
4.2,0.28596818944956065,0.2418775130591576,RFS,OOD,GEO,RSF,42
4.4,0.28420705786211464,0.24301041861777667,RFS,OOD,GEO,RSF,42
4.6,0.29046866847986047,0.24513057392544962,RFS,OOD,GEO,RSF,42
4.8,0.2874100959688026,0.24537385534010078,RFS,OOD,GEO,RSF,42
5.0,0.2884076769231001,0.2469729404093988,RFS,OOD,GEO,RSF,42
5.2,0.29045784058760465,0.2479264429043912,RFS,OOD,GEO,RSF,42
5.4,0.29125397786353746,0.2484232904469286,RFS,OOD,GEO,RSF,42
5.6,0.2912919799067507,0.24872586762353474,RFS,OOD,GEO,RSF,42
5.8,0.2911464472749469,0.24900716369549938,RFS,OOD,GEO,RSF,42
6.0,0.28841587097903093,0.24914114156738193,RFS,OOD,GEO,RSF,42
6.2,0.29072966910763476,0.24940561179143944,RFS,OOD,GEO,RSF,42
6.4,0.2914599220468916,0.24963250661893563,RFS,OOD,GEO,RSF,42
6.6,0.2897181286169444,0.2498209742964881,RFS,OOD,GEO,RSF,42
6.8,0.28841883322709616,0.24996301289796788,RFS,OOD,GEO,RSF,42
7.0,0.2891627393991189,0.25004325767185065,RFS,OOD,GEO,RSF,42
7.2,0.28683364033614855,0.2501212037263686,RFS,OOD,GEO,RSF,42
7.4,0.2820458459865278,0.25012633187081634,RFS,OOD,GEO,RSF,42
0.6,0.06470330009348128,0.06105873629099478,RFS,OOD,GEO,RSF,43
0.8,0.08174787755470043,0.07631487905341318,RFS,OOD,GEO,RSF,43
1.0,0.10858905802164098,0.09973403450701973,RFS,OOD,GEO,RSF,43
1.2,0.12984203165012373,0.11748480909037463,RFS,OOD,GEO,RSF,43
1.4,0.15262641497847365,0.1379176254236341,RFS,OOD,GEO,RSF,43
1.6,0.1763682302921772,0.15753820204447896,RFS,OOD,GEO,RSF,43
1.8,0.18701939497032546,0.16667648553949937,RFS,OOD,GEO,RSF,43
2.0,0.206715361913077,0.18068316238681928,RFS,OOD,GEO,RSF,43
2.2,0.22248002950541182,0.19278694174502042,RFS,OOD,GEO,RSF,43
2.4,0.2348145462684806,0.20131417879260785,RFS,OOD,GEO,RSF,43
2.6,0.2482143333297196,0.21257571458645833,RFS,OOD,GEO,RSF,43
2.8,0.25892690907997107,0.21795601494052216,RFS,OOD,GEO,RSF,43
3.0,0.2672808216285141,0.22439787693734867,RFS,OOD,GEO,RSF,43
3.2,0.2738523991416537,0.22979303475724747,RFS,OOD,GEO,RSF,43
3.4,0.27645579870477516,0.23422068527098092,RFS,OOD,GEO,RSF,43
3.6,0.2794632642770173,0.23677711124836312,RFS,OOD,GEO,RSF,43
3.8,0.2761648509714272,0.23847547486582976,RFS,OOD,GEO,RSF,43
4.0,0.2796582676027031,0.24098559834351502,RFS,OOD,GEO,RSF,43
4.2,0.274152425983097,0.2418775130591576,RFS,OOD,GEO,RSF,43
4.4,0.2706853594633622,0.24301041861777667,RFS,OOD,GEO,RSF,43
4.6,0.2762890017791207,0.24513057392544962,RFS,OOD,GEO,RSF,43
4.8,0.27244677344620666,0.24537385534010078,RFS,OOD,GEO,RSF,43
5.0,0.27850684475293047,0.2469729404093988,RFS,OOD,GEO,RSF,43
5.2,0.28136977796749074,0.2479264429043912,RFS,OOD,GEO,RSF,43
5.4,0.2785577990056333,0.2484232904469286,RFS,OOD,GEO,RSF,43
5.6,0.2776096850816957,0.24872586762353474,RFS,OOD,GEO,RSF,43
5.8,0.2786047746138921,0.24900716369549938,RFS,OOD,GEO,RSF,43
6.0,0.27723133632419783,0.24914114156738193,RFS,OOD,GEO,RSF,43
6.2,0.2783801118542609,0.24940561179143944,RFS,OOD,GEO,RSF,43
6.4,0.27843913674932547,0.24963250661893563,RFS,OOD,GEO,RSF,43
6.6,0.2779741450011038,0.2498209742964881,RFS,OOD,GEO,RSF,43
6.8,0.2770797432394646,0.24996301289796788,RFS,OOD,GEO,RSF,43
7.0,0.27564248770785726,0.25004325767185065,RFS,OOD,GEO,RSF,43
7.2,0.273261211512472,0.2501212037263686,RFS,OOD,GEO,RSF,43
7.4,0.2720326807042204,0.25012633187081634,RFS,OOD,GEO,RSF,43
0.6,0.06532625601607218,0.06105873629099478,RFS,OOD,GEO,RSF,44
0.8,0.08286035354703057,0.07631487905341318,RFS,OOD,GEO,RSF,44
1.0,0.11043382646053873,0.09973403450701973,RFS,OOD,GEO,RSF,44
1.2,0.13068032372761662,0.11748480909037463,RFS,OOD,GEO,RSF,44
1.4,0.15440513737398415,0.1379176254236341,RFS,OOD,GEO,RSF,44
1.6,0.1822843378881805,0.15753820204447896,RFS,OOD,GEO,RSF,44
1.8,0.1920341480198718,0.16667648553949937,RFS,OOD,GEO,RSF,44
2.0,0.2116393003345605,0.18068316238681928,RFS,OOD,GEO,RSF,44
2.2,0.2286971038317652,0.19278694174502042,RFS,OOD,GEO,RSF,44
2.4,0.24228887896862253,0.20131417879260785,RFS,OOD,GEO,RSF,44
2.6,0.26251431575251005,0.21257571458645833,RFS,OOD,GEO,RSF,44
2.8,0.2671947017124908,0.21795601494052216,RFS,OOD,GEO,RSF,44
3.0,0.2694052153161098,0.22439787693734867,RFS,OOD,GEO,RSF,44
3.2,0.27481449260268764,0.22979303475724747,RFS,OOD,GEO,RSF,44
3.4,0.2851802615461071,0.23422068527098092,RFS,OOD,GEO,RSF,44
3.6,0.28092074057554833,0.23677711124836312,RFS,OOD,GEO,RSF,44
3.8,0.2843429156701447,0.23847547486582976,RFS,OOD,GEO,RSF,44
4.0,0.2870038221184655,0.24098559834351502,RFS,OOD,GEO,RSF,44
4.2,0.2839876970588765,0.2418775130591576,RFS,OOD,GEO,RSF,44
4.4,0.2803114062739452,0.24301041861777667,RFS,OOD,GEO,RSF,44
4.6,0.28588139530794643,0.24513057392544962,RFS,OOD,GEO,RSF,44
4.8,0.2841509667650028,0.24537385534010078,RFS,OOD,GEO,RSF,44
5.0,0.29001463445751596,0.2469729404093988,RFS,OOD,GEO,RSF,44
5.2,0.29210941125730994,0.2479264429043912,RFS,OOD,GEO,RSF,44
5.4,0.29125429429646776,0.2484232904469286,RFS,OOD,GEO,RSF,44
5.6,0.29127664721752655,0.24872586762353474,RFS,OOD,GEO,RSF,44
5.8,0.2892827058913587,0.24900716369549938,RFS,OOD,GEO,RSF,44
6.0,0.2880758599525145,0.24914114156738193,RFS,OOD,GEO,RSF,44
6.2,0.28849445589460637,0.24940561179143944,RFS,OOD,GEO,RSF,44
6.4,0.28646117050565095,0.24963250661893563,RFS,OOD,GEO,RSF,44
6.6,0.28406989179907,0.2498209742964881,RFS,OOD,GEO,RSF,44
6.8,0.2823226973943789,0.24996301289796788,RFS,OOD,GEO,RSF,44
7.0,0.28276516942825664,0.25004325767185065,RFS,OOD,GEO,RSF,44
7.2,0.2789645073710253,0.2501212037263686,RFS,OOD,GEO,RSF,44
7.4,0.2764345367345575,0.25012633187081634,RFS,OOD,GEO,RSF,44
0.8,0.03585929004209444,0.03649470417219518,RFS,OOD,GSE6532,TabSurv_M,40
1.0,0.04506565044538981,0.045842265969183144,RFS,OOD,GSE6532,TabSurv_M,40
1.2,0.05608054941745526,0.05727025770194493,RFS,OOD,GSE6532,TabSurv_M,40
1.4,0.06051495593014373,0.06397522227339066,RFS,OOD,GSE6532,TabSurv_M,40
1.6,0.06657597249647096,0.07057346819950026,RFS,OOD,GSE6532,TabSurv_M,40
1.8,0.07261642041644291,0.07707050727238247,RFS,OOD,GSE6532,TabSurv_M,40
2.0,0.08286889224362412,0.08768572910095929,RFS,OOD,GSE6532,TabSurv_M,40
2.2,0.08759244667035775,0.09392067426703836,RFS,OOD,GSE6532,TabSurv_M,40
2.4,0.09090150772006604,0.09801733276495658,RFS,OOD,GSE6532,TabSurv_M,40
2.6,0.10594187664627193,0.11393955720808722,RFS,OOD,GSE6532,TabSurv_M,40
2.8,0.11462281912950284,0.12353580077539547,RFS,OOD,GSE6532,TabSurv_M,40
3.0,0.12399068290741659,0.13283796283354712,RFS,OOD,GSE6532,TabSurv_M,40
3.2,0.13196255177721325,0.1418124034142496,RFS,OOD,GSE6532,TabSurv_M,40
3.4,0.1334395545758119,0.14358143950496297,RFS,OOD,GSE6532,TabSurv_M,40
3.6,0.14020179719953582,0.15228658447687918,RFS,OOD,GSE6532,TabSurv_M,40
3.8,0.14865629394337726,0.16073099895360923,RFS,OOD,GSE6532,TabSurv_M,40
4.0,0.15043419338210107,0.16239230941676783,RFS,OOD,GSE6532,TabSurv_M,40
4.2,0.15489131000716874,0.16732246623474717,RFS,OOD,GSE6532,TabSurv_M,40
4.4,0.15822532091690983,0.17057794982623686,RFS,OOD,GSE6532,TabSurv_M,40
4.6,0.16698377085728672,0.17850870314890854,RFS,OOD,GSE6532,TabSurv_M,40
4.8,0.16708861789052587,0.17850870314890854,RFS,OOD,GSE6532,TabSurv_M,40
5.0,0.1724551557409858,0.18477872035626283,RFS,OOD,GSE6532,TabSurv_M,40
5.2,0.17632316724116637,0.1878600435635935,RFS,OOD,GSE6532,TabSurv_M,40
5.4,0.17770855115553036,0.18940072637177802,RFS,OOD,GSE6532,TabSurv_M,40
5.6,0.17818852319338851,0.189400726371778,RFS,OOD,GSE6532,TabSurv_M,40
5.8,0.18138876753740762,0.19251372129462802,RFS,OOD,GSE6532,TabSurv_M,40
6.0,0.18535893027294822,0.19557193216148927,RFS,OOD,GSE6532,TabSurv_M,40
6.2,0.1869183754619584,0.19710267824281308,RFS,OOD,GSE6532,TabSurv_M,40
6.4,0.18908233621067772,0.20016060603633373,RFS,OOD,GSE6532,TabSurv_M,40
6.6,0.19343573472520817,0.20464756792474667,RFS,OOD,GSE6532,TabSurv_M,40
6.8,0.1939476416679638,0.20464756792474667,RFS,OOD,GSE6532,TabSurv_M,40
7.0,0.1966777390405472,0.20756998771096102,RFS,OOD,GSE6532,TabSurv_M,40
7.2,0.20050945140341345,0.2118588866804198,RFS,OOD,GSE6532,TabSurv_M,40
7.4,0.20336183206260725,0.2132536938735696,RFS,OOD,GSE6532,TabSurv_M,40
7.6,0.20417898114067845,0.2132536938735696,RFS,OOD,GSE6532,TabSurv_M,40
7.8,0.20607894936502016,0.2146891876155908,RFS,OOD,GSE6532,TabSurv_M,40
8.0,0.20783317492293896,0.21612738866520684,RFS,OOD,GSE6532,TabSurv_M,40
8.2,0.2108761787470014,0.21895327785709756,RFS,OOD,GSE6532,TabSurv_M,40
8.4,0.2139810502574883,0.2216951451814506,RFS,OOD,GSE6532,TabSurv_M,40
8.6,0.2167120717111292,0.22437240583090826,RFS,OOD,GSE6532,TabSurv_M,40
8.8,0.2172649026044151,0.22437240583090817,RFS,OOD,GSE6532,TabSurv_M,40
9.0,0.22013722344575085,0.22577208426803666,RFS,OOD,GSE6532,TabSurv_M,40
9.2,0.2232719677726736,0.22985448478868448,RFS,OOD,GSE6532,TabSurv_M,40
9.4,0.223961672719424,0.22985448478868448,RFS,OOD,GSE6532,TabSurv_M,40
9.6,0.2272071799907822,0.23129837656896476,RFS,OOD,GSE6532,TabSurv_M,40
9.8,0.22812819245444252,0.2312983765689647,RFS,OOD,GSE6532,TabSurv_M,40
10.0,0.22714576500603526,0.23129837656896468,RFS,OOD,GSE6532,TabSurv_M,40
0.8,0.035747125783159556,0.03649470417219518,RFS,OOD,GSE6532,TabSurv_M,41
1.0,0.044882561532683996,0.045842265969183144,RFS,OOD,GSE6532,TabSurv_M,41
1.2,0.055812226257035774,0.05727025770194493,RFS,OOD,GSE6532,TabSurv_M,41
1.4,0.06063778490889195,0.06397522227339066,RFS,OOD,GSE6532,TabSurv_M,41
1.6,0.06651041653919157,0.07057346819950026,RFS,OOD,GSE6532,TabSurv_M,41
1.8,0.07203939257938338,0.07707050727238247,RFS,OOD,GSE6532,TabSurv_M,41
2.0,0.08254602782605332,0.08768572910095929,RFS,OOD,GSE6532,TabSurv_M,41
2.2,0.08735065871116403,0.09392067426703836,RFS,OOD,GSE6532,TabSurv_M,41
2.4,0.09052745909439595,0.09801733276495658,RFS,OOD,GSE6532,TabSurv_M,41
2.6,0.10571217295742946,0.11393955720808722,RFS,OOD,GSE6532,TabSurv_M,41
2.8,0.11445649345510098,0.12353580077539547,RFS,OOD,GSE6532,TabSurv_M,41
3.0,0.12315613433040322,0.13283796283354712,RFS,OOD,GSE6532,TabSurv_M,41
3.2,0.13085347002851552,0.1418124034142496,RFS,OOD,GSE6532,TabSurv_M,41
3.4,0.13167775514700597,0.14358143950496297,RFS,OOD,GSE6532,TabSurv_M,41
3.6,0.13878195395293913,0.15228658447687918,RFS,OOD,GSE6532,TabSurv_M,41
3.8,0.1465121751158941,0.16073099895360923,RFS,OOD,GSE6532,TabSurv_M,41
4.0,0.1477142914156406,0.16239230941676783,RFS,OOD,GSE6532,TabSurv_M,41
4.2,0.15186166852778343,0.16732246623474717,RFS,OOD,GSE6532,TabSurv_M,41
4.4,0.15521941223093397,0.17057794982623686,RFS,OOD,GSE6532,TabSurv_M,41
4.6,0.16349350733395412,0.17850870314890854,RFS,OOD,GSE6532,TabSurv_M,41
4.8,0.16328216861381903,0.17850870314890854,RFS,OOD,GSE6532,TabSurv_M,41
5.0,0.16873048193304377,0.18477872035626283,RFS,OOD,GSE6532,TabSurv_M,41
5.2,0.1719740171386883,0.1878600435635935,RFS,OOD,GSE6532,TabSurv_M,41
5.4,0.17366201326742337,0.18940072637177802,RFS,OOD,GSE6532,TabSurv_M,41
5.6,0.17407726829490047,0.189400726371778,RFS,OOD,GSE6532,TabSurv_M,41
5.8,0.17690393574787858,0.19251372129462802,RFS,OOD,GSE6532,TabSurv_M,41
6.0,0.18035145661234975,0.19557193216148927,RFS,OOD,GSE6532,TabSurv_M,41
6.2,0.18209755965268962,0.19710267824281308,RFS,OOD,GSE6532,TabSurv_M,41
6.4,0.18495311179884832,0.20016060603633373,RFS,OOD,GSE6532,TabSurv_M,41
6.6,0.18911065735705127,0.20464756792474667,RFS,OOD,GSE6532,TabSurv_M,41
6.8,0.18958681549501852,0.20464756792474667,RFS,OOD,GSE6532,TabSurv_M,41
7.0,0.19240820397560415,0.20756998771096102,RFS,OOD,GSE6532,TabSurv_M,41
7.2,0.19548629958452607,0.2118588866804198,RFS,OOD,GSE6532,TabSurv_M,41
7.4,0.19788276998278292,0.2132536938735696,RFS,OOD,GSE6532,TabSurv_M,41
7.6,0.1989856055802208,0.2132536938735696,RFS,OOD,GSE6532,TabSurv_M,41
7.8,0.20154440589780936,0.2146891876155908,RFS,OOD,GSE6532,TabSurv_M,41
8.0,0.2032111093164011,0.21612738866520684,RFS,OOD,GSE6532,TabSurv_M,41
8.2,0.2053941184072342,0.21895327785709756,RFS,OOD,GSE6532,TabSurv_M,41
8.4,0.20844196883989463,0.2216951451814506,RFS,OOD,GSE6532,TabSurv_M,41
8.6,0.21170660029563051,0.22437240583090826,RFS,OOD,GSE6532,TabSurv_M,41
8.8,0.21340781974327303,0.22437240583090817,RFS,OOD,GSE6532,TabSurv_M,41
9.0,0.21564874890627822,0.22577208426803666,RFS,OOD,GSE6532,TabSurv_M,41
9.2,0.21761168174140139,0.22985448478868448,RFS,OOD,GSE6532,TabSurv_M,41
9.4,0.2185813924727996,0.22985448478868448,RFS,OOD,GSE6532,TabSurv_M,41
9.6,0.2219338317963884,0.23129837656896476,RFS,OOD,GSE6532,TabSurv_M,41
9.8,0.22294242700218825,0.2312983765689647,RFS,OOD,GSE6532,TabSurv_M,41
10.0,0.2225138281350902,0.23129837656896468,RFS,OOD,GSE6532,TabSurv_M,41
0.8,0.03608391551387115,0.03649470417219518,RFS,OOD,GSE6532,TabSurv_M,42
1.0,0.04534208308217186,0.045842265969183144,RFS,OOD,GSE6532,TabSurv_M,42
1.2,0.05619439038442503,0.05727025770194493,RFS,OOD,GSE6532,TabSurv_M,42
1.4,0.0610829780931106,0.06397522227339066,RFS,OOD,GSE6532,TabSurv_M,42
1.6,0.06701299567456395,0.07057346819950026,RFS,OOD,GSE6532,TabSurv_M,42
1.8,0.07291121806858016,0.07707050727238247,RFS,OOD,GSE6532,TabSurv_M,42
2.0,0.08294795020211385,0.08768572910095929,RFS,OOD,GSE6532,TabSurv_M,42
2.2,0.08789262899609453,0.09392067426703836,RFS,OOD,GSE6532,TabSurv_M,42
2.4,0.09153841077990167,0.09801733276495658,RFS,OOD,GSE6532,TabSurv_M,42
2.6,0.10613499876001224,0.11393955720808722,RFS,OOD,GSE6532,TabSurv_M,42
2.8,0.11471560594631261,0.12353580077539547,RFS,OOD,GSE6532,TabSurv_M,42
3.0,0.12384846537943973,0.13283796283354712,RFS,OOD,GSE6532,TabSurv_M,42
3.2,0.13150753700515488,0.1418124034142496,RFS,OOD,GSE6532,TabSurv_M,42
3.4,0.13271307991593612,0.14358143950496297,RFS,OOD,GSE6532,TabSurv_M,42
3.6,0.14005782724206992,0.15228658447687918,RFS,OOD,GSE6532,TabSurv_M,42
3.8,0.14809059207298822,0.16073099895360923,RFS,OOD,GSE6532,TabSurv_M,42
4.0,0.14932455929398478,0.16239230941676783,RFS,OOD,GSE6532,TabSurv_M,42
4.2,0.15379708332789851,0.16732246623474717,RFS,OOD,GSE6532,TabSurv_M,42
4.4,0.15671096335122678,0.17057794982623686,RFS,OOD,GSE6532,TabSurv_M,42
4.6,0.16515927502944763,0.17850870314890854,RFS,OOD,GSE6532,TabSurv_M,42
4.8,0.16469847428921733,0.17850870314890854,RFS,OOD,GSE6532,TabSurv_M,42
5.0,0.16980450241548273,0.18477872035626283,RFS,OOD,GSE6532,TabSurv_M,42
5.2,0.17340848693889824,0.1878600435635935,RFS,OOD,GSE6532,TabSurv_M,42
5.4,0.17485764946800553,0.18940072637177802,RFS,OOD,GSE6532,TabSurv_M,42
5.6,0.17460972901246288,0.189400726371778,RFS,OOD,GSE6532,TabSurv_M,42
5.8,0.1777417103463424,0.19251372129462802,RFS,OOD,GSE6532,TabSurv_M,42
6.0,0.18068129873766675,0.19557193216148927,RFS,OOD,GSE6532,TabSurv_M,42
6.2,0.18152621113136636,0.19710267824281308,RFS,OOD,GSE6532,TabSurv_M,42
6.4,0.18424053598990825,0.20016060603633373,RFS,OOD,GSE6532,TabSurv_M,42
6.6,0.18861294695908154,0.20464756792474667,RFS,OOD,GSE6532,TabSurv_M,42
6.8,0.18829857619639145,0.20464756792474667,RFS,OOD,GSE6532,TabSurv_M,42
7.0,0.19106133447811616,0.20756998771096102,RFS,OOD,GSE6532,TabSurv_M,42
7.2,0.19432665683333866,0.2118588866804198,RFS,OOD,GSE6532,TabSurv_M,42
7.4,0.1964756435964768,0.2132536938735696,RFS,OOD,GSE6532,TabSurv_M,42
7.6,0.1966105814438544,0.2132536938735696,RFS,OOD,GSE6532,TabSurv_M,42
7.8,0.19826437275702607,0.2146891876155908,RFS,OOD,GSE6532,TabSurv_M,42
8.0,0.19962884147916024,0.21612738866520684,RFS,OOD,GSE6532,TabSurv_M,42
8.2,0.20186609870488134,0.21895327785709756,RFS,OOD,GSE6532,TabSurv_M,42
8.4,0.20512694357995295,0.2216951451814506,RFS,OOD,GSE6532,TabSurv_M,42
8.6,0.20810363739113139,0.22437240583090826,RFS,OOD,GSE6532,TabSurv_M,42
8.8,0.20824758361572576,0.22437240583090817,RFS,OOD,GSE6532,TabSurv_M,42
9.0,0.2109346052555534,0.22577208426803666,RFS,OOD,GSE6532,TabSurv_M,42
9.2,0.21360363843117916,0.22985448478868448,RFS,OOD,GSE6532,TabSurv_M,42
9.4,0.21317230962796388,0.22985448478868448,RFS,OOD,GSE6532,TabSurv_M,42
9.6,0.21582787225882427,0.23129837656896476,RFS,OOD,GSE6532,TabSurv_M,42
9.8,0.21589166115731878,0.2312983765689647,RFS,OOD,GSE6532,TabSurv_M,42
10.0,0.21466588501144204,0.23129837656896468,RFS,OOD,GSE6532,TabSurv_M,42
0.8,0.03636035617514904,0.03649470417219518,RFS,OOD,GSE6532,TabSurv_M,43
1.0,0.04575128104483929,0.045842265969183144,RFS,OOD,GSE6532,TabSurv_M,43
1.2,0.05687776400627082,0.05727025770194493,RFS,OOD,GSE6532,TabSurv_M,43
1.4,0.062031407081552185,0.06397522227339066,RFS,OOD,GSE6532,TabSurv_M,43
1.6,0.06776079092363556,0.07057346819950026,RFS,OOD,GSE6532,TabSurv_M,43
1.8,0.0734692517957091,0.07707050727238247,RFS,OOD,GSE6532,TabSurv_M,43
2.0,0.08348497962952993,0.08768572910095929,RFS,OOD,GSE6532,TabSurv_M,43
2.2,0.08824639327557746,0.09392067426703836,RFS,OOD,GSE6532,TabSurv_M,43
2.4,0.09121534818958228,0.09801733276495658,RFS,OOD,GSE6532,TabSurv_M,43
2.6,0.10697026697793777,0.11393955720808722,RFS,OOD,GSE6532,TabSurv_M,43
2.8,0.11540328387081836,0.12353580077539547,RFS,OOD,GSE6532,TabSurv_M,43
3.0,0.1242684144592991,0.13283796283354712,RFS,OOD,GSE6532,TabSurv_M,43
3.2,0.1314432621614524,0.1418124034142496,RFS,OOD,GSE6532,TabSurv_M,43
3.4,0.13232139094421963,0.14358143950496297,RFS,OOD,GSE6532,TabSurv_M,43
3.6,0.13928898967087966,0.15228658447687918,RFS,OOD,GSE6532,TabSurv_M,43
3.8,0.14736385992465104,0.16073099895360923,RFS,OOD,GSE6532,TabSurv_M,43
4.0,0.14826425680483837,0.16239230941676783,RFS,OOD,GSE6532,TabSurv_M,43
4.2,0.15276105534802556,0.16732246623474717,RFS,OOD,GSE6532,TabSurv_M,43
4.4,0.15570100120959857,0.17057794982623686,RFS,OOD,GSE6532,TabSurv_M,43
4.6,0.1644414586289954,0.17850870314890854,RFS,OOD,GSE6532,TabSurv_M,43
4.8,0.1636440847769867,0.17850870314890854,RFS,OOD,GSE6532,TabSurv_M,43
5.0,0.16879969258972463,0.18477872035626283,RFS,OOD,GSE6532,TabSurv_M,43
5.2,0.17220054168662643,0.1878600435635935,RFS,OOD,GSE6532,TabSurv_M,43
5.4,0.17295141494990174,0.18940072637177802,RFS,OOD,GSE6532,TabSurv_M,43
5.6,0.17254874788640298,0.189400726371778,RFS,OOD,GSE6532,TabSurv_M,43
5.8,0.17495418766717863,0.19251372129462802,RFS,OOD,GSE6532,TabSurv_M,43
6.0,0.1785325813274729,0.19557193216148927,RFS,OOD,GSE6532,TabSurv_M,43
6.2,0.1795854022555383,0.19710267824281308,RFS,OOD,GSE6532,TabSurv_M,43
6.4,0.18213998251595656,0.20016060603633373,RFS,OOD,GSE6532,TabSurv_M,43
6.6,0.18653820571224147,0.20464756792474667,RFS,OOD,GSE6532,TabSurv_M,43
6.8,0.1860588846989052,0.20464756792474667,RFS,OOD,GSE6532,TabSurv_M,43
7.0,0.18896384238062877,0.20756998771096102,RFS,OOD,GSE6532,TabSurv_M,43
7.2,0.1919737725091661,0.2118588866804198,RFS,OOD,GSE6532,TabSurv_M,43
7.4,0.19383701850910762,0.2132536938735696,RFS,OOD,GSE6532,TabSurv_M,43
7.6,0.19382672916837682,0.2132536938735696,RFS,OOD,GSE6532,TabSurv_M,43
7.8,0.19561828248500018,0.2146891876155908,RFS,OOD,GSE6532,TabSurv_M,43
8.0,0.19682009369619902,0.21612738866520684,RFS,OOD,GSE6532,TabSurv_M,43
8.2,0.19977553735986406,0.21895327785709756,RFS,OOD,GSE6532,TabSurv_M,43
8.4,0.20302326048372216,0.2216951451814506,RFS,OOD,GSE6532,TabSurv_M,43
8.6,0.20609342483799373,0.22437240583090826,RFS,OOD,GSE6532,TabSurv_M,43
8.8,0.20622633343121602,0.22437240583090817,RFS,OOD,GSE6532,TabSurv_M,43
9.0,0.20788716162669318,0.22577208426803666,RFS,OOD,GSE6532,TabSurv_M,43
9.2,0.2109107213692727,0.22985448478868448,RFS,OOD,GSE6532,TabSurv_M,43
9.4,0.21045216279146978,0.22985448478868448,RFS,OOD,GSE6532,TabSurv_M,43
9.6,0.2137674891438628,0.23129837656896476,RFS,OOD,GSE6532,TabSurv_M,43
9.8,0.21375883897790857,0.2312983765689647,RFS,OOD,GSE6532,TabSurv_M,43
10.0,0.21317023475050012,0.23129837656896468,RFS,OOD,GSE6532,TabSurv_M,43
0.8,0.0357487022733549,0.03649470417219518,RFS,OOD,GSE6532,TabSurv_M,44
1.0,0.04478765896774431,0.045842265969183144,RFS,OOD,GSE6532,TabSurv_M,44
1.2,0.05553946076241464,0.05727025770194493,RFS,OOD,GSE6532,TabSurv_M,44
1.4,0.06053917453443808,0.06397522227339066,RFS,OOD,GSE6532,TabSurv_M,44
1.6,0.06639143401730555,0.07057346819950026,RFS,OOD,GSE6532,TabSurv_M,44
1.8,0.0718135531899728,0.07707050727238247,RFS,OOD,GSE6532,TabSurv_M,44
2.0,0.08194919382841807,0.08768572910095929,RFS,OOD,GSE6532,TabSurv_M,44
2.2,0.08668077623317949,0.09392067426703836,RFS,OOD,GSE6532,TabSurv_M,44
2.4,0.09012063885724042,0.09801733276495658,RFS,OOD,GSE6532,TabSurv_M,44
2.6,0.10470562027736359,0.11393955720808722,RFS,OOD,GSE6532,TabSurv_M,44
2.8,0.11354957592226018,0.12353580077539547,RFS,OOD,GSE6532,TabSurv_M,44
3.0,0.12291224173248884,0.13283796283354712,RFS,OOD,GSE6532,TabSurv_M,44
3.2,0.13052996073777168,0.1418124034142496,RFS,OOD,GSE6532,TabSurv_M,44
3.4,0.13188640697336773,0.14358143950496297,RFS,OOD,GSE6532,TabSurv_M,44
3.6,0.13844625948935338,0.15228658447687918,RFS,OOD,GSE6532,TabSurv_M,44
3.8,0.14654199678107874,0.16073099895360923,RFS,OOD,GSE6532,TabSurv_M,44
4.0,0.1481636289225557,0.16239230941676783,RFS,OOD,GSE6532,TabSurv_M,44
4.2,0.15297838325974358,0.16732246623474717,RFS,OOD,GSE6532,TabSurv_M,44
4.4,0.15630376798582002,0.17057794982623686,RFS,OOD,GSE6532,TabSurv_M,44
4.6,0.1646928373260082,0.17850870314890854,RFS,OOD,GSE6532,TabSurv_M,44
4.8,0.16473090917052854,0.17850870314890854,RFS,OOD,GSE6532,TabSurv_M,44
5.0,0.16921105709998616,0.18477872035626283,RFS,OOD,GSE6532,TabSurv_M,44
5.2,0.17326146068025897,0.1878600435635935,RFS,OOD,GSE6532,TabSurv_M,44
5.4,0.17431339544779612,0.18940072637177802,RFS,OOD,GSE6532,TabSurv_M,44
5.6,0.17456186490926462,0.189400726371778,RFS,OOD,GSE6532,TabSurv_M,44
5.8,0.17721942069564814,0.19251372129462802,RFS,OOD,GSE6532,TabSurv_M,44
6.0,0.18090337869912002,0.19557193216148927,RFS,OOD,GSE6532,TabSurv_M,44
6.2,0.18224048625711484,0.19710267824281308,RFS,OOD,GSE6532,TabSurv_M,44
6.4,0.1851432850784868,0.20016060603633373,RFS,OOD,GSE6532,TabSurv_M,44
6.6,0.18944166363545462,0.20464756792474667,RFS,OOD,GSE6532,TabSurv_M,44
6.8,0.1898624435307559,0.20464756792474667,RFS,OOD,GSE6532,TabSurv_M,44
7.0,0.1930251875923778,0.20756998771096102,RFS,OOD,GSE6532,TabSurv_M,44
7.2,0.1962609810186795,0.2118588866804198,RFS,OOD,GSE6532,TabSurv_M,44
7.4,0.19907498100716112,0.2132536938735696,RFS,OOD,GSE6532,TabSurv_M,44
7.6,0.20013464151915022,0.2132536938735696,RFS,OOD,GSE6532,TabSurv_M,44
7.8,0.20252347125588113,0.2146891876155908,RFS,OOD,GSE6532,TabSurv_M,44
8.0,0.20445587311934305,0.21612738866520684,RFS,OOD,GSE6532,TabSurv_M,44
8.2,0.206778566022158,0.21895327785709756,RFS,OOD,GSE6532,TabSurv_M,44
8.4,0.21029241654201158,0.2216951451814506,RFS,OOD,GSE6532,TabSurv_M,44
8.6,0.21328163291128427,0.22437240583090826,RFS,OOD,GSE6532,TabSurv_M,44
8.8,0.21400808149582615,0.22437240583090817,RFS,OOD,GSE6532,TabSurv_M,44
9.0,0.21652728124104414,0.22577208426803666,RFS,OOD,GSE6532,TabSurv_M,44
9.2,0.21973095687947197,0.22985448478868448,RFS,OOD,GSE6532,TabSurv_M,44
9.4,0.2198287000793422,0.22985448478868448,RFS,OOD,GSE6532,TabSurv_M,44
9.6,0.2227610583392454,0.23129837656896476,RFS,OOD,GSE6532,TabSurv_M,44
9.8,0.2232769478016616,0.2312983765689647,RFS,OOD,GSE6532,TabSurv_M,44
10.0,0.22284278669823673,0.23129837656896468,RFS,OOD,GSE6532,TabSurv_M,44
0.8,0.037815143163473244,0.03649470417219518,RFS,OOD,GSE6532,DeepHS,40
1.0,0.04687358904603186,0.045842265969183144,RFS,OOD,GSE6532,DeepHS,40
1.2,0.057556376662329045,0.05727025770194493,RFS,OOD,GSE6532,DeepHS,40
1.4,0.0640499869897741,0.06397522227339066,RFS,OOD,GSE6532,DeepHS,40
1.6,0.07064081300258176,0.07057346819950026,RFS,OOD,GSE6532,DeepHS,40
1.8,0.07740879556085083,0.07707050727238247,RFS,OOD,GSE6532,DeepHS,40
2.0,0.08845946258363038,0.08768572910095929,RFS,OOD,GSE6532,DeepHS,40
2.2,0.09533779981215205,0.09392067426703836,RFS,OOD,GSE6532,DeepHS,40
2.4,0.09988010886999114,0.09801733276495658,RFS,OOD,GSE6532,DeepHS,40
2.6,0.11781705302541359,0.11393955720808722,RFS,OOD,GSE6532,DeepHS,40
2.8,0.12887768600605914,0.12353580077539547,RFS,OOD,GSE6532,DeepHS,40
3.0,0.14030416117621894,0.13283796283354712,RFS,OOD,GSE6532,DeepHS,40
3.2,0.13664363328890344,0.1418124034142496,RFS,OOD,GSE6532,DeepHS,40
3.4,0.13865880937888214,0.14358143950496297,RFS,OOD,GSE6532,DeepHS,40
3.6,0.14634708168488383,0.15228658447687918,RFS,OOD,GSE6532,DeepHS,40
3.8,0.15585511407555427,0.16073099895360923,RFS,OOD,GSE6532,DeepHS,40
4.0,0.15780272269289264,0.16239230941676783,RFS,OOD,GSE6532,DeepHS,40
4.2,0.16334691470531315,0.16732246623474717,RFS,OOD,GSE6532,DeepHS,40
4.4,0.16726428597023899,0.17057794982623686,RFS,OOD,GSE6532,DeepHS,40
4.6,0.1769503995484254,0.17850870314890854,RFS,OOD,GSE6532,DeepHS,40
4.8,0.17694213520821403,0.17850870314890854,RFS,OOD,GSE6532,DeepHS,40
5.0,0.18488081080823787,0.18477872035626283,RFS,OOD,GSE6532,DeepHS,40
5.2,0.18925251078213537,0.1878600435635935,RFS,OOD,GSE6532,DeepHS,40
5.4,0.19122691938654235,0.18940072637177802,RFS,OOD,GSE6532,DeepHS,40
5.6,0.1912372695489258,0.189400726371778,RFS,OOD,GSE6532,DeepHS,40
5.8,0.19535342250810636,0.19251372129462802,RFS,OOD,GSE6532,DeepHS,40
6.0,0.1998577395052029,0.19557193216148927,RFS,OOD,GSE6532,DeepHS,40
6.2,0.2019896234402782,0.19710267824281308,RFS,OOD,GSE6532,DeepHS,40
6.4,0.19103948322081077,0.20016060603633373,RFS,OOD,GSE6532,DeepHS,40
6.6,0.19652818521981177,0.20464756792474667,RFS,OOD,GSE6532,DeepHS,40
6.8,0.196457701193778,0.20464756792474667,RFS,OOD,GSE6532,DeepHS,40
7.0,0.20047339615548287,0.20756998771096102,RFS,OOD,GSE6532,DeepHS,40
7.2,0.20589506573406494,0.2118588866804198,RFS,OOD,GSE6532,DeepHS,40
7.4,0.2082565557008746,0.2132536938735696,RFS,OOD,GSE6532,DeepHS,40
7.6,0.20823898304749688,0.2132536938735696,RFS,OOD,GSE6532,DeepHS,40
7.8,0.21019246090564253,0.2146891876155908,RFS,OOD,GSE6532,DeepHS,40
8.0,0.2121894970833731,0.21612738866520684,RFS,OOD,GSE6532,DeepHS,40
8.2,0.21601084406209278,0.21895327785709756,RFS,OOD,GSE6532,DeepHS,40
8.4,0.22132767885590654,0.2216951451814506,RFS,OOD,GSE6532,DeepHS,40
8.6,0.22511883550708756,0.22437240583090826,RFS,OOD,GSE6532,DeepHS,40
8.8,0.2249961347277703,0.22437240583090817,RFS,OOD,GSE6532,DeepHS,40
9.0,0.22788613880163833,0.22577208426803666,RFS,OOD,GSE6532,DeepHS,40
9.2,0.2347297263110867,0.22985448478868448,RFS,OOD,GSE6532,DeepHS,40
9.4,0.22286673848542202,0.22985448478868448,RFS,OOD,GSE6532,DeepHS,40
9.6,0.22432055122224775,0.23129837656896476,RFS,OOD,GSE6532,DeepHS,40
9.8,0.2240675368573821,0.2312983765689647,RFS,OOD,GSE6532,DeepHS,40
10.0,0.22419812597386155,0.23129837656896468,RFS,OOD,GSE6532,DeepHS,40
0.8,0.037034858718959354,0.03649470417219518,RFS,OOD,GSE6532,DeepHS,41
1.0,0.04604045764971717,0.045842265969183144,RFS,OOD,GSE6532,DeepHS,41
1.2,0.05712654564540539,0.05727025770194493,RFS,OOD,GSE6532,DeepHS,41
1.4,0.06396251450912703,0.06397522227339066,RFS,OOD,GSE6532,DeepHS,41
1.6,0.07055689212607658,0.07057346819950026,RFS,OOD,GSE6532,DeepHS,41
1.8,0.0770920477086608,0.07707050727238247,RFS,OOD,GSE6532,DeepHS,41
2.0,0.0880810168828893,0.08768572910095929,RFS,OOD,GSE6532,DeepHS,41
2.2,0.09457889456514848,0.09392067426703836,RFS,OOD,GSE6532,DeepHS,41
2.4,0.09898897896572269,0.09801733276495658,RFS,OOD,GSE6532,DeepHS,41
2.6,0.11692582004694761,0.11393955720808722,RFS,OOD,GSE6532,DeepHS,41
2.8,0.12828559776104068,0.12353580077539547,RFS,OOD,GSE6532,DeepHS,41
3.0,0.13978310638995672,0.13283796283354712,RFS,OOD,GSE6532,DeepHS,41
3.2,0.15118543582038416,0.1418124034142496,RFS,OOD,GSE6532,DeepHS,41
3.4,0.13738238749446469,0.14358143950496297,RFS,OOD,GSE6532,DeepHS,41
3.6,0.14587378470166712,0.15228658447687918,RFS,OOD,GSE6532,DeepHS,41
3.8,0.15546589290859902,0.16073099895360923,RFS,OOD,GSE6532,DeepHS,41
4.0,0.15739771825543442,0.16239230941676783,RFS,OOD,GSE6532,DeepHS,41
4.2,0.16382111343093794,0.16732246623474717,RFS,OOD,GSE6532,DeepHS,41
4.4,0.16816554995800015,0.17057794982623686,RFS,OOD,GSE6532,DeepHS,41
4.6,0.17855647525187748,0.17850870314890854,RFS,OOD,GSE6532,DeepHS,41
4.8,0.17848141448584046,0.17850870314890854,RFS,OOD,GSE6532,DeepHS,41
5.0,0.18667942395661036,0.18477872035626283,RFS,OOD,GSE6532,DeepHS,41
5.2,0.19126433442302757,0.1878600435635935,RFS,OOD,GSE6532,DeepHS,41
5.4,0.19309188423796717,0.18940072637177802,RFS,OOD,GSE6532,DeepHS,41
5.6,0.19316348988664855,0.189400726371778,RFS,OOD,GSE6532,DeepHS,41
5.8,0.19753744519740835,0.19251372129462802,RFS,OOD,GSE6532,DeepHS,41
6.0,0.2024992574056035,0.19557193216148927,RFS,OOD,GSE6532,DeepHS,41
6.2,0.2047721267093111,0.19710267824281308,RFS,OOD,GSE6532,DeepHS,41
6.4,0.21007890635852566,0.20016060603633373,RFS,OOD,GSE6532,DeepHS,41
6.6,0.19532010798438537,0.20464756792474667,RFS,OOD,GSE6532,DeepHS,41
6.8,0.19534799805407402,0.20464756792474667,RFS,OOD,GSE6532,DeepHS,41
7.0,0.1996078510237846,0.20756998771096102,RFS,OOD,GSE6532,DeepHS,41
7.2,0.20460542304335644,0.2118588866804198,RFS,OOD,GSE6532,DeepHS,41
7.4,0.20654522735063127,0.2132536938735696,RFS,OOD,GSE6532,DeepHS,41
7.6,0.20666937687536854,0.2132536938735696,RFS,OOD,GSE6532,DeepHS,41
7.8,0.20960597699790523,0.2146891876155908,RFS,OOD,GSE6532,DeepHS,41
8.0,0.21150748507742534,0.21612738866520684,RFS,OOD,GSE6532,DeepHS,41
8.2,0.2149017701750274,0.21895327785709756,RFS,OOD,GSE6532,DeepHS,41
8.4,0.21880727065620154,0.2216951451814506,RFS,OOD,GSE6532,DeepHS,41
8.6,0.2230405831009163,0.22437240583090826,RFS,OOD,GSE6532,DeepHS,41
8.8,0.22321618612073926,0.22437240583090817,RFS,OOD,GSE6532,DeepHS,41
9.0,0.22557180905034696,0.22577208426803666,RFS,OOD,GSE6532,DeepHS,41
9.2,0.23304032121526297,0.22985448478868448,RFS,OOD,GSE6532,DeepHS,41
9.4,0.23288998473549624,0.22985448478868448,RFS,OOD,GSE6532,DeepHS,41
9.6,0.2362773384659875,0.23129837656896476,RFS,OOD,GSE6532,DeepHS,41
9.8,0.23624612909511325,0.2312983765689647,RFS,OOD,GSE6532,DeepHS,41
10.0,0.22371591016813328,0.23129837656896468,RFS,OOD,GSE6532,DeepHS,41
0.8,0.036409562585366304,0.03649470417219518,RFS,OOD,GSE6532,DeepHS,42
1.0,0.04532510287304661,0.045842265969183144,RFS,OOD,GSE6532,DeepHS,42
1.2,0.056614844949400125,0.05727025770194493,RFS,OOD,GSE6532,DeepHS,42
1.4,0.06320309343677939,0.06397522227339066,RFS,OOD,GSE6532,DeepHS,42
1.6,0.06973247710695749,0.07057346819950026,RFS,OOD,GSE6532,DeepHS,42
1.8,0.07611251886252014,0.07707050727238247,RFS,OOD,GSE6532,DeepHS,42
2.0,0.08696291332937794,0.08768572910095929,RFS,OOD,GSE6532,DeepHS,42
2.2,0.09341097808740238,0.09392067426703836,RFS,OOD,GSE6532,DeepHS,42
2.4,0.09791309441025534,0.09801733276495658,RFS,OOD,GSE6532,DeepHS,42
2.6,0.11589052196471329,0.11393955720808722,RFS,OOD,GSE6532,DeepHS,42
2.8,0.12737290831421103,0.12353580077539547,RFS,OOD,GSE6532,DeepHS,42
3.0,0.1388481811055644,0.13283796283354712,RFS,OOD,GSE6532,DeepHS,42
3.2,0.15027042551245087,0.1418124034142496,RFS,OOD,GSE6532,DeepHS,42
3.4,0.136803574433369,0.14358143950496297,RFS,OOD,GSE6532,DeepHS,42
3.6,0.1458661543087954,0.15228658447687918,RFS,OOD,GSE6532,DeepHS,42
3.8,0.15522013513014365,0.16073099895360923,RFS,OOD,GSE6532,DeepHS,42
4.0,0.15686934048113704,0.16239230941676783,RFS,OOD,GSE6532,DeepHS,42
4.2,0.162846489614794,0.16732246623474717,RFS,OOD,GSE6532,DeepHS,42
4.4,0.16676093087771146,0.17057794982623686,RFS,OOD,GSE6532,DeepHS,42
4.6,0.1765820666235025,0.17850870314890854,RFS,OOD,GSE6532,DeepHS,42
4.8,0.17651316219432572,0.17850870314890854,RFS,OOD,GSE6532,DeepHS,42
5.0,0.1844564856857191,0.18477872035626283,RFS,OOD,GSE6532,DeepHS,42
5.2,0.18868072929718974,0.1878600435635935,RFS,OOD,GSE6532,DeepHS,42
5.4,0.1909236564822258,0.18940072637177802,RFS,OOD,GSE6532,DeepHS,42
5.6,0.1908205499648697,0.189400726371778,RFS,OOD,GSE6532,DeepHS,42
5.8,0.19498439570919535,0.19251372129462802,RFS,OOD,GSE6532,DeepHS,42
6.0,0.19939955551392213,0.19557193216148927,RFS,OOD,GSE6532,DeepHS,42
6.2,0.201570199353506,0.19710267824281308,RFS,OOD,GSE6532,DeepHS,42
6.4,0.2062834217640361,0.20016060603633373,RFS,OOD,GSE6532,DeepHS,42
6.6,0.19741681396745125,0.20464756792474667,RFS,OOD,GSE6532,DeepHS,42
6.8,0.1974333163262101,0.20464756792474667,RFS,OOD,GSE6532,DeepHS,42
7.0,0.20123717499585414,0.20756998771096102,RFS,OOD,GSE6532,DeepHS,42
7.2,0.20670822971181765,0.2118588866804198,RFS,OOD,GSE6532,DeepHS,42
7.4,0.20848784612492974,0.2132536938735696,RFS,OOD,GSE6532,DeepHS,42
7.6,0.20862559744622144,0.2132536938735696,RFS,OOD,GSE6532,DeepHS,42
7.8,0.2109117129646834,0.2146891876155908,RFS,OOD,GSE6532,DeepHS,42
8.0,0.2126678982352914,0.21612738866520684,RFS,OOD,GSE6532,DeepHS,42
8.2,0.2161509709901395,0.21895327785709756,RFS,OOD,GSE6532,DeepHS,42
8.4,0.22072281150300158,0.2216951451814506,RFS,OOD,GSE6532,DeepHS,42
8.6,0.22513441782166183,0.22437240583090826,RFS,OOD,GSE6532,DeepHS,42
8.8,0.22516634688503612,0.22437240583090817,RFS,OOD,GSE6532,DeepHS,42
9.0,0.22693668701743447,0.22577208426803666,RFS,OOD,GSE6532,DeepHS,42
9.2,0.23414692514496768,0.22985448478868448,RFS,OOD,GSE6532,DeepHS,42
9.4,0.23384843172469214,0.22985448478868448,RFS,OOD,GSE6532,DeepHS,42
9.6,0.23652926472290808,0.23129837656896476,RFS,OOD,GSE6532,DeepHS,42
9.8,0.23651618186129464,0.2312983765689647,RFS,OOD,GSE6532,DeepHS,42
10.0,0.22587721227953805,0.23129837656896468,RFS,OOD,GSE6532,DeepHS,42
0.8,0.03722257520527047,0.03649470417219518,RFS,OOD,GSE6532,DeepHS,43
1.0,0.04619837870692878,0.045842265969183144,RFS,OOD,GSE6532,DeepHS,43
1.2,0.0572100290629318,0.05727025770194493,RFS,OOD,GSE6532,DeepHS,43
1.4,0.06377926392271384,0.06397522227339066,RFS,OOD,GSE6532,DeepHS,43
1.6,0.07059119365479646,0.07057346819950026,RFS,OOD,GSE6532,DeepHS,43
1.8,0.07736004442534042,0.07707050727238247,RFS,OOD,GSE6532,DeepHS,43
2.0,0.08899919524772168,0.08768572910095929,RFS,OOD,GSE6532,DeepHS,43
2.2,0.09591691631782207,0.09392067426703836,RFS,OOD,GSE6532,DeepHS,43
2.4,0.1003754340694445,0.09801733276495658,RFS,OOD,GSE6532,DeepHS,43
2.6,0.1191337749188326,0.11393955720808722,RFS,OOD,GSE6532,DeepHS,43
2.8,0.13057367921288576,0.12353580077539547,RFS,OOD,GSE6532,DeepHS,43
3.0,0.1420494560330402,0.13283796283354712,RFS,OOD,GSE6532,DeepHS,43
3.2,0.15364346926359854,0.1418124034142496,RFS,OOD,GSE6532,DeepHS,43
3.4,0.1359689524688054,0.14358143950496297,RFS,OOD,GSE6532,DeepHS,43
3.6,0.14367372399628753,0.15228658447687918,RFS,OOD,GSE6532,DeepHS,43
3.8,0.15241036464540236,0.16073099895360923,RFS,OOD,GSE6532,DeepHS,43
4.0,0.15468485790562378,0.16239230941676783,RFS,OOD,GSE6532,DeepHS,43
4.2,0.16063206491713553,0.16732246623474717,RFS,OOD,GSE6532,DeepHS,43
4.4,0.16435523074377217,0.17057794982623686,RFS,OOD,GSE6532,DeepHS,43
4.6,0.17465548405631082,0.17850870314890854,RFS,OOD,GSE6532,DeepHS,43
4.8,0.17447592130238418,0.17850870314890854,RFS,OOD,GSE6532,DeepHS,43
5.0,0.18132678555151618,0.18477872035626283,RFS,OOD,GSE6532,DeepHS,43
5.2,0.18520833173459303,0.1878600435635935,RFS,OOD,GSE6532,DeepHS,43
5.4,0.18726966286778868,0.18940072637177802,RFS,OOD,GSE6532,DeepHS,43
5.6,0.18733818080268047,0.189400726371778,RFS,OOD,GSE6532,DeepHS,43
5.8,0.1912767833483548,0.19251372129462802,RFS,OOD,GSE6532,DeepHS,43
6.0,0.1965680823530035,0.19557193216148927,RFS,OOD,GSE6532,DeepHS,43
6.2,0.19838293930585654,0.19710267824281308,RFS,OOD,GSE6532,DeepHS,43
6.4,0.2029600814878453,0.20016060603633373,RFS,OOD,GSE6532,DeepHS,43
6.6,0.19432072215617116,0.20464756792474667,RFS,OOD,GSE6532,DeepHS,43
6.8,0.19439448223553413,0.20464756792474667,RFS,OOD,GSE6532,DeepHS,43
7.0,0.19786967575817913,0.20756998771096102,RFS,OOD,GSE6532,DeepHS,43
7.2,0.2017118120053338,0.2118588866804198,RFS,OOD,GSE6532,DeepHS,43
7.4,0.2039613138704417,0.2132536938735696,RFS,OOD,GSE6532,DeepHS,43
7.6,0.2040478698734621,0.2132536938735696,RFS,OOD,GSE6532,DeepHS,43
7.8,0.205917027721467,0.2146891876155908,RFS,OOD,GSE6532,DeepHS,43
8.0,0.20740110478845178,0.21612738866520684,RFS,OOD,GSE6532,DeepHS,43
8.2,0.21024981778187424,0.21895327785709756,RFS,OOD,GSE6532,DeepHS,43
8.4,0.2133887073111519,0.2216951451814506,RFS,OOD,GSE6532,DeepHS,43
8.6,0.21716825831059464,0.22437240583090826,RFS,OOD,GSE6532,DeepHS,43
8.8,0.21739835860130627,0.22437240583090817,RFS,OOD,GSE6532,DeepHS,43
9.0,0.21993496519304437,0.22577208426803666,RFS,OOD,GSE6532,DeepHS,43
9.2,0.2255357945764527,0.22985448478868448,RFS,OOD,GSE6532,DeepHS,43
9.4,0.22560904825970124,0.22985448478868448,RFS,OOD,GSE6532,DeepHS,43
9.6,0.22871985463999592,0.23129837656896476,RFS,OOD,GSE6532,DeepHS,43
9.8,0.22871061173898313,0.2312983765689647,RFS,OOD,GSE6532,DeepHS,43
10.0,0.22695693583842794,0.23129837656896468,RFS,OOD,GSE6532,DeepHS,43
0.8,0.03711158236557358,0.03649470417219518,RFS,OOD,GSE6532,DeepHS,44
1.0,0.04578899812603515,0.045842265969183144,RFS,OOD,GSE6532,DeepHS,44
1.2,0.0570032825159963,0.05727025770194493,RFS,OOD,GSE6532,DeepHS,44
1.4,0.06354355328254935,0.06397522227339066,RFS,OOD,GSE6532,DeepHS,44
1.6,0.07024218936186762,0.07057346819950026,RFS,OOD,GSE6532,DeepHS,44
1.8,0.07688156916867532,0.07707050727238247,RFS,OOD,GSE6532,DeepHS,44
2.0,0.0878702290463478,0.08768572910095929,RFS,OOD,GSE6532,DeepHS,44
2.2,0.09435181427905508,0.09392067426703836,RFS,OOD,GSE6532,DeepHS,44
2.4,0.09890701641131626,0.09801733276495658,RFS,OOD,GSE6532,DeepHS,44
2.6,0.11664307948309367,0.11393955720808722,RFS,OOD,GSE6532,DeepHS,44
2.8,0.12789577474412764,0.12353580077539547,RFS,OOD,GSE6532,DeepHS,44
3.0,0.13931074697862086,0.13283796283354712,RFS,OOD,GSE6532,DeepHS,44
3.2,0.13461176683156026,0.1418124034142496,RFS,OOD,GSE6532,DeepHS,44
3.4,0.1365095863415192,0.14358143950496297,RFS,OOD,GSE6532,DeepHS,44
3.6,0.1447087683861763,0.15228658447687918,RFS,OOD,GSE6532,DeepHS,44
3.8,0.1538433362640532,0.16073099895360923,RFS,OOD,GSE6532,DeepHS,44
4.0,0.15602375945960895,0.16239230941676783,RFS,OOD,GSE6532,DeepHS,44
4.2,0.1618373209913289,0.16732246623474717,RFS,OOD,GSE6532,DeepHS,44
4.4,0.16562636003987175,0.17057794982623686,RFS,OOD,GSE6532,DeepHS,44
4.6,0.17536176883817495,0.17850870314890854,RFS,OOD,GSE6532,DeepHS,44
4.8,0.17527245569096722,0.17850870314890854,RFS,OOD,GSE6532,DeepHS,44
5.0,0.18238125945236283,0.18477872035626283,RFS,OOD,GSE6532,DeepHS,44
5.2,0.18656867669658148,0.1878600435635935,RFS,OOD,GSE6532,DeepHS,44
5.4,0.18822319607434418,0.18940072637177802,RFS,OOD,GSE6532,DeepHS,44
5.6,0.18820250160206167,0.189400726371778,RFS,OOD,GSE6532,DeepHS,44
5.8,0.19234428447009683,0.19251372129462802,RFS,OOD,GSE6532,DeepHS,44
6.0,0.19698721633586044,0.19557193216148927,RFS,OOD,GSE6532,DeepHS,44
6.2,0.19877068438330744,0.19710267824281308,RFS,OOD,GSE6532,DeepHS,44
6.4,0.19197632021758362,0.20016060603633373,RFS,OOD,GSE6532,DeepHS,44
6.6,0.19708222226991315,0.20464756792474667,RFS,OOD,GSE6532,DeepHS,44
6.8,0.1970331001011686,0.20464756792474667,RFS,OOD,GSE6532,DeepHS,44
7.0,0.2006837634516508,0.20756998771096102,RFS,OOD,GSE6532,DeepHS,44
7.2,0.2051772396262391,0.2118588866804198,RFS,OOD,GSE6532,DeepHS,44
7.4,0.20752253763768622,0.2132536938735696,RFS,OOD,GSE6532,DeepHS,44
7.6,0.2076085661451656,0.2132536938735696,RFS,OOD,GSE6532,DeepHS,44
7.8,0.20960113863274682,0.2146891876155908,RFS,OOD,GSE6532,DeepHS,44
8.0,0.2114922139993059,0.21612738866520684,RFS,OOD,GSE6532,DeepHS,44
8.2,0.21527807811353503,0.21895327785709756,RFS,OOD,GSE6532,DeepHS,44
8.4,0.2198551125002077,0.2216951451814506,RFS,OOD,GSE6532,DeepHS,44
8.6,0.22325617979415768,0.22437240583090826,RFS,OOD,GSE6532,DeepHS,44
8.8,0.22292217472210693,0.22437240583090817,RFS,OOD,GSE6532,DeepHS,44
9.0,0.22537832329327445,0.22577208426803666,RFS,OOD,GSE6532,DeepHS,44
9.2,0.23286085285062794,0.22985448478868448,RFS,OOD,GSE6532,DeepHS,44
9.4,0.22295195898806347,0.22985448478868448,RFS,OOD,GSE6532,DeepHS,44
9.6,0.2243749433615305,0.23129837656896476,RFS,OOD,GSE6532,DeepHS,44
9.8,0.2242011479380851,0.2312983765689647,RFS,OOD,GSE6532,DeepHS,44
10.0,0.22470149028056452,0.23129837656896468,RFS,OOD,GSE6532,DeepHS,44
0.8,0.03752663593881352,0.03649470417219518,RFS,OOD,GSE6532,DeepSurv,40
1.0,0.046612333581343056,0.045842265969183144,RFS,OOD,GSE6532,DeepSurv,40
1.2,0.058506141455057246,0.05727025770194493,RFS,OOD,GSE6532,DeepSurv,40
1.4,0.06494553611642433,0.06397522227339066,RFS,OOD,GSE6532,DeepSurv,40
1.6,0.07150355168315323,0.07057346819950026,RFS,OOD,GSE6532,DeepSurv,40
1.8,0.07708085182978382,0.07707050727238247,RFS,OOD,GSE6532,DeepSurv,40
2.0,0.08763261648397216,0.08768572910095929,RFS,OOD,GSE6532,DeepSurv,40
2.2,0.09322302751345839,0.09392067426703836,RFS,OOD,GSE6532,DeepSurv,40
2.4,0.0966818371223308,0.09801733276495658,RFS,OOD,GSE6532,DeepSurv,40
2.6,0.1126341333887828,0.11393955720808722,RFS,OOD,GSE6532,DeepSurv,40
2.8,0.12138919077718138,0.12353580077539547,RFS,OOD,GSE6532,DeepSurv,40
3.0,0.12991807815749112,0.13283796283354712,RFS,OOD,GSE6532,DeepSurv,40
3.2,0.13586899264114957,0.1418124034142496,RFS,OOD,GSE6532,DeepSurv,40
3.4,0.13750968874147412,0.14358143950496297,RFS,OOD,GSE6532,DeepSurv,40
3.6,0.14608933127575915,0.15228658447687918,RFS,OOD,GSE6532,DeepSurv,40
3.8,0.15552171388842465,0.16073099895360923,RFS,OOD,GSE6532,DeepSurv,40
4.0,0.15770217686060362,0.16239230941676783,RFS,OOD,GSE6532,DeepSurv,40
4.2,0.16111191517789633,0.16732246623474717,RFS,OOD,GSE6532,DeepSurv,40
4.4,0.16419216416479052,0.17057794982623686,RFS,OOD,GSE6532,DeepSurv,40
4.6,0.17197999644813136,0.17850870314890854,RFS,OOD,GSE6532,DeepSurv,40
4.8,0.1720736269798755,0.17850870314890854,RFS,OOD,GSE6532,DeepSurv,40
5.0,0.17789825288192834,0.18477872035626283,RFS,OOD,GSE6532,DeepSurv,40
5.2,0.1809839000685344,0.1878600435635935,RFS,OOD,GSE6532,DeepSurv,40
5.4,0.18383250466325995,0.18940072637177802,RFS,OOD,GSE6532,DeepSurv,40
5.6,0.1837716106886667,0.189400726371778,RFS,OOD,GSE6532,DeepSurv,40
5.8,0.18600726455186783,0.19251372129462802,RFS,OOD,GSE6532,DeepSurv,40
6.0,0.18981560342342876,0.19557193216148927,RFS,OOD,GSE6532,DeepSurv,40
6.2,0.1914931442877361,0.19710267824281308,RFS,OOD,GSE6532,DeepSurv,40
6.4,0.1940350344679581,0.20016060603633373,RFS,OOD,GSE6532,DeepSurv,40
6.6,0.1961787663434738,0.20464756792474667,RFS,OOD,GSE6532,DeepSurv,40
6.8,0.1968001692046571,0.20464756792474667,RFS,OOD,GSE6532,DeepSurv,40
7.0,0.2001491263219879,0.20756998771096102,RFS,OOD,GSE6532,DeepSurv,40
7.2,0.20353311390901893,0.2118588866804198,RFS,OOD,GSE6532,DeepSurv,40
7.4,0.205748403009144,0.2132536938735696,RFS,OOD,GSE6532,DeepSurv,40
7.6,0.20761732044330677,0.2132536938735696,RFS,OOD,GSE6532,DeepSurv,40
7.8,0.20997200212594033,0.2146891876155908,RFS,OOD,GSE6532,DeepSurv,40
8.0,0.21230833360728577,0.21612738866520684,RFS,OOD,GSE6532,DeepSurv,40
8.2,0.21511465328738158,0.21895327785709756,RFS,OOD,GSE6532,DeepSurv,40
8.4,0.21778624253218312,0.2216951451814506,RFS,OOD,GSE6532,DeepSurv,40
8.6,0.2242205822466579,0.22437240583090826,RFS,OOD,GSE6532,DeepSurv,40
8.8,0.22590982374715265,0.22437240583090817,RFS,OOD,GSE6532,DeepSurv,40
9.0,0.22545921514914125,0.22577208426803666,RFS,OOD,GSE6532,DeepSurv,40
9.2,0.22878824523415697,0.22985448478868448,RFS,OOD,GSE6532,DeepSurv,40
9.4,0.23009303438039894,0.22985448478868448,RFS,OOD,GSE6532,DeepSurv,40
9.6,0.23378687658169134,0.23129837656896476,RFS,OOD,GSE6532,DeepSurv,40
9.8,0.23328189485080802,0.2312983765689647,RFS,OOD,GSE6532,DeepSurv,40
10.0,0.23645377004220272,0.23129837656896468,RFS,OOD,GSE6532,DeepSurv,40
0.8,0.036835858003706264,0.03649470417219518,RFS,OOD,GSE6532,DeepSurv,41
1.0,0.04603539773453313,0.045842265969183144,RFS,OOD,GSE6532,DeepSurv,41
1.2,0.05753216676538819,0.05727025770194493,RFS,OOD,GSE6532,DeepSurv,41
1.4,0.06267607010723926,0.06397522227339066,RFS,OOD,GSE6532,DeepSurv,41
1.6,0.06862114224177865,0.07057346819950026,RFS,OOD,GSE6532,DeepSurv,41
1.8,0.0735645516757952,0.07707050727238247,RFS,OOD,GSE6532,DeepSurv,41
2.0,0.08306847283761072,0.08768572910095929,RFS,OOD,GSE6532,DeepSurv,41
2.2,0.08877975684549244,0.09392067426703836,RFS,OOD,GSE6532,DeepSurv,41
2.4,0.09228720358439221,0.09801733276495658,RFS,OOD,GSE6532,DeepSurv,41
2.6,0.1086644538657001,0.11393955720808722,RFS,OOD,GSE6532,DeepSurv,41
2.8,0.11759147500302625,0.12353580077539547,RFS,OOD,GSE6532,DeepSurv,41
3.0,0.12662045634043734,0.13283796283354712,RFS,OOD,GSE6532,DeepSurv,41
3.2,0.13567288442358855,0.1418124034142496,RFS,OOD,GSE6532,DeepSurv,41
3.4,0.13646903008537656,0.14358143950496297,RFS,OOD,GSE6532,DeepSurv,41
3.6,0.14143420042836743,0.15228658447687918,RFS,OOD,GSE6532,DeepSurv,41
3.8,0.14843842190846945,0.16073099895360923,RFS,OOD,GSE6532,DeepSurv,41
4.0,0.14935084434041995,0.16239230941676783,RFS,OOD,GSE6532,DeepSurv,41
4.2,0.15199521187077145,0.16732246623474717,RFS,OOD,GSE6532,DeepSurv,41
4.4,0.15575605581928037,0.17057794982623686,RFS,OOD,GSE6532,DeepSurv,41
4.6,0.16403578617105172,0.17850870314890854,RFS,OOD,GSE6532,DeepSurv,41
4.8,0.16400911190751877,0.17850870314890854,RFS,OOD,GSE6532,DeepSurv,41
5.0,0.17061772017321022,0.18477872035626283,RFS,OOD,GSE6532,DeepSurv,41
5.2,0.17348755851423822,0.1878600435635935,RFS,OOD,GSE6532,DeepSurv,41
5.4,0.1750570437226867,0.18940072637177802,RFS,OOD,GSE6532,DeepSurv,41
5.6,0.17559997694161467,0.189400726371778,RFS,OOD,GSE6532,DeepSurv,41
5.8,0.17843896878819263,0.19251372129462802,RFS,OOD,GSE6532,DeepSurv,41
6.0,0.18132837378874178,0.19557193216148927,RFS,OOD,GSE6532,DeepSurv,41
6.2,0.18151808924544635,0.19710267824281308,RFS,OOD,GSE6532,DeepSurv,41
6.4,0.18506790567849646,0.20016060603633373,RFS,OOD,GSE6532,DeepSurv,41
6.6,0.18738913948061248,0.20464756792474667,RFS,OOD,GSE6532,DeepSurv,41
6.8,0.1891750059447951,0.20464756792474667,RFS,OOD,GSE6532,DeepSurv,41
7.0,0.19366222576248485,0.20756998771096102,RFS,OOD,GSE6532,DeepSurv,41
7.2,0.1968057182047928,0.2118588866804198,RFS,OOD,GSE6532,DeepSurv,41
7.4,0.1976761427601894,0.2132536938735696,RFS,OOD,GSE6532,DeepSurv,41
7.6,0.20005307253340385,0.2132536938735696,RFS,OOD,GSE6532,DeepSurv,41
7.8,0.204192614748582,0.2146891876155908,RFS,OOD,GSE6532,DeepSurv,41
8.0,0.2054051566410547,0.21612738866520684,RFS,OOD,GSE6532,DeepSurv,41
8.2,0.20664149224275505,0.21895327785709756,RFS,OOD,GSE6532,DeepSurv,41
8.4,0.20740469144548235,0.2216951451814506,RFS,OOD,GSE6532,DeepSurv,41
8.6,0.2110179486737973,0.22437240583090826,RFS,OOD,GSE6532,DeepSurv,41
8.8,0.21246071266471747,0.22437240583090817,RFS,OOD,GSE6532,DeepSurv,41
9.0,0.21046002222744964,0.22577208426803666,RFS,OOD,GSE6532,DeepSurv,41
9.2,0.2076859119352513,0.22985448478868448,RFS,OOD,GSE6532,DeepSurv,41
9.4,0.2126261405531851,0.22985448478868448,RFS,OOD,GSE6532,DeepSurv,41
9.6,0.21866367197049913,0.23129837656896476,RFS,OOD,GSE6532,DeepSurv,41
9.8,0.2189993915544473,0.2312983765689647,RFS,OOD,GSE6532,DeepSurv,41
10.0,0.22202336027756078,0.23129837656896468,RFS,OOD,GSE6532,DeepSurv,41
0.8,0.037034012680105095,0.03649470417219518,RFS,OOD,GSE6532,DeepSurv,42
1.0,0.046249162870149026,0.045842265969183144,RFS,OOD,GSE6532,DeepSurv,42
1.2,0.05805111182181231,0.05727025770194493,RFS,OOD,GSE6532,DeepSurv,42
1.4,0.06351713029302758,0.06397522227339066,RFS,OOD,GSE6532,DeepSurv,42
1.6,0.06943249446054002,0.07057346819950026,RFS,OOD,GSE6532,DeepSurv,42
1.8,0.07577185143726159,0.07707050727238247,RFS,OOD,GSE6532,DeepSurv,42
2.0,0.08619778198511457,0.08768572910095929,RFS,OOD,GSE6532,DeepSurv,42
2.2,0.09159244202402637,0.09392067426703836,RFS,OOD,GSE6532,DeepSurv,42
2.4,0.09464112912838567,0.09801733276495658,RFS,OOD,GSE6532,DeepSurv,42
2.6,0.10987293134930992,0.11393955720808722,RFS,OOD,GSE6532,DeepSurv,42
2.8,0.11825951598319463,0.12353580077539547,RFS,OOD,GSE6532,DeepSurv,42
3.0,0.12582711664871565,0.13283796283354712,RFS,OOD,GSE6532,DeepSurv,42
3.2,0.13354747900051123,0.1418124034142496,RFS,OOD,GSE6532,DeepSurv,42
3.4,0.1338364252251636,0.14358143950496297,RFS,OOD,GSE6532,DeepSurv,42
3.6,0.1411915303074882,0.15228658447687918,RFS,OOD,GSE6532,DeepSurv,42
3.8,0.14980681613446223,0.16073099895360923,RFS,OOD,GSE6532,DeepSurv,42
4.0,0.15075765583189346,0.16239230941676783,RFS,OOD,GSE6532,DeepSurv,42
4.2,0.15375938174573814,0.16732246623474717,RFS,OOD,GSE6532,DeepSurv,42
4.4,0.15644797235526564,0.17057794982623686,RFS,OOD,GSE6532,DeepSurv,42
4.6,0.16584548239503757,0.17850870314890854,RFS,OOD,GSE6532,DeepSurv,42
4.8,0.16512633543630034,0.17850870314890854,RFS,OOD,GSE6532,DeepSurv,42
5.0,0.17085509710572577,0.18477872035626283,RFS,OOD,GSE6532,DeepSurv,42
5.2,0.1732337212539676,0.1878600435635935,RFS,OOD,GSE6532,DeepSurv,42
5.4,0.17594675687126884,0.18940072637177802,RFS,OOD,GSE6532,DeepSurv,42
5.6,0.17538279018182143,0.189400726371778,RFS,OOD,GSE6532,DeepSurv,42
5.8,0.1787006296094297,0.19251372129462802,RFS,OOD,GSE6532,DeepSurv,42
6.0,0.18125645748344113,0.19557193216148927,RFS,OOD,GSE6532,DeepSurv,42
6.2,0.1819978992332771,0.19710267824281308,RFS,OOD,GSE6532,DeepSurv,42
6.4,0.18441378457026128,0.20016060603633373,RFS,OOD,GSE6532,DeepSurv,42
6.6,0.1876408241493802,0.20464756792474667,RFS,OOD,GSE6532,DeepSurv,42
6.8,0.18709096561750568,0.20464756792474667,RFS,OOD,GSE6532,DeepSurv,42
7.0,0.19088651992222844,0.20756998771096102,RFS,OOD,GSE6532,DeepSurv,42
7.2,0.19575008869453936,0.2118588866804198,RFS,OOD,GSE6532,DeepSurv,42
7.4,0.19735918759462487,0.2132536938735696,RFS,OOD,GSE6532,DeepSurv,42
7.6,0.19812215653317508,0.2132536938735696,RFS,OOD,GSE6532,DeepSurv,42
7.8,0.20130997028364064,0.2146891876155908,RFS,OOD,GSE6532,DeepSurv,42
8.0,0.2036495910999569,0.21612738866520684,RFS,OOD,GSE6532,DeepSurv,42
8.2,0.206637101916809,0.21895327785709756,RFS,OOD,GSE6532,DeepSurv,42
8.4,0.2100071328671488,0.2216951451814506,RFS,OOD,GSE6532,DeepSurv,42
8.6,0.2145255323436305,0.22437240583090826,RFS,OOD,GSE6532,DeepSurv,42
8.8,0.21656966141889541,0.22437240583090817,RFS,OOD,GSE6532,DeepSurv,42
9.0,0.21574114680940196,0.22577208426803666,RFS,OOD,GSE6532,DeepSurv,42
9.2,0.2147607155696008,0.22985448478868448,RFS,OOD,GSE6532,DeepSurv,42
9.4,0.2161837726827006,0.22985448478868448,RFS,OOD,GSE6532,DeepSurv,42
9.6,0.21881565389789495,0.23129837656896476,RFS,OOD,GSE6532,DeepSurv,42
9.8,0.2186447126266575,0.2312983765689647,RFS,OOD,GSE6532,DeepSurv,42
10.0,0.21828608732706217,0.23129837656896468,RFS,OOD,GSE6532,DeepSurv,42
0.8,0.037030230796619164,0.03649470417219518,RFS,OOD,GSE6532,DeepSurv,43
1.0,0.0463002629431683,0.045842265969183144,RFS,OOD,GSE6532,DeepSurv,43
1.2,0.05762981838906305,0.05727025770194493,RFS,OOD,GSE6532,DeepSurv,43
1.4,0.06266657989610873,0.06397522227339066,RFS,OOD,GSE6532,DeepSurv,43
1.6,0.06767416936802462,0.07057346819950026,RFS,OOD,GSE6532,DeepSurv,43
1.8,0.07241462903818092,0.07707050727238247,RFS,OOD,GSE6532,DeepSurv,43
2.0,0.08220732140607061,0.08768572910095929,RFS,OOD,GSE6532,DeepSurv,43
2.2,0.0864904356744077,0.09392067426703836,RFS,OOD,GSE6532,DeepSurv,43
2.4,0.08988798578539647,0.09801733276495658,RFS,OOD,GSE6532,DeepSurv,43
2.6,0.1035762319481671,0.11393955720808722,RFS,OOD,GSE6532,DeepSurv,43
2.8,0.11135872581344054,0.12353580077539547,RFS,OOD,GSE6532,DeepSurv,43
3.0,0.12001423486569943,0.13283796283354712,RFS,OOD,GSE6532,DeepSurv,43
3.2,0.12781842157709386,0.1418124034142496,RFS,OOD,GSE6532,DeepSurv,43
3.4,0.12822748855667612,0.14358143950496297,RFS,OOD,GSE6532,DeepSurv,43
3.6,0.13611840117859758,0.15228658447687918,RFS,OOD,GSE6532,DeepSurv,43
3.8,0.14457710618116087,0.16073099895360923,RFS,OOD,GSE6532,DeepSurv,43
4.0,0.14653648655432014,0.16239230941676783,RFS,OOD,GSE6532,DeepSurv,43
4.2,0.15215597054716398,0.16732246623474717,RFS,OOD,GSE6532,DeepSurv,43
4.4,0.15695817491956662,0.17057794982623686,RFS,OOD,GSE6532,DeepSurv,43
4.6,0.1668071999775893,0.17850870314890854,RFS,OOD,GSE6532,DeepSurv,43
4.8,0.16774730665656779,0.17850870314890854,RFS,OOD,GSE6532,DeepSurv,43
5.0,0.17077955900885186,0.18477872035626283,RFS,OOD,GSE6532,DeepSurv,43
5.2,0.17425846233704806,0.1878600435635935,RFS,OOD,GSE6532,DeepSurv,43
5.4,0.17748588358256676,0.18940072637177802,RFS,OOD,GSE6532,DeepSurv,43
5.6,0.17803854471878588,0.189400726371778,RFS,OOD,GSE6532,DeepSurv,43
5.8,0.1798992905658422,0.19251372129462802,RFS,OOD,GSE6532,DeepSurv,43
6.0,0.1832144218311399,0.19557193216148927,RFS,OOD,GSE6532,DeepSurv,43
6.2,0.183228443879113,0.19710267824281308,RFS,OOD,GSE6532,DeepSurv,43
6.4,0.1861534373837068,0.20016060603633373,RFS,OOD,GSE6532,DeepSurv,43
6.6,0.1888461266803457,0.20464756792474667,RFS,OOD,GSE6532,DeepSurv,43
6.8,0.19037578073545977,0.20464756792474667,RFS,OOD,GSE6532,DeepSurv,43
7.0,0.1933869925126006,0.20756998771096102,RFS,OOD,GSE6532,DeepSurv,43
7.2,0.19757420097419456,0.2118588866804198,RFS,OOD,GSE6532,DeepSurv,43
7.4,0.20096002437682975,0.2132536938735696,RFS,OOD,GSE6532,DeepSurv,43
7.6,0.20305572923482534,0.2132536938735696,RFS,OOD,GSE6532,DeepSurv,43
7.8,0.20803300301187821,0.2146891876155908,RFS,OOD,GSE6532,DeepSurv,43
8.0,0.2081122625245843,0.21612738866520684,RFS,OOD,GSE6532,DeepSurv,43
8.2,0.20635906622632888,0.21895327785709756,RFS,OOD,GSE6532,DeepSurv,43
8.4,0.21124551556576227,0.2216951451814506,RFS,OOD,GSE6532,DeepSurv,43
8.6,0.2155188376184224,0.22437240583090826,RFS,OOD,GSE6532,DeepSurv,43
8.8,0.21774982737700013,0.22437240583090817,RFS,OOD,GSE6532,DeepSurv,43
9.0,0.2187798017461862,0.22577208426803666,RFS,OOD,GSE6532,DeepSurv,43
9.2,0.22226058595502052,0.22985448478868448,RFS,OOD,GSE6532,DeepSurv,43
9.4,0.22398857768675137,0.22985448478868448,RFS,OOD,GSE6532,DeepSurv,43
9.6,0.23110353495575314,0.23129837656896476,RFS,OOD,GSE6532,DeepSurv,43
9.8,0.233845626054167,0.2312983765689647,RFS,OOD,GSE6532,DeepSurv,43
10.0,0.23910365207700754,0.23129837656896468,RFS,OOD,GSE6532,DeepSurv,43
0.8,0.037772930815852014,0.03649470417219518,RFS,OOD,GSE6532,DeepSurv,44
1.0,0.04741904407698035,0.045842265969183144,RFS,OOD,GSE6532,DeepSurv,44
1.2,0.0591396754823004,0.05727025770194493,RFS,OOD,GSE6532,DeepSurv,44
1.4,0.06481575348296244,0.06397522227339066,RFS,OOD,GSE6532,DeepSurv,44
1.6,0.07163335179481513,0.07057346819950026,RFS,OOD,GSE6532,DeepSurv,44
1.8,0.07699460248371813,0.07707050727238247,RFS,OOD,GSE6532,DeepSurv,44
2.0,0.08790437198195633,0.08768572910095929,RFS,OOD,GSE6532,DeepSurv,44
2.2,0.09193232759637232,0.09392067426703836,RFS,OOD,GSE6532,DeepSurv,44
2.4,0.09569371519518632,0.09801733276495658,RFS,OOD,GSE6532,DeepSurv,44
2.6,0.11219284527846633,0.11393955720808722,RFS,OOD,GSE6532,DeepSurv,44
2.8,0.12036442986926403,0.12353580077539547,RFS,OOD,GSE6532,DeepSurv,44
3.0,0.12813096633931487,0.13283796283354712,RFS,OOD,GSE6532,DeepSurv,44
3.2,0.13537732353973478,0.1418124034142496,RFS,OOD,GSE6532,DeepSurv,44
3.4,0.13735487128617233,0.14358143950496297,RFS,OOD,GSE6532,DeepSurv,44
3.6,0.1407989187966913,0.15228658447687918,RFS,OOD,GSE6532,DeepSurv,44
3.8,0.14855093491170546,0.16073099895360923,RFS,OOD,GSE6532,DeepSurv,44
4.0,0.1499246803538882,0.16239230941676783,RFS,OOD,GSE6532,DeepSurv,44
4.2,0.15412780419967748,0.16732246623474717,RFS,OOD,GSE6532,DeepSurv,44
4.4,0.15695809876180689,0.17057794982623686,RFS,OOD,GSE6532,DeepSurv,44
4.6,0.1665674539003572,0.17850870314890854,RFS,OOD,GSE6532,DeepSurv,44
4.8,0.16609203591194827,0.17850870314890854,RFS,OOD,GSE6532,DeepSurv,44
5.0,0.16945442105473874,0.18477872035626283,RFS,OOD,GSE6532,DeepSurv,44
5.2,0.17277264899718253,0.1878600435635935,RFS,OOD,GSE6532,DeepSurv,44
5.4,0.17404272535926602,0.18940072637177802,RFS,OOD,GSE6532,DeepSurv,44
5.6,0.1736798719856603,0.189400726371778,RFS,OOD,GSE6532,DeepSurv,44
5.8,0.1752809178091636,0.19251372129462802,RFS,OOD,GSE6532,DeepSurv,44
6.0,0.1800839250794945,0.19557193216148927,RFS,OOD,GSE6532,DeepSurv,44
6.2,0.17998067218187683,0.19710267824281308,RFS,OOD,GSE6532,DeepSurv,44
6.4,0.1829267736593013,0.20016060603633373,RFS,OOD,GSE6532,DeepSurv,44
6.6,0.18830463629674354,0.20464756792474667,RFS,OOD,GSE6532,DeepSurv,44
6.8,0.18846424097800216,0.20464756792474667,RFS,OOD,GSE6532,DeepSurv,44
7.0,0.19218739871311294,0.20756998771096102,RFS,OOD,GSE6532,DeepSurv,44
7.2,0.19509691287401304,0.2118588866804198,RFS,OOD,GSE6532,DeepSurv,44
7.4,0.199376143417156,0.2132536938735696,RFS,OOD,GSE6532,DeepSurv,44
7.6,0.20008078941070964,0.2132536938735696,RFS,OOD,GSE6532,DeepSurv,44
7.8,0.202949379778229,0.2146891876155908,RFS,OOD,GSE6532,DeepSurv,44
8.0,0.20504907526207194,0.21612738866520684,RFS,OOD,GSE6532,DeepSurv,44
8.2,0.20761765445362798,0.21895327785709756,RFS,OOD,GSE6532,DeepSurv,44
8.4,0.21325037431086105,0.2216951451814506,RFS,OOD,GSE6532,DeepSurv,44
8.6,0.2152854298779002,0.22437240583090826,RFS,OOD,GSE6532,DeepSurv,44
8.8,0.21363049986664756,0.22437240583090817,RFS,OOD,GSE6532,DeepSurv,44
9.0,0.21650809220880257,0.22577208426803666,RFS,OOD,GSE6532,DeepSurv,44
9.2,0.21903182870383864,0.22985448478868448,RFS,OOD,GSE6532,DeepSurv,44
9.4,0.21903499034902865,0.22985448478868448,RFS,OOD,GSE6532,DeepSurv,44
9.6,0.2228254649689373,0.23129837656896476,RFS,OOD,GSE6532,DeepSurv,44
9.8,0.22387467155526064,0.2312983765689647,RFS,OOD,GSE6532,DeepSurv,44
10.0,0.2252925034741219,0.23129837656896468,RFS,OOD,GSE6532,DeepSurv,44
0.8,0.03765079469196316,0.03649470417219518,RFS,OOD,GSE6532,ENCox,40
1.0,0.04706546306359665,0.045842265969183144,RFS,OOD,GSE6532,ENCox,40
1.2,0.05919880282440249,0.05727025770194493,RFS,OOD,GSE6532,ENCox,40
1.4,0.0655851405362823,0.06397522227339066,RFS,OOD,GSE6532,ENCox,40
1.6,0.07236277225134347,0.07057346819950026,RFS,OOD,GSE6532,ENCox,40
1.8,0.07842139171834078,0.07707050727238247,RFS,OOD,GSE6532,ENCox,40
2.0,0.08835796061695712,0.08768572910095929,RFS,OOD,GSE6532,ENCox,40
2.2,0.09315121555857653,0.09392067426703836,RFS,OOD,GSE6532,ENCox,40
2.4,0.09644705532740619,0.09801733276495658,RFS,OOD,GSE6532,ENCox,40
2.6,0.1126209338889815,0.11393955720808722,RFS,OOD,GSE6532,ENCox,40
2.8,0.1224996617611947,0.12353580077539547,RFS,OOD,GSE6532,ENCox,40
3.0,0.13388139663807086,0.13283796283354712,RFS,OOD,GSE6532,ENCox,40
3.2,0.14386407670642856,0.1418124034142496,RFS,OOD,GSE6532,ENCox,40
3.4,0.14547799915004847,0.14358143950496297,RFS,OOD,GSE6532,ENCox,40
3.6,0.1534164071249887,0.15228658447687918,RFS,OOD,GSE6532,ENCox,40
3.8,0.1627149586979039,0.16073099895360923,RFS,OOD,GSE6532,ENCox,40
4.0,0.16522544151044927,0.16239230941676783,RFS,OOD,GSE6532,ENCox,40
4.2,0.1719821198132396,0.16732246623474717,RFS,OOD,GSE6532,ENCox,40
4.4,0.17602671535251085,0.17057794982623686,RFS,OOD,GSE6532,ENCox,40
4.6,0.18638406544965108,0.17850870314890854,RFS,OOD,GSE6532,ENCox,40
4.8,0.18673241572220167,0.17850870314890854,RFS,OOD,GSE6532,ENCox,40
5.0,0.19519259985296739,0.18477872035626283,RFS,OOD,GSE6532,ENCox,40
5.2,0.20047343080772898,0.1878600435635935,RFS,OOD,GSE6532,ENCox,40
5.4,0.20305389101031565,0.18940072637177802,RFS,OOD,GSE6532,ENCox,40
5.6,0.20412417081347364,0.189400726371778,RFS,OOD,GSE6532,ENCox,40
5.8,0.208581665817999,0.19251372129462802,RFS,OOD,GSE6532,ENCox,40
6.0,0.21430672890227687,0.19557193216148927,RFS,OOD,GSE6532,ENCox,40
6.2,0.21785425218050217,0.19710267824281308,RFS,OOD,GSE6532,ENCox,40
6.4,0.21976330021954255,0.20016060603633373,RFS,OOD,GSE6532,ENCox,40
6.6,0.22544896544597387,0.20464756792474667,RFS,OOD,GSE6532,ENCox,40
6.8,0.22638398753133018,0.20464756792474667,RFS,OOD,GSE6532,ENCox,40
7.0,0.23153641282591966,0.20756998771096102,RFS,OOD,GSE6532,ENCox,40
7.2,0.2337234222764192,0.2118588866804198,RFS,OOD,GSE6532,ENCox,40
7.4,0.2390749898289355,0.2132536938735696,RFS,OOD,GSE6532,ENCox,40
7.6,0.24186773962348912,0.2132536938735696,RFS,OOD,GSE6532,ENCox,40
7.8,0.24538723211628805,0.2146891876155908,RFS,OOD,GSE6532,ENCox,40
8.0,0.24922591920316242,0.21612738866520684,RFS,OOD,GSE6532,ENCox,40
8.2,0.25370357619981804,0.21895327785709756,RFS,OOD,GSE6532,ENCox,40
8.4,0.25730737230969863,0.2216951451814506,RFS,OOD,GSE6532,ENCox,40
8.6,0.26217697040138005,0.22437240583090826,RFS,OOD,GSE6532,ENCox,40
8.8,0.26087229801782524,0.22437240583090817,RFS,OOD,GSE6532,ENCox,40
9.0,0.26281431084334317,0.22577208426803666,RFS,OOD,GSE6532,ENCox,40
9.2,0.26703970981267056,0.22985448478868448,RFS,OOD,GSE6532,ENCox,40
9.4,0.26628537785954987,0.22985448478868448,RFS,OOD,GSE6532,ENCox,40
9.6,0.2732010550611126,0.23129837656896476,RFS,OOD,GSE6532,ENCox,40
9.8,0.27207616663181844,0.2312983765689647,RFS,OOD,GSE6532,ENCox,40
10.0,0.27400812424420984,0.23129837656896468,RFS,OOD,GSE6532,ENCox,40
0.8,0.036952051757981635,0.03649470417219518,RFS,OOD,GSE6532,ENCox,41
1.0,0.04609568059740051,0.045842265969183144,RFS,OOD,GSE6532,ENCox,41
1.2,0.05755747439680921,0.05727025770194493,RFS,OOD,GSE6532,ENCox,41
1.4,0.06400973308265837,0.06397522227339066,RFS,OOD,GSE6532,ENCox,41
1.6,0.0702482495310129,0.07057346819950026,RFS,OOD,GSE6532,ENCox,41
1.8,0.07530376752336437,0.07707050727238247,RFS,OOD,GSE6532,ENCox,41
2.0,0.08522424843530582,0.08768572910095929,RFS,OOD,GSE6532,ENCox,41
2.2,0.08995591623755736,0.09392067426703836,RFS,OOD,GSE6532,ENCox,41
2.4,0.09427383778247787,0.09801733276495658,RFS,OOD,GSE6532,ENCox,41
2.6,0.11096463959249693,0.11393955720808722,RFS,OOD,GSE6532,ENCox,41
2.8,0.12061112491095424,0.12353580077539547,RFS,OOD,GSE6532,ENCox,41
3.0,0.12990697797412523,0.13283796283354712,RFS,OOD,GSE6532,ENCox,41
3.2,0.13825998186291277,0.1418124034142496,RFS,OOD,GSE6532,ENCox,41
3.4,0.13845757537882075,0.14358143950496297,RFS,OOD,GSE6532,ENCox,41
3.6,0.14537244541546743,0.15228658447687918,RFS,OOD,GSE6532,ENCox,41
3.8,0.1529013697878827,0.16073099895360923,RFS,OOD,GSE6532,ENCox,41
4.0,0.15411270181139683,0.16239230941676783,RFS,OOD,GSE6532,ENCox,41
4.2,0.15744017208906558,0.16732246623474717,RFS,OOD,GSE6532,ENCox,41
4.4,0.16004685682391176,0.17057794982623686,RFS,OOD,GSE6532,ENCox,41
4.6,0.16800782724584376,0.17850870314890854,RFS,OOD,GSE6532,ENCox,41
4.8,0.1670233091845225,0.17850870314890854,RFS,OOD,GSE6532,ENCox,41
5.0,0.17316709178786363,0.18477872035626283,RFS,OOD,GSE6532,ENCox,41
5.2,0.17699451931940896,0.1878600435635935,RFS,OOD,GSE6532,ENCox,41
5.4,0.17853239609307292,0.18940072637177802,RFS,OOD,GSE6532,ENCox,41
5.6,0.178614599227624,0.189400726371778,RFS,OOD,GSE6532,ENCox,41
5.8,0.18120609403192836,0.19251372129462802,RFS,OOD,GSE6532,ENCox,41
6.0,0.18438187986081048,0.19557193216148927,RFS,OOD,GSE6532,ENCox,41
6.2,0.1852769689675415,0.19710267824281308,RFS,OOD,GSE6532,ENCox,41
6.4,0.18802715891481692,0.20016060603633373,RFS,OOD,GSE6532,ENCox,41
6.6,0.1927418656964854,0.20464756792474667,RFS,OOD,GSE6532,ENCox,41
6.8,0.19276520726597332,0.20464756792474667,RFS,OOD,GSE6532,ENCox,41
7.0,0.19645417507247837,0.20756998771096102,RFS,OOD,GSE6532,ENCox,41
7.2,0.20099461273527763,0.2118588866804198,RFS,OOD,GSE6532,ENCox,41
7.4,0.20267758046449658,0.2132536938735696,RFS,OOD,GSE6532,ENCox,41
7.6,0.20387664558115856,0.2132536938735696,RFS,OOD,GSE6532,ENCox,41
7.8,0.20652651556669493,0.2146891876155908,RFS,OOD,GSE6532,ENCox,41
8.0,0.20752783795535965,0.21612738866520684,RFS,OOD,GSE6532,ENCox,41
8.2,0.20708626068848124,0.21895327785709756,RFS,OOD,GSE6532,ENCox,41
8.4,0.2109920589812182,0.2216951451814506,RFS,OOD,GSE6532,ENCox,41
8.6,0.21617822905724537,0.22437240583090826,RFS,OOD,GSE6532,ENCox,41
8.8,0.2167973809643194,0.22437240583090817,RFS,OOD,GSE6532,ENCox,41
9.0,0.21821866637005763,0.22577208426803666,RFS,OOD,GSE6532,ENCox,41
9.2,0.22021681830185436,0.22985448478868448,RFS,OOD,GSE6532,ENCox,41
9.4,0.22128480200682907,0.22985448478868448,RFS,OOD,GSE6532,ENCox,41
9.6,0.22683494295010792,0.23129837656896476,RFS,OOD,GSE6532,ENCox,41
9.8,0.22759942533166555,0.2312983765689647,RFS,OOD,GSE6532,ENCox,41
10.0,0.2307801974946269,0.23129837656896468,RFS,OOD,GSE6532,ENCox,41
0.8,0.037142792042115694,0.03649470417219518,RFS,OOD,GSE6532,ENCox,42
1.0,0.046385499498440605,0.045842265969183144,RFS,OOD,GSE6532,ENCox,42
1.2,0.05810661668194745,0.05727025770194493,RFS,OOD,GSE6532,ENCox,42
1.4,0.06403641386028858,0.06397522227339066,RFS,OOD,GSE6532,ENCox,42
1.6,0.07008037319156882,0.07057346819950026,RFS,OOD,GSE6532,ENCox,42
1.8,0.0762450388107543,0.07707050727238247,RFS,OOD,GSE6532,ENCox,42
2.0,0.0868170478658191,0.08768572910095929,RFS,OOD,GSE6532,ENCox,42
2.2,0.09246435009548605,0.09392067426703836,RFS,OOD,GSE6532,ENCox,42
2.4,0.09628633886755612,0.09801733276495658,RFS,OOD,GSE6532,ENCox,42
2.6,0.1121626166506037,0.11393955720808722,RFS,OOD,GSE6532,ENCox,42
2.8,0.12138240580683854,0.12353580077539547,RFS,OOD,GSE6532,ENCox,42
3.0,0.13017924348433263,0.13283796283354712,RFS,OOD,GSE6532,ENCox,42
3.2,0.13923105802401947,0.1418124034142496,RFS,OOD,GSE6532,ENCox,42
3.4,0.139674887586672,0.14358143950496297,RFS,OOD,GSE6532,ENCox,42
3.6,0.1473281630159914,0.15228658447687918,RFS,OOD,GSE6532,ENCox,42
3.8,0.1561383595686619,0.16073099895360923,RFS,OOD,GSE6532,ENCox,42
4.0,0.15679761475903506,0.16239230941676783,RFS,OOD,GSE6532,ENCox,42
4.2,0.1609582343474709,0.16732246623474717,RFS,OOD,GSE6532,ENCox,42
4.4,0.16324305254034738,0.17057794982623686,RFS,OOD,GSE6532,ENCox,42
4.6,0.17233160782102128,0.17850870314890854,RFS,OOD,GSE6532,ENCox,42
4.8,0.17162339664620666,0.17850870314890854,RFS,OOD,GSE6532,ENCox,42
5.0,0.17729740866611887,0.18477872035626283,RFS,OOD,GSE6532,ENCox,42
5.2,0.18060641702899072,0.1878600435635935,RFS,OOD,GSE6532,ENCox,42
5.4,0.18221269841992127,0.18940072637177802,RFS,OOD,GSE6532,ENCox,42
5.6,0.1819997216268067,0.189400726371778,RFS,OOD,GSE6532,ENCox,42
5.8,0.18483187718711472,0.19251372129462802,RFS,OOD,GSE6532,ENCox,42
6.0,0.1879972923380536,0.19557193216148927,RFS,OOD,GSE6532,ENCox,42
6.2,0.1894106315951436,0.19710267824281308,RFS,OOD,GSE6532,ENCox,42
6.4,0.19258363097736728,0.20016060603633373,RFS,OOD,GSE6532,ENCox,42
6.6,0.19700232409353166,0.20464756792474667,RFS,OOD,GSE6532,ENCox,42
6.8,0.1963632387830812,0.20464756792474667,RFS,OOD,GSE6532,ENCox,42
7.0,0.19946632973722941,0.20756998771096102,RFS,OOD,GSE6532,ENCox,42
7.2,0.2036629550710452,0.2118588866804198,RFS,OOD,GSE6532,ENCox,42
7.4,0.20510462017928102,0.2132536938735696,RFS,OOD,GSE6532,ENCox,42
7.6,0.20483512857396838,0.2132536938735696,RFS,OOD,GSE6532,ENCox,42
7.8,0.2067339755204416,0.2146891876155908,RFS,OOD,GSE6532,ENCox,42
8.0,0.20848813599661153,0.21612738866520684,RFS,OOD,GSE6532,ENCox,42
8.2,0.21046704730706123,0.21895327785709756,RFS,OOD,GSE6532,ENCox,42
8.4,0.21414547338455703,0.2216951451814506,RFS,OOD,GSE6532,ENCox,42
8.6,0.21745730385319362,0.22437240583090826,RFS,OOD,GSE6532,ENCox,42
8.8,0.21815830262548713,0.22437240583090817,RFS,OOD,GSE6532,ENCox,42
9.0,0.2195849808363115,0.22577208426803666,RFS,OOD,GSE6532,ENCox,42
9.2,0.22237530613865938,0.22985448478868448,RFS,OOD,GSE6532,ENCox,42
9.4,0.22322471217497525,0.22985448478868448,RFS,OOD,GSE6532,ENCox,42
9.6,0.2259500200065506,0.23129837656896476,RFS,OOD,GSE6532,ENCox,42
9.8,0.22606122970184236,0.2312983765689647,RFS,OOD,GSE6532,ENCox,42
10.0,0.22853675566630346,0.23129837656896468,RFS,OOD,GSE6532,ENCox,42
0.8,0.037184079123630996,0.03649470417219518,RFS,OOD,GSE6532,ENCox,43
1.0,0.04668824423235374,0.045842265969183144,RFS,OOD,GSE6532,ENCox,43
1.2,0.058480675562254614,0.05727025770194493,RFS,OOD,GSE6532,ENCox,43
1.4,0.06405808002757504,0.06397522227339066,RFS,OOD,GSE6532,ENCox,43
1.6,0.06993678003486378,0.07057346819950026,RFS,OOD,GSE6532,ENCox,43
1.8,0.07585950010326672,0.07707050727238247,RFS,OOD,GSE6532,ENCox,43
2.0,0.08674110882059002,0.08768572910095929,RFS,OOD,GSE6532,ENCox,43
2.2,0.09148431067029202,0.09392067426703836,RFS,OOD,GSE6532,ENCox,43
2.4,0.09501699297098848,0.09801733276495658,RFS,OOD,GSE6532,ENCox,43
2.6,0.11031575251646489,0.11393955720808722,RFS,OOD,GSE6532,ENCox,43
2.8,0.11978804461836705,0.12353580077539547,RFS,OOD,GSE6532,ENCox,43
3.0,0.128640110538505,0.13283796283354712,RFS,OOD,GSE6532,ENCox,43
3.2,0.13685055490485312,0.1418124034142496,RFS,OOD,GSE6532,ENCox,43
3.4,0.13615679054316432,0.14358143950496297,RFS,OOD,GSE6532,ENCox,43
3.6,0.1433321046113604,0.15228658447687918,RFS,OOD,GSE6532,ENCox,43
3.8,0.14941532408592648,0.16073099895360923,RFS,OOD,GSE6532,ENCox,43
4.0,0.15073818960102991,0.16239230941676783,RFS,OOD,GSE6532,ENCox,43
4.2,0.155299538131947,0.16732246623474717,RFS,OOD,GSE6532,ENCox,43
4.4,0.15922421248201085,0.17057794982623686,RFS,OOD,GSE6532,ENCox,43
4.6,0.16809968193628247,0.17850870314890854,RFS,OOD,GSE6532,ENCox,43
4.8,0.1681255861086476,0.17850870314890854,RFS,OOD,GSE6532,ENCox,43
5.0,0.17243232232830405,0.18477872035626283,RFS,OOD,GSE6532,ENCox,43
5.2,0.17544806079138014,0.1878600435635935,RFS,OOD,GSE6532,ENCox,43
5.4,0.17635376017570042,0.18940072637177802,RFS,OOD,GSE6532,ENCox,43
5.6,0.17652930947126108,0.189400726371778,RFS,OOD,GSE6532,ENCox,43
5.8,0.17950032781696354,0.19251372129462802,RFS,OOD,GSE6532,ENCox,43
6.0,0.1837596189839427,0.19557193216148927,RFS,OOD,GSE6532,ENCox,43
6.2,0.18497845314037265,0.19710267824281308,RFS,OOD,GSE6532,ENCox,43
6.4,0.18670138102692943,0.20016060603633373,RFS,OOD,GSE6532,ENCox,43
6.6,0.19186569761024214,0.20464756792474667,RFS,OOD,GSE6532,ENCox,43
6.8,0.19168433009438005,0.20464756792474667,RFS,OOD,GSE6532,ENCox,43
7.0,0.1927600011348156,0.20756998771096102,RFS,OOD,GSE6532,ENCox,43
7.2,0.19528243852701352,0.2118588866804198,RFS,OOD,GSE6532,ENCox,43
7.4,0.19776738730433516,0.2132536938735696,RFS,OOD,GSE6532,ENCox,43
7.6,0.1984918568425761,0.2132536938735696,RFS,OOD,GSE6532,ENCox,43
7.8,0.20110534692571705,0.2146891876155908,RFS,OOD,GSE6532,ENCox,43
8.0,0.20236936157914096,0.21612738866520684,RFS,OOD,GSE6532,ENCox,43
8.2,0.2064097782774689,0.21895327785709756,RFS,OOD,GSE6532,ENCox,43
8.4,0.21050430950725485,0.2216951451814506,RFS,OOD,GSE6532,ENCox,43
8.6,0.21493603876433243,0.22437240583090826,RFS,OOD,GSE6532,ENCox,43
8.8,0.21412990890842842,0.22437240583090817,RFS,OOD,GSE6532,ENCox,43
9.0,0.2168757762785399,0.22577208426803666,RFS,OOD,GSE6532,ENCox,43
9.2,0.22224129355141314,0.22985448478868448,RFS,OOD,GSE6532,ENCox,43
9.4,0.22268349003976887,0.22985448478868448,RFS,OOD,GSE6532,ENCox,43
9.6,0.22683189319512023,0.23129837656896476,RFS,OOD,GSE6532,ENCox,43
9.8,0.22781803412171203,0.2312983765689647,RFS,OOD,GSE6532,ENCox,43
10.0,0.22502658477751863,0.23129837656896468,RFS,OOD,GSE6532,ENCox,43
0.8,0.03776118269916688,0.03649470417219518,RFS,OOD,GSE6532,ENCox,44
1.0,0.047361992701813564,0.045842265969183144,RFS,OOD,GSE6532,ENCox,44
1.2,0.05902839892125719,0.05727025770194493,RFS,OOD,GSE6532,ENCox,44
1.4,0.06495630798942735,0.06397522227339066,RFS,OOD,GSE6532,ENCox,44
1.6,0.07202671754717604,0.07057346819950026,RFS,OOD,GSE6532,ENCox,44
1.8,0.0780735678422994,0.07707050727238247,RFS,OOD,GSE6532,ENCox,44
2.0,0.08889587086432137,0.08768572910095929,RFS,OOD,GSE6532,ENCox,44
2.2,0.09498841144034212,0.09392067426703836,RFS,OOD,GSE6532,ENCox,44
2.4,0.0988453098971973,0.09801733276495658,RFS,OOD,GSE6532,ENCox,44
2.6,0.11540845047017985,0.11393955720808722,RFS,OOD,GSE6532,ENCox,44
2.8,0.12474377937550628,0.12353580077539547,RFS,OOD,GSE6532,ENCox,44
3.0,0.13366763175787325,0.13283796283354712,RFS,OOD,GSE6532,ENCox,44
3.2,0.1432193772800369,0.1418124034142496,RFS,OOD,GSE6532,ENCox,44
3.4,0.1451897266430323,0.14358143950496297,RFS,OOD,GSE6532,ENCox,44
3.6,0.15180265136168083,0.15228658447687918,RFS,OOD,GSE6532,ENCox,44
3.8,0.15940068624559267,0.16073099895360923,RFS,OOD,GSE6532,ENCox,44
4.0,0.1613642840204831,0.16239230941676783,RFS,OOD,GSE6532,ENCox,44
4.2,0.16742916755620138,0.16732246623474717,RFS,OOD,GSE6532,ENCox,44
4.4,0.17128984059443642,0.17057794982623686,RFS,OOD,GSE6532,ENCox,44
4.6,0.1818699950300749,0.17850870314890854,RFS,OOD,GSE6532,ENCox,44
4.8,0.18200990564883257,0.17850870314890854,RFS,OOD,GSE6532,ENCox,44
5.0,0.18637062654661782,0.18477872035626283,RFS,OOD,GSE6532,ENCox,44
5.2,0.19010526705517874,0.1878600435635935,RFS,OOD,GSE6532,ENCox,44
5.4,0.19065041314466077,0.18940072637177802,RFS,OOD,GSE6532,ENCox,44
5.6,0.19073101161929856,0.189400726371778,RFS,OOD,GSE6532,ENCox,44
5.8,0.1928605883442978,0.19251372129462802,RFS,OOD,GSE6532,ENCox,44
6.0,0.19713814573837912,0.19557193216148927,RFS,OOD,GSE6532,ENCox,44
6.2,0.19851313156401026,0.19710267824281308,RFS,OOD,GSE6532,ENCox,44
6.4,0.2018417390941263,0.20016060603633373,RFS,OOD,GSE6532,ENCox,44
6.6,0.20761777260227648,0.20464756792474667,RFS,OOD,GSE6532,ENCox,44
6.8,0.20857053150323684,0.20464756792474667,RFS,OOD,GSE6532,ENCox,44
7.0,0.21356830608946295,0.20756998771096102,RFS,OOD,GSE6532,ENCox,44
7.2,0.21792000292492605,0.2118588866804198,RFS,OOD,GSE6532,ENCox,44
7.4,0.22187828708782392,0.2132536938735696,RFS,OOD,GSE6532,ENCox,44
7.6,0.22274901312895773,0.2132536938735696,RFS,OOD,GSE6532,ENCox,44
7.8,0.2251919156778441,0.2146891876155908,RFS,OOD,GSE6532,ENCox,44
8.0,0.22649374078850681,0.21612738866520684,RFS,OOD,GSE6532,ENCox,44
8.2,0.23099605357515415,0.21895327785709756,RFS,OOD,GSE6532,ENCox,44
8.4,0.23576073621433927,0.2216951451814506,RFS,OOD,GSE6532,ENCox,44
8.6,0.23821958180638364,0.22437240583090826,RFS,OOD,GSE6532,ENCox,44
8.8,0.23652850532318714,0.22437240583090817,RFS,OOD,GSE6532,ENCox,44
9.0,0.2387089303872635,0.22577208426803666,RFS,OOD,GSE6532,ENCox,44
9.2,0.2390971560900818,0.22985448478868448,RFS,OOD,GSE6532,ENCox,44
9.4,0.2383463273111361,0.22985448478868448,RFS,OOD,GSE6532,ENCox,44
9.6,0.2420016961023086,0.23129837656896476,RFS,OOD,GSE6532,ENCox,44
9.8,0.24275552330229694,0.2312983765689647,RFS,OOD,GSE6532,ENCox,44
10.0,0.24255652905952205,0.23129837656896468,RFS,OOD,GSE6532,ENCox,44
0.8,0.042413753668530486,0.03649470417219518,RFS,OOD,GSE6532,LH,40
1.0,0.05035840277467641,0.045842265969183144,RFS,OOD,GSE6532,LH,40
1.2,0.060741339905926256,0.05727025770194493,RFS,OOD,GSE6532,LH,40
1.4,0.06693041936909558,0.06397522227339066,RFS,OOD,GSE6532,LH,40
1.6,0.0732376399842435,0.07057346819950026,RFS,OOD,GSE6532,LH,40
1.8,0.07922744108184239,0.07707050727238247,RFS,OOD,GSE6532,LH,40
2.0,0.0892777448750118,0.08768572910095929,RFS,OOD,GSE6532,LH,40
2.2,0.09479832025105127,0.09392067426703836,RFS,OOD,GSE6532,LH,40
2.4,0.09902802629664231,0.09801733276495658,RFS,OOD,GSE6532,LH,40
2.6,0.11616055239444047,0.11393955720808722,RFS,OOD,GSE6532,LH,40
2.8,0.1266663420710927,0.12353580077539547,RFS,OOD,GSE6532,LH,40
3.0,0.13776004097903935,0.13283796283354712,RFS,OOD,GSE6532,LH,40
3.2,0.14525044635657233,0.1418124034142496,RFS,OOD,GSE6532,LH,40
3.4,0.1470174098383656,0.14358143950496297,RFS,OOD,GSE6532,LH,40
3.6,0.1509165596418213,0.15228658447687918,RFS,OOD,GSE6532,LH,40
3.8,0.1558743121143711,0.16073099895360923,RFS,OOD,GSE6532,LH,40
4.0,0.15727095647197414,0.16239230941676783,RFS,OOD,GSE6532,LH,40
4.2,0.1622016906032396,0.16732246623474717,RFS,OOD,GSE6532,LH,40
4.4,0.16604227284686354,0.17057794982623686,RFS,OOD,GSE6532,LH,40
4.6,0.17529140002477753,0.17850870314890854,RFS,OOD,GSE6532,LH,40
4.8,0.17545323908506952,0.17850870314890854,RFS,OOD,GSE6532,LH,40
5.0,0.18257704326851062,0.18477872035626283,RFS,OOD,GSE6532,LH,40
5.2,0.18714175018562682,0.1878600435635935,RFS,OOD,GSE6532,LH,40
5.4,0.1892865417051968,0.18940072637177802,RFS,OOD,GSE6532,LH,40
5.6,0.1898862830722109,0.189400726371778,RFS,OOD,GSE6532,LH,40
5.8,0.19293636420213578,0.19251372129462802,RFS,OOD,GSE6532,LH,40
6.0,0.1966656796507278,0.19557193216148927,RFS,OOD,GSE6532,LH,40
6.2,0.19740315470258651,0.19710267824281308,RFS,OOD,GSE6532,LH,40
6.4,0.20791951097654054,0.20016060603633373,RFS,OOD,GSE6532,LH,40
6.6,0.2120143076197069,0.20464756792474667,RFS,OOD,GSE6532,LH,40
6.8,0.21160882364580091,0.20464756792474667,RFS,OOD,GSE6532,LH,40
7.0,0.20975539993153086,0.20756998771096102,RFS,OOD,GSE6532,LH,40
7.2,0.21558385498284138,0.2118588866804198,RFS,OOD,GSE6532,LH,40
7.4,0.2186963677970605,0.2132536938735696,RFS,OOD,GSE6532,LH,40
7.6,0.2187404036474191,0.2132536938735696,RFS,OOD,GSE6532,LH,40
7.8,0.22034417175715984,0.2146891876155908,RFS,OOD,GSE6532,LH,40
8.0,0.22068384087315915,0.21612738866520684,RFS,OOD,GSE6532,LH,40
8.2,0.22438688893291392,0.21895327785709756,RFS,OOD,GSE6532,LH,40
8.4,0.22886006428314787,0.2216951451814506,RFS,OOD,GSE6532,LH,40
8.6,0.23346513831294533,0.22437240583090826,RFS,OOD,GSE6532,LH,40
8.8,0.2320703806811771,0.22437240583090817,RFS,OOD,GSE6532,LH,40
9.0,0.23580558118879688,0.22577208426803666,RFS,OOD,GSE6532,LH,40
9.2,0.23603947082561771,0.22985448478868448,RFS,OOD,GSE6532,LH,40
9.4,0.2654738858433956,0.22985448478868448,RFS,OOD,GSE6532,LH,40
9.6,0.27037363934959174,0.23129837656896476,RFS,OOD,GSE6532,LH,40
9.8,0.26777011644006776,0.2312983765689647,RFS,OOD,GSE6532,LH,40
10.0,0.26527954101602824,0.23129837656896468,RFS,OOD,GSE6532,LH,40
0.8,0.04409387317320427,0.03649470417219518,RFS,OOD,GSE6532,LH,41
1.0,0.05200048797427057,0.045842265969183144,RFS,OOD,GSE6532,LH,41
1.2,0.06237961514285349,0.05727025770194493,RFS,OOD,GSE6532,LH,41
1.4,0.06707412038175303,0.06397522227339066,RFS,OOD,GSE6532,LH,41
1.6,0.07288209002392383,0.07057346819950026,RFS,OOD,GSE6532,LH,41
1.8,0.07799126953135326,0.07707050727238247,RFS,OOD,GSE6532,LH,41
2.0,0.08894482890212589,0.08768572910095929,RFS,OOD,GSE6532,LH,41
2.2,0.09363146494518072,0.09392067426703836,RFS,OOD,GSE6532,LH,41
2.4,0.09702952772636943,0.09801733276495658,RFS,OOD,GSE6532,LH,41
2.6,0.1138061253607233,0.11393955720808722,RFS,OOD,GSE6532,LH,41
2.8,0.12441779812247583,0.12353580077539547,RFS,OOD,GSE6532,LH,41
3.0,0.13468949845493802,0.13283796283354712,RFS,OOD,GSE6532,LH,41
3.2,0.1440233059424434,0.1418124034142496,RFS,OOD,GSE6532,LH,41
3.4,0.14259806216532556,0.14358143950496297,RFS,OOD,GSE6532,LH,41
3.6,0.15085777997102054,0.15228658447687918,RFS,OOD,GSE6532,LH,41
3.8,0.15695827218444586,0.16073099895360923,RFS,OOD,GSE6532,LH,41
4.0,0.15914882768005226,0.16239230941676783,RFS,OOD,GSE6532,LH,41
4.2,0.1616942398823809,0.16732246623474717,RFS,OOD,GSE6532,LH,41
4.4,0.16618052165579417,0.17057794982623686,RFS,OOD,GSE6532,LH,41
4.6,0.17464548730491383,0.17850870314890854,RFS,OOD,GSE6532,LH,41
4.8,0.1746276046857348,0.17850870314890854,RFS,OOD,GSE6532,LH,41
5.0,0.17953958775511694,0.18477872035626283,RFS,OOD,GSE6532,LH,41
5.2,0.18267813282474868,0.1878600435635935,RFS,OOD,GSE6532,LH,41
5.4,0.18456205744808013,0.18940072637177802,RFS,OOD,GSE6532,LH,41
5.6,0.18493977091339703,0.189400726371778,RFS,OOD,GSE6532,LH,41
5.8,0.1897674628740115,0.19251372129462802,RFS,OOD,GSE6532,LH,41
6.0,0.19369235081337646,0.19557193216148927,RFS,OOD,GSE6532,LH,41
6.2,0.19643461822781802,0.19710267824281308,RFS,OOD,GSE6532,LH,41
6.4,0.20147268182082287,0.20016060603633373,RFS,OOD,GSE6532,LH,41
6.6,0.20289447226864965,0.20464756792474667,RFS,OOD,GSE6532,LH,41
6.8,0.20316725465006752,0.20464756792474667,RFS,OOD,GSE6532,LH,41
7.0,0.2032790679137334,0.20756998771096102,RFS,OOD,GSE6532,LH,41
7.2,0.20390279378894158,0.2118588866804198,RFS,OOD,GSE6532,LH,41
7.4,0.20402752703364474,0.2132536938735696,RFS,OOD,GSE6532,LH,41
7.6,0.2048311249724723,0.2132536938735696,RFS,OOD,GSE6532,LH,41
7.8,0.20755595271520536,0.2146891876155908,RFS,OOD,GSE6532,LH,41
8.0,0.21008213698510333,0.21612738866520684,RFS,OOD,GSE6532,LH,41
8.2,0.2116623295602035,0.21895327785709756,RFS,OOD,GSE6532,LH,41
8.4,0.21737995262068055,0.2216951451814506,RFS,OOD,GSE6532,LH,41
8.6,0.22135758969453276,0.22437240583090826,RFS,OOD,GSE6532,LH,41
8.8,0.22054178080338524,0.22437240583090817,RFS,OOD,GSE6532,LH,41
9.0,0.22309664983551616,0.22577208426803666,RFS,OOD,GSE6532,LH,41
9.2,0.22965287618290398,0.22985448478868448,RFS,OOD,GSE6532,LH,41
9.4,0.22704299683297266,0.22985448478868448,RFS,OOD,GSE6532,LH,41
9.6,0.2327101358988418,0.23129837656896476,RFS,OOD,GSE6532,LH,41
9.8,0.23115083027114364,0.2312983765689647,RFS,OOD,GSE6532,LH,41
10.0,0.27021579958373526,0.23129837656896468,RFS,OOD,GSE6532,LH,41
0.8,0.0445911683496241,0.03649470417219518,RFS,OOD,GSE6532,LH,42
1.0,0.05282335041994625,0.045842265969183144,RFS,OOD,GSE6532,LH,42
1.2,0.06240523974767649,0.05727025770194493,RFS,OOD,GSE6532,LH,42
1.4,0.06842889294846474,0.06397522227339066,RFS,OOD,GSE6532,LH,42
1.6,0.07417078187744289,0.07057346819950026,RFS,OOD,GSE6532,LH,42
1.8,0.08015404416484832,0.07707050727238247,RFS,OOD,GSE6532,LH,42
2.0,0.09016322295354498,0.08768572910095929,RFS,OOD,GSE6532,LH,42
2.2,0.09660278321915466,0.09392067426703836,RFS,OOD,GSE6532,LH,42
2.4,0.10106101961115059,0.09801733276495658,RFS,OOD,GSE6532,LH,42
2.6,0.11645625084349306,0.11393955720808722,RFS,OOD,GSE6532,LH,42
2.8,0.12544336578451953,0.12353580077539547,RFS,OOD,GSE6532,LH,42
3.0,0.13601359526203546,0.13283796283354712,RFS,OOD,GSE6532,LH,42
3.2,0.14723152388153,0.1418124034142496,RFS,OOD,GSE6532,LH,42
3.4,0.1594279275660892,0.14358143950496297,RFS,OOD,GSE6532,LH,42
3.6,0.1588855708416322,0.15228658447687918,RFS,OOD,GSE6532,LH,42
3.8,0.163504787561202,0.16073099895360923,RFS,OOD,GSE6532,LH,42
4.0,0.16360834604593716,0.16239230941676783,RFS,OOD,GSE6532,LH,42
4.2,0.1641326923186462,0.16732246623474717,RFS,OOD,GSE6532,LH,42
4.4,0.16857780801002048,0.17057794982623686,RFS,OOD,GSE6532,LH,42
4.6,0.17481851654857256,0.17850870314890854,RFS,OOD,GSE6532,LH,42
4.8,0.17494856988044039,0.17850870314890854,RFS,OOD,GSE6532,LH,42
5.0,0.17912444487071794,0.18477872035626283,RFS,OOD,GSE6532,LH,42
5.2,0.1828767868275252,0.1878600435635935,RFS,OOD,GSE6532,LH,42
5.4,0.18555097746475516,0.18940072637177802,RFS,OOD,GSE6532,LH,42
5.6,0.18517811876055337,0.189400726371778,RFS,OOD,GSE6532,LH,42
5.8,0.19010758995368743,0.19251372129462802,RFS,OOD,GSE6532,LH,42
6.0,0.19014476461752122,0.19557193216148927,RFS,OOD,GSE6532,LH,42
6.2,0.1904221871838242,0.19710267824281308,RFS,OOD,GSE6532,LH,42
6.4,0.19098449895746983,0.20016060603633373,RFS,OOD,GSE6532,LH,42
6.6,0.20866787676584755,0.20464756792474667,RFS,OOD,GSE6532,LH,42
6.8,0.20941469512312977,0.20464756792474667,RFS,OOD,GSE6532,LH,42
7.0,0.20992100097980898,0.20756998771096102,RFS,OOD,GSE6532,LH,42
7.2,0.21089225816623844,0.2118588866804198,RFS,OOD,GSE6532,LH,42
7.4,0.21241663810252667,0.2132536938735696,RFS,OOD,GSE6532,LH,42
7.6,0.21329681108961096,0.2132536938735696,RFS,OOD,GSE6532,LH,42
7.8,0.21437186699233007,0.2146891876155908,RFS,OOD,GSE6532,LH,42
8.0,0.21470739418414167,0.21612738866520684,RFS,OOD,GSE6532,LH,42
8.2,0.21909526991856135,0.21895327785709756,RFS,OOD,GSE6532,LH,42
8.4,0.220495087323971,0.2216951451814506,RFS,OOD,GSE6532,LH,42
8.6,0.22101990472781985,0.22437240583090826,RFS,OOD,GSE6532,LH,42
8.8,0.22373238540229357,0.22437240583090817,RFS,OOD,GSE6532,LH,42
9.0,0.2258109560868769,0.22577208426803666,RFS,OOD,GSE6532,LH,42
9.2,0.22367515985339648,0.22985448478868448,RFS,OOD,GSE6532,LH,42
9.4,0.22356047474153157,0.22985448478868448,RFS,OOD,GSE6532,LH,42
9.6,0.2293803407873666,0.23129837656896476,RFS,OOD,GSE6532,LH,42
9.8,0.22789783224579097,0.2312983765689647,RFS,OOD,GSE6532,LH,42
10.0,0.2745226606851342,0.23129837656896468,RFS,OOD,GSE6532,LH,42
0.8,0.04262373350076318,0.03649470417219518,RFS,OOD,GSE6532,LH,43
1.0,0.05134860598916501,0.045842265969183144,RFS,OOD,GSE6532,LH,43
1.2,0.06141947521822822,0.05727025770194493,RFS,OOD,GSE6532,LH,43
1.4,0.0679135275495119,0.06397522227339066,RFS,OOD,GSE6532,LH,43
1.6,0.07472209670509945,0.07057346819950026,RFS,OOD,GSE6532,LH,43
1.8,0.08115162717542897,0.07707050727238247,RFS,OOD,GSE6532,LH,43
2.0,0.09190402018398516,0.08768572910095929,RFS,OOD,GSE6532,LH,43
2.2,0.09876733640671764,0.09392067426703836,RFS,OOD,GSE6532,LH,43
2.4,0.10267952907792847,0.09801733276495658,RFS,OOD,GSE6532,LH,43
2.6,0.1180949358328934,0.11393955720808722,RFS,OOD,GSE6532,LH,43
2.8,0.12840087383265994,0.12353580077539547,RFS,OOD,GSE6532,LH,43
3.0,0.13912920271600007,0.13283796283354712,RFS,OOD,GSE6532,LH,43
3.2,0.14995921485547367,0.1418124034142496,RFS,OOD,GSE6532,LH,43
3.4,0.1544145063479759,0.14358143950496297,RFS,OOD,GSE6532,LH,43
3.6,0.15893507638656965,0.15228658447687918,RFS,OOD,GSE6532,LH,43
3.8,0.1652667172789484,0.16073099895360923,RFS,OOD,GSE6532,LH,43
4.0,0.16751976005961527,0.16239230941676783,RFS,OOD,GSE6532,LH,43
4.2,0.1706348207180359,0.16732246623474717,RFS,OOD,GSE6532,LH,43
4.4,0.17358230727222973,0.17057794982623686,RFS,OOD,GSE6532,LH,43
4.6,0.18440226360557563,0.17850870314890854,RFS,OOD,GSE6532,LH,43
4.8,0.18394287880437565,0.17850870314890854,RFS,OOD,GSE6532,LH,43
5.0,0.1878618005995718,0.18477872035626283,RFS,OOD,GSE6532,LH,43
5.2,0.19276744066221388,0.1878600435635935,RFS,OOD,GSE6532,LH,43
5.4,0.19438645009331704,0.18940072637177802,RFS,OOD,GSE6532,LH,43
5.6,0.19397956660617383,0.189400726371778,RFS,OOD,GSE6532,LH,43
5.8,0.19925730881032203,0.19251372129462802,RFS,OOD,GSE6532,LH,43
6.0,0.20476340437062931,0.19557193216148927,RFS,OOD,GSE6532,LH,43
6.2,0.2062934274147519,0.19710267824281308,RFS,OOD,GSE6532,LH,43
6.4,0.20554517263474284,0.20016060603633373,RFS,OOD,GSE6532,LH,43
6.6,0.22913576826778354,0.20464756792474667,RFS,OOD,GSE6532,LH,43
6.8,0.22824626370803447,0.20464756792474667,RFS,OOD,GSE6532,LH,43
7.0,0.22947810214210634,0.20756998771096102,RFS,OOD,GSE6532,LH,43
7.2,0.22818926566111714,0.2118588866804198,RFS,OOD,GSE6532,LH,43
7.4,0.2318376559475138,0.2132536938735696,RFS,OOD,GSE6532,LH,43
7.6,0.22969924663772331,0.2132536938735696,RFS,OOD,GSE6532,LH,43
7.8,0.2310021464838746,0.2146891876155908,RFS,OOD,GSE6532,LH,43
8.0,0.23259003816735077,0.21612738866520684,RFS,OOD,GSE6532,LH,43
8.2,0.238095889955603,0.21895327785709756,RFS,OOD,GSE6532,LH,43
8.4,0.23993612273556686,0.2216951451814506,RFS,OOD,GSE6532,LH,43
8.6,0.2434042910344515,0.22437240583090826,RFS,OOD,GSE6532,LH,43
8.8,0.24208318197074283,0.22437240583090817,RFS,OOD,GSE6532,LH,43
9.0,0.24695030362708803,0.22577208426803666,RFS,OOD,GSE6532,LH,43
9.2,0.238351222468661,0.22985448478868448,RFS,OOD,GSE6532,LH,43
9.4,0.23827651002685052,0.22985448478868448,RFS,OOD,GSE6532,LH,43
9.6,0.2483368183274274,0.23129837656896476,RFS,OOD,GSE6532,LH,43
9.8,0.24806866894946702,0.2312983765689647,RFS,OOD,GSE6532,LH,43
10.0,0.2609985313596442,0.23129837656896468,RFS,OOD,GSE6532,LH,43
0.8,0.03910357462042103,0.03649470417219518,RFS,OOD,GSE6532,LH,44
1.0,0.04751141091795447,0.045842265969183144,RFS,OOD,GSE6532,LH,44
1.2,0.058347790196337304,0.05727025770194493,RFS,OOD,GSE6532,LH,44
1.4,0.06374928377376643,0.06397522227339066,RFS,OOD,GSE6532,LH,44
1.6,0.06957817372924617,0.07057346819950026,RFS,OOD,GSE6532,LH,44
1.8,0.07545546521874442,0.07707050727238247,RFS,OOD,GSE6532,LH,44
2.0,0.08624219164731897,0.08768572910095929,RFS,OOD,GSE6532,LH,44
2.2,0.09241810284379144,0.09392067426703836,RFS,OOD,GSE6532,LH,44
2.4,0.09677910633669062,0.09801733276495658,RFS,OOD,GSE6532,LH,44
2.6,0.11425477931447604,0.11393955720808722,RFS,OOD,GSE6532,LH,44
2.8,0.1255945757054655,0.12353580077539547,RFS,OOD,GSE6532,LH,44
3.0,0.13651576414686303,0.13283796283354712,RFS,OOD,GSE6532,LH,44
3.2,0.136279125968848,0.1418124034142496,RFS,OOD,GSE6532,LH,44
3.4,0.13800905499632002,0.14358143950496297,RFS,OOD,GSE6532,LH,44
3.6,0.14834780168126172,0.15228658447687918,RFS,OOD,GSE6532,LH,44
3.8,0.1564830924660835,0.16073099895360923,RFS,OOD,GSE6532,LH,44
4.0,0.1588844187056997,0.16239230941676783,RFS,OOD,GSE6532,LH,44
4.2,0.1649879360392848,0.16732246623474717,RFS,OOD,GSE6532,LH,44
4.4,0.168588241712338,0.17057794982623686,RFS,OOD,GSE6532,LH,44
4.6,0.17833484900546773,0.17850870314890854,RFS,OOD,GSE6532,LH,44
4.8,0.1783072784770038,0.17850870314890854,RFS,OOD,GSE6532,LH,44
5.0,0.18552255888714558,0.18477872035626283,RFS,OOD,GSE6532,LH,44
5.2,0.19025120020235897,0.1878600435635935,RFS,OOD,GSE6532,LH,44
5.4,0.19282874766692723,0.18940072637177802,RFS,OOD,GSE6532,LH,44
5.6,0.19305278364754153,0.189400726371778,RFS,OOD,GSE6532,LH,44
5.8,0.19693721602717673,0.19251372129462802,RFS,OOD,GSE6532,LH,44
6.0,0.20216298005412756,0.19557193216148927,RFS,OOD,GSE6532,LH,44
6.2,0.20366892377621054,0.19710267824281308,RFS,OOD,GSE6532,LH,44
6.4,0.19852361487080614,0.20016060603633373,RFS,OOD,GSE6532,LH,44
6.6,0.20347521899662438,0.20464756792474667,RFS,OOD,GSE6532,LH,44
6.8,0.203713721881461,0.20464756792474667,RFS,OOD,GSE6532,LH,44
7.0,0.20609262600189543,0.20756998771096102,RFS,OOD,GSE6532,LH,44
7.2,0.20771784098560972,0.2118588866804198,RFS,OOD,GSE6532,LH,44
7.4,0.2104981364828737,0.2132536938735696,RFS,OOD,GSE6532,LH,44
7.6,0.21056638605949665,0.2132536938735696,RFS,OOD,GSE6532,LH,44
7.8,0.213053693303843,0.2146891876155908,RFS,OOD,GSE6532,LH,44
8.0,0.21410881995075703,0.21612738866520684,RFS,OOD,GSE6532,LH,44
8.2,0.213571421958687,0.21895327785709756,RFS,OOD,GSE6532,LH,44
8.4,0.21928499610259733,0.2216951451814506,RFS,OOD,GSE6532,LH,44
8.6,0.21963849612856476,0.22437240583090826,RFS,OOD,GSE6532,LH,44
8.8,0.22013928618942147,0.22437240583090817,RFS,OOD,GSE6532,LH,44
9.0,0.2230442552689699,0.22577208426803666,RFS,OOD,GSE6532,LH,44
9.2,0.22780703001793082,0.22985448478868448,RFS,OOD,GSE6532,LH,44
9.4,0.24981325392645323,0.22985448478868448,RFS,OOD,GSE6532,LH,44
9.6,0.24919464970801397,0.23129837656896476,RFS,OOD,GSE6532,LH,44
9.8,0.24705280990713666,0.2312983765689647,RFS,OOD,GSE6532,LH,44
10.0,0.24125362523712457,0.23129837656896468,RFS,OOD,GSE6532,LH,44
0.8,0.036956429239030995,0.03649470417219518,RFS,OOD,GSE6532,MTLR,40
1.0,0.04590163595046404,0.045842265969183144,RFS,OOD,GSE6532,MTLR,40
1.2,0.05607635952909878,0.05727025770194493,RFS,OOD,GSE6532,MTLR,40
1.4,0.061846737608320164,0.06397522227339066,RFS,OOD,GSE6532,MTLR,40
1.6,0.06860894396148454,0.07057346819950026,RFS,OOD,GSE6532,MTLR,40
1.8,0.07560052208925973,0.07707050727238247,RFS,OOD,GSE6532,MTLR,40
2.0,0.08665715722187735,0.08768572910095929,RFS,OOD,GSE6532,MTLR,40
2.2,0.09329100216916111,0.09392067426703836,RFS,OOD,GSE6532,MTLR,40
2.4,0.09730662043032219,0.09801733276495658,RFS,OOD,GSE6532,MTLR,40
2.6,0.11556680929268408,0.11393955720808722,RFS,OOD,GSE6532,MTLR,40
2.8,0.1272088833893172,0.12353580077539547,RFS,OOD,GSE6532,MTLR,40
3.0,0.13912955936375787,0.13283796283354712,RFS,OOD,GSE6532,MTLR,40
3.2,0.13135739891374745,0.1418124034142496,RFS,OOD,GSE6532,MTLR,40
3.4,0.13380674456710753,0.14358143950496297,RFS,OOD,GSE6532,MTLR,40
3.6,0.13922154605241757,0.15228658447687918,RFS,OOD,GSE6532,MTLR,40
3.8,0.14801212766064395,0.16073099895360923,RFS,OOD,GSE6532,MTLR,40
4.0,0.15055139687500704,0.16239230941676783,RFS,OOD,GSE6532,MTLR,40
4.2,0.15700794176885768,0.16732246623474717,RFS,OOD,GSE6532,MTLR,40
4.4,0.16109417872830048,0.17057794982623686,RFS,OOD,GSE6532,MTLR,40
4.6,0.17089820882173068,0.17850870314890854,RFS,OOD,GSE6532,MTLR,40
4.8,0.17086358247499434,0.17850870314890854,RFS,OOD,GSE6532,MTLR,40
5.0,0.17860863507143745,0.18477872035626283,RFS,OOD,GSE6532,MTLR,40
5.2,0.1831491084500388,0.1878600435635935,RFS,OOD,GSE6532,MTLR,40
5.4,0.1844608508725731,0.18940072637177802,RFS,OOD,GSE6532,MTLR,40
5.6,0.18461385019690169,0.189400726371778,RFS,OOD,GSE6532,MTLR,40
5.8,0.18862368315711103,0.19251372129462802,RFS,OOD,GSE6532,MTLR,40
6.0,0.19408901211408536,0.19557193216148927,RFS,OOD,GSE6532,MTLR,40
6.2,0.19621286807168775,0.19710267824281308,RFS,OOD,GSE6532,MTLR,40
6.4,0.18246267722508713,0.20016060603633373,RFS,OOD,GSE6532,MTLR,40
6.6,0.18880608124348527,0.20464756792474667,RFS,OOD,GSE6532,MTLR,40
6.8,0.1880602343728862,0.20464756792474667,RFS,OOD,GSE6532,MTLR,40
7.0,0.1925689237273361,0.20756998771096102,RFS,OOD,GSE6532,MTLR,40
7.2,0.19787593165821882,0.2118588866804198,RFS,OOD,GSE6532,MTLR,40
7.4,0.20149886841029305,0.2132536938735696,RFS,OOD,GSE6532,MTLR,40
7.6,0.20151263759409926,0.2132536938735696,RFS,OOD,GSE6532,MTLR,40
7.8,0.20378081028870465,0.2146891876155908,RFS,OOD,GSE6532,MTLR,40
8.0,0.2049428927180178,0.21612738866520684,RFS,OOD,GSE6532,MTLR,40
8.2,0.2103962064796533,0.21895327785709756,RFS,OOD,GSE6532,MTLR,40
8.4,0.21546003685513615,0.2216951451814506,RFS,OOD,GSE6532,MTLR,40
8.6,0.21967200245841675,0.22437240583090826,RFS,OOD,GSE6532,MTLR,40
8.8,0.21738440951836954,0.22437240583090817,RFS,OOD,GSE6532,MTLR,40
9.0,0.2205430498817632,0.22577208426803666,RFS,OOD,GSE6532,MTLR,40
9.2,0.22791898907294575,0.22985448478868448,RFS,OOD,GSE6532,MTLR,40
9.4,0.23041528873313197,0.22985448478868448,RFS,OOD,GSE6532,MTLR,40
9.6,0.23672669601079296,0.23129837656896476,RFS,OOD,GSE6532,MTLR,40
9.8,0.2360937285751127,0.2312983765689647,RFS,OOD,GSE6532,MTLR,40
10.0,0.23431202666023845,0.23129837656896468,RFS,OOD,GSE6532,MTLR,40
0.8,0.036638219959936665,0.03649470417219518,RFS,OOD,GSE6532,MTLR,41
1.0,0.04576369829268199,0.045842265969183144,RFS,OOD,GSE6532,MTLR,41
1.2,0.05705844609572346,0.05727025770194493,RFS,OOD,GSE6532,MTLR,41
1.4,0.06306715121714519,0.06397522227339066,RFS,OOD,GSE6532,MTLR,41
1.6,0.0701577265866618,0.07057346819950026,RFS,OOD,GSE6532,MTLR,41
1.8,0.07708834594058711,0.07707050727238247,RFS,OOD,GSE6532,MTLR,41
2.0,0.08913324094097268,0.08768572910095929,RFS,OOD,GSE6532,MTLR,41
2.2,0.09582186831421464,0.09392067426703836,RFS,OOD,GSE6532,MTLR,41
2.4,0.10044728870401894,0.09801733276495658,RFS,OOD,GSE6532,MTLR,41
2.6,0.11968050296578767,0.11393955720808722,RFS,OOD,GSE6532,MTLR,41
2.8,0.13175793416760495,0.12353580077539547,RFS,OOD,GSE6532,MTLR,41
3.0,0.14395748571178466,0.13283796283354712,RFS,OOD,GSE6532,MTLR,41
3.2,0.15559864631186024,0.1418124034142496,RFS,OOD,GSE6532,MTLR,41
3.4,0.1392472141826017,0.14358143950496297,RFS,OOD,GSE6532,MTLR,41
3.6,0.14479573414535185,0.15228658447687918,RFS,OOD,GSE6532,MTLR,41
3.8,0.1542036257303909,0.16073099895360923,RFS,OOD,GSE6532,MTLR,41
4.0,0.15666584131607333,0.16239230941676783,RFS,OOD,GSE6532,MTLR,41
4.2,0.16152747299819503,0.16732246623474717,RFS,OOD,GSE6532,MTLR,41
4.4,0.16612193206936754,0.17057794982623686,RFS,OOD,GSE6532,MTLR,41
4.6,0.17740154488230508,0.17850870314890854,RFS,OOD,GSE6532,MTLR,41
4.8,0.17744632134726346,0.17850870314890854,RFS,OOD,GSE6532,MTLR,41
5.0,0.18580768999237554,0.18477872035626283,RFS,OOD,GSE6532,MTLR,41
5.2,0.19109332047749014,0.1878600435635935,RFS,OOD,GSE6532,MTLR,41
5.4,0.19294424490292186,0.18940072637177802,RFS,OOD,GSE6532,MTLR,41
5.6,0.1931915150403611,0.189400726371778,RFS,OOD,GSE6532,MTLR,41
5.8,0.1978513137738671,0.19251372129462802,RFS,OOD,GSE6532,MTLR,41
6.0,0.20264819353798513,0.19557193216148927,RFS,OOD,GSE6532,MTLR,41
6.2,0.2053214335361915,0.19710267824281308,RFS,OOD,GSE6532,MTLR,41
6.4,0.21053874813435017,0.20016060603633373,RFS,OOD,GSE6532,MTLR,41
6.6,0.1973193686980364,0.20464756792474667,RFS,OOD,GSE6532,MTLR,41
6.8,0.19782768007740384,0.20464756792474667,RFS,OOD,GSE6532,MTLR,41
7.0,0.20152445670932703,0.20756998771096102,RFS,OOD,GSE6532,MTLR,41
7.2,0.203091818074625,0.2118588866804198,RFS,OOD,GSE6532,MTLR,41
7.4,0.20459529138353869,0.2132536938735696,RFS,OOD,GSE6532,MTLR,41
7.6,0.2047902107167672,0.2132536938735696,RFS,OOD,GSE6532,MTLR,41
7.8,0.2083698627022493,0.2146891876155908,RFS,OOD,GSE6532,MTLR,41
8.0,0.20996838355204298,0.21612738866520684,RFS,OOD,GSE6532,MTLR,41
8.2,0.21140756653013226,0.21895327785709756,RFS,OOD,GSE6532,MTLR,41
8.4,0.21646118645818027,0.2216951451814506,RFS,OOD,GSE6532,MTLR,41
8.6,0.2202735010221926,0.22437240583090826,RFS,OOD,GSE6532,MTLR,41
8.8,0.22070683331366273,0.22437240583090817,RFS,OOD,GSE6532,MTLR,41
9.0,0.22483648294965558,0.22577208426803666,RFS,OOD,GSE6532,MTLR,41
9.2,0.2317669937240018,0.22985448478868448,RFS,OOD,GSE6532,MTLR,41
9.4,0.23097024153541926,0.22985448478868448,RFS,OOD,GSE6532,MTLR,41
9.6,0.23712378952698487,0.23129837656896476,RFS,OOD,GSE6532,MTLR,41
9.8,0.23613448282171023,0.2312983765689647,RFS,OOD,GSE6532,MTLR,41
10.0,0.24585785804267193,0.23129837656896468,RFS,OOD,GSE6532,MTLR,41
0.8,0.03584070657825689,0.03649470417219518,RFS,OOD,GSE6532,MTLR,42
1.0,0.04467479910803402,0.045842265969183144,RFS,OOD,GSE6532,MTLR,42
1.2,0.056444177512071605,0.05727025770194493,RFS,OOD,GSE6532,MTLR,42
1.4,0.06266449257094409,0.06397522227339066,RFS,OOD,GSE6532,MTLR,42
1.6,0.06971440875383522,0.07057346819950026,RFS,OOD,GSE6532,MTLR,42
1.8,0.07647441501548764,0.07707050727238247,RFS,OOD,GSE6532,MTLR,42
2.0,0.08716720119013249,0.08768572910095929,RFS,OOD,GSE6532,MTLR,42
2.2,0.09398297612856625,0.09392067426703836,RFS,OOD,GSE6532,MTLR,42
2.4,0.09845847964060268,0.09801733276495658,RFS,OOD,GSE6532,MTLR,42
2.6,0.11668320284415838,0.11393955720808722,RFS,OOD,GSE6532,MTLR,42
2.8,0.12815888483175294,0.12353580077539547,RFS,OOD,GSE6532,MTLR,42
3.0,0.13971741235195742,0.13283796283354712,RFS,OOD,GSE6532,MTLR,42
3.2,0.15122386681952812,0.1418124034142496,RFS,OOD,GSE6532,MTLR,42
3.4,0.1455547854625949,0.14358143950496297,RFS,OOD,GSE6532,MTLR,42
3.6,0.1481697188533636,0.15228658447687918,RFS,OOD,GSE6532,MTLR,42
3.8,0.15585077707851636,0.16073099895360923,RFS,OOD,GSE6532,MTLR,42
4.0,0.15759178313601133,0.16239230941676783,RFS,OOD,GSE6532,MTLR,42
4.2,0.163222225592071,0.16732246623474717,RFS,OOD,GSE6532,MTLR,42
4.4,0.1677333374125664,0.17057794982623686,RFS,OOD,GSE6532,MTLR,42
4.6,0.17959801278098708,0.17850870314890854,RFS,OOD,GSE6532,MTLR,42
4.8,0.17960157653743836,0.17850870314890854,RFS,OOD,GSE6532,MTLR,42
5.0,0.1853439958033558,0.18477872035626283,RFS,OOD,GSE6532,MTLR,42
5.2,0.1902571015979371,0.1878600435635935,RFS,OOD,GSE6532,MTLR,42
5.4,0.19278776654897803,0.18940072637177802,RFS,OOD,GSE6532,MTLR,42
5.6,0.19305588406104204,0.189400726371778,RFS,OOD,GSE6532,MTLR,42
5.8,0.19827029020777778,0.19251372129462802,RFS,OOD,GSE6532,MTLR,42
6.0,0.20356068706263988,0.19557193216148927,RFS,OOD,GSE6532,MTLR,42
6.2,0.20539243337027638,0.19710267824281308,RFS,OOD,GSE6532,MTLR,42
6.4,0.209636566909998,0.20016060603633373,RFS,OOD,GSE6532,MTLR,42
6.6,0.20609930564405038,0.20464756792474667,RFS,OOD,GSE6532,MTLR,42
6.8,0.20583328812166818,0.20464756792474667,RFS,OOD,GSE6532,MTLR,42
7.0,0.21034716199409115,0.20756998771096102,RFS,OOD,GSE6532,MTLR,42
7.2,0.21281173146610669,0.2118588866804198,RFS,OOD,GSE6532,MTLR,42
7.4,0.21643645207302856,0.2132536938735696,RFS,OOD,GSE6532,MTLR,42
7.6,0.21717756588627884,0.2132536938735696,RFS,OOD,GSE6532,MTLR,42
7.8,0.2207510389443019,0.2146891876155908,RFS,OOD,GSE6532,MTLR,42
8.0,0.2246291180680369,0.21612738866520684,RFS,OOD,GSE6532,MTLR,42
8.2,0.23009422686835565,0.21895327785709756,RFS,OOD,GSE6532,MTLR,42
8.4,0.2336308046960886,0.2216951451814506,RFS,OOD,GSE6532,MTLR,42
8.6,0.237394837985717,0.22437240583090826,RFS,OOD,GSE6532,MTLR,42
8.8,0.2354237424859326,0.22437240583090817,RFS,OOD,GSE6532,MTLR,42
9.0,0.240699709030364,0.22577208426803666,RFS,OOD,GSE6532,MTLR,42
9.2,0.24635025272854053,0.22985448478868448,RFS,OOD,GSE6532,MTLR,42
9.4,0.24485846280635362,0.22985448478868448,RFS,OOD,GSE6532,MTLR,42
9.6,0.25194840692874176,0.23129837656896476,RFS,OOD,GSE6532,MTLR,42
9.8,0.25038836509497814,0.2312983765689647,RFS,OOD,GSE6532,MTLR,42
10.0,0.24811153576635314,0.23129837656896468,RFS,OOD,GSE6532,MTLR,42
0.8,0.036343380630807616,0.03649470417219518,RFS,OOD,GSE6532,MTLR,43
1.0,0.04585812849964555,0.045842265969183144,RFS,OOD,GSE6532,MTLR,43
1.2,0.057678238904251715,0.05727025770194493,RFS,OOD,GSE6532,MTLR,43
1.4,0.06478879062443227,0.06397522227339066,RFS,OOD,GSE6532,MTLR,43
1.6,0.07193849636839704,0.07057346819950026,RFS,OOD,GSE6532,MTLR,43
1.8,0.07886665225072415,0.07707050727238247,RFS,OOD,GSE6532,MTLR,43
2.0,0.09081661631930114,0.08768572910095929,RFS,OOD,GSE6532,MTLR,43
2.2,0.09797029210468414,0.09392067426703836,RFS,OOD,GSE6532,MTLR,43
2.4,0.1027601321803957,0.09801733276495658,RFS,OOD,GSE6532,MTLR,43
2.6,0.12200314791044137,0.11393955720808722,RFS,OOD,GSE6532,MTLR,43
2.8,0.13414023110732287,0.12353580077539547,RFS,OOD,GSE6532,MTLR,43
3.0,0.14609476074699326,0.13283796283354712,RFS,OOD,GSE6532,MTLR,43
3.2,0.1582536986216593,0.1418124034142496,RFS,OOD,GSE6532,MTLR,43
3.4,0.13492600799821966,0.14358143950496297,RFS,OOD,GSE6532,MTLR,43
3.6,0.14121312957247525,0.15228658447687918,RFS,OOD,GSE6532,MTLR,43
3.8,0.14996561190714205,0.16073099895360923,RFS,OOD,GSE6532,MTLR,43
4.0,0.15245127966990996,0.16239230941676783,RFS,OOD,GSE6532,MTLR,43
4.2,0.15776805521337975,0.16732246623474717,RFS,OOD,GSE6532,MTLR,43
4.4,0.16195652787481502,0.17057794982623686,RFS,OOD,GSE6532,MTLR,43
4.6,0.17289210657192775,0.17850870314890854,RFS,OOD,GSE6532,MTLR,43
4.8,0.172647966780843,0.17850870314890854,RFS,OOD,GSE6532,MTLR,43
5.0,0.18000146616900356,0.18477872035626283,RFS,OOD,GSE6532,MTLR,43
5.2,0.1847972627862758,0.1878600435635935,RFS,OOD,GSE6532,MTLR,43
5.4,0.18700940584242923,0.18940072637177802,RFS,OOD,GSE6532,MTLR,43
5.6,0.18726050348945159,0.189400726371778,RFS,OOD,GSE6532,MTLR,43
5.8,0.19170033875928263,0.19251372129462802,RFS,OOD,GSE6532,MTLR,43
6.0,0.19792849215778574,0.19557193216148927,RFS,OOD,GSE6532,MTLR,43
6.2,0.19903811418837594,0.19710267824281308,RFS,OOD,GSE6532,MTLR,43
6.4,0.20244560037887416,0.20016060603633373,RFS,OOD,GSE6532,MTLR,43
6.6,0.1977011532123931,0.20464756792474667,RFS,OOD,GSE6532,MTLR,43
6.8,0.1980449717954628,0.20464756792474667,RFS,OOD,GSE6532,MTLR,43
7.0,0.20198303029205422,0.20756998771096102,RFS,OOD,GSE6532,MTLR,43
7.2,0.2037351007570719,0.2118588866804198,RFS,OOD,GSE6532,MTLR,43
7.4,0.20703349428973372,0.2132536938735696,RFS,OOD,GSE6532,MTLR,43
7.6,0.20684938492767926,0.2132536938735696,RFS,OOD,GSE6532,MTLR,43
7.8,0.208303151776722,0.2146891876155908,RFS,OOD,GSE6532,MTLR,43
8.0,0.21196575551841096,0.21612738866520684,RFS,OOD,GSE6532,MTLR,43
8.2,0.21917566639576097,0.21895327785709756,RFS,OOD,GSE6532,MTLR,43
8.4,0.22277234010265945,0.2216951451814506,RFS,OOD,GSE6532,MTLR,43
8.6,0.22651853794804033,0.22437240583090826,RFS,OOD,GSE6532,MTLR,43
8.8,0.225493585935204,0.22437240583090817,RFS,OOD,GSE6532,MTLR,43
9.0,0.22801740874175647,0.22577208426803666,RFS,OOD,GSE6532,MTLR,43
9.2,0.2305059840680272,0.22985448478868448,RFS,OOD,GSE6532,MTLR,43
9.4,0.22974328493045296,0.22985448478868448,RFS,OOD,GSE6532,MTLR,43
9.6,0.23749834318278246,0.23129837656896476,RFS,OOD,GSE6532,MTLR,43
9.8,0.23638734436449912,0.2312983765689647,RFS,OOD,GSE6532,MTLR,43
10.0,0.2271780930678063,0.23129837656896468,RFS,OOD,GSE6532,MTLR,43
0.8,0.03643796725345369,0.03649470417219518,RFS,OOD,GSE6532,MTLR,44
1.0,0.045849013976736096,0.045842265969183144,RFS,OOD,GSE6532,MTLR,44
1.2,0.05782684148488573,0.05727025770194493,RFS,OOD,GSE6532,MTLR,44
1.4,0.06474524601687982,0.06397522227339066,RFS,OOD,GSE6532,MTLR,44
1.6,0.07165593713803105,0.07057346819950026,RFS,OOD,GSE6532,MTLR,44
1.8,0.07854632655527491,0.07707050727238247,RFS,OOD,GSE6532,MTLR,44
2.0,0.0905327106629963,0.08768572910095929,RFS,OOD,GSE6532,MTLR,44
2.2,0.09763919999870993,0.09392067426703836,RFS,OOD,GSE6532,MTLR,44
2.4,0.10258169263168682,0.09801733276495658,RFS,OOD,GSE6532,MTLR,44
2.6,0.12137778974828906,0.11393955720808722,RFS,OOD,GSE6532,MTLR,44
2.8,0.13367615985908748,0.12353580077539547,RFS,OOD,GSE6532,MTLR,44
3.0,0.14591786633719894,0.13283796283354712,RFS,OOD,GSE6532,MTLR,44
3.2,0.13406823709198815,0.1418124034142496,RFS,OOD,GSE6532,MTLR,44
3.4,0.13663177174887994,0.14358143950496297,RFS,OOD,GSE6532,MTLR,44
3.6,0.14214716429249938,0.15228658447687918,RFS,OOD,GSE6532,MTLR,44
3.8,0.15209721990664865,0.16073099895360923,RFS,OOD,GSE6532,MTLR,44
4.0,0.15456273226043016,0.16239230941676783,RFS,OOD,GSE6532,MTLR,44
4.2,0.16126730810195317,0.16732246623474717,RFS,OOD,GSE6532,MTLR,44
4.4,0.16626824143583752,0.17057794982623686,RFS,OOD,GSE6532,MTLR,44
4.6,0.1778534112294787,0.17850870314890854,RFS,OOD,GSE6532,MTLR,44
4.8,0.17779711106027937,0.17850870314890854,RFS,OOD,GSE6532,MTLR,44
5.0,0.18647384590891503,0.18477872035626283,RFS,OOD,GSE6532,MTLR,44
5.2,0.19191836774553972,0.1878600435635935,RFS,OOD,GSE6532,MTLR,44
5.4,0.1946312534759812,0.18940072637177802,RFS,OOD,GSE6532,MTLR,44
5.6,0.1947573121814539,0.189400726371778,RFS,OOD,GSE6532,MTLR,44
5.8,0.19969691237343612,0.19251372129462802,RFS,OOD,GSE6532,MTLR,44
6.0,0.20537613339245597,0.19557193216148927,RFS,OOD,GSE6532,MTLR,44
6.2,0.20775533071714986,0.19710267824281308,RFS,OOD,GSE6532,MTLR,44
6.4,0.18938458976581318,0.20016060603633373,RFS,OOD,GSE6532,MTLR,44
6.6,0.19580759149277413,0.20464756792474667,RFS,OOD,GSE6532,MTLR,44
6.8,0.19613496656592103,0.20464756792474667,RFS,OOD,GSE6532,MTLR,44
7.0,0.20153549959794576,0.20756998771096102,RFS,OOD,GSE6532,MTLR,44
7.2,0.20651115268120349,0.2118588866804198,RFS,OOD,GSE6532,MTLR,44
7.4,0.20991208436580616,0.2132536938735696,RFS,OOD,GSE6532,MTLR,44
7.6,0.21036312898441137,0.2132536938735696,RFS,OOD,GSE6532,MTLR,44
7.8,0.21343087361047738,0.2146891876155908,RFS,OOD,GSE6532,MTLR,44
8.0,0.21581087832887355,0.21612738866520684,RFS,OOD,GSE6532,MTLR,44
8.2,0.21934023645948686,0.21895327785709756,RFS,OOD,GSE6532,MTLR,44
8.4,0.22553265703034436,0.2216951451814506,RFS,OOD,GSE6532,MTLR,44
8.6,0.22736494593443302,0.22437240583090826,RFS,OOD,GSE6532,MTLR,44
8.8,0.22761546631832638,0.22437240583090817,RFS,OOD,GSE6532,MTLR,44
9.0,0.23202898454123183,0.22577208426803666,RFS,OOD,GSE6532,MTLR,44
9.2,0.23961004976439826,0.22985448478868448,RFS,OOD,GSE6532,MTLR,44
9.4,0.22552559112952827,0.22985448478868448,RFS,OOD,GSE6532,MTLR,44
9.6,0.22965581186404063,0.23129837656896476,RFS,OOD,GSE6532,MTLR,44
9.8,0.22832198532766218,0.2312983765689647,RFS,OOD,GSE6532,MTLR,44
10.0,0.22297640953642858,0.23129837656896468,RFS,OOD,GSE6532,MTLR,44
0.8,0.03793366728595685,0.03649470417219518,RFS,OOD,GSE6532,PCHazard,40
1.0,0.04816179229863274,0.045842265969183144,RFS,OOD,GSE6532,PCHazard,40
1.2,0.060989984897173874,0.05727025770194493,RFS,OOD,GSE6532,PCHazard,40
1.4,0.06869398785552426,0.06397522227339066,RFS,OOD,GSE6532,PCHazard,40
1.6,0.07641216561232608,0.07057346819950026,RFS,OOD,GSE6532,PCHazard,40
1.8,0.08415190252487316,0.07707050727238247,RFS,OOD,GSE6532,PCHazard,40
2.0,0.09711730348729192,0.08768572910095929,RFS,OOD,GSE6532,PCHazard,40
2.2,0.10493094936754506,0.09392067426703836,RFS,OOD,GSE6532,PCHazard,40
2.4,0.11015013199811102,0.09801733276495658,RFS,OOD,GSE6532,PCHazard,40
2.6,0.13113542518489063,0.11393955720808722,RFS,OOD,GSE6532,PCHazard,40
2.8,0.13442754686271674,0.12353580077539547,RFS,OOD,GSE6532,PCHazard,40
3.0,0.14380017643033513,0.13283796283354712,RFS,OOD,GSE6532,PCHazard,40
3.2,0.14965039298483718,0.1418124034142496,RFS,OOD,GSE6532,PCHazard,40
3.4,0.15106662038644028,0.14358143950496297,RFS,OOD,GSE6532,PCHazard,40
3.6,0.15396651472338205,0.15228658447687918,RFS,OOD,GSE6532,PCHazard,40
3.8,0.15959953523396306,0.16073099895360923,RFS,OOD,GSE6532,PCHazard,40
4.0,0.16192984851342532,0.16239230941676783,RFS,OOD,GSE6532,PCHazard,40
4.2,0.16470391773132326,0.16732246623474717,RFS,OOD,GSE6532,PCHazard,40
4.4,0.16855437308867183,0.17057794982623686,RFS,OOD,GSE6532,PCHazard,40
4.6,0.17751424491529139,0.17850870314890854,RFS,OOD,GSE6532,PCHazard,40
4.8,0.17771506042077237,0.17850870314890854,RFS,OOD,GSE6532,PCHazard,40
5.0,0.18510207210158847,0.18477872035626283,RFS,OOD,GSE6532,PCHazard,40
5.2,0.1899713519622941,0.1878600435635935,RFS,OOD,GSE6532,PCHazard,40
5.4,0.19177336882744592,0.18940072637177802,RFS,OOD,GSE6532,PCHazard,40
5.6,0.24251168024878886,0.189400726371778,RFS,OOD,GSE6532,PCHazard,40
5.8,0.24229173185042718,0.19251372129462802,RFS,OOD,GSE6532,PCHazard,40
6.0,0.2454241580557027,0.19557193216148927,RFS,OOD,GSE6532,PCHazard,40
6.2,0.24342298567497234,0.19710267824281308,RFS,OOD,GSE6532,PCHazard,40
6.4,0.24148926094675197,0.20016060603633373,RFS,OOD,GSE6532,PCHazard,40
6.6,0.24486088265855763,0.20464756792474667,RFS,OOD,GSE6532,PCHazard,40
6.8,0.24538228132430728,0.20464756792474667,RFS,OOD,GSE6532,PCHazard,40
7.0,0.24540006121740382,0.20756998771096102,RFS,OOD,GSE6532,PCHazard,40
7.2,0.2502912185288634,0.2118588866804198,RFS,OOD,GSE6532,PCHazard,40
7.4,0.2546083146805475,0.2132536938735696,RFS,OOD,GSE6532,PCHazard,40
7.6,0.25512847883316025,0.2132536938735696,RFS,OOD,GSE6532,PCHazard,40
7.8,0.25569946803435756,0.2146891876155908,RFS,OOD,GSE6532,PCHazard,40
8.0,0.2578945561339873,0.21612738866520684,RFS,OOD,GSE6532,PCHazard,40
8.2,0.2624702053700644,0.21895327785709756,RFS,OOD,GSE6532,PCHazard,40
8.4,0.3111002523681727,0.2216951451814506,RFS,OOD,GSE6532,PCHazard,40
8.6,0.31348144607808215,0.22437240583090826,RFS,OOD,GSE6532,PCHazard,40
8.8,0.31126519954899756,0.22437240583090817,RFS,OOD,GSE6532,PCHazard,40
9.0,0.3088417044602455,0.22577208426803666,RFS,OOD,GSE6532,PCHazard,40
9.2,0.30320589375481793,0.22985448478868448,RFS,OOD,GSE6532,PCHazard,40
9.4,0.3027916597586571,0.22985448478868448,RFS,OOD,GSE6532,PCHazard,40
9.6,0.30199711252296324,0.23129837656896476,RFS,OOD,GSE6532,PCHazard,40
9.8,0.300945100984205,0.2312983765689647,RFS,OOD,GSE6532,PCHazard,40
10.0,0.2877692094389192,0.23129837656896468,RFS,OOD,GSE6532,PCHazard,40
0.8,0.03793366728595685,0.03649470417219518,RFS,OOD,GSE6532,PCHazard,41
1.0,0.04816179229863274,0.045842265969183144,RFS,OOD,GSE6532,PCHazard,41
1.2,0.060989984897173874,0.05727025770194493,RFS,OOD,GSE6532,PCHazard,41
1.4,0.06869398785552426,0.06397522227339066,RFS,OOD,GSE6532,PCHazard,41
1.6,0.07641216561232608,0.07057346819950026,RFS,OOD,GSE6532,PCHazard,41
1.8,0.08415190252487316,0.07707050727238247,RFS,OOD,GSE6532,PCHazard,41
2.0,0.09711730348729192,0.08768572910095929,RFS,OOD,GSE6532,PCHazard,41
2.2,0.10493094936754506,0.09392067426703836,RFS,OOD,GSE6532,PCHazard,41
2.4,0.11015013199811102,0.09801733276495658,RFS,OOD,GSE6532,PCHazard,41
2.6,0.13113542518489063,0.11393955720808722,RFS,OOD,GSE6532,PCHazard,41
2.8,0.14438087114367654,0.12353580077539547,RFS,OOD,GSE6532,PCHazard,41
3.0,0.13463650582002865,0.13283796283354712,RFS,OOD,GSE6532,PCHazard,41
3.2,0.13788272571959517,0.1418124034142496,RFS,OOD,GSE6532,PCHazard,41
3.4,0.1388344918966365,0.14358143950496297,RFS,OOD,GSE6532,PCHazard,41
3.6,0.14463744412970483,0.15228658447687918,RFS,OOD,GSE6532,PCHazard,41
3.8,0.15304363863659481,0.16073099895360923,RFS,OOD,GSE6532,PCHazard,41
4.0,0.15557147981272954,0.16239230941676783,RFS,OOD,GSE6532,PCHazard,41
4.2,0.1558987731141368,0.16732246623474717,RFS,OOD,GSE6532,PCHazard,41
4.4,0.16039130547997332,0.17057794982623686,RFS,OOD,GSE6532,PCHazard,41
4.6,0.17001785384921353,0.17850870314890854,RFS,OOD,GSE6532,PCHazard,41
4.8,0.16991312488511706,0.17850870314890854,RFS,OOD,GSE6532,PCHazard,41
5.0,0.17674211220791808,0.18477872035626283,RFS,OOD,GSE6532,PCHazard,41
5.2,0.1811385774329634,0.1878600435635935,RFS,OOD,GSE6532,PCHazard,41
5.4,0.18308253985081666,0.18940072637177802,RFS,OOD,GSE6532,PCHazard,41
5.6,0.1834862144232698,0.189400726371778,RFS,OOD,GSE6532,PCHazard,41
5.8,0.18757724653293825,0.19251372129462802,RFS,OOD,GSE6532,PCHazard,41
6.0,0.20772926070304976,0.19557193216148927,RFS,OOD,GSE6532,PCHazard,41
6.2,0.20857990723077693,0.19710267824281308,RFS,OOD,GSE6532,PCHazard,41
6.4,0.21239812389438822,0.20016060603633373,RFS,OOD,GSE6532,PCHazard,41
6.6,0.2147461126497981,0.20464756792474667,RFS,OOD,GSE6532,PCHazard,41
6.8,0.2137936300837664,0.20464756792474667,RFS,OOD,GSE6532,PCHazard,41
7.0,0.21654084422458073,0.20756998771096102,RFS,OOD,GSE6532,PCHazard,41
7.2,0.22051632069513283,0.2118588866804198,RFS,OOD,GSE6532,PCHazard,41
7.4,0.22061412762925006,0.2132536938735696,RFS,OOD,GSE6532,PCHazard,41
7.6,0.2212917908271291,0.2132536938735696,RFS,OOD,GSE6532,PCHazard,41
7.8,0.2240366420612027,0.2146891876155908,RFS,OOD,GSE6532,PCHazard,41
8.0,0.2229126408794533,0.21612738866520684,RFS,OOD,GSE6532,PCHazard,41
8.2,0.22379430727525346,0.21895327785709756,RFS,OOD,GSE6532,PCHazard,41
8.4,0.22629815191437544,0.2216951451814506,RFS,OOD,GSE6532,PCHazard,41
8.6,0.23129942390941888,0.22437240583090826,RFS,OOD,GSE6532,PCHazard,41
8.8,0.23280805246323966,0.22437240583090817,RFS,OOD,GSE6532,PCHazard,41
9.0,0.2717230921402316,0.22577208426803666,RFS,OOD,GSE6532,PCHazard,41
9.2,0.26770444749867844,0.22985448478868448,RFS,OOD,GSE6532,PCHazard,41
9.4,0.26631384885505993,0.22985448478868448,RFS,OOD,GSE6532,PCHazard,41
9.6,0.27025106058798226,0.23129837656896476,RFS,OOD,GSE6532,PCHazard,41
9.8,0.26783690328841153,0.2312983765689647,RFS,OOD,GSE6532,PCHazard,41
10.0,0.26600052456622486,0.23129837656896468,RFS,OOD,GSE6532,PCHazard,41
0.8,0.03793366728595685,0.03649470417219518,RFS,OOD,GSE6532,PCHazard,42
1.0,0.04816179229863274,0.045842265969183144,RFS,OOD,GSE6532,PCHazard,42
1.2,0.060989984897173874,0.05727025770194493,RFS,OOD,GSE6532,PCHazard,42
1.4,0.06869398785552426,0.06397522227339066,RFS,OOD,GSE6532,PCHazard,42
1.6,0.07641216561232608,0.07057346819950026,RFS,OOD,GSE6532,PCHazard,42
1.8,0.08415190252487316,0.07707050727238247,RFS,OOD,GSE6532,PCHazard,42
2.0,0.09711730348729192,0.08768572910095929,RFS,OOD,GSE6532,PCHazard,42
2.2,0.10493094936754506,0.09392067426703836,RFS,OOD,GSE6532,PCHazard,42
2.4,0.11015013199811102,0.09801733276495658,RFS,OOD,GSE6532,PCHazard,42
2.6,0.13113542518489063,0.11393955720808722,RFS,OOD,GSE6532,PCHazard,42
2.8,0.14438087114367654,0.12353580077539547,RFS,OOD,GSE6532,PCHazard,42
3.0,0.12528530636102322,0.13283796283354712,RFS,OOD,GSE6532,PCHazard,42
3.2,0.13428785275740648,0.1418124034142496,RFS,OOD,GSE6532,PCHazard,42
3.4,0.1358302623943259,0.14358143950496297,RFS,OOD,GSE6532,PCHazard,42
3.6,0.14111328943960724,0.15228658447687918,RFS,OOD,GSE6532,PCHazard,42
3.8,0.1496845019460827,0.16073099895360923,RFS,OOD,GSE6532,PCHazard,42
4.0,0.15146459364277565,0.16239230941676783,RFS,OOD,GSE6532,PCHazard,42
4.2,0.15615621822389417,0.16732246623474717,RFS,OOD,GSE6532,PCHazard,42
4.4,0.16101592794888175,0.17057794982623686,RFS,OOD,GSE6532,PCHazard,42
4.6,0.17146909798629068,0.17850870314890854,RFS,OOD,GSE6532,PCHazard,42
4.8,0.17146679288856362,0.17850870314890854,RFS,OOD,GSE6532,PCHazard,42
5.0,0.17934319311607344,0.18477872035626283,RFS,OOD,GSE6532,PCHazard,42
5.2,0.18408037174222752,0.1878600435635935,RFS,OOD,GSE6532,PCHazard,42
5.4,0.18675680618061347,0.18940072637177802,RFS,OOD,GSE6532,PCHazard,42
5.6,0.18695480732338943,0.189400726371778,RFS,OOD,GSE6532,PCHazard,42
5.8,0.19223484198903287,0.19251372129462802,RFS,OOD,GSE6532,PCHazard,42
6.0,0.18498806763874118,0.19557193216148927,RFS,OOD,GSE6532,PCHazard,42
6.2,0.18698388364539745,0.19710267824281308,RFS,OOD,GSE6532,PCHazard,42
6.4,0.1897213045208114,0.20016060603633373,RFS,OOD,GSE6532,PCHazard,42
6.6,0.1934764975422337,0.20464756792474667,RFS,OOD,GSE6532,PCHazard,42
6.8,0.1936929349957623,0.20464756792474667,RFS,OOD,GSE6532,PCHazard,42
7.0,0.1974849889476795,0.20756998771096102,RFS,OOD,GSE6532,PCHazard,42
7.2,0.1992884392089107,0.2118588866804198,RFS,OOD,GSE6532,PCHazard,42
7.4,0.20338238766940378,0.2132536938735696,RFS,OOD,GSE6532,PCHazard,42
7.6,0.2037489735448345,0.2132536938735696,RFS,OOD,GSE6532,PCHazard,42
7.8,0.20659097429080744,0.2146891876155908,RFS,OOD,GSE6532,PCHazard,42
8.0,0.20836279363599092,0.21612738866520684,RFS,OOD,GSE6532,PCHazard,42
8.2,0.2145472826390012,0.21895327785709756,RFS,OOD,GSE6532,PCHazard,42
8.4,0.21924497504085622,0.2216951451814506,RFS,OOD,GSE6532,PCHazard,42
8.6,0.2246681631455602,0.22437240583090826,RFS,OOD,GSE6532,PCHazard,42
8.8,0.22676606024206744,0.22437240583090817,RFS,OOD,GSE6532,PCHazard,42
9.0,0.23897222342339572,0.22577208426803666,RFS,OOD,GSE6532,PCHazard,42
9.2,0.24262695562178144,0.22985448478868448,RFS,OOD,GSE6532,PCHazard,42
9.4,0.2417186948790639,0.22985448478868448,RFS,OOD,GSE6532,PCHazard,42
9.6,0.24806873128715795,0.23129837656896476,RFS,OOD,GSE6532,PCHazard,42
9.8,0.24608239312191882,0.2312983765689647,RFS,OOD,GSE6532,PCHazard,42
10.0,0.2409795570720606,0.23129837656896468,RFS,OOD,GSE6532,PCHazard,42
0.8,0.03793366728595685,0.03649470417219518,RFS,OOD,GSE6532,PCHazard,43
1.0,0.04816179229863274,0.045842265969183144,RFS,OOD,GSE6532,PCHazard,43
1.2,0.060989984897173874,0.05727025770194493,RFS,OOD,GSE6532,PCHazard,43
1.4,0.06869398785552426,0.06397522227339066,RFS,OOD,GSE6532,PCHazard,43
1.6,0.07641216561232608,0.07057346819950026,RFS,OOD,GSE6532,PCHazard,43
1.8,0.08415190252487316,0.07707050727238247,RFS,OOD,GSE6532,PCHazard,43
2.0,0.09711730348729192,0.08768572910095929,RFS,OOD,GSE6532,PCHazard,43
2.2,0.10493094936754506,0.09392067426703836,RFS,OOD,GSE6532,PCHazard,43
2.4,0.11015013199811102,0.09801733276495658,RFS,OOD,GSE6532,PCHazard,43
2.6,0.13113542518489063,0.11393955720808722,RFS,OOD,GSE6532,PCHazard,43
2.8,0.14438087114367654,0.12353580077539547,RFS,OOD,GSE6532,PCHazard,43
3.0,0.14276553025300873,0.13283796283354712,RFS,OOD,GSE6532,PCHazard,43
3.2,0.14809962093247125,0.1418124034142496,RFS,OOD,GSE6532,PCHazard,43
3.4,0.14801134641036828,0.14358143950496297,RFS,OOD,GSE6532,PCHazard,43
3.6,0.15175659736980585,0.15228658447687918,RFS,OOD,GSE6532,PCHazard,43
3.8,0.15687992012717825,0.16073099895360923,RFS,OOD,GSE6532,PCHazard,43
4.0,0.1590146965809176,0.16239230941676783,RFS,OOD,GSE6532,PCHazard,43
4.2,0.16175240469398436,0.16732246623474717,RFS,OOD,GSE6532,PCHazard,43
4.4,0.1653447594079825,0.17057794982623686,RFS,OOD,GSE6532,PCHazard,43
4.6,0.17432985646001992,0.17850870314890854,RFS,OOD,GSE6532,PCHazard,43
4.8,0.17439688584080848,0.17850870314890854,RFS,OOD,GSE6532,PCHazard,43
5.0,0.17670537228359506,0.18477872035626283,RFS,OOD,GSE6532,PCHazard,43
5.2,0.17988620397631236,0.1878600435635935,RFS,OOD,GSE6532,PCHazard,43
5.4,0.18056112016235001,0.18940072637177802,RFS,OOD,GSE6532,PCHazard,43
5.6,0.18089302094633625,0.189400726371778,RFS,OOD,GSE6532,PCHazard,43
5.8,0.18342600974851014,0.19251372129462802,RFS,OOD,GSE6532,PCHazard,43
6.0,0.22320084504200619,0.19557193216148927,RFS,OOD,GSE6532,PCHazard,43
6.2,0.22245565887533775,0.19710267824281308,RFS,OOD,GSE6532,PCHazard,43
6.4,0.22065793610458317,0.20016060603633373,RFS,OOD,GSE6532,PCHazard,43
6.6,0.22170313269090292,0.20464756792474667,RFS,OOD,GSE6532,PCHazard,43
6.8,0.22208220771605675,0.20464756792474667,RFS,OOD,GSE6532,PCHazard,43
7.0,0.22208446108982655,0.20756998771096102,RFS,OOD,GSE6532,PCHazard,43
7.2,0.22179042080278977,0.2118588866804198,RFS,OOD,GSE6532,PCHazard,43
7.4,0.22206115574740665,0.2132536938735696,RFS,OOD,GSE6532,PCHazard,43
7.6,0.2216471628272788,0.2132536938735696,RFS,OOD,GSE6532,PCHazard,43
7.8,0.22200735788032008,0.2146891876155908,RFS,OOD,GSE6532,PCHazard,43
8.0,0.22431110910855045,0.21612738866520684,RFS,OOD,GSE6532,PCHazard,43
8.2,0.23002689482187505,0.21895327785709756,RFS,OOD,GSE6532,PCHazard,43
8.4,0.23027657222820835,0.2216951451814506,RFS,OOD,GSE6532,PCHazard,43
8.6,0.2303907280749749,0.22437240583090826,RFS,OOD,GSE6532,PCHazard,43
8.8,0.2288890638948419,0.22437240583090817,RFS,OOD,GSE6532,PCHazard,43
9.0,0.2544402302707884,0.22577208426803666,RFS,OOD,GSE6532,PCHazard,43
9.2,0.2465372517385534,0.22985448478868448,RFS,OOD,GSE6532,PCHazard,43
9.4,0.2495581103975656,0.22985448478868448,RFS,OOD,GSE6532,PCHazard,43
9.6,0.25709763150692366,0.23129837656896476,RFS,OOD,GSE6532,PCHazard,43
9.8,0.2543123844090222,0.2312983765689647,RFS,OOD,GSE6532,PCHazard,43
10.0,0.24991478773745446,0.23129837656896468,RFS,OOD,GSE6532,PCHazard,43
0.8,0.03793366728595685,0.03649470417219518,RFS,OOD,GSE6532,PCHazard,44
1.0,0.04816179229863274,0.045842265969183144,RFS,OOD,GSE6532,PCHazard,44
1.2,0.060989984897173874,0.05727025770194493,RFS,OOD,GSE6532,PCHazard,44
1.4,0.06869398785552426,0.06397522227339066,RFS,OOD,GSE6532,PCHazard,44
1.6,0.07641216561232608,0.07057346819950026,RFS,OOD,GSE6532,PCHazard,44
1.8,0.08415190252487316,0.07707050727238247,RFS,OOD,GSE6532,PCHazard,44
2.0,0.09711730348729192,0.08768572910095929,RFS,OOD,GSE6532,PCHazard,44
2.2,0.10493094936754506,0.09392067426703836,RFS,OOD,GSE6532,PCHazard,44
2.4,0.11015013199811102,0.09801733276495658,RFS,OOD,GSE6532,PCHazard,44
2.6,0.13113542518489063,0.11393955720808722,RFS,OOD,GSE6532,PCHazard,44
2.8,0.12556211170555676,0.12353580077539547,RFS,OOD,GSE6532,PCHazard,44
3.0,0.13622592308144857,0.13283796283354712,RFS,OOD,GSE6532,PCHazard,44
3.2,0.1422180186218472,0.1418124034142496,RFS,OOD,GSE6532,PCHazard,44
3.4,0.14367642265634334,0.14358143950496297,RFS,OOD,GSE6532,PCHazard,44
3.6,0.1498939136441223,0.15228658447687918,RFS,OOD,GSE6532,PCHazard,44
3.8,0.1563234037377919,0.16073099895360923,RFS,OOD,GSE6532,PCHazard,44
4.0,0.15900778148074945,0.16239230941676783,RFS,OOD,GSE6532,PCHazard,44
4.2,0.1659540291650585,0.16732246623474717,RFS,OOD,GSE6532,PCHazard,44
4.4,0.17006798715283653,0.17057794982623686,RFS,OOD,GSE6532,PCHazard,44
4.6,0.18043127780819787,0.17850870314890854,RFS,OOD,GSE6532,PCHazard,44
4.8,0.18052026807902619,0.17850870314890854,RFS,OOD,GSE6532,PCHazard,44
5.0,0.18502105896266882,0.18477872035626283,RFS,OOD,GSE6532,PCHazard,44
5.2,0.1908284863310302,0.1878600435635935,RFS,OOD,GSE6532,PCHazard,44
5.4,0.1899526641392861,0.18940072637177802,RFS,OOD,GSE6532,PCHazard,44
5.6,0.19024455214395075,0.189400726371778,RFS,OOD,GSE6532,PCHazard,44
5.8,0.19173134976666908,0.19251372129462802,RFS,OOD,GSE6532,PCHazard,44
6.0,0.195757470815965,0.19557193216148927,RFS,OOD,GSE6532,PCHazard,44
6.2,0.19603587573628242,0.19710267824281308,RFS,OOD,GSE6532,PCHazard,44
6.4,0.19872836592279125,0.20016060603633373,RFS,OOD,GSE6532,PCHazard,44
6.6,0.20459055552545413,0.20464756792474667,RFS,OOD,GSE6532,PCHazard,44
6.8,0.20432491512931705,0.20464756792474667,RFS,OOD,GSE6532,PCHazard,44
7.0,0.20439304028072036,0.20756998771096102,RFS,OOD,GSE6532,PCHazard,44
7.2,0.20627589163357377,0.2118588866804198,RFS,OOD,GSE6532,PCHazard,44
7.4,0.20984991447670523,0.2132536938735696,RFS,OOD,GSE6532,PCHazard,44
7.6,0.21038363696619658,0.2132536938735696,RFS,OOD,GSE6532,PCHazard,44
7.8,0.21365485788719507,0.2146891876155908,RFS,OOD,GSE6532,PCHazard,44
8.0,0.21415024576493363,0.21612738866520684,RFS,OOD,GSE6532,PCHazard,44
8.2,0.21461726786652532,0.21895327785709756,RFS,OOD,GSE6532,PCHazard,44
8.4,0.243424267342361,0.2216951451814506,RFS,OOD,GSE6532,PCHazard,44
8.6,0.2439414804156359,0.22437240583090826,RFS,OOD,GSE6532,PCHazard,44
8.8,0.2453930322799308,0.22437240583090817,RFS,OOD,GSE6532,PCHazard,44
9.0,0.2499632260022252,0.22577208426803666,RFS,OOD,GSE6532,PCHazard,44
9.2,0.2527421156327923,0.22985448478868448,RFS,OOD,GSE6532,PCHazard,44
9.4,0.2494003019805224,0.22985448478868448,RFS,OOD,GSE6532,PCHazard,44
9.6,0.2536258037674947,0.23129837656896476,RFS,OOD,GSE6532,PCHazard,44
9.8,0.25241887360923837,0.2312983765689647,RFS,OOD,GSE6532,PCHazard,44
10.0,0.24549319406678516,0.23129837656896468,RFS,OOD,GSE6532,PCHazard,44
0.8,0.03702051001462126,0.03649470417219518,RFS,OOD,GSE6532,PMF,40
1.0,0.04609206884558024,0.045842265969183144,RFS,OOD,GSE6532,PMF,40
1.2,0.05740503523429091,0.05727025770194493,RFS,OOD,GSE6532,PMF,40
1.4,0.06480076022281021,0.06397522227339066,RFS,OOD,GSE6532,PMF,40
1.6,0.07184611236927535,0.07057346819950026,RFS,OOD,GSE6532,PMF,40
1.8,0.07880454035015569,0.07707050727238247,RFS,OOD,GSE6532,PMF,40
2.0,0.09024064883131337,0.08768572910095929,RFS,OOD,GSE6532,PMF,40
2.2,0.09760705615083919,0.09392067426703836,RFS,OOD,GSE6532,PMF,40
2.4,0.1022847251397789,0.09801733276495658,RFS,OOD,GSE6532,PMF,40
2.6,0.12078578045950715,0.11393955720808722,RFS,OOD,GSE6532,PMF,40
2.8,0.13284493456244023,0.12353580077539547,RFS,OOD,GSE6532,PMF,40
3.0,0.14493125324802905,0.13283796283354712,RFS,OOD,GSE6532,PMF,40
3.2,0.13097312960621538,0.1418124034142496,RFS,OOD,GSE6532,PMF,40
3.4,0.13235497043555983,0.14358143950496297,RFS,OOD,GSE6532,PMF,40
3.6,0.1389024345601341,0.15228658447687918,RFS,OOD,GSE6532,PMF,40
3.8,0.14634236447527535,0.16073099895360923,RFS,OOD,GSE6532,PMF,40
4.0,0.14851013397185112,0.16239230941676783,RFS,OOD,GSE6532,PMF,40
4.2,0.15332763605219044,0.16732246623474717,RFS,OOD,GSE6532,PMF,40
4.4,0.15770049437842298,0.17057794982623686,RFS,OOD,GSE6532,PMF,40
4.6,0.16808115221861636,0.17850870314890854,RFS,OOD,GSE6532,PMF,40
4.8,0.16810992378422052,0.17850870314890854,RFS,OOD,GSE6532,PMF,40
5.0,0.17658740351897492,0.18477872035626283,RFS,OOD,GSE6532,PMF,40
5.2,0.1821319051306511,0.1878600435635935,RFS,OOD,GSE6532,PMF,40
5.4,0.18455795617109855,0.18940072637177802,RFS,OOD,GSE6532,PMF,40
5.6,0.1849586287541171,0.189400726371778,RFS,OOD,GSE6532,PMF,40
5.8,0.19029416856910533,0.19251372129462802,RFS,OOD,GSE6532,PMF,40
6.0,0.19544334364473492,0.19557193216148927,RFS,OOD,GSE6532,PMF,40
6.2,0.19698637339972247,0.19710267824281308,RFS,OOD,GSE6532,PMF,40
6.4,0.1754086402548374,0.20016060603633373,RFS,OOD,GSE6532,PMF,40
6.6,0.18141883346237928,0.20464756792474667,RFS,OOD,GSE6532,PMF,40
6.8,0.18080924462087045,0.20464756792474667,RFS,OOD,GSE6532,PMF,40
7.0,0.18487815354481882,0.20756998771096102,RFS,OOD,GSE6532,PMF,40
7.2,0.18975705386301253,0.2118588866804198,RFS,OOD,GSE6532,PMF,40
7.4,0.1935880121074767,0.2132536938735696,RFS,OOD,GSE6532,PMF,40
7.6,0.19382430227594596,0.2132536938735696,RFS,OOD,GSE6532,PMF,40
7.8,0.19652673150684535,0.2146891876155908,RFS,OOD,GSE6532,PMF,40
8.0,0.197434169587569,0.21612738866520684,RFS,OOD,GSE6532,PMF,40
8.2,0.202802965263285,0.21895327785709756,RFS,OOD,GSE6532,PMF,40
8.4,0.2067444685955767,0.2216951451814506,RFS,OOD,GSE6532,PMF,40
8.6,0.2106503781981165,0.22437240583090826,RFS,OOD,GSE6532,PMF,40
8.8,0.21022085913532768,0.22437240583090817,RFS,OOD,GSE6532,PMF,40
9.0,0.21528972946839992,0.22577208426803666,RFS,OOD,GSE6532,PMF,40
9.2,0.21964478907651042,0.22985448478868448,RFS,OOD,GSE6532,PMF,40
9.4,0.2272403109510197,0.22985448478868448,RFS,OOD,GSE6532,PMF,40
9.6,0.233874685388602,0.23129837656896476,RFS,OOD,GSE6532,PMF,40
9.8,0.23267285994371398,0.2312983765689647,RFS,OOD,GSE6532,PMF,40
10.0,0.23020875800269885,0.23129837656896468,RFS,OOD,GSE6532,PMF,40
0.8,0.037158696395197484,0.03649470417219518,RFS,OOD,GSE6532,PMF,41
1.0,0.046512072522314894,0.045842265969183144,RFS,OOD,GSE6532,PMF,41
1.2,0.05825145102263119,0.05727025770194493,RFS,OOD,GSE6532,PMF,41
1.4,0.0656268013594916,0.06397522227339066,RFS,OOD,GSE6532,PMF,41
1.6,0.07277716780355871,0.07057346819950026,RFS,OOD,GSE6532,PMF,41
1.8,0.07989542772853779,0.07707050727238247,RFS,OOD,GSE6532,PMF,41
2.0,0.09170871131344693,0.08768572910095929,RFS,OOD,GSE6532,PMF,41
2.2,0.09900937676736232,0.09392067426703836,RFS,OOD,GSE6532,PMF,41
2.4,0.10363958091733927,0.09801733276495658,RFS,OOD,GSE6532,PMF,41
2.6,0.12279511340844838,0.11393955720808722,RFS,OOD,GSE6532,PMF,41
2.8,0.13475081249435847,0.12353580077539547,RFS,OOD,GSE6532,PMF,41
3.0,0.14692047276598608,0.13283796283354712,RFS,OOD,GSE6532,PMF,41
3.2,0.15925586669123207,0.1418124034142496,RFS,OOD,GSE6532,PMF,41
3.4,0.13976869050469418,0.14358143950496297,RFS,OOD,GSE6532,PMF,41
3.6,0.14908852316576893,0.15228658447687918,RFS,OOD,GSE6532,PMF,41
3.8,0.15717323234296127,0.16073099895360923,RFS,OOD,GSE6532,PMF,41
4.0,0.15962367189470691,0.16239230941676783,RFS,OOD,GSE6532,PMF,41
4.2,0.16518067411513168,0.16732246623474717,RFS,OOD,GSE6532,PMF,41
4.4,0.16979717606098435,0.17057794982623686,RFS,OOD,GSE6532,PMF,41
4.6,0.17824748581861266,0.17850870314890854,RFS,OOD,GSE6532,PMF,41
4.8,0.178029770612337,0.17850870314890854,RFS,OOD,GSE6532,PMF,41
5.0,0.1861836620062174,0.18477872035626283,RFS,OOD,GSE6532,PMF,41
5.2,0.19061466237412786,0.1878600435635935,RFS,OOD,GSE6532,PMF,41
5.4,0.19264349549124804,0.18940072637177802,RFS,OOD,GSE6532,PMF,41
5.6,0.19292908547446405,0.189400726371778,RFS,OOD,GSE6532,PMF,41
5.8,0.1976262580696632,0.19251372129462802,RFS,OOD,GSE6532,PMF,41
6.0,0.20340121270399347,0.19557193216148927,RFS,OOD,GSE6532,PMF,41
6.2,0.2062853691123702,0.19710267824281308,RFS,OOD,GSE6532,PMF,41
6.4,0.21235240222927246,0.20016060603633373,RFS,OOD,GSE6532,PMF,41
6.6,0.19276392328762523,0.20464756792474667,RFS,OOD,GSE6532,PMF,41
6.8,0.19309897137262916,0.20464756792474667,RFS,OOD,GSE6532,PMF,41
7.0,0.19488884424984143,0.20756998771096102,RFS,OOD,GSE6532,PMF,41
7.2,0.19715985048545173,0.2118588866804198,RFS,OOD,GSE6532,PMF,41
7.4,0.19928605375843725,0.2132536938735696,RFS,OOD,GSE6532,PMF,41
7.6,0.1997471082994042,0.2132536938735696,RFS,OOD,GSE6532,PMF,41
7.8,0.20211325422094029,0.2146891876155908,RFS,OOD,GSE6532,PMF,41
8.0,0.204716821085404,0.21612738866520684,RFS,OOD,GSE6532,PMF,41
8.2,0.20512703393465703,0.21895327785709756,RFS,OOD,GSE6532,PMF,41
8.4,0.20914067018536336,0.2216951451814506,RFS,OOD,GSE6532,PMF,41
8.6,0.21300302021213463,0.22437240583090826,RFS,OOD,GSE6532,PMF,41
8.8,0.2131713053566166,0.22437240583090817,RFS,OOD,GSE6532,PMF,41
9.0,0.21449477003967604,0.22577208426803666,RFS,OOD,GSE6532,PMF,41
9.2,0.22429782868456252,0.22985448478868448,RFS,OOD,GSE6532,PMF,41
9.4,0.2239522334054575,0.22985448478868448,RFS,OOD,GSE6532,PMF,41
9.6,0.2298571305703489,0.23129837656896476,RFS,OOD,GSE6532,PMF,41
9.8,0.22962820025169722,0.2312983765689647,RFS,OOD,GSE6532,PMF,41
10.0,0.22101354504035792,0.23129837656896468,RFS,OOD,GSE6532,PMF,41
0.8,0.0366906150091071,0.03649470417219518,RFS,OOD,GSE6532,PMF,42
1.0,0.04596270627338083,0.045842265969183144,RFS,OOD,GSE6532,PMF,42
1.2,0.05758966181843462,0.05727025770194493,RFS,OOD,GSE6532,PMF,42
1.4,0.0647991113225902,0.06397522227339066,RFS,OOD,GSE6532,PMF,42
1.6,0.07188829838615214,0.07057346819950026,RFS,OOD,GSE6532,PMF,42
1.8,0.07900661951348427,0.07707050727238247,RFS,OOD,GSE6532,PMF,42
2.0,0.09055074861878501,0.08768572910095929,RFS,OOD,GSE6532,PMF,42
2.2,0.09742463178585749,0.09392067426703836,RFS,OOD,GSE6532,PMF,42
2.4,0.10206752943440389,0.09801733276495658,RFS,OOD,GSE6532,PMF,42
2.6,0.12067462607697242,0.11393955720808722,RFS,OOD,GSE6532,PMF,42
2.8,0.13240747838061256,0.12353580077539547,RFS,OOD,GSE6532,PMF,42
3.0,0.14435058321065045,0.13283796283354712,RFS,OOD,GSE6532,PMF,42
3.2,0.15628796322663585,0.1418124034142496,RFS,OOD,GSE6532,PMF,42
3.4,0.1366026820015808,0.14358143950496297,RFS,OOD,GSE6532,PMF,42
3.6,0.14353308605051524,0.15228658447687918,RFS,OOD,GSE6532,PMF,42
3.8,0.15188593166580536,0.16073099895360923,RFS,OOD,GSE6532,PMF,42
4.0,0.15369912544129907,0.16239230941676783,RFS,OOD,GSE6532,PMF,42
4.2,0.1586099204481912,0.16732246623474717,RFS,OOD,GSE6532,PMF,42
4.4,0.16344279156466157,0.17057794982623686,RFS,OOD,GSE6532,PMF,42
4.6,0.173678110483391,0.17850870314890854,RFS,OOD,GSE6532,PMF,42
4.8,0.17333368919268952,0.17850870314890854,RFS,OOD,GSE6532,PMF,42
5.0,0.18047104530324312,0.18477872035626283,RFS,OOD,GSE6532,PMF,42
5.2,0.18505564422836768,0.1878600435635935,RFS,OOD,GSE6532,PMF,42
5.4,0.18622578431747527,0.18940072637177802,RFS,OOD,GSE6532,PMF,42
5.6,0.18641949471986186,0.189400726371778,RFS,OOD,GSE6532,PMF,42
5.8,0.1909826120456665,0.19251372129462802,RFS,OOD,GSE6532,PMF,42
6.0,0.19646668899262357,0.19557193216148927,RFS,OOD,GSE6532,PMF,42
6.2,0.19805150719969386,0.19710267824281308,RFS,OOD,GSE6532,PMF,42
6.4,0.20330410883756392,0.20016060603633373,RFS,OOD,GSE6532,PMF,42
6.6,0.19779906804657182,0.20464756792474667,RFS,OOD,GSE6532,PMF,42
6.8,0.19788530710620905,0.20464756792474667,RFS,OOD,GSE6532,PMF,42
7.0,0.20286094140037517,0.20756998771096102,RFS,OOD,GSE6532,PMF,42
7.2,0.2073682322395118,0.2118588866804198,RFS,OOD,GSE6532,PMF,42
7.4,0.21049929066284423,0.2132536938735696,RFS,OOD,GSE6532,PMF,42
7.6,0.21099084380707794,0.2132536938735696,RFS,OOD,GSE6532,PMF,42
7.8,0.21388555520362348,0.2146891876155908,RFS,OOD,GSE6532,PMF,42
8.0,0.21612107161742886,0.21612738866520684,RFS,OOD,GSE6532,PMF,42
8.2,0.22008498441942925,0.21895327785709756,RFS,OOD,GSE6532,PMF,42
8.4,0.22566422449124104,0.2216951451814506,RFS,OOD,GSE6532,PMF,42
8.6,0.22900792416961055,0.22437240583090826,RFS,OOD,GSE6532,PMF,42
8.8,0.22921919668473467,0.22437240583090817,RFS,OOD,GSE6532,PMF,42
9.0,0.23325800685144,0.22577208426803666,RFS,OOD,GSE6532,PMF,42
9.2,0.23868496405774708,0.22985448478868448,RFS,OOD,GSE6532,PMF,42
9.4,0.2386213847755587,0.22985448478868448,RFS,OOD,GSE6532,PMF,42
9.6,0.24546957856097917,0.23129837656896476,RFS,OOD,GSE6532,PMF,42
9.8,0.2457352368729777,0.2312983765689647,RFS,OOD,GSE6532,PMF,42
10.0,0.23613610280857786,0.23129837656896468,RFS,OOD,GSE6532,PMF,42
0.8,0.037385319131472604,0.03649470417219518,RFS,OOD,GSE6532,PMF,43
1.0,0.04680219732456125,0.045842265969183144,RFS,OOD,GSE6532,PMF,43
1.2,0.05822867244969104,0.05727025770194493,RFS,OOD,GSE6532,PMF,43
1.4,0.06541749173382042,0.06397522227339066,RFS,OOD,GSE6532,PMF,43
1.6,0.0725736846021939,0.07057346819950026,RFS,OOD,GSE6532,PMF,43
1.8,0.07959835321225844,0.07707050727238247,RFS,OOD,GSE6532,PMF,43
2.0,0.09140513521257704,0.08768572910095929,RFS,OOD,GSE6532,PMF,43
2.2,0.09857521198372869,0.09392067426703836,RFS,OOD,GSE6532,PMF,43
2.4,0.10329105636886456,0.09801733276495658,RFS,OOD,GSE6532,PMF,43
2.6,0.12200402606141811,0.11393955720808722,RFS,OOD,GSE6532,PMF,43
2.8,0.13357614814204616,0.12353580077539547,RFS,OOD,GSE6532,PMF,43
3.0,0.1452772368191508,0.13283796283354712,RFS,OOD,GSE6532,PMF,43
3.2,0.15738501111294115,0.1418124034142496,RFS,OOD,GSE6532,PMF,43
3.4,0.13447239698339272,0.14358143950496297,RFS,OOD,GSE6532,PMF,43
3.6,0.14163973184139272,0.15228658447687918,RFS,OOD,GSE6532,PMF,43
3.8,0.1487607103577571,0.16073099895360923,RFS,OOD,GSE6532,PMF,43
4.0,0.15113693954135826,0.16239230941676783,RFS,OOD,GSE6532,PMF,43
4.2,0.15557276680742887,0.16732246623474717,RFS,OOD,GSE6532,PMF,43
4.4,0.15946772271779505,0.17057794982623686,RFS,OOD,GSE6532,PMF,43
4.6,0.16901198105950468,0.17850870314890854,RFS,OOD,GSE6532,PMF,43
4.8,0.1686750356667993,0.17850870314890854,RFS,OOD,GSE6532,PMF,43
5.0,0.17567967906482745,0.18477872035626283,RFS,OOD,GSE6532,PMF,43
5.2,0.180465374908717,0.1878600435635935,RFS,OOD,GSE6532,PMF,43
5.4,0.18258231529874802,0.18940072637177802,RFS,OOD,GSE6532,PMF,43
5.6,0.18242140760236444,0.189400726371778,RFS,OOD,GSE6532,PMF,43
5.8,0.1869774984970102,0.19251372129462802,RFS,OOD,GSE6532,PMF,43
6.0,0.19276454093622897,0.19557193216148927,RFS,OOD,GSE6532,PMF,43
6.2,0.19493441620595728,0.19710267824281308,RFS,OOD,GSE6532,PMF,43
6.4,0.19912597456938247,0.20016060603633373,RFS,OOD,GSE6532,PMF,43
6.6,0.18736892245049674,0.20464756792474667,RFS,OOD,GSE6532,PMF,43
6.8,0.18743000306771335,0.20464756792474667,RFS,OOD,GSE6532,PMF,43
7.0,0.1922973181582793,0.20756998771096102,RFS,OOD,GSE6532,PMF,43
7.2,0.19534287329967073,0.2118588866804198,RFS,OOD,GSE6532,PMF,43
7.4,0.19792993863366248,0.2132536938735696,RFS,OOD,GSE6532,PMF,43
7.6,0.19794851077236472,0.2132536938735696,RFS,OOD,GSE6532,PMF,43
7.8,0.199156096960295,0.2146891876155908,RFS,OOD,GSE6532,PMF,43
8.0,0.20112092049229774,0.21612738866520684,RFS,OOD,GSE6532,PMF,43
8.2,0.20805899943622405,0.21895327785709756,RFS,OOD,GSE6532,PMF,43
8.4,0.21012203768339718,0.2216951451814506,RFS,OOD,GSE6532,PMF,43
8.6,0.214650475922401,0.22437240583090826,RFS,OOD,GSE6532,PMF,43
8.8,0.21358632173753606,0.22437240583090817,RFS,OOD,GSE6532,PMF,43
9.0,0.21737537627114067,0.22577208426803666,RFS,OOD,GSE6532,PMF,43
9.2,0.2225435166682753,0.22985448478868448,RFS,OOD,GSE6532,PMF,43
9.4,0.2218564822657944,0.22985448478868448,RFS,OOD,GSE6532,PMF,43
9.6,0.22881476182461202,0.23129837656896476,RFS,OOD,GSE6532,PMF,43
9.8,0.22836769369218388,0.2312983765689647,RFS,OOD,GSE6532,PMF,43
10.0,0.23141127662101224,0.23129837656896468,RFS,OOD,GSE6532,PMF,43
0.8,0.03815630070576023,0.03649470417219518,RFS,OOD,GSE6532,PMF,44
1.0,0.04716955405608751,0.045842265969183144,RFS,OOD,GSE6532,PMF,44
1.2,0.0581814851097604,0.05727025770194493,RFS,OOD,GSE6532,PMF,44
1.4,0.06529600384755083,0.06397522227339066,RFS,OOD,GSE6532,PMF,44
1.6,0.07192751568481333,0.07057346819950026,RFS,OOD,GSE6532,PMF,44
1.8,0.07868065221299643,0.07707050727238247,RFS,OOD,GSE6532,PMF,44
2.0,0.08959931670378729,0.08768572910095929,RFS,OOD,GSE6532,PMF,44
2.2,0.09667539576227842,0.09392067426703836,RFS,OOD,GSE6532,PMF,44
2.4,0.10104859328369696,0.09801733276495658,RFS,OOD,GSE6532,PMF,44
2.6,0.11967789345285586,0.11393955720808722,RFS,OOD,GSE6532,PMF,44
2.8,0.13141197239450622,0.12353580077539547,RFS,OOD,GSE6532,PMF,44
3.0,0.14315960957390217,0.13283796283354712,RFS,OOD,GSE6532,PMF,44
3.2,0.13441475594012453,0.1418124034142496,RFS,OOD,GSE6532,PMF,44
3.4,0.13650588245030684,0.14358143950496297,RFS,OOD,GSE6532,PMF,44
3.6,0.1439952218619731,0.15228658447687918,RFS,OOD,GSE6532,PMF,44
3.8,0.1535189530306548,0.16073099895360923,RFS,OOD,GSE6532,PMF,44
4.0,0.1556213179149813,0.16239230941676783,RFS,OOD,GSE6532,PMF,44
4.2,0.1612163414915271,0.16732246623474717,RFS,OOD,GSE6532,PMF,44
4.4,0.16502653797745326,0.17057794982623686,RFS,OOD,GSE6532,PMF,44
4.6,0.1746446291962355,0.17850870314890854,RFS,OOD,GSE6532,PMF,44
4.8,0.17464674571095162,0.17850870314890854,RFS,OOD,GSE6532,PMF,44
5.0,0.18148018726585302,0.18477872035626283,RFS,OOD,GSE6532,PMF,44
5.2,0.18616223628743808,0.1878600435635935,RFS,OOD,GSE6532,PMF,44
5.4,0.188883246546406,0.18940072637177802,RFS,OOD,GSE6532,PMF,44
5.6,0.1890698262638032,0.189400726371778,RFS,OOD,GSE6532,PMF,44
5.8,0.19289836892792706,0.19251372129462802,RFS,OOD,GSE6532,PMF,44
6.0,0.1982011291427546,0.19557193216148927,RFS,OOD,GSE6532,PMF,44
6.2,0.20052949739801265,0.19710267824281308,RFS,OOD,GSE6532,PMF,44
6.4,0.19315613960736785,0.20016060603633373,RFS,OOD,GSE6532,PMF,44
6.6,0.1982361169173661,0.20464756792474667,RFS,OOD,GSE6532,PMF,44
6.8,0.19806931731536515,0.20464756792474667,RFS,OOD,GSE6532,PMF,44
7.0,0.20290188861815917,0.20756998771096102,RFS,OOD,GSE6532,PMF,44
7.2,0.20377450245171647,0.2118588866804198,RFS,OOD,GSE6532,PMF,44
7.4,0.20645698102756813,0.2132536938735696,RFS,OOD,GSE6532,PMF,44
7.6,0.20695933070929032,0.2132536938735696,RFS,OOD,GSE6532,PMF,44
7.8,0.2105052651405477,0.2146891876155908,RFS,OOD,GSE6532,PMF,44
8.0,0.21303853212197799,0.21612738866520684,RFS,OOD,GSE6532,PMF,44
8.2,0.2170260877397683,0.21895327785709756,RFS,OOD,GSE6532,PMF,44
8.4,0.22127695878019876,0.2216951451814506,RFS,OOD,GSE6532,PMF,44
8.6,0.2233736539258342,0.22437240583090826,RFS,OOD,GSE6532,PMF,44
8.8,0.22300610554361902,0.22437240583090817,RFS,OOD,GSE6532,PMF,44
9.0,0.2257323316140353,0.22577208426803666,RFS,OOD,GSE6532,PMF,44
9.2,0.23445413981130056,0.22985448478868448,RFS,OOD,GSE6532,PMF,44
9.4,0.2249426999263481,0.22985448478868448,RFS,OOD,GSE6532,PMF,44
9.6,0.22870495019557724,0.23129837656896476,RFS,OOD,GSE6532,PMF,44
9.8,0.22701676005741128,0.2312983765689647,RFS,OOD,GSE6532,PMF,44
10.0,0.22111701965734068,0.23129837656896468,RFS,OOD,GSE6532,PMF,44
0.8,0.037586381496175936,0.03649470417219518,RFS,OOD,GSE6532,RSF,40
1.0,0.04680564390623045,0.045842265969183144,RFS,OOD,GSE6532,RSF,40
1.2,0.058558385658898954,0.05727025770194493,RFS,OOD,GSE6532,RSF,40
1.4,0.06511907695124194,0.06397522227339066,RFS,OOD,GSE6532,RSF,40
1.6,0.0716729699742532,0.07057346819950026,RFS,OOD,GSE6532,RSF,40
1.8,0.0776059742792149,0.07707050727238247,RFS,OOD,GSE6532,RSF,40
2.0,0.0882289451071792,0.08768572910095929,RFS,OOD,GSE6532,RSF,40
2.2,0.09341959373666861,0.09392067426703836,RFS,OOD,GSE6532,RSF,40
2.4,0.09637855473151137,0.09801733276495658,RFS,OOD,GSE6532,RSF,40
2.6,0.11178722667967962,0.11393955720808722,RFS,OOD,GSE6532,RSF,40
2.8,0.12129753366029097,0.12353580077539547,RFS,OOD,GSE6532,RSF,40
3.0,0.13039777376725814,0.13283796283354712,RFS,OOD,GSE6532,RSF,40
3.2,0.1380540087415661,0.1418124034142496,RFS,OOD,GSE6532,RSF,40
3.4,0.1389112427191617,0.14358143950496297,RFS,OOD,GSE6532,RSF,40
3.6,0.14615968036302662,0.15228658447687918,RFS,OOD,GSE6532,RSF,40
3.8,0.15478170603591962,0.16073099895360923,RFS,OOD,GSE6532,RSF,40
4.0,0.15651990724720655,0.16239230941676783,RFS,OOD,GSE6532,RSF,40
4.2,0.16131669106929372,0.16732246623474717,RFS,OOD,GSE6532,RSF,40
4.4,0.16428351478441505,0.17057794982623686,RFS,OOD,GSE6532,RSF,40
4.6,0.17236338460582754,0.17850870314890854,RFS,OOD,GSE6532,RSF,40
4.8,0.17216639774064507,0.17850870314890854,RFS,OOD,GSE6532,RSF,40
5.0,0.17831139279457855,0.18477872035626283,RFS,OOD,GSE6532,RSF,40
5.2,0.18189335699803003,0.1878600435635935,RFS,OOD,GSE6532,RSF,40
5.4,0.18236330711030888,0.18940072637177802,RFS,OOD,GSE6532,RSF,40
5.6,0.18229799467227578,0.189400726371778,RFS,OOD,GSE6532,RSF,40
5.8,0.18563264055827164,0.19251372129462802,RFS,OOD,GSE6532,RSF,40
6.0,0.1898505904605195,0.19557193216148927,RFS,OOD,GSE6532,RSF,40
6.2,0.19144963523173955,0.19710267824281308,RFS,OOD,GSE6532,RSF,40
6.4,0.1948743051787794,0.20016060603633373,RFS,OOD,GSE6532,RSF,40
6.6,0.2005834671167652,0.20464756792474667,RFS,OOD,GSE6532,RSF,40
6.8,0.20052740256783064,0.20464756792474667,RFS,OOD,GSE6532,RSF,40
7.0,0.20401747690200736,0.20756998771096102,RFS,OOD,GSE6532,RSF,40
7.2,0.20795468062308792,0.2118588866804198,RFS,OOD,GSE6532,RSF,40
7.4,0.21013532723456568,0.2132536938735696,RFS,OOD,GSE6532,RSF,40
7.6,0.21058119952363022,0.2132536938735696,RFS,OOD,GSE6532,RSF,40
7.8,0.212911454364616,0.2146891876155908,RFS,OOD,GSE6532,RSF,40
8.0,0.21473585630744457,0.21612738866520684,RFS,OOD,GSE6532,RSF,40
8.2,0.2174557000186575,0.21895327785709756,RFS,OOD,GSE6532,RSF,40
8.4,0.22011497038648778,0.2216951451814506,RFS,OOD,GSE6532,RSF,40
8.6,0.22423454588062156,0.22437240583090826,RFS,OOD,GSE6532,RSF,40
8.8,0.224276026670666,0.22437240583090817,RFS,OOD,GSE6532,RSF,40
9.0,0.22629197686125077,0.22577208426803666,RFS,OOD,GSE6532,RSF,40
9.2,0.23007806079799606,0.22985448478868448,RFS,OOD,GSE6532,RSF,40
9.4,0.2303621123893433,0.22985448478868448,RFS,OOD,GSE6532,RSF,40
9.6,0.2345193071516826,0.23129837656896476,RFS,OOD,GSE6532,RSF,40
9.8,0.23475565695689926,0.2312983765689647,RFS,OOD,GSE6532,RSF,40
10.0,0.23734641069872625,0.23129837656896468,RFS,OOD,GSE6532,RSF,40
0.8,0.03697443309772636,0.03649470417219518,RFS,OOD,GSE6532,RSF,41
1.0,0.04624773549658063,0.045842265969183144,RFS,OOD,GSE6532,RSF,41
1.2,0.05775434274662181,0.05727025770194493,RFS,OOD,GSE6532,RSF,41
1.4,0.0642466063015646,0.06397522227339066,RFS,OOD,GSE6532,RSF,41
1.6,0.07064424633456111,0.07057346819950026,RFS,OOD,GSE6532,RSF,41
1.8,0.07601399576664794,0.07707050727238247,RFS,OOD,GSE6532,RSF,41
2.0,0.08603218425690398,0.08768572910095929,RFS,OOD,GSE6532,RSF,41
2.2,0.09125123408690798,0.09392067426703836,RFS,OOD,GSE6532,RSF,41
2.4,0.095301482063693,0.09801733276495658,RFS,OOD,GSE6532,RSF,41
2.6,0.11204347527369317,0.11393955720808722,RFS,OOD,GSE6532,RSF,41
2.8,0.12206851976328281,0.12353580077539547,RFS,OOD,GSE6532,RSF,41
3.0,0.1316489831118888,0.13283796283354712,RFS,OOD,GSE6532,RSF,41
3.2,0.14015431762630734,0.1418124034142496,RFS,OOD,GSE6532,RSF,41
3.4,0.14062874936494393,0.14358143950496297,RFS,OOD,GSE6532,RSF,41
3.6,0.14713674746659153,0.15228658447687918,RFS,OOD,GSE6532,RSF,41
3.8,0.15572172711916454,0.16073099895360923,RFS,OOD,GSE6532,RSF,41
4.0,0.15722385188889615,0.16239230941676783,RFS,OOD,GSE6532,RSF,41
4.2,0.16111005786868035,0.16732246623474717,RFS,OOD,GSE6532,RSF,41
4.4,0.16442257503686986,0.17057794982623686,RFS,OOD,GSE6532,RSF,41
4.6,0.17225822978287517,0.17850870314890854,RFS,OOD,GSE6532,RSF,41
4.8,0.1716815437988935,0.17850870314890854,RFS,OOD,GSE6532,RSF,41
5.0,0.17818243809164527,0.18477872035626283,RFS,OOD,GSE6532,RSF,41
5.2,0.1816420540282448,0.1878600435635935,RFS,OOD,GSE6532,RSF,41
5.4,0.1828723207796319,0.18940072637177802,RFS,OOD,GSE6532,RSF,41
5.6,0.18303137013063298,0.189400726371778,RFS,OOD,GSE6532,RSF,41
5.8,0.1860125372625582,0.19251372129462802,RFS,OOD,GSE6532,RSF,41
6.0,0.19043085791919112,0.19557193216148927,RFS,OOD,GSE6532,RSF,41
6.2,0.19186464455290617,0.19710267824281308,RFS,OOD,GSE6532,RSF,41
6.4,0.1959280314457934,0.20016060603633373,RFS,OOD,GSE6532,RSF,41
6.6,0.20140450855192416,0.20464756792474667,RFS,OOD,GSE6532,RSF,41
6.8,0.2012316357564947,0.20464756792474667,RFS,OOD,GSE6532,RSF,41
7.0,0.20472584882757938,0.20756998771096102,RFS,OOD,GSE6532,RSF,41
7.2,0.20823830962069495,0.2118588866804198,RFS,OOD,GSE6532,RSF,41
7.4,0.21047251089687347,0.2132536938735696,RFS,OOD,GSE6532,RSF,41
7.6,0.21136744538924468,0.2132536938735696,RFS,OOD,GSE6532,RSF,41
7.8,0.21419207324806414,0.2146891876155908,RFS,OOD,GSE6532,RSF,41
8.0,0.21537954101934023,0.21612738866520684,RFS,OOD,GSE6532,RSF,41
8.2,0.21728839382395027,0.21895327785709756,RFS,OOD,GSE6532,RSF,41
8.4,0.21938775048784814,0.2216951451814506,RFS,OOD,GSE6532,RSF,41
8.6,0.2239593195407377,0.22437240583090826,RFS,OOD,GSE6532,RSF,41
8.8,0.22414143998222527,0.22437240583090817,RFS,OOD,GSE6532,RSF,41
9.0,0.22677972370302138,0.22577208426803666,RFS,OOD,GSE6532,RSF,41
9.2,0.23056339361866635,0.22985448478868448,RFS,OOD,GSE6532,RSF,41
9.4,0.23188881847904602,0.22985448478868448,RFS,OOD,GSE6532,RSF,41
9.6,0.2374393611604267,0.23129837656896476,RFS,OOD,GSE6532,RSF,41
9.8,0.2382929179759644,0.2312983765689647,RFS,OOD,GSE6532,RSF,41
10.0,0.24138095542482002,0.23129837656896468,RFS,OOD,GSE6532,RSF,41
0.8,0.03708803368465788,0.03649470417219518,RFS,OOD,GSE6532,RSF,42
1.0,0.046096092505777,0.045842265969183144,RFS,OOD,GSE6532,RSF,42
1.2,0.05797737761188174,0.05727025770194493,RFS,OOD,GSE6532,RSF,42
1.4,0.06356151498915123,0.06397522227339066,RFS,OOD,GSE6532,RSF,42
1.6,0.06943823443398194,0.07057346819950026,RFS,OOD,GSE6532,RSF,42
1.8,0.07586128007039834,0.07707050727238247,RFS,OOD,GSE6532,RSF,42
2.0,0.08650608229902311,0.08768572910095929,RFS,OOD,GSE6532,RSF,42
2.2,0.09206804240008816,0.09392067426703836,RFS,OOD,GSE6532,RSF,42
2.4,0.09586626994954026,0.09801733276495658,RFS,OOD,GSE6532,RSF,42
2.6,0.11210486953833444,0.11393955720808722,RFS,OOD,GSE6532,RSF,42
2.8,0.12196898639670047,0.12353580077539547,RFS,OOD,GSE6532,RSF,42
3.0,0.13075100589535046,0.13283796283354712,RFS,OOD,GSE6532,RSF,42
3.2,0.13933823932681064,0.1418124034142496,RFS,OOD,GSE6532,RSF,42
3.4,0.13959254016477693,0.14358143950496297,RFS,OOD,GSE6532,RSF,42
3.6,0.14679008471158034,0.15228658447687918,RFS,OOD,GSE6532,RSF,42
3.8,0.1557941424018234,0.16073099895360923,RFS,OOD,GSE6532,RSF,42
4.0,0.15652182871368497,0.16239230941676783,RFS,OOD,GSE6532,RSF,42
4.2,0.16071269750499864,0.16732246623474717,RFS,OOD,GSE6532,RSF,42
4.4,0.16346399141401685,0.17057794982623686,RFS,OOD,GSE6532,RSF,42
4.6,0.1720974258383984,0.17850870314890854,RFS,OOD,GSE6532,RSF,42
4.8,0.17146343615670803,0.17850870314890854,RFS,OOD,GSE6532,RSF,42
5.0,0.1773602816496978,0.18477872035626283,RFS,OOD,GSE6532,RSF,42
5.2,0.1806094882522547,0.1878600435635935,RFS,OOD,GSE6532,RSF,42
5.4,0.1815818234860521,0.18940072637177802,RFS,OOD,GSE6532,RSF,42
5.6,0.18131787947368075,0.189400726371778,RFS,OOD,GSE6532,RSF,42
5.8,0.18476229773338654,0.19251372129462802,RFS,OOD,GSE6532,RSF,42
6.0,0.18839635001877275,0.19557193216148927,RFS,OOD,GSE6532,RSF,42
6.2,0.19005055400973617,0.19710267824281308,RFS,OOD,GSE6532,RSF,42
6.4,0.19377460643401362,0.20016060603633373,RFS,OOD,GSE6532,RSF,42
6.6,0.19869622997307673,0.20464756792474667,RFS,OOD,GSE6532,RSF,42
6.8,0.19816410974116386,0.20464756792474667,RFS,OOD,GSE6532,RSF,42
7.0,0.20213961742553102,0.20756998771096102,RFS,OOD,GSE6532,RSF,42
7.2,0.20546484989937683,0.2118588866804198,RFS,OOD,GSE6532,RSF,42
7.4,0.20736863314242646,0.2132536938735696,RFS,OOD,GSE6532,RSF,42
7.6,0.20711056025476046,0.2132536938735696,RFS,OOD,GSE6532,RSF,42
7.8,0.2093472128397271,0.2146891876155908,RFS,OOD,GSE6532,RSF,42
8.0,0.2106623989073431,0.21612738866520684,RFS,OOD,GSE6532,RSF,42
8.2,0.21306109087456604,0.21895327785709756,RFS,OOD,GSE6532,RSF,42
8.4,0.2154672446058079,0.2216951451814506,RFS,OOD,GSE6532,RSF,42
8.6,0.21934489949225888,0.22437240583090826,RFS,OOD,GSE6532,RSF,42
8.8,0.2196678506364496,0.22437240583090817,RFS,OOD,GSE6532,RSF,42
9.0,0.22198518678612272,0.22577208426803666,RFS,OOD,GSE6532,RSF,42
9.2,0.226004554223933,0.22985448478868448,RFS,OOD,GSE6532,RSF,42
9.4,0.22552496866732924,0.22985448478868448,RFS,OOD,GSE6532,RSF,42
9.6,0.2293714130589136,0.23129837656896476,RFS,OOD,GSE6532,RSF,42
9.8,0.22943477957784061,0.2312983765689647,RFS,OOD,GSE6532,RSF,42
10.0,0.23161660243202867,0.23129837656896468,RFS,OOD,GSE6532,RSF,42
0.8,0.03721551841098233,0.03649470417219518,RFS,OOD,GSE6532,RSF,43
1.0,0.046617440679839285,0.045842265969183144,RFS,OOD,GSE6532,RSF,43
1.2,0.058581222808360624,0.05727025770194493,RFS,OOD,GSE6532,RSF,43
1.4,0.06389317965568034,0.06397522227339066,RFS,OOD,GSE6532,RSF,43
1.6,0.0698845521277718,0.07057346819950026,RFS,OOD,GSE6532,RSF,43
1.8,0.07606109477675685,0.07707050727238247,RFS,OOD,GSE6532,RSF,43
2.0,0.08676432221623658,0.08768572910095929,RFS,OOD,GSE6532,RSF,43
2.2,0.09175274028329033,0.09392067426703836,RFS,OOD,GSE6532,RSF,43
2.4,0.09503094208640077,0.09801733276495658,RFS,OOD,GSE6532,RSF,43
2.6,0.10999873476030496,0.11393955720808722,RFS,OOD,GSE6532,RSF,43
2.8,0.12020548816431667,0.12353580077539547,RFS,OOD,GSE6532,RSF,43
3.0,0.12945762255618523,0.13283796283354712,RFS,OOD,GSE6532,RSF,43
3.2,0.13693890363218086,0.1418124034142496,RFS,OOD,GSE6532,RSF,43
3.4,0.13674638058107239,0.14358143950496297,RFS,OOD,GSE6532,RSF,43
3.6,0.14405737488384396,0.15228658447687918,RFS,OOD,GSE6532,RSF,43
3.8,0.1519783286045827,0.16073099895360923,RFS,OOD,GSE6532,RSF,43
4.0,0.15336821831675854,0.16239230941676783,RFS,OOD,GSE6532,RSF,43
4.2,0.1573663422655989,0.16732246623474717,RFS,OOD,GSE6532,RSF,43
4.4,0.16035819251237513,0.17057794982623686,RFS,OOD,GSE6532,RSF,43
4.6,0.1686991370664417,0.17850870314890854,RFS,OOD,GSE6532,RSF,43
4.8,0.16801669761057098,0.17850870314890854,RFS,OOD,GSE6532,RSF,43
5.0,0.1742852811422245,0.18477872035626283,RFS,OOD,GSE6532,RSF,43
5.2,0.17786777951443195,0.1878600435635935,RFS,OOD,GSE6532,RSF,43
5.4,0.178525129394822,0.18940072637177802,RFS,OOD,GSE6532,RSF,43
5.6,0.1785691542412452,0.189400726371778,RFS,OOD,GSE6532,RSF,43
5.8,0.1818142670132409,0.19251372129462802,RFS,OOD,GSE6532,RSF,43
6.0,0.1860814036062404,0.19557193216148927,RFS,OOD,GSE6532,RSF,43
6.2,0.18754099117722128,0.19710267824281308,RFS,OOD,GSE6532,RSF,43
6.4,0.19071972799557785,0.20016060603633373,RFS,OOD,GSE6532,RSF,43
6.6,0.19646285859904852,0.20464756792474667,RFS,OOD,GSE6532,RSF,43
6.8,0.19621552064950973,0.20464756792474667,RFS,OOD,GSE6532,RSF,43
7.0,0.19985955362413674,0.20756998771096102,RFS,OOD,GSE6532,RSF,43
7.2,0.203184973736644,0.2118588866804198,RFS,OOD,GSE6532,RSF,43
7.4,0.20574536445979605,0.2132536938735696,RFS,OOD,GSE6532,RSF,43
7.6,0.20627709660732657,0.2132536938735696,RFS,OOD,GSE6532,RSF,43
7.8,0.20901160878259928,0.2146891876155908,RFS,OOD,GSE6532,RSF,43
8.0,0.2106160573859019,0.21612738866520684,RFS,OOD,GSE6532,RSF,43
8.2,0.21330462262219732,0.21895327785709756,RFS,OOD,GSE6532,RSF,43
8.4,0.21595984835046544,0.2216951451814506,RFS,OOD,GSE6532,RSF,43
8.6,0.2193188253179262,0.22437240583090826,RFS,OOD,GSE6532,RSF,43
8.8,0.21927400015636453,0.22437240583090817,RFS,OOD,GSE6532,RSF,43
9.0,0.22134116225539321,0.22577208426803666,RFS,OOD,GSE6532,RSF,43
9.2,0.22562406546910146,0.22985448478868448,RFS,OOD,GSE6532,RSF,43
9.4,0.22484538171187132,0.22985448478868448,RFS,OOD,GSE6532,RSF,43
9.6,0.23018728208554926,0.23129837656896476,RFS,OOD,GSE6532,RSF,43
9.8,0.23086289248631214,0.2312983765689647,RFS,OOD,GSE6532,RSF,43
10.0,0.23289841039365358,0.23129837656896468,RFS,OOD,GSE6532,RSF,43
0.8,0.03774811212763742,0.03649470417219518,RFS,OOD,GSE6532,RSF,44
1.0,0.04730511046594546,0.045842265969183144,RFS,OOD,GSE6532,RSF,44
1.2,0.058815546644658316,0.05727025770194493,RFS,OOD,GSE6532,RSF,44
1.4,0.06449593723985164,0.06397522227339066,RFS,OOD,GSE6532,RSF,44
1.6,0.07141246646372591,0.07057346819950026,RFS,OOD,GSE6532,RSF,44
1.8,0.07736640770040976,0.07707050727238247,RFS,OOD,GSE6532,RSF,44
2.0,0.08822944600671442,0.08768572910095929,RFS,OOD,GSE6532,RSF,44
2.2,0.0935859264205731,0.09392067426703836,RFS,OOD,GSE6532,RSF,44
2.4,0.09739767615511154,0.09801733276495658,RFS,OOD,GSE6532,RSF,44
2.6,0.11437854748470871,0.11393955720808722,RFS,OOD,GSE6532,RSF,44
2.8,0.12291837464320045,0.12353580077539547,RFS,OOD,GSE6532,RSF,44
3.0,0.13080636258629075,0.13283796283354712,RFS,OOD,GSE6532,RSF,44
3.2,0.13862279002632144,0.1418124034142496,RFS,OOD,GSE6532,RSF,44
3.4,0.14003383441821596,0.14358143950496297,RFS,OOD,GSE6532,RSF,44
3.6,0.14608574310903838,0.15228658447687918,RFS,OOD,GSE6532,RSF,44
3.8,0.15543070947266252,0.16073099895360923,RFS,OOD,GSE6532,RSF,44
4.0,0.15634139218255097,0.16239230941676783,RFS,OOD,GSE6532,RSF,44
4.2,0.16093859121080786,0.16732246623474717,RFS,OOD,GSE6532,RSF,44
4.4,0.16373812496502607,0.17057794982623686,RFS,OOD,GSE6532,RSF,44
4.6,0.1723527919164365,0.17850870314890854,RFS,OOD,GSE6532,RSF,44
4.8,0.1718966433763355,0.17850870314890854,RFS,OOD,GSE6532,RSF,44
5.0,0.17866999374782128,0.18477872035626283,RFS,OOD,GSE6532,RSF,44
5.2,0.18222666590448283,0.1878600435635935,RFS,OOD,GSE6532,RSF,44
5.4,0.18295641858681563,0.18940072637177802,RFS,OOD,GSE6532,RSF,44
5.6,0.1829594789455898,0.189400726371778,RFS,OOD,GSE6532,RSF,44
5.8,0.18593902320044967,0.19251372129462802,RFS,OOD,GSE6532,RSF,44
6.0,0.1896511698380644,0.19557193216148927,RFS,OOD,GSE6532,RSF,44
6.2,0.19114697011604423,0.19710267824281308,RFS,OOD,GSE6532,RSF,44
6.4,0.19465033009218122,0.20016060603633373,RFS,OOD,GSE6532,RSF,44
6.6,0.20003680480890362,0.20464756792474667,RFS,OOD,GSE6532,RSF,44
6.8,0.19958719155550844,0.20464756792474667,RFS,OOD,GSE6532,RSF,44
7.0,0.20336809366936084,0.20756998771096102,RFS,OOD,GSE6532,RSF,44
7.2,0.20697720568606068,0.2118588866804198,RFS,OOD,GSE6532,RSF,44
7.4,0.2090275080321362,0.2132536938735696,RFS,OOD,GSE6532,RSF,44
7.6,0.20937700924654254,0.2132536938735696,RFS,OOD,GSE6532,RSF,44
7.8,0.21187130573899166,0.2146891876155908,RFS,OOD,GSE6532,RSF,44
8.0,0.21346442583729222,0.21612738866520684,RFS,OOD,GSE6532,RSF,44
8.2,0.2157900454557323,0.21895327785709756,RFS,OOD,GSE6532,RSF,44
8.4,0.21818847485311954,0.2216951451814506,RFS,OOD,GSE6532,RSF,44
8.6,0.22189604754170122,0.22437240583090826,RFS,OOD,GSE6532,RSF,44
8.8,0.22187342905582857,0.22437240583090817,RFS,OOD,GSE6532,RSF,44
9.0,0.22428424718725423,0.22577208426803666,RFS,OOD,GSE6532,RSF,44
9.2,0.22856448322284723,0.22985448478868448,RFS,OOD,GSE6532,RSF,44
9.4,0.2283962875195341,0.22985448478868448,RFS,OOD,GSE6532,RSF,44
9.6,0.23161506696838102,0.23129837656896476,RFS,OOD,GSE6532,RSF,44
9.8,0.23200666267595088,0.2312983765689647,RFS,OOD,GSE6532,RSF,44
10.0,0.23392880532653332,0.23129837656896468,RFS,OOD,GSE6532,RSF,44
1.6,0.048041717931157475,0.0479542903785328,RFS,OOD,GSE19783,TabSurv_M,40
1.8,0.07138938247681141,0.07427813488419549,RFS,OOD,GSE19783,TabSurv_M,40
2.0,0.08552818953736809,0.09080706050403022,RFS,OOD,GSE19783,TabSurv_M,40
2.2,0.08516632836766445,0.09080706050403022,RFS,OOD,GSE19783,TabSurv_M,40
2.4,0.10821693898008307,0.11406999285787162,RFS,OOD,GSE19783,TabSurv_M,40
2.6,0.11265989792499564,0.12141618202224264,RFS,OOD,GSE19783,TabSurv_M,40
2.8,0.13416138777632935,0.1422303846546271,RFS,OOD,GSE19783,TabSurv_M,40
3.0,0.14625307142736396,0.15508621569227632,RFS,OOD,GSE19783,TabSurv_M,40
3.2,0.14515219827928985,0.15508621569227632,RFS,OOD,GSE19783,TabSurv_M,40
3.4,0.14435721120421582,0.15508621569227632,RFS,OOD,GSE19783,TabSurv_M,40
3.6,0.1502358327619184,0.16120803999591873,RFS,OOD,GSE19783,TabSurv_M,40
3.8,0.1497639944169865,0.16120803999591873,RFS,OOD,GSE19783,TabSurv_M,40
4.0,0.15676149557612176,0.16712580348943984,RFS,OOD,GSE19783,TabSurv_M,40
4.2,0.15991006883611397,0.1728395061728395,RFS,OOD,GSE19783,TabSurv_M,40
4.4,0.1733546041452674,0.1836547291092745,RFS,OOD,GSE19783,TabSurv_M,40
4.6,0.19075697945770007,0.19834710743801656,RFS,OOD,GSE19783,TabSurv_M,40
4.8,0.19012051890981335,0.19834710743801656,RFS,OOD,GSE19783,TabSurv_M,40
5.0,0.1944164153107331,0.20283644526068764,RFS,OOD,GSE19783,TabSurv_M,40
5.2,0.19392100359842993,0.20283644526068764,RFS,OOD,GSE19783,TabSurv_M,40
5.4,0.19380858276182367,0.20712172227323739,RFS,OOD,GSE19783,TabSurv_M,40
5.6,0.19343843699890356,0.20712172227323739,RFS,OOD,GSE19783,TabSurv_M,40
5.8,0.19320933881341304,0.20712172227323739,RFS,OOD,GSE19783,TabSurv_M,40
6.0,0.19312272106482187,0.20712172227323739,RFS,OOD,GSE19783,TabSurv_M,40
6.2,0.198298961622598,0.21120293847566568,RFS,OOD,GSE19783,TabSurv_M,40
6.4,0.19832204462935707,0.21120293847566568,RFS,OOD,GSE19783,TabSurv_M,40
6.6,0.1984850372626617,0.21120293847566568,RFS,OOD,GSE19783,TabSurv_M,40
6.8,0.2119713509093878,0.22548719518416488,RFS,OOD,GSE19783,TabSurv_M,40
7.0,0.2124717155880267,0.22854810733598613,RFS,OOD,GSE19783,TabSurv_M,40
7.2,0.21216299749567297,0.22854810733598613,RFS,OOD,GSE19783,TabSurv_M,40
7.4,0.2119784837013383,0.22854810733598613,RFS,OOD,GSE19783,TabSurv_M,40
7.6,0.21693202999195377,0.2314049586776859,RFS,OOD,GSE19783,TabSurv_M,40
7.8,0.2227099363988982,0.23650647893072133,RFS,OOD,GSE19783,TabSurv_M,40
8.0,0.227206152371188,0.23878683014204904,RFS,OOD,GSE19783,TabSurv_M,40
8.2,0.22687848746846512,0.23878683014204904,RFS,OOD,GSE19783,TabSurv_M,40
8.4,0.22605214321111936,0.23878683014204902,RFS,OOD,GSE19783,TabSurv_M,40
8.6,0.231556687808922,0.24096117195592232,RFS,OOD,GSE19783,TabSurv_M,40
8.8,0.23232519319930375,0.24096117195592232,RFS,OOD,GSE19783,TabSurv_M,40
9.0,0.23605151258013476,0.2449896157746651,RFS,OOD,GSE19783,TabSurv_M,40
9.2,0.24691790822837395,0.2467288497101015,RFS,OOD,GSE19783,TabSurv_M,40
9.4,0.24656750214894446,0.2467288497101016,RFS,OOD,GSE19783,TabSurv_M,40
1.6,0.04738669025289682,0.0479542903785328,RFS,OOD,GSE19783,TabSurv_M,41
1.8,0.07051581335239689,0.07427813488419549,RFS,OOD,GSE19783,TabSurv_M,41
2.0,0.08613574495534708,0.09080706050403022,RFS,OOD,GSE19783,TabSurv_M,41
2.2,0.08602202634323768,0.09080706050403022,RFS,OOD,GSE19783,TabSurv_M,41
2.4,0.1088364019156308,0.11406999285787162,RFS,OOD,GSE19783,TabSurv_M,41
2.6,0.11271680753706989,0.12141618202224264,RFS,OOD,GSE19783,TabSurv_M,41
2.8,0.13419035858759212,0.1422303846546271,RFS,OOD,GSE19783,TabSurv_M,41
3.0,0.1471631674613882,0.15508621569227632,RFS,OOD,GSE19783,TabSurv_M,41
3.2,0.1463882294006913,0.15508621569227632,RFS,OOD,GSE19783,TabSurv_M,41
3.4,0.14593489608824212,0.15508621569227632,RFS,OOD,GSE19783,TabSurv_M,41
3.6,0.1532554943820726,0.16120803999591873,RFS,OOD,GSE19783,TabSurv_M,41
3.8,0.15320503927328039,0.16120803999591873,RFS,OOD,GSE19783,TabSurv_M,41
4.0,0.15919374735283376,0.16712580348943984,RFS,OOD,GSE19783,TabSurv_M,41
4.2,0.16319995821047198,0.1728395061728395,RFS,OOD,GSE19783,TabSurv_M,41
4.4,0.17493159137360456,0.1836547291092745,RFS,OOD,GSE19783,TabSurv_M,41
4.6,0.18991449816181108,0.19834710743801656,RFS,OOD,GSE19783,TabSurv_M,41
4.8,0.18954206021174494,0.19834710743801656,RFS,OOD,GSE19783,TabSurv_M,41
5.0,0.19513348324199892,0.20283644526068764,RFS,OOD,GSE19783,TabSurv_M,41
5.2,0.19497161207154826,0.20283644526068764,RFS,OOD,GSE19783,TabSurv_M,41
5.4,0.19490467120563826,0.20712172227323739,RFS,OOD,GSE19783,TabSurv_M,41
5.6,0.1949326362861918,0.20712172227323739,RFS,OOD,GSE19783,TabSurv_M,41
5.8,0.19515005641272531,0.20712172227323739,RFS,OOD,GSE19783,TabSurv_M,41
6.0,0.19555746282223538,0.20712172227323739,RFS,OOD,GSE19783,TabSurv_M,41
6.2,0.20189445008986082,0.21120293847566568,RFS,OOD,GSE19783,TabSurv_M,41
6.4,0.2024751931029731,0.21120293847566568,RFS,OOD,GSE19783,TabSurv_M,41
6.6,0.20322239031478173,0.21120293847566568,RFS,OOD,GSE19783,TabSurv_M,41
6.8,0.21171376772139025,0.22548719518416488,RFS,OOD,GSE19783,TabSurv_M,41
7.0,0.21271007781832738,0.22854810733598613,RFS,OOD,GSE19783,TabSurv_M,41
7.2,0.2129360387462593,0.22854810733598613,RFS,OOD,GSE19783,TabSurv_M,41
7.4,0.21332051733234414,0.22854810733598613,RFS,OOD,GSE19783,TabSurv_M,41
7.6,0.2173067979917179,0.2314049586776859,RFS,OOD,GSE19783,TabSurv_M,41
7.8,0.22246488734201145,0.23650647893072133,RFS,OOD,GSE19783,TabSurv_M,41
8.0,0.22765003824170815,0.23878683014204904,RFS,OOD,GSE19783,TabSurv_M,41
8.2,0.227932406821948,0.23878683014204904,RFS,OOD,GSE19783,TabSurv_M,41
8.4,0.22786122529824845,0.23878683014204902,RFS,OOD,GSE19783,TabSurv_M,41
8.6,0.23271057124170733,0.24096117195592232,RFS,OOD,GSE19783,TabSurv_M,41
8.8,0.23413571607031822,0.24096117195592232,RFS,OOD,GSE19783,TabSurv_M,41
9.0,0.23583841500049788,0.2449896157746651,RFS,OOD,GSE19783,TabSurv_M,41
9.2,0.2434802703800088,0.2467288497101015,RFS,OOD,GSE19783,TabSurv_M,41
9.4,0.2443228727314201,0.2467288497101016,RFS,OOD,GSE19783,TabSurv_M,41
1.6,0.04768723207523936,0.0479542903785328,RFS,OOD,GSE19783,TabSurv_M,42
1.8,0.06967025772645823,0.07427813488419549,RFS,OOD,GSE19783,TabSurv_M,42
2.0,0.08426428215806325,0.09080706050403022,RFS,OOD,GSE19783,TabSurv_M,42
2.2,0.08424550061668684,0.09080706050403022,RFS,OOD,GSE19783,TabSurv_M,42
2.4,0.10566920954479975,0.11406999285787162,RFS,OOD,GSE19783,TabSurv_M,42
2.6,0.1112881262738172,0.12141618202224264,RFS,OOD,GSE19783,TabSurv_M,42
2.8,0.13194309248185232,0.1422303846546271,RFS,OOD,GSE19783,TabSurv_M,42
3.0,0.14210086383551934,0.15508621569227632,RFS,OOD,GSE19783,TabSurv_M,42
3.2,0.14137176233432297,0.15508621569227632,RFS,OOD,GSE19783,TabSurv_M,42
3.4,0.14084577909435791,0.15508621569227632,RFS,OOD,GSE19783,TabSurv_M,42
3.6,0.14729273532745302,0.16120803999591873,RFS,OOD,GSE19783,TabSurv_M,42
3.8,0.1469981606373145,0.16120803999591873,RFS,OOD,GSE19783,TabSurv_M,42
4.0,0.15324628063080128,0.16712580348943984,RFS,OOD,GSE19783,TabSurv_M,42
4.2,0.1556253533450963,0.1728395061728395,RFS,OOD,GSE19783,TabSurv_M,42
4.4,0.16814430328851412,0.1836547291092745,RFS,OOD,GSE19783,TabSurv_M,42
4.6,0.18431501127072625,0.19834710743801656,RFS,OOD,GSE19783,TabSurv_M,42
4.8,0.18366207802056547,0.19834710743801656,RFS,OOD,GSE19783,TabSurv_M,42
5.0,0.18916465215827766,0.20283644526068764,RFS,OOD,GSE19783,TabSurv_M,42
5.2,0.1886645278900429,0.20283644526068764,RFS,OOD,GSE19783,TabSurv_M,42
5.4,0.18849716758899396,0.20712172227323739,RFS,OOD,GSE19783,TabSurv_M,42
5.6,0.18809749034480575,0.20712172227323739,RFS,OOD,GSE19783,TabSurv_M,42
5.8,0.18781599775515212,0.20712172227323739,RFS,OOD,GSE19783,TabSurv_M,42
6.0,0.18765143315080524,0.20712172227323739,RFS,OOD,GSE19783,TabSurv_M,42
6.2,0.19445665410701196,0.21120293847566568,RFS,OOD,GSE19783,TabSurv_M,42
6.4,0.19440385668727783,0.21120293847566568,RFS,OOD,GSE19783,TabSurv_M,42
6.6,0.19448487357397656,0.21120293847566568,RFS,OOD,GSE19783,TabSurv_M,42
6.8,0.2087511428098903,0.22548719518416488,RFS,OOD,GSE19783,TabSurv_M,42
7.0,0.21006610860625796,0.22854810733598613,RFS,OOD,GSE19783,TabSurv_M,42
7.2,0.2096714785400941,0.22854810733598613,RFS,OOD,GSE19783,TabSurv_M,42
7.4,0.20941025452463435,0.22854810733598613,RFS,OOD,GSE19783,TabSurv_M,42
7.6,0.21316624636622342,0.2314049586776859,RFS,OOD,GSE19783,TabSurv_M,42
7.8,0.21813866369895438,0.23650647893072133,RFS,OOD,GSE19783,TabSurv_M,42
8.0,0.22340557948056225,0.23878683014204904,RFS,OOD,GSE19783,TabSurv_M,42
8.2,0.22299782021198059,0.23878683014204904,RFS,OOD,GSE19783,TabSurv_M,42
8.4,0.22150627766243747,0.23878683014204902,RFS,OOD,GSE19783,TabSurv_M,42
8.6,0.22684872308096035,0.24096117195592232,RFS,OOD,GSE19783,TabSurv_M,42
8.8,0.22759543010182365,0.24096117195592232,RFS,OOD,GSE19783,TabSurv_M,42
9.0,0.23301472586153052,0.2449896157746651,RFS,OOD,GSE19783,TabSurv_M,42
9.2,0.2440585989100419,0.2467288497101015,RFS,OOD,GSE19783,TabSurv_M,42
9.4,0.24322259090131693,0.2467288497101016,RFS,OOD,GSE19783,TabSurv_M,42
1.6,0.04772315342020524,0.0479542903785328,RFS,OOD,GSE19783,TabSurv_M,43
1.8,0.07099216961942487,0.07427813488419549,RFS,OOD,GSE19783,TabSurv_M,43
2.0,0.0857581742173308,0.09080706050403022,RFS,OOD,GSE19783,TabSurv_M,43
2.2,0.08577964270458162,0.09080706050403022,RFS,OOD,GSE19783,TabSurv_M,43
2.4,0.10702196622893637,0.11406999285787162,RFS,OOD,GSE19783,TabSurv_M,43
2.6,0.11282299049440178,0.12141618202224264,RFS,OOD,GSE19783,TabSurv_M,43
2.8,0.1329741707987711,0.1422303846546271,RFS,OOD,GSE19783,TabSurv_M,43
3.0,0.1456331112394206,0.15508621569227632,RFS,OOD,GSE19783,TabSurv_M,43
3.2,0.14504159968660257,0.15508621569227632,RFS,OOD,GSE19783,TabSurv_M,43
3.4,0.1447802296701904,0.15508621569227632,RFS,OOD,GSE19783,TabSurv_M,43
3.6,0.15128227355769217,0.16120803999591873,RFS,OOD,GSE19783,TabSurv_M,43
3.8,0.15137488526565152,0.16120803999591873,RFS,OOD,GSE19783,TabSurv_M,43
4.0,0.1578512777619799,0.16712580348943984,RFS,OOD,GSE19783,TabSurv_M,43
4.2,0.16131502693085983,0.1728395061728395,RFS,OOD,GSE19783,TabSurv_M,43
4.4,0.1734394641589554,0.1836547291092745,RFS,OOD,GSE19783,TabSurv_M,43
4.6,0.18995686620947252,0.19834710743801656,RFS,OOD,GSE19783,TabSurv_M,43
4.8,0.18968503911607287,0.19834710743801656,RFS,OOD,GSE19783,TabSurv_M,43
5.0,0.19612979946991366,0.20283644526068764,RFS,OOD,GSE19783,TabSurv_M,43
5.2,0.19601622375682445,0.20283644526068764,RFS,OOD,GSE19783,TabSurv_M,43
5.4,0.195887504829736,0.20712172227323739,RFS,OOD,GSE19783,TabSurv_M,43
5.6,0.19588363500652894,0.20712172227323739,RFS,OOD,GSE19783,TabSurv_M,43
5.8,0.19600760399342126,0.20712172227323739,RFS,OOD,GSE19783,TabSurv_M,43
6.0,0.19626731226761937,0.20712172227323739,RFS,OOD,GSE19783,TabSurv_M,43
6.2,0.2030504779353697,0.21120293847566568,RFS,OOD,GSE19783,TabSurv_M,43
6.4,0.2034437170165203,0.21120293847566568,RFS,OOD,GSE19783,TabSurv_M,43
6.6,0.20397124174996722,0.21120293847566568,RFS,OOD,GSE19783,TabSurv_M,43
6.8,0.21620659004420276,0.22548719518416488,RFS,OOD,GSE19783,TabSurv_M,43
7.0,0.2176730468460922,0.22854810733598613,RFS,OOD,GSE19783,TabSurv_M,43
7.2,0.2177067029054877,0.22854810733598613,RFS,OOD,GSE19783,TabSurv_M,43
7.4,0.21786897763621713,0.22854810733598613,RFS,OOD,GSE19783,TabSurv_M,43
7.6,0.220706564220757,0.2314049586776859,RFS,OOD,GSE19783,TabSurv_M,43
7.8,0.2264775718589604,0.23650647893072133,RFS,OOD,GSE19783,TabSurv_M,43
8.0,0.23189568998283963,0.23878683014204904,RFS,OOD,GSE19783,TabSurv_M,43
8.2,0.23190078623892382,0.23878683014204904,RFS,OOD,GSE19783,TabSurv_M,43
8.4,0.23058333787190294,0.23878683014204902,RFS,OOD,GSE19783,TabSurv_M,43
8.6,0.23669395138511207,0.24096117195592232,RFS,OOD,GSE19783,TabSurv_M,43
8.8,0.2383048319920308,0.24096117195592232,RFS,OOD,GSE19783,TabSurv_M,43
9.0,0.24146069100298587,0.2449896157746651,RFS,OOD,GSE19783,TabSurv_M,43
9.2,0.2534815822652678,0.2467288497101015,RFS,OOD,GSE19783,TabSurv_M,43
9.4,0.2533176182338832,0.2467288497101016,RFS,OOD,GSE19783,TabSurv_M,43
1.6,0.047898553300789355,0.0479542903785328,RFS,OOD,GSE19783,TabSurv_M,44
1.8,0.06893232763839068,0.07427813488419549,RFS,OOD,GSE19783,TabSurv_M,44
2.0,0.08252160126576309,0.09080706050403022,RFS,OOD,GSE19783,TabSurv_M,44
2.2,0.08291892436840116,0.09080706050403022,RFS,OOD,GSE19783,TabSurv_M,44
2.4,0.10170827295326598,0.11406999285787162,RFS,OOD,GSE19783,TabSurv_M,44
2.6,0.1056873634857399,0.12141618202224264,RFS,OOD,GSE19783,TabSurv_M,44
2.8,0.12522599433229314,0.1422303846546271,RFS,OOD,GSE19783,TabSurv_M,44
3.0,0.13517054548819693,0.15508621569227632,RFS,OOD,GSE19783,TabSurv_M,44
3.2,0.13468091520340583,0.15508621569227632,RFS,OOD,GSE19783,TabSurv_M,44
3.4,0.13450401621451455,0.15508621569227632,RFS,OOD,GSE19783,TabSurv_M,44
3.6,0.14240415640795942,0.16120803999591873,RFS,OOD,GSE19783,TabSurv_M,44
3.8,0.14265145074177896,0.16120803999591873,RFS,OOD,GSE19783,TabSurv_M,44
4.0,0.1508087029165316,0.16712580348943984,RFS,OOD,GSE19783,TabSurv_M,44
4.2,0.15351807191334554,0.1728395061728395,RFS,OOD,GSE19783,TabSurv_M,44
4.4,0.16516792030964078,0.1836547291092745,RFS,OOD,GSE19783,TabSurv_M,44
4.6,0.1799289170469345,0.19834710743801656,RFS,OOD,GSE19783,TabSurv_M,44
4.8,0.1798980394180922,0.19834710743801656,RFS,OOD,GSE19783,TabSurv_M,44
5.0,0.18622270177284,0.20283644526068764,RFS,OOD,GSE19783,TabSurv_M,44
5.2,0.18635351236883632,0.20283644526068764,RFS,OOD,GSE19783,TabSurv_M,44
5.4,0.18604014758058424,0.20712172227323739,RFS,OOD,GSE19783,TabSurv_M,44
5.6,0.18630439106013363,0.20712172227323739,RFS,OOD,GSE19783,TabSurv_M,44
5.8,0.1867261492080953,0.20712172227323739,RFS,OOD,GSE19783,TabSurv_M,44
6.0,0.187316363544719,0.20712172227323739,RFS,OOD,GSE19783,TabSurv_M,44
6.2,0.19344146110550642,0.21120293847566568,RFS,OOD,GSE19783,TabSurv_M,44
6.4,0.19419650757217047,0.21120293847566568,RFS,OOD,GSE19783,TabSurv_M,44
6.6,0.19509860782326383,0.21120293847566568,RFS,OOD,GSE19783,TabSurv_M,44
6.8,0.20844635435246428,0.22548719518416488,RFS,OOD,GSE19783,TabSurv_M,44
7.0,0.2095599675468602,0.22854810733598613,RFS,OOD,GSE19783,TabSurv_M,44
7.2,0.20991572657818372,0.22854810733598613,RFS,OOD,GSE19783,TabSurv_M,44
7.4,0.2104129598942715,0.22854810733598613,RFS,OOD,GSE19783,TabSurv_M,44
7.6,0.21417034355055378,0.2314049586776859,RFS,OOD,GSE19783,TabSurv_M,44
7.8,0.2166276872089863,0.23650647893072133,RFS,OOD,GSE19783,TabSurv_M,44
8.0,0.22209889807846772,0.23878683014204904,RFS,OOD,GSE19783,TabSurv_M,44
8.2,0.22245801068445936,0.23878683014204904,RFS,OOD,GSE19783,TabSurv_M,44
8.4,0.2204157563979733,0.23878683014204902,RFS,OOD,GSE19783,TabSurv_M,44
8.6,0.2269171092725357,0.24096117195592232,RFS,OOD,GSE19783,TabSurv_M,44
8.8,0.2282550272080372,0.24096117195592232,RFS,OOD,GSE19783,TabSurv_M,44
9.0,0.23173748813601874,0.2449896157746651,RFS,OOD,GSE19783,TabSurv_M,44
9.2,0.2470929821787572,0.2467288497101015,RFS,OOD,GSE19783,TabSurv_M,44
9.4,0.2464632111905326,0.2467288497101016,RFS,OOD,GSE19783,TabSurv_M,44
1.6,0.04769064915853016,0.0479542903785328,RFS,OOD,GSE19783,DeepHS,40
1.8,0.07280190658640079,0.07427813488419549,RFS,OOD,GSE19783,DeepHS,40
2.0,0.09117215804931793,0.09080706050403022,RFS,OOD,GSE19783,DeepHS,40
2.2,0.09117215804931793,0.09080706050403022,RFS,OOD,GSE19783,DeepHS,40
2.4,0.11623153294528073,0.11406999285787162,RFS,OOD,GSE19783,DeepHS,40
2.6,0.12509031843005708,0.12141618202224264,RFS,OOD,GSE19783,DeepHS,40
2.8,0.15152476164378,0.1422303846546271,RFS,OOD,GSE19783,DeepHS,40
3.0,0.16864581775736026,0.15508621569227632,RFS,OOD,GSE19783,DeepHS,40
3.2,0.1510773455025924,0.15508621569227632,RFS,OOD,GSE19783,DeepHS,40
3.4,0.1510773455025924,0.15508621569227632,RFS,OOD,GSE19783,DeepHS,40
3.6,0.1587170739138719,0.16120803999591873,RFS,OOD,GSE19783,DeepHS,40
3.8,0.1587170739138719,0.16120803999591873,RFS,OOD,GSE19783,DeepHS,40
4.0,0.16563886618503323,0.16712580348943984,RFS,OOD,GSE19783,DeepHS,40
4.2,0.17117023381449867,0.1728395061728395,RFS,OOD,GSE19783,DeepHS,40
4.4,0.1851721583967007,0.1836547291092745,RFS,OOD,GSE19783,DeepHS,40
4.6,0.20590469485711477,0.19834710743801656,RFS,OOD,GSE19783,DeepHS,40
4.8,0.20590469485711477,0.19834710743801656,RFS,OOD,GSE19783,DeepHS,40
5.0,0.2127728802761396,0.20283644526068764,RFS,OOD,GSE19783,DeepHS,40
5.2,0.2127728802761396,0.20283644526068764,RFS,OOD,GSE19783,DeepHS,40
5.4,0.2194952799588493,0.20712172227323739,RFS,OOD,GSE19783,DeepHS,40
5.6,0.2194952799588493,0.20712172227323739,RFS,OOD,GSE19783,DeepHS,40
5.8,0.2194952799588493,0.20712172227323739,RFS,OOD,GSE19783,DeepHS,40
6.0,0.2194952799588493,0.20712172227323739,RFS,OOD,GSE19783,DeepHS,40
6.2,0.2272630499843145,0.21120293847566568,RFS,OOD,GSE19783,DeepHS,40
6.4,0.20956849908703368,0.21120293847566568,RFS,OOD,GSE19783,DeepHS,40
6.6,0.20956849908703368,0.21120293847566568,RFS,OOD,GSE19783,DeepHS,40
6.8,0.23310987854360193,0.22548719518416488,RFS,OOD,GSE19783,DeepHS,40
7.0,0.23789294778814082,0.22854810733598613,RFS,OOD,GSE19783,DeepHS,40
7.2,0.23789294778814082,0.22854810733598613,RFS,OOD,GSE19783,DeepHS,40
7.4,0.23789294778814082,0.22854810733598613,RFS,OOD,GSE19783,DeepHS,40
7.6,0.242791199697339,0.2314049586776859,RFS,OOD,GSE19783,DeepHS,40
7.8,0.25453936308436786,0.23650647893072133,RFS,OOD,GSE19783,DeepHS,40
8.0,0.260209118140967,0.23878683014204904,RFS,OOD,GSE19783,DeepHS,40
8.2,0.260209118140967,0.23878683014204904,RFS,OOD,GSE19783,DeepHS,40
8.4,0.2601007463977208,0.23878683014204902,RFS,OOD,GSE19783,DeepHS,40
8.6,0.2669945875828354,0.24096117195592232,RFS,OOD,GSE19783,DeepHS,40
8.8,0.2671265815401734,0.24096117195592232,RFS,OOD,GSE19783,DeepHS,40
9.0,0.2783070025020134,0.2449896157746651,RFS,OOD,GSE19783,DeepHS,40
9.2,0.2892121893022537,0.2467288497101015,RFS,OOD,GSE19783,DeepHS,40
9.4,0.2548086800619202,0.2467288497101016,RFS,OOD,GSE19783,DeepHS,40
1.6,0.04658451651206744,0.0479542903785328,RFS,OOD,GSE19783,DeepHS,41
1.8,0.07267969008772884,0.07427813488419549,RFS,OOD,GSE19783,DeepHS,41
2.0,0.09079394863234246,0.09080706050403022,RFS,OOD,GSE19783,DeepHS,41
2.2,0.09079394863234246,0.09080706050403022,RFS,OOD,GSE19783,DeepHS,41
2.4,0.11682479976528443,0.11406999285787162,RFS,OOD,GSE19783,DeepHS,41
2.6,0.1255463934198014,0.12141618202224264,RFS,OOD,GSE19783,DeepHS,41
2.8,0.1521496646826157,0.1422303846546271,RFS,OOD,GSE19783,DeepHS,41
3.0,0.16997400743917607,0.15508621569227632,RFS,OOD,GSE19783,DeepHS,41
3.2,0.16997400743917607,0.15508621569227632,RFS,OOD,GSE19783,DeepHS,41
3.4,0.15190085939346934,0.15508621569227632,RFS,OOD,GSE19783,DeepHS,41
3.6,0.15973439080206828,0.16120803999591873,RFS,OOD,GSE19783,DeepHS,41
3.8,0.15973439080206828,0.16120803999591873,RFS,OOD,GSE19783,DeepHS,41
4.0,0.16775067968462246,0.16712580348943984,RFS,OOD,GSE19783,DeepHS,41
4.2,0.17362932083242863,0.1728395061728395,RFS,OOD,GSE19783,DeepHS,41
4.4,0.1888021431392832,0.1836547291092745,RFS,OOD,GSE19783,DeepHS,41
4.6,0.2114065062724921,0.19834710743801656,RFS,OOD,GSE19783,DeepHS,41
4.8,0.2114065062724921,0.19834710743801656,RFS,OOD,GSE19783,DeepHS,41
5.0,0.21953267481252192,0.20283644526068764,RFS,OOD,GSE19783,DeepHS,41
5.2,0.21953267481252192,0.20283644526068764,RFS,OOD,GSE19783,DeepHS,41
5.4,0.22538860237619884,0.20712172227323739,RFS,OOD,GSE19783,DeepHS,41
5.6,0.22538860237619884,0.20712172227323739,RFS,OOD,GSE19783,DeepHS,41
5.8,0.22538860237619884,0.20712172227323739,RFS,OOD,GSE19783,DeepHS,41
6.0,0.22538860237619884,0.20712172227323739,RFS,OOD,GSE19783,DeepHS,41
6.2,0.23348628591669723,0.21120293847566568,RFS,OOD,GSE19783,DeepHS,41
6.4,0.23348628591669723,0.21120293847566568,RFS,OOD,GSE19783,DeepHS,41
6.6,0.21059757103352905,0.21120293847566568,RFS,OOD,GSE19783,DeepHS,41
6.8,0.23204719110702093,0.22548719518416488,RFS,OOD,GSE19783,DeepHS,41
7.0,0.2377963023307234,0.22854810733598613,RFS,OOD,GSE19783,DeepHS,41
7.2,0.2377963023307234,0.22854810733598613,RFS,OOD,GSE19783,DeepHS,41
7.4,0.2377963023307234,0.22854810733598613,RFS,OOD,GSE19783,DeepHS,41
7.6,0.24228449234588048,0.2314049586776859,RFS,OOD,GSE19783,DeepHS,41
7.8,0.25163906685763004,0.23650647893072133,RFS,OOD,GSE19783,DeepHS,41
8.0,0.257931527208256,0.23878683014204904,RFS,OOD,GSE19783,DeepHS,41
8.2,0.257931527208256,0.23878683014204904,RFS,OOD,GSE19783,DeepHS,41
8.4,0.25761652142814717,0.23878683014204902,RFS,OOD,GSE19783,DeepHS,41
8.6,0.26558091876372353,0.24096117195592232,RFS,OOD,GSE19783,DeepHS,41
8.8,0.26621036309996005,0.24096117195592232,RFS,OOD,GSE19783,DeepHS,41
9.0,0.28004831309100514,0.2449896157746651,RFS,OOD,GSE19783,DeepHS,41
9.2,0.29100946692518703,0.2467288497101015,RFS,OOD,GSE19783,DeepHS,41
9.4,0.2903016436842249,0.2467288497101016,RFS,OOD,GSE19783,DeepHS,41
1.6,0.04907801715678227,0.0479542903785328,RFS,OOD,GSE19783,DeepHS,42
1.8,0.07600805794013459,0.07427813488419549,RFS,OOD,GSE19783,DeepHS,42
2.0,0.09432424618403909,0.09080706050403022,RFS,OOD,GSE19783,DeepHS,42
2.2,0.09432424618403909,0.09080706050403022,RFS,OOD,GSE19783,DeepHS,42
2.4,0.12013963435299056,0.11406999285787162,RFS,OOD,GSE19783,DeepHS,42
2.6,0.12754934904214899,0.12141618202224264,RFS,OOD,GSE19783,DeepHS,42
2.8,0.1548432189854788,0.1422303846546271,RFS,OOD,GSE19783,DeepHS,42
3.0,0.17310500805691828,0.15508621569227632,RFS,OOD,GSE19783,DeepHS,42
3.2,0.17310500805691828,0.15508621569227632,RFS,OOD,GSE19783,DeepHS,42
3.4,0.150578570828298,0.15508621569227632,RFS,OOD,GSE19783,DeepHS,42
3.6,0.1580920891135677,0.16120803999591873,RFS,OOD,GSE19783,DeepHS,42
3.8,0.1580920891135677,0.16120803999591873,RFS,OOD,GSE19783,DeepHS,42
4.0,0.16528261283913515,0.16712580348943984,RFS,OOD,GSE19783,DeepHS,42
4.2,0.17170873288434432,0.1728395061728395,RFS,OOD,GSE19783,DeepHS,42
4.4,0.18521686609827379,0.1836547291092745,RFS,OOD,GSE19783,DeepHS,42
4.6,0.20529411631883265,0.19834710743801656,RFS,OOD,GSE19783,DeepHS,42
4.8,0.20529411631883265,0.19834710743801656,RFS,OOD,GSE19783,DeepHS,42
5.0,0.2132575786282365,0.20283644526068764,RFS,OOD,GSE19783,DeepHS,42
5.2,0.2132575786282365,0.20283644526068764,RFS,OOD,GSE19783,DeepHS,42
5.4,0.21847573769695097,0.20712172227323739,RFS,OOD,GSE19783,DeepHS,42
5.6,0.21847573769695097,0.20712172227323739,RFS,OOD,GSE19783,DeepHS,42
5.8,0.21847573769695097,0.20712172227323739,RFS,OOD,GSE19783,DeepHS,42
6.0,0.21847573769695097,0.20712172227323739,RFS,OOD,GSE19783,DeepHS,42
6.2,0.22611987203540695,0.21120293847566568,RFS,OOD,GSE19783,DeepHS,42
6.4,0.22611987203540695,0.21120293847566568,RFS,OOD,GSE19783,DeepHS,42
6.6,0.2089355402487397,0.21120293847566568,RFS,OOD,GSE19783,DeepHS,42
6.8,0.22881334489894042,0.22548719518416488,RFS,OOD,GSE19783,DeepHS,42
7.0,0.23182030169298562,0.22854810733598613,RFS,OOD,GSE19783,DeepHS,42
7.2,0.23182030169298562,0.22854810733598613,RFS,OOD,GSE19783,DeepHS,42
7.4,0.23182030169298562,0.22854810733598613,RFS,OOD,GSE19783,DeepHS,42
7.6,0.23689566248242913,0.2314049586776859,RFS,OOD,GSE19783,DeepHS,42
7.8,0.2473556081418739,0.23650647893072133,RFS,OOD,GSE19783,DeepHS,42
8.0,0.2527539253070105,0.23878683014204904,RFS,OOD,GSE19783,DeepHS,42
8.2,0.2527539253070105,0.23878683014204904,RFS,OOD,GSE19783,DeepHS,42
8.4,0.252276037893117,0.23878683014204902,RFS,OOD,GSE19783,DeepHS,42
8.6,0.2592790391454162,0.24096117195592232,RFS,OOD,GSE19783,DeepHS,42
8.8,0.25965715921749566,0.24096117195592232,RFS,OOD,GSE19783,DeepHS,42
9.0,0.27111967615037963,0.2449896157746651,RFS,OOD,GSE19783,DeepHS,42
9.2,0.2806497041241904,0.2467288497101015,RFS,OOD,GSE19783,DeepHS,42
9.4,0.2808243805528924,0.2467288497101016,RFS,OOD,GSE19783,DeepHS,42
1.6,0.0474684832092791,0.0479542903785328,RFS,OOD,GSE19783,DeepHS,43
1.8,0.07348731708252695,0.07427813488419549,RFS,OOD,GSE19783,DeepHS,43
2.0,0.09090670106594635,0.09080706050403022,RFS,OOD,GSE19783,DeepHS,43
2.2,0.09090670106594635,0.09080706050403022,RFS,OOD,GSE19783,DeepHS,43
2.4,0.11691738295040373,0.11406999285787162,RFS,OOD,GSE19783,DeepHS,43
2.6,0.1258421272963288,0.12141618202224264,RFS,OOD,GSE19783,DeepHS,43
2.8,0.1526083444124824,0.1422303846546271,RFS,OOD,GSE19783,DeepHS,43
3.0,0.17012731390977773,0.15508621569227632,RFS,OOD,GSE19783,DeepHS,43
3.2,0.17012731390977773,0.15508621569227632,RFS,OOD,GSE19783,DeepHS,43
3.4,0.15103166674659502,0.15508621569227632,RFS,OOD,GSE19783,DeepHS,43
3.6,0.15817494265293627,0.16120803999591873,RFS,OOD,GSE19783,DeepHS,43
3.8,0.15817494265293627,0.16120803999591873,RFS,OOD,GSE19783,DeepHS,43
4.0,0.16616194699082504,0.16712580348943984,RFS,OOD,GSE19783,DeepHS,43
4.2,0.17226595871913106,0.1728395061728395,RFS,OOD,GSE19783,DeepHS,43
4.4,0.18735297562432804,0.1836547291092745,RFS,OOD,GSE19783,DeepHS,43
4.6,0.20969842220130386,0.19834710743801656,RFS,OOD,GSE19783,DeepHS,43
4.8,0.20969842220130386,0.19834710743801656,RFS,OOD,GSE19783,DeepHS,43
5.0,0.21811203685006503,0.20283644526068764,RFS,OOD,GSE19783,DeepHS,43
5.2,0.21811203685006503,0.20283644526068764,RFS,OOD,GSE19783,DeepHS,43
5.4,0.22333162402198564,0.20712172227323739,RFS,OOD,GSE19783,DeepHS,43
5.6,0.22333162402198564,0.20712172227323739,RFS,OOD,GSE19783,DeepHS,43
5.8,0.22333162402198564,0.20712172227323739,RFS,OOD,GSE19783,DeepHS,43
6.0,0.22333162402198564,0.20712172227323739,RFS,OOD,GSE19783,DeepHS,43
6.2,0.23077953264503562,0.21120293847566568,RFS,OOD,GSE19783,DeepHS,43
6.4,0.23077953264503562,0.21120293847566568,RFS,OOD,GSE19783,DeepHS,43
6.6,0.2095709301367944,0.21120293847566568,RFS,OOD,GSE19783,DeepHS,43
6.8,0.22938715777033808,0.22548719518416488,RFS,OOD,GSE19783,DeepHS,43
7.0,0.23188953535747348,0.22854810733598613,RFS,OOD,GSE19783,DeepHS,43
7.2,0.23188953535747348,0.22854810733598613,RFS,OOD,GSE19783,DeepHS,43
7.4,0.23188953535747348,0.22854810733598613,RFS,OOD,GSE19783,DeepHS,43
7.6,0.23807918029624103,0.2314049586776859,RFS,OOD,GSE19783,DeepHS,43
7.8,0.24837142256797262,0.23650647893072133,RFS,OOD,GSE19783,DeepHS,43
8.0,0.25314064659528573,0.23878683014204904,RFS,OOD,GSE19783,DeepHS,43
8.2,0.25314064659528573,0.23878683014204904,RFS,OOD,GSE19783,DeepHS,43
8.4,0.25378017454396556,0.23878683014204902,RFS,OOD,GSE19783,DeepHS,43
8.6,0.2595829398751958,0.24096117195592232,RFS,OOD,GSE19783,DeepHS,43
8.8,0.2602565754581599,0.24096117195592232,RFS,OOD,GSE19783,DeepHS,43
9.0,0.26914403603739273,0.2449896157746651,RFS,OOD,GSE19783,DeepHS,43
9.2,0.27740738417490246,0.2467288497101015,RFS,OOD,GSE19783,DeepHS,43
9.4,0.2768635096999519,0.2467288497101016,RFS,OOD,GSE19783,DeepHS,43
1.6,0.04889527423968411,0.0479542903785328,RFS,OOD,GSE19783,DeepHS,44
1.8,0.07478764511873215,0.07427813488419549,RFS,OOD,GSE19783,DeepHS,44
2.0,0.09146282718190231,0.09080706050403022,RFS,OOD,GSE19783,DeepHS,44
2.2,0.09146282718190231,0.09080706050403022,RFS,OOD,GSE19783,DeepHS,44
2.4,0.11734108560768233,0.11406999285787162,RFS,OOD,GSE19783,DeepHS,44
2.6,0.12539618253258936,0.12141618202224264,RFS,OOD,GSE19783,DeepHS,44
2.8,0.15186404167554787,0.1422303846546271,RFS,OOD,GSE19783,DeepHS,44
3.0,0.16805687164570537,0.15508621569227632,RFS,OOD,GSE19783,DeepHS,44
3.2,0.14986016369616656,0.15508621569227632,RFS,OOD,GSE19783,DeepHS,44
3.4,0.14986016369616656,0.15508621569227632,RFS,OOD,GSE19783,DeepHS,44
3.6,0.15697658620486868,0.16120803999591873,RFS,OOD,GSE19783,DeepHS,44
3.8,0.15697658620486868,0.16120803999591873,RFS,OOD,GSE19783,DeepHS,44
4.0,0.16527759744450812,0.16712580348943984,RFS,OOD,GSE19783,DeepHS,44
4.2,0.17116957799140162,0.1728395061728395,RFS,OOD,GSE19783,DeepHS,44
4.4,0.18558497457580644,0.1836547291092745,RFS,OOD,GSE19783,DeepHS,44
4.6,0.20616090374550947,0.19834710743801656,RFS,OOD,GSE19783,DeepHS,44
4.8,0.20616090374550947,0.19834710743801656,RFS,OOD,GSE19783,DeepHS,44
5.0,0.21448430947370511,0.20283644526068764,RFS,OOD,GSE19783,DeepHS,44
5.2,0.21448430947370511,0.20283644526068764,RFS,OOD,GSE19783,DeepHS,44
5.4,0.2197832563167079,0.20712172227323739,RFS,OOD,GSE19783,DeepHS,44
5.6,0.2197832563167079,0.20712172227323739,RFS,OOD,GSE19783,DeepHS,44
5.8,0.2197832563167079,0.20712172227323739,RFS,OOD,GSE19783,DeepHS,44
6.0,0.2197832563167079,0.20712172227323739,RFS,OOD,GSE19783,DeepHS,44
6.2,0.22772412786367477,0.21120293847566568,RFS,OOD,GSE19783,DeepHS,44
6.4,0.2068608061340746,0.21120293847566568,RFS,OOD,GSE19783,DeepHS,44
6.6,0.2068608061340746,0.21120293847566568,RFS,OOD,GSE19783,DeepHS,44
6.8,0.2293401331721556,0.22548719518416488,RFS,OOD,GSE19783,DeepHS,44
7.0,0.2328875078204328,0.22854810733598613,RFS,OOD,GSE19783,DeepHS,44
7.2,0.2328875078204328,0.22854810733598613,RFS,OOD,GSE19783,DeepHS,44
7.4,0.2328875078204328,0.22854810733598613,RFS,OOD,GSE19783,DeepHS,44
7.6,0.23804119392964812,0.2314049586776859,RFS,OOD,GSE19783,DeepHS,44
7.8,0.2483641885856811,0.23650647893072133,RFS,OOD,GSE19783,DeepHS,44
8.0,0.2543461785372797,0.23878683014204904,RFS,OOD,GSE19783,DeepHS,44
8.2,0.2543461785372797,0.23878683014204904,RFS,OOD,GSE19783,DeepHS,44
8.4,0.25354761566470396,0.23878683014204902,RFS,OOD,GSE19783,DeepHS,44
8.6,0.26031572638898276,0.24096117195592232,RFS,OOD,GSE19783,DeepHS,44
8.8,0.2608971443260488,0.24096117195592232,RFS,OOD,GSE19783,DeepHS,44
9.0,0.273053828162102,0.2449896157746651,RFS,OOD,GSE19783,DeepHS,44
9.2,0.28404531549447726,0.2467288497101015,RFS,OOD,GSE19783,DeepHS,44
9.4,0.2512825423031245,0.2467288497101016,RFS,OOD,GSE19783,DeepHS,44
1.6,0.047305361989489564,0.0479542903785328,RFS,OOD,GSE19783,DeepSurv,40
1.8,0.07403069355865989,0.07427813488419549,RFS,OOD,GSE19783,DeepSurv,40
2.0,0.09166632719290205,0.09080706050403022,RFS,OOD,GSE19783,DeepSurv,40
2.2,0.09059025235749733,0.09080706050403022,RFS,OOD,GSE19783,DeepSurv,40
2.4,0.11428913201913955,0.11406999285787162,RFS,OOD,GSE19783,DeepSurv,40
2.6,0.11948284035099718,0.12141618202224264,RFS,OOD,GSE19783,DeepSurv,40
2.8,0.141565167358749,0.1422303846546271,RFS,OOD,GSE19783,DeepSurv,40
3.0,0.15529151335151706,0.15508621569227632,RFS,OOD,GSE19783,DeepSurv,40
3.2,0.15341944712716096,0.15508621569227632,RFS,OOD,GSE19783,DeepSurv,40
3.4,0.15260585183860856,0.15508621569227632,RFS,OOD,GSE19783,DeepSurv,40
3.6,0.15991709561705944,0.16120803999591873,RFS,OOD,GSE19783,DeepSurv,40
3.8,0.15984878892383433,0.16120803999591873,RFS,OOD,GSE19783,DeepSurv,40
4.0,0.1656949929056473,0.16712580348943984,RFS,OOD,GSE19783,DeepSurv,40
4.2,0.17237873183973387,0.1728395061728395,RFS,OOD,GSE19783,DeepSurv,40
4.4,0.18377937677511905,0.1836547291092745,RFS,OOD,GSE19783,DeepSurv,40
4.6,0.20009418344948535,0.19834710743801656,RFS,OOD,GSE19783,DeepSurv,40
4.8,0.1997215393500085,0.19834710743801656,RFS,OOD,GSE19783,DeepSurv,40
5.0,0.20430985119214506,0.20283644526068764,RFS,OOD,GSE19783,DeepSurv,40
5.2,0.20405846833843005,0.20283644526068764,RFS,OOD,GSE19783,DeepSurv,40
5.4,0.20473277804545606,0.20712172227323739,RFS,OOD,GSE19783,DeepSurv,40
5.6,0.2045504316464921,0.20712172227323739,RFS,OOD,GSE19783,DeepSurv,40
5.8,0.20441960213770602,0.20712172227323739,RFS,OOD,GSE19783,DeepSurv,40
6.0,0.20437315413988258,0.20712172227323739,RFS,OOD,GSE19783,DeepSurv,40
6.2,0.20432440117758766,0.21120293847566568,RFS,OOD,GSE19783,DeepSurv,40
6.4,0.20414745392322137,0.21120293847566568,RFS,OOD,GSE19783,DeepSurv,40
6.6,0.20411578667253216,0.21120293847566568,RFS,OOD,GSE19783,DeepSurv,40
6.8,0.2090349766000039,0.22548719518416488,RFS,OOD,GSE19783,DeepSurv,40
7.0,0.2110185266819665,0.22854810733598613,RFS,OOD,GSE19783,DeepSurv,40
7.2,0.20959259169954583,0.22854810733598613,RFS,OOD,GSE19783,DeepSurv,40
7.4,0.209229347301468,0.22854810733598613,RFS,OOD,GSE19783,DeepSurv,40
7.6,0.21529781312403815,0.2314049586776859,RFS,OOD,GSE19783,DeepSurv,40
7.8,0.22365937634517372,0.23650647893072133,RFS,OOD,GSE19783,DeepSurv,40
8.0,0.227813385661075,0.23878683014204904,RFS,OOD,GSE19783,DeepSurv,40
8.2,0.22761559758600897,0.23878683014204904,RFS,OOD,GSE19783,DeepSurv,40
8.4,0.22488694582015561,0.23878683014204902,RFS,OOD,GSE19783,DeepSurv,40
8.6,0.23106286492611677,0.24096117195592232,RFS,OOD,GSE19783,DeepSurv,40
8.8,0.23360580580996193,0.24096117195592232,RFS,OOD,GSE19783,DeepSurv,40
9.0,0.23797228723734204,0.2449896157746651,RFS,OOD,GSE19783,DeepSurv,40
9.2,0.25187260805313205,0.2467288497101015,RFS,OOD,GSE19783,DeepSurv,40
9.4,0.25281321033349147,0.2467288497101016,RFS,OOD,GSE19783,DeepSurv,40
1.6,0.04888002528727189,0.0479542903785328,RFS,OOD,GSE19783,DeepSurv,41
1.8,0.07538670451859913,0.07427813488419549,RFS,OOD,GSE19783,DeepSurv,41
2.0,0.0947272222984718,0.09080706050403022,RFS,OOD,GSE19783,DeepSurv,41
2.2,0.09501918390077517,0.09080706050403022,RFS,OOD,GSE19783,DeepSurv,41
2.4,0.12032905046740133,0.11406999285787162,RFS,OOD,GSE19783,DeepSurv,41
2.6,0.12529478371366515,0.12141618202224264,RFS,OOD,GSE19783,DeepSurv,41
2.8,0.1488031907914337,0.1422303846546271,RFS,OOD,GSE19783,DeepSurv,41
3.0,0.1645730387676038,0.15508621569227632,RFS,OOD,GSE19783,DeepSurv,41
3.2,0.1635535573132583,0.15508621569227632,RFS,OOD,GSE19783,DeepSurv,41
3.4,0.16269024573989152,0.15508621569227632,RFS,OOD,GSE19783,DeepSurv,41
3.6,0.16975867636563163,0.16120803999591873,RFS,OOD,GSE19783,DeepSurv,41
3.8,0.16970682321068398,0.16120803999591873,RFS,OOD,GSE19783,DeepSurv,41
4.0,0.17598990313557403,0.16712580348943984,RFS,OOD,GSE19783,DeepSurv,41
4.2,0.18356382576381514,0.1728395061728395,RFS,OOD,GSE19783,DeepSurv,41
4.4,0.19013290402422647,0.1836547291092745,RFS,OOD,GSE19783,DeepSurv,41
4.6,0.20019630345956577,0.19834710743801656,RFS,OOD,GSE19783,DeepSurv,41
4.8,0.19961217118118413,0.19834710743801656,RFS,OOD,GSE19783,DeepSurv,41
5.0,0.20555351484105627,0.20283644526068764,RFS,OOD,GSE19783,DeepSurv,41
5.2,0.20543569993854968,0.20283644526068764,RFS,OOD,GSE19783,DeepSurv,41
5.4,0.20604079367818873,0.20712172227323739,RFS,OOD,GSE19783,DeepSurv,41
5.6,0.20587161174751534,0.20712172227323739,RFS,OOD,GSE19783,DeepSurv,41
5.8,0.20586513709227328,0.20712172227323739,RFS,OOD,GSE19783,DeepSurv,41
6.0,0.2060835891517694,0.20712172227323739,RFS,OOD,GSE19783,DeepSurv,41
6.2,0.2154446256030529,0.21120293847566568,RFS,OOD,GSE19783,DeepSurv,41
6.4,0.21564110524426408,0.21120293847566568,RFS,OOD,GSE19783,DeepSurv,41
6.6,0.2158876733400029,0.21120293847566568,RFS,OOD,GSE19783,DeepSurv,41
6.8,0.2258697507883557,0.22548719518416488,RFS,OOD,GSE19783,DeepSurv,41
7.0,0.2250825770835002,0.22854810733598613,RFS,OOD,GSE19783,DeepSurv,41
7.2,0.22508961455597656,0.22854810733598613,RFS,OOD,GSE19783,DeepSurv,41
7.4,0.22523845532253894,0.22854810733598613,RFS,OOD,GSE19783,DeepSurv,41
7.6,0.22730038975244132,0.2314049586776859,RFS,OOD,GSE19783,DeepSurv,41
7.8,0.2325129467727831,0.23650647893072133,RFS,OOD,GSE19783,DeepSurv,41
8.0,0.23754666364263866,0.23878683014204904,RFS,OOD,GSE19783,DeepSurv,41
8.2,0.2375227696783604,0.23878683014204904,RFS,OOD,GSE19783,DeepSurv,41
8.4,0.2351074109371248,0.23878683014204902,RFS,OOD,GSE19783,DeepSurv,41
8.6,0.24733377643116414,0.24096117195592232,RFS,OOD,GSE19783,DeepSurv,41
8.8,0.2475486627398715,0.24096117195592232,RFS,OOD,GSE19783,DeepSurv,41
9.0,0.24420589932916387,0.2449896157746651,RFS,OOD,GSE19783,DeepSurv,41
9.2,0.26869970942047433,0.2467288497101015,RFS,OOD,GSE19783,DeepSurv,41
9.4,0.26948336145037016,0.2467288497101016,RFS,OOD,GSE19783,DeepSurv,41
1.6,0.047753168754740886,0.0479542903785328,RFS,OOD,GSE19783,DeepSurv,42
1.8,0.0731242580915427,0.07427813488419549,RFS,OOD,GSE19783,DeepSurv,42
2.0,0.09017545981831909,0.09080706050403022,RFS,OOD,GSE19783,DeepSurv,42
2.2,0.08959708522700201,0.09080706050403022,RFS,OOD,GSE19783,DeepSurv,42
2.4,0.11410901662479084,0.11406999285787162,RFS,OOD,GSE19783,DeepSurv,42
2.6,0.12134872863820291,0.12141618202224264,RFS,OOD,GSE19783,DeepSurv,42
2.8,0.14411532464449658,0.1422303846546271,RFS,OOD,GSE19783,DeepSurv,42
3.0,0.1579248352153266,0.15508621569227632,RFS,OOD,GSE19783,DeepSurv,42
3.2,0.15679710769319144,0.15508621569227632,RFS,OOD,GSE19783,DeepSurv,42
3.4,0.1554371751771588,0.15508621569227632,RFS,OOD,GSE19783,DeepSurv,42
3.6,0.16231893347097945,0.16120803999591873,RFS,OOD,GSE19783,DeepSurv,42
3.8,0.16209339629050712,0.16120803999591873,RFS,OOD,GSE19783,DeepSurv,42
4.0,0.16847095711985477,0.16712580348943984,RFS,OOD,GSE19783,DeepSurv,42
4.2,0.1692592653791575,0.1728395061728395,RFS,OOD,GSE19783,DeepSurv,42
4.4,0.17944695258156576,0.1836547291092745,RFS,OOD,GSE19783,DeepSurv,42
4.6,0.19344970944528928,0.19834710743801656,RFS,OOD,GSE19783,DeepSurv,42
4.8,0.19237692952268431,0.19834710743801656,RFS,OOD,GSE19783,DeepSurv,42
5.0,0.19712203072257736,0.20283644526068764,RFS,OOD,GSE19783,DeepSurv,42
5.2,0.19655144370349423,0.20283644526068764,RFS,OOD,GSE19783,DeepSurv,42
5.4,0.19699220312858348,0.20712172227323739,RFS,OOD,GSE19783,DeepSurv,42
5.6,0.19656309500475763,0.20712172227323739,RFS,OOD,GSE19783,DeepSurv,42
5.8,0.19618221762456575,0.20712172227323739,RFS,OOD,GSE19783,DeepSurv,42
6.0,0.1955758583097747,0.20712172227323739,RFS,OOD,GSE19783,DeepSurv,42
6.2,0.20247003014978737,0.21120293847566568,RFS,OOD,GSE19783,DeepSurv,42
6.4,0.20217104549085765,0.21120293847566568,RFS,OOD,GSE19783,DeepSurv,42
6.6,0.20173122680513134,0.21120293847566568,RFS,OOD,GSE19783,DeepSurv,42
6.8,0.2167877846557242,0.22548719518416488,RFS,OOD,GSE19783,DeepSurv,42
7.0,0.21352323140544005,0.22854810733598613,RFS,OOD,GSE19783,DeepSurv,42
7.2,0.21208613678602709,0.22854810733598613,RFS,OOD,GSE19783,DeepSurv,42
7.4,0.2108319304246887,0.22854810733598613,RFS,OOD,GSE19783,DeepSurv,42
7.6,0.21542849145761217,0.2314049586776859,RFS,OOD,GSE19783,DeepSurv,42
7.8,0.22403456699328012,0.23650647893072133,RFS,OOD,GSE19783,DeepSurv,42
8.0,0.22887994233079229,0.23878683014204904,RFS,OOD,GSE19783,DeepSurv,42
8.2,0.22853941835385172,0.23878683014204904,RFS,OOD,GSE19783,DeepSurv,42
8.4,0.2282288156191203,0.23878683014204902,RFS,OOD,GSE19783,DeepSurv,42
8.6,0.23664804826640096,0.24096117195592232,RFS,OOD,GSE19783,DeepSurv,42
8.8,0.23955524282760374,0.24096117195592232,RFS,OOD,GSE19783,DeepSurv,42
9.0,0.23764174488215187,0.2449896157746651,RFS,OOD,GSE19783,DeepSurv,42
9.2,0.2624994222984609,0.2467288497101015,RFS,OOD,GSE19783,DeepSurv,42
9.4,0.2642821372053598,0.2467288497101016,RFS,OOD,GSE19783,DeepSurv,42
1.6,0.0486300575936438,0.0479542903785328,RFS,OOD,GSE19783,DeepSurv,43
1.8,0.07305662630220651,0.07427813488419549,RFS,OOD,GSE19783,DeepSurv,43
2.0,0.09022042159428253,0.09080706050403022,RFS,OOD,GSE19783,DeepSurv,43
2.2,0.08950280566051115,0.09080706050403022,RFS,OOD,GSE19783,DeepSurv,43
2.4,0.11227475893316287,0.11406999285787162,RFS,OOD,GSE19783,DeepSurv,43
2.6,0.11809435387240613,0.12141618202224264,RFS,OOD,GSE19783,DeepSurv,43
2.8,0.14161434987929664,0.1422303846546271,RFS,OOD,GSE19783,DeepSurv,43
3.0,0.15359157495135034,0.15508621569227632,RFS,OOD,GSE19783,DeepSurv,43
3.2,0.1516370575628149,0.15508621569227632,RFS,OOD,GSE19783,DeepSurv,43
3.4,0.14981662487618877,0.15508621569227632,RFS,OOD,GSE19783,DeepSurv,43
3.6,0.15622306396083277,0.16120803999591873,RFS,OOD,GSE19783,DeepSurv,43
3.8,0.1558203333490622,0.16120803999591873,RFS,OOD,GSE19783,DeepSurv,43
4.0,0.16388469993075716,0.16712580348943984,RFS,OOD,GSE19783,DeepSurv,43
4.2,0.17172351058262125,0.1728395061728395,RFS,OOD,GSE19783,DeepSurv,43
4.4,0.18586418812438327,0.1836547291092745,RFS,OOD,GSE19783,DeepSurv,43
4.6,0.20139622439213684,0.19834710743801656,RFS,OOD,GSE19783,DeepSurv,43
4.8,0.20150572345327655,0.19834710743801656,RFS,OOD,GSE19783,DeepSurv,43
5.0,0.20526828531880378,0.20283644526068764,RFS,OOD,GSE19783,DeepSurv,43
5.2,0.20526692028792504,0.20283644526068764,RFS,OOD,GSE19783,DeepSurv,43
5.4,0.20143134174549301,0.20712172227323739,RFS,OOD,GSE19783,DeepSurv,43
5.6,0.20146533998445323,0.20712172227323739,RFS,OOD,GSE19783,DeepSurv,43
5.8,0.20149980951919438,0.20712172227323739,RFS,OOD,GSE19783,DeepSurv,43
6.0,0.20167333411076774,0.20712172227323739,RFS,OOD,GSE19783,DeepSurv,43
6.2,0.21070249925831577,0.21120293847566568,RFS,OOD,GSE19783,DeepSurv,43
6.4,0.21097701200863225,0.21120293847566568,RFS,OOD,GSE19783,DeepSurv,43
6.6,0.2113543709905618,0.21120293847566568,RFS,OOD,GSE19783,DeepSurv,43
6.8,0.2178557566947195,0.22548719518416488,RFS,OOD,GSE19783,DeepSurv,43
7.0,0.21150897860102558,0.22854810733598613,RFS,OOD,GSE19783,DeepSurv,43
7.2,0.21109370368179795,0.22854810733598613,RFS,OOD,GSE19783,DeepSurv,43
7.4,0.21105227170571708,0.22854810733598613,RFS,OOD,GSE19783,DeepSurv,43
7.6,0.21645052586186916,0.2314049586776859,RFS,OOD,GSE19783,DeepSurv,43
7.8,0.22687688514110552,0.23650647893072133,RFS,OOD,GSE19783,DeepSurv,43
8.0,0.23173697976379878,0.23878683014204904,RFS,OOD,GSE19783,DeepSurv,43
8.2,0.23171577197717738,0.23878683014204904,RFS,OOD,GSE19783,DeepSurv,43
8.4,0.22464103842136382,0.23878683014204902,RFS,OOD,GSE19783,DeepSurv,43
8.6,0.23614430044767826,0.24096117195592232,RFS,OOD,GSE19783,DeepSurv,43
8.8,0.2377921366712198,0.24096117195592232,RFS,OOD,GSE19783,DeepSurv,43
9.0,0.22630343739329073,0.2449896157746651,RFS,OOD,GSE19783,DeepSurv,43
9.2,0.24666273960275711,0.2467288497101015,RFS,OOD,GSE19783,DeepSurv,43
9.4,0.24418395350831865,0.2467288497101016,RFS,OOD,GSE19783,DeepSurv,43
1.6,0.0485216069404711,0.0479542903785328,RFS,OOD,GSE19783,DeepSurv,44
1.8,0.07493885591094925,0.07427813488419549,RFS,OOD,GSE19783,DeepSurv,44
2.0,0.09187487765231742,0.09080706050403022,RFS,OOD,GSE19783,DeepSurv,44
2.2,0.09082998226188377,0.09080706050403022,RFS,OOD,GSE19783,DeepSurv,44
2.4,0.11609061345997719,0.11406999285787162,RFS,OOD,GSE19783,DeepSurv,44
2.6,0.12194444574637514,0.12141618202224264,RFS,OOD,GSE19783,DeepSurv,44
2.8,0.14522738087596415,0.1422303846546271,RFS,OOD,GSE19783,DeepSurv,44
3.0,0.15434789487953757,0.15508621569227632,RFS,OOD,GSE19783,DeepSurv,44
3.2,0.15134797602067965,0.15508621569227632,RFS,OOD,GSE19783,DeepSurv,44
3.4,0.150695282589814,0.15508621569227632,RFS,OOD,GSE19783,DeepSurv,44
3.6,0.1555357238077072,0.16120803999591873,RFS,OOD,GSE19783,DeepSurv,44
3.8,0.15510846053740052,0.16120803999591873,RFS,OOD,GSE19783,DeepSurv,44
4.0,0.16306928445103477,0.16712580348943984,RFS,OOD,GSE19783,DeepSurv,44
4.2,0.16843244943766283,0.1728395061728395,RFS,OOD,GSE19783,DeepSurv,44
4.4,0.1800524624105876,0.1836547291092745,RFS,OOD,GSE19783,DeepSurv,44
4.6,0.1939298754214287,0.19834710743801656,RFS,OOD,GSE19783,DeepSurv,44
4.8,0.19314411255151084,0.19834710743801656,RFS,OOD,GSE19783,DeepSurv,44
5.0,0.20124293422365552,0.20283644526068764,RFS,OOD,GSE19783,DeepSurv,44
5.2,0.2005316441620433,0.20283644526068764,RFS,OOD,GSE19783,DeepSurv,44
5.4,0.20174371047085757,0.20712172227323739,RFS,OOD,GSE19783,DeepSurv,44
5.6,0.20125386831529385,0.20712172227323739,RFS,OOD,GSE19783,DeepSurv,44
5.8,0.20041377431385324,0.20712172227323739,RFS,OOD,GSE19783,DeepSurv,44
6.0,0.19990397349883055,0.20712172227323739,RFS,OOD,GSE19783,DeepSurv,44
6.2,0.20487028754076947,0.21120293847566568,RFS,OOD,GSE19783,DeepSurv,44
6.4,0.20412347194486552,0.21120293847566568,RFS,OOD,GSE19783,DeepSurv,44
6.6,0.20365944857122598,0.21120293847566568,RFS,OOD,GSE19783,DeepSurv,44
6.8,0.2219083147346018,0.22548719518416488,RFS,OOD,GSE19783,DeepSurv,44
7.0,0.21973093786106887,0.22854810733598613,RFS,OOD,GSE19783,DeepSurv,44
7.2,0.21813119737490783,0.22854810733598613,RFS,OOD,GSE19783,DeepSurv,44
7.4,0.21747294200957454,0.22854810733598613,RFS,OOD,GSE19783,DeepSurv,44
7.6,0.22282246377598794,0.2314049586776859,RFS,OOD,GSE19783,DeepSurv,44
7.8,0.23497131983635888,0.23650647893072133,RFS,OOD,GSE19783,DeepSurv,44
8.0,0.2410757984253412,0.23878683014204904,RFS,OOD,GSE19783,DeepSurv,44
8.2,0.2401986740653656,0.23878683014204904,RFS,OOD,GSE19783,DeepSurv,44
8.4,0.24026198719721864,0.23878683014204902,RFS,OOD,GSE19783,DeepSurv,44
8.6,0.24592945001605435,0.24096117195592232,RFS,OOD,GSE19783,DeepSurv,44
8.8,0.24867699453158937,0.24096117195592232,RFS,OOD,GSE19783,DeepSurv,44
9.0,0.2520901669741781,0.2449896157746651,RFS,OOD,GSE19783,DeepSurv,44
9.2,0.27174378077979106,0.2467288497101015,RFS,OOD,GSE19783,DeepSurv,44
9.4,0.2755301883381221,0.2467288497101016,RFS,OOD,GSE19783,DeepSurv,44
1.6,0.04827658511552002,0.0479542903785328,RFS,OOD,GSE19783,ENCox,40
1.8,0.07604513933908157,0.07427813488419549,RFS,OOD,GSE19783,ENCox,40
2.0,0.09463033712643092,0.09080706050403022,RFS,OOD,GSE19783,ENCox,40
2.2,0.09414168125839703,0.09080706050403022,RFS,OOD,GSE19783,ENCox,40
2.4,0.11670395015077273,0.11406999285787162,RFS,OOD,GSE19783,ENCox,40
2.6,0.12215403068651402,0.12141618202224264,RFS,OOD,GSE19783,ENCox,40
2.8,0.14784124713808025,0.1422303846546271,RFS,OOD,GSE19783,ENCox,40
3.0,0.16436790375229832,0.15508621569227632,RFS,OOD,GSE19783,ENCox,40
3.2,0.16371261975093204,0.15508621569227632,RFS,OOD,GSE19783,ENCox,40
3.4,0.16372454428844996,0.15508621569227632,RFS,OOD,GSE19783,ENCox,40
3.6,0.1691749801504884,0.16120803999591873,RFS,OOD,GSE19783,ENCox,40
3.8,0.169565771200497,0.16120803999591873,RFS,OOD,GSE19783,ENCox,40
4.0,0.1783863464155002,0.16712580348943984,RFS,OOD,GSE19783,ENCox,40
4.2,0.1848442949207357,0.1728395061728395,RFS,OOD,GSE19783,ENCox,40
4.4,0.2027285995048252,0.1836547291092745,RFS,OOD,GSE19783,ENCox,40
4.6,0.22517105977233484,0.19834710743801656,RFS,OOD,GSE19783,ENCox,40
4.8,0.22564546605387223,0.19834710743801656,RFS,OOD,GSE19783,ENCox,40
5.0,0.23080010595502176,0.20283644526068764,RFS,OOD,GSE19783,ENCox,40
5.2,0.23110804445299973,0.20283644526068764,RFS,OOD,GSE19783,ENCox,40
5.4,0.22400602101027947,0.20712172227323739,RFS,OOD,GSE19783,ENCox,40
5.6,0.22445089814761404,0.20712172227323739,RFS,OOD,GSE19783,ENCox,40
5.8,0.2249569989793032,0.20712172227323739,RFS,OOD,GSE19783,ENCox,40
6.0,0.2252338804058892,0.20712172227323739,RFS,OOD,GSE19783,ENCox,40
6.2,0.23150048765460068,0.21120293847566568,RFS,OOD,GSE19783,ENCox,40
6.4,0.2324131960649119,0.21120293847566568,RFS,OOD,GSE19783,ENCox,40
6.6,0.2327511308981446,0.21120293847566568,RFS,OOD,GSE19783,ENCox,40
6.8,0.24409007524799436,0.22548719518416488,RFS,OOD,GSE19783,ENCox,40
7.0,0.24166217800686493,0.22854810733598613,RFS,OOD,GSE19783,ENCox,40
7.2,0.24244009043445067,0.22854810733598613,RFS,OOD,GSE19783,ENCox,40
7.4,0.24283459356742804,0.22854810733598613,RFS,OOD,GSE19783,ENCox,40
7.6,0.24876195727604325,0.2314049586776859,RFS,OOD,GSE19783,ENCox,40
7.8,0.25593285413457145,0.23650647893072133,RFS,OOD,GSE19783,ENCox,40
8.0,0.26105512916143087,0.23878683014204904,RFS,OOD,GSE19783,ENCox,40
8.2,0.26116617421909954,0.23878683014204904,RFS,OOD,GSE19783,ENCox,40
8.4,0.2570947711461745,0.23878683014204902,RFS,OOD,GSE19783,ENCox,40
8.6,0.2696441352585468,0.24096117195592232,RFS,OOD,GSE19783,ENCox,40
8.8,0.26842230453834487,0.24096117195592232,RFS,OOD,GSE19783,ENCox,40
9.0,0.26995563167293934,0.2449896157746651,RFS,OOD,GSE19783,ENCox,40
9.2,0.2839920661908892,0.2467288497101015,RFS,OOD,GSE19783,ENCox,40
9.4,0.27214395746994846,0.2467288497101016,RFS,OOD,GSE19783,ENCox,40
1.6,0.04715967549303468,0.0479542903785328,RFS,OOD,GSE19783,ENCox,41
1.8,0.07333208322732905,0.07427813488419549,RFS,OOD,GSE19783,ENCox,41
2.0,0.08959729112569555,0.09080706050403022,RFS,OOD,GSE19783,ENCox,41
2.2,0.08921447472354513,0.09080706050403022,RFS,OOD,GSE19783,ENCox,41
2.4,0.11275299273474919,0.11406999285787162,RFS,OOD,GSE19783,ENCox,41
2.6,0.11906947696503029,0.12141618202224264,RFS,OOD,GSE19783,ENCox,41
2.8,0.14128259071990454,0.1422303846546271,RFS,OOD,GSE19783,ENCox,41
3.0,0.1567292459116861,0.15508621569227632,RFS,OOD,GSE19783,ENCox,41
3.2,0.15473417083655724,0.15508621569227632,RFS,OOD,GSE19783,ENCox,41
3.4,0.1526666435894273,0.15508621569227632,RFS,OOD,GSE19783,ENCox,41
3.6,0.15826735491123206,0.16120803999591873,RFS,OOD,GSE19783,ENCox,41
3.8,0.1567213177863925,0.16120803999591873,RFS,OOD,GSE19783,ENCox,41
4.0,0.16345526050115333,0.16712580348943984,RFS,OOD,GSE19783,ENCox,41
4.2,0.16591757965802295,0.1728395061728395,RFS,OOD,GSE19783,ENCox,41
4.4,0.1761622174120109,0.1836547291092745,RFS,OOD,GSE19783,ENCox,41
4.6,0.19289052531626694,0.19834710743801656,RFS,OOD,GSE19783,ENCox,41
4.8,0.19146081962493453,0.19834710743801656,RFS,OOD,GSE19783,ENCox,41
5.0,0.19521033226382187,0.20283644526068764,RFS,OOD,GSE19783,ENCox,41
5.2,0.19477438735840108,0.20283644526068764,RFS,OOD,GSE19783,ENCox,41
5.4,0.19745512355701197,0.20712172227323739,RFS,OOD,GSE19783,ENCox,41
5.6,0.19669484513278385,0.20712172227323739,RFS,OOD,GSE19783,ENCox,41
5.8,0.19623739890906777,0.20712172227323739,RFS,OOD,GSE19783,ENCox,41
6.0,0.1956960096489364,0.20712172227323739,RFS,OOD,GSE19783,ENCox,41
6.2,0.20230972136803635,0.21120293847566568,RFS,OOD,GSE19783,ENCox,41
6.4,0.20215441454521688,0.21120293847566568,RFS,OOD,GSE19783,ENCox,41
6.6,0.2020431394190574,0.21120293847566568,RFS,OOD,GSE19783,ENCox,41
6.8,0.21227844013270392,0.22548719518416488,RFS,OOD,GSE19783,ENCox,41
7.0,0.21539820334190196,0.22854810733598613,RFS,OOD,GSE19783,ENCox,41
7.2,0.21469622579398712,0.22854810733598613,RFS,OOD,GSE19783,ENCox,41
7.4,0.2144194609870548,0.22854810733598613,RFS,OOD,GSE19783,ENCox,41
7.6,0.21514870267250738,0.2314049586776859,RFS,OOD,GSE19783,ENCox,41
7.8,0.2208806863091726,0.23650647893072133,RFS,OOD,GSE19783,ENCox,41
8.0,0.22409110687092462,0.23878683014204904,RFS,OOD,GSE19783,ENCox,41
8.2,0.22393748602445723,0.23878683014204904,RFS,OOD,GSE19783,ENCox,41
8.4,0.22372976850083695,0.23878683014204902,RFS,OOD,GSE19783,ENCox,41
8.6,0.2296438832569455,0.24096117195592232,RFS,OOD,GSE19783,ENCox,41
8.8,0.23090919517074227,0.24096117195592232,RFS,OOD,GSE19783,ENCox,41
9.0,0.23475589061142152,0.2449896157746651,RFS,OOD,GSE19783,ENCox,41
9.2,0.24501912388879013,0.2467288497101015,RFS,OOD,GSE19783,ENCox,41
9.4,0.2429962170917819,0.2467288497101016,RFS,OOD,GSE19783,ENCox,41
1.6,0.04773698816898071,0.0479542903785328,RFS,OOD,GSE19783,ENCox,42
1.8,0.07427582661087034,0.07427813488419549,RFS,OOD,GSE19783,ENCox,42
2.0,0.09093340685222302,0.09080706050403022,RFS,OOD,GSE19783,ENCox,42
2.2,0.09024533964324671,0.09080706050403022,RFS,OOD,GSE19783,ENCox,42
2.4,0.11484690586419734,0.11406999285787162,RFS,OOD,GSE19783,ENCox,42
2.6,0.12136308878760371,0.12141618202224264,RFS,OOD,GSE19783,ENCox,42
2.8,0.14421170863053187,0.1422303846546271,RFS,OOD,GSE19783,ENCox,42
3.0,0.15678770198435463,0.15508621569227632,RFS,OOD,GSE19783,ENCox,42
3.2,0.15526967886928922,0.15508621569227632,RFS,OOD,GSE19783,ENCox,42
3.4,0.15327338172063895,0.15508621569227632,RFS,OOD,GSE19783,ENCox,42
3.6,0.15880048920935994,0.16120803999591873,RFS,OOD,GSE19783,ENCox,42
3.8,0.15829040584232806,0.16120803999591873,RFS,OOD,GSE19783,ENCox,42
4.0,0.1645308426557772,0.16712580348943984,RFS,OOD,GSE19783,ENCox,42
4.2,0.16863086980817363,0.1728395061728395,RFS,OOD,GSE19783,ENCox,42
4.4,0.17978356524184058,0.1836547291092745,RFS,OOD,GSE19783,ENCox,42
4.6,0.1975589388842933,0.19834710743801656,RFS,OOD,GSE19783,ENCox,42
4.8,0.19613501806017733,0.19834710743801656,RFS,OOD,GSE19783,ENCox,42
5.0,0.20029532532967895,0.20283644526068764,RFS,OOD,GSE19783,ENCox,42
5.2,0.1993868192828708,0.20283644526068764,RFS,OOD,GSE19783,ENCox,42
5.4,0.20350063574598903,0.20712172227323739,RFS,OOD,GSE19783,ENCox,42
5.6,0.20288008866737456,0.20712172227323739,RFS,OOD,GSE19783,ENCox,42
5.8,0.20229786186057946,0.20712172227323739,RFS,OOD,GSE19783,ENCox,42
6.0,0.20125224886241494,0.20712172227323739,RFS,OOD,GSE19783,ENCox,42
6.2,0.2073881424529375,0.21120293847566568,RFS,OOD,GSE19783,ENCox,42
6.4,0.20684078920732255,0.21120293847566568,RFS,OOD,GSE19783,ENCox,42
6.6,0.20587211592111018,0.21120293847566568,RFS,OOD,GSE19783,ENCox,42
6.8,0.22322845976202824,0.22548719518416488,RFS,OOD,GSE19783,ENCox,42
7.0,0.2262884359987906,0.22854810733598613,RFS,OOD,GSE19783,ENCox,42
7.2,0.22436040712006314,0.22854810733598613,RFS,OOD,GSE19783,ENCox,42
7.4,0.22240953372629407,0.22854810733598613,RFS,OOD,GSE19783,ENCox,42
7.6,0.2244842043865426,0.2314049586776859,RFS,OOD,GSE19783,ENCox,42
7.8,0.2319380819500082,0.23650647893072133,RFS,OOD,GSE19783,ENCox,42
8.0,0.23519329814626166,0.23878683014204904,RFS,OOD,GSE19783,ENCox,42
8.2,0.23432457761994321,0.23878683014204904,RFS,OOD,GSE19783,ENCox,42
8.4,0.2313622216345952,0.23878683014204902,RFS,OOD,GSE19783,ENCox,42
8.6,0.2353087230995372,0.24096117195592232,RFS,OOD,GSE19783,ENCox,42
8.8,0.23552485539889084,0.24096117195592232,RFS,OOD,GSE19783,ENCox,42
9.0,0.2400282695791381,0.2449896157746651,RFS,OOD,GSE19783,ENCox,42
9.2,0.2474386731389766,0.2467288497101015,RFS,OOD,GSE19783,ENCox,42
9.4,0.24766753896508992,0.2467288497101016,RFS,OOD,GSE19783,ENCox,42
1.6,0.04839461174867242,0.0479542903785328,RFS,OOD,GSE19783,ENCox,43
1.8,0.07523137242550446,0.07427813488419549,RFS,OOD,GSE19783,ENCox,43
2.0,0.09292037636136385,0.09080706050403022,RFS,OOD,GSE19783,ENCox,43
2.2,0.09224128559100417,0.09080706050403022,RFS,OOD,GSE19783,ENCox,43
2.4,0.11635940421693011,0.11406999285787162,RFS,OOD,GSE19783,ENCox,43
2.6,0.12055568330843582,0.12141618202224264,RFS,OOD,GSE19783,ENCox,43
2.8,0.14518304831816575,0.1422303846546271,RFS,OOD,GSE19783,ENCox,43
3.0,0.1587688890010115,0.15508621569227632,RFS,OOD,GSE19783,ENCox,43
3.2,0.15667428046185852,0.15508621569227632,RFS,OOD,GSE19783,ENCox,43
3.4,0.15450057838877204,0.15508621569227632,RFS,OOD,GSE19783,ENCox,43
3.6,0.1608395524427772,0.16120803999591873,RFS,OOD,GSE19783,ENCox,43
3.8,0.15979537391889592,0.16120803999591873,RFS,OOD,GSE19783,ENCox,43
4.0,0.16625857325370136,0.16712580348943984,RFS,OOD,GSE19783,ENCox,43
4.2,0.17078772011769322,0.1728395061728395,RFS,OOD,GSE19783,ENCox,43
4.4,0.18477019491361432,0.1836547291092745,RFS,OOD,GSE19783,ENCox,43
4.6,0.20123518847562405,0.19834710743801656,RFS,OOD,GSE19783,ENCox,43
4.8,0.20068040508938842,0.19834710743801656,RFS,OOD,GSE19783,ENCox,43
5.0,0.2063393651909688,0.20283644526068764,RFS,OOD,GSE19783,ENCox,43
5.2,0.20610419470412605,0.20283644526068764,RFS,OOD,GSE19783,ENCox,43
5.4,0.20648500426569436,0.20712172227323739,RFS,OOD,GSE19783,ENCox,43
5.6,0.2061889649713372,0.20712172227323739,RFS,OOD,GSE19783,ENCox,43
5.8,0.20611205923520287,0.20712172227323739,RFS,OOD,GSE19783,ENCox,43
6.0,0.20594615015881984,0.20712172227323739,RFS,OOD,GSE19783,ENCox,43
6.2,0.21107545694362453,0.21120293847566568,RFS,OOD,GSE19783,ENCox,43
6.4,0.21091281320074018,0.21120293847566568,RFS,OOD,GSE19783,ENCox,43
6.6,0.2108516441688598,0.21120293847566568,RFS,OOD,GSE19783,ENCox,43
6.8,0.22386348854078963,0.22548719518416488,RFS,OOD,GSE19783,ENCox,43
7.0,0.22230664837791528,0.22854810733598613,RFS,OOD,GSE19783,ENCox,43
7.2,0.22127746227900785,0.22854810733598613,RFS,OOD,GSE19783,ENCox,43
7.4,0.22102530269156162,0.22854810733598613,RFS,OOD,GSE19783,ENCox,43
7.6,0.22397196124296156,0.2314049586776859,RFS,OOD,GSE19783,ENCox,43
7.8,0.23384286900756718,0.23650647893072133,RFS,OOD,GSE19783,ENCox,43
8.0,0.23928628437074467,0.23878683014204904,RFS,OOD,GSE19783,ENCox,43
8.2,0.23917128553710335,0.23878683014204904,RFS,OOD,GSE19783,ENCox,43
8.4,0.23734413222237316,0.23878683014204902,RFS,OOD,GSE19783,ENCox,43
8.6,0.24438585440929322,0.24096117195592232,RFS,OOD,GSE19783,ENCox,43
8.8,0.24521131833506396,0.24096117195592232,RFS,OOD,GSE19783,ENCox,43
9.0,0.2486446102223965,0.2449896157746651,RFS,OOD,GSE19783,ENCox,43
9.2,0.26199404635744067,0.2467288497101015,RFS,OOD,GSE19783,ENCox,43
9.4,0.25610910408260895,0.2467288497101016,RFS,OOD,GSE19783,ENCox,43
1.6,0.05036738508317948,0.0479542903785328,RFS,OOD,GSE19783,ENCox,44
1.8,0.07832451961805631,0.07427813488419549,RFS,OOD,GSE19783,ENCox,44
2.0,0.09574147584903306,0.09080706050403022,RFS,OOD,GSE19783,ENCox,44
2.2,0.09578800566659933,0.09080706050403022,RFS,OOD,GSE19783,ENCox,44
2.4,0.12021537574974865,0.11406999285787162,RFS,OOD,GSE19783,ENCox,44
2.6,0.1278739257887502,0.12141618202224264,RFS,OOD,GSE19783,ENCox,44
2.8,0.15311676152583573,0.1422303846546271,RFS,OOD,GSE19783,ENCox,44
3.0,0.16252301515747739,0.15508621569227632,RFS,OOD,GSE19783,ENCox,44
3.2,0.1614019548095943,0.15508621569227632,RFS,OOD,GSE19783,ENCox,44
3.4,0.16123191296787637,0.15508621569227632,RFS,OOD,GSE19783,ENCox,44
3.6,0.16721162583633437,0.16120803999591873,RFS,OOD,GSE19783,ENCox,44
3.8,0.16722972556075333,0.16120803999591873,RFS,OOD,GSE19783,ENCox,44
4.0,0.17606871301928403,0.16712580348943984,RFS,OOD,GSE19783,ENCox,44
4.2,0.1821149809259816,0.1728395061728395,RFS,OOD,GSE19783,ENCox,44
4.4,0.19108113557036435,0.1836547291092745,RFS,OOD,GSE19783,ENCox,44
4.6,0.19749944769340325,0.19834710743801656,RFS,OOD,GSE19783,ENCox,44
4.8,0.19724956497203738,0.19834710743801656,RFS,OOD,GSE19783,ENCox,44
5.0,0.2033620605008688,0.20283644526068764,RFS,OOD,GSE19783,ENCox,44
5.2,0.2031140260032286,0.20283644526068764,RFS,OOD,GSE19783,ENCox,44
5.4,0.20615064908945704,0.20712172227323739,RFS,OOD,GSE19783,ENCox,44
5.6,0.2059932984598376,0.20712172227323739,RFS,OOD,GSE19783,ENCox,44
5.8,0.2058074670814126,0.20712172227323739,RFS,OOD,GSE19783,ENCox,44
6.0,0.20578133138748647,0.20712172227323739,RFS,OOD,GSE19783,ENCox,44
6.2,0.2118310965814274,0.21120293847566568,RFS,OOD,GSE19783,ENCox,44
6.4,0.21191096759696745,0.21120293847566568,RFS,OOD,GSE19783,ENCox,44
6.6,0.21226578765337176,0.21120293847566568,RFS,OOD,GSE19783,ENCox,44
6.8,0.2262014042243329,0.22548719518416488,RFS,OOD,GSE19783,ENCox,44
7.0,0.22118099381653875,0.22854810733598613,RFS,OOD,GSE19783,ENCox,44
7.2,0.22052505703309971,0.22854810733598613,RFS,OOD,GSE19783,ENCox,44
7.4,0.22040615906362312,0.22854810733598613,RFS,OOD,GSE19783,ENCox,44
7.6,0.22645752292066781,0.2314049586776859,RFS,OOD,GSE19783,ENCox,44
7.8,0.23690525593558429,0.23650647893072133,RFS,OOD,GSE19783,ENCox,44
8.0,0.2417846435299142,0.23878683014204904,RFS,OOD,GSE19783,ENCox,44
8.2,0.2414891038001781,0.23878683014204904,RFS,OOD,GSE19783,ENCox,44
8.4,0.23963393569183794,0.23878683014204902,RFS,OOD,GSE19783,ENCox,44
8.6,0.2488090742676367,0.24096117195592232,RFS,OOD,GSE19783,ENCox,44
8.8,0.24564244884607297,0.24096117195592232,RFS,OOD,GSE19783,ENCox,44
9.0,0.2527057552262167,0.2449896157746651,RFS,OOD,GSE19783,ENCox,44
9.2,0.27390488223677517,0.2467288497101015,RFS,OOD,GSE19783,ENCox,44
9.4,0.26199889209153426,0.2467288497101016,RFS,OOD,GSE19783,ENCox,44
1.6,0.0528427184623453,0.0479542903785328,RFS,OOD,GSE19783,LH,40
1.8,0.07799229264579971,0.07427813488419549,RFS,OOD,GSE19783,LH,40
2.0,0.09589558807606982,0.09080706050403022,RFS,OOD,GSE19783,LH,40
2.2,0.09589558807606982,0.09080706050403022,RFS,OOD,GSE19783,LH,40
2.4,0.11552707743483694,0.11406999285787162,RFS,OOD,GSE19783,LH,40
2.6,0.12364281696823241,0.12141618202224264,RFS,OOD,GSE19783,LH,40
2.8,0.14683270000768764,0.1422303846546271,RFS,OOD,GSE19783,LH,40
3.0,0.16197734798164412,0.15508621569227632,RFS,OOD,GSE19783,LH,40
3.2,0.16146370181221587,0.15508621569227632,RFS,OOD,GSE19783,LH,40
3.4,0.16146370181221587,0.15508621569227632,RFS,OOD,GSE19783,LH,40
3.6,0.16699546319357708,0.16120803999591873,RFS,OOD,GSE19783,LH,40
3.8,0.16699546319357708,0.16120803999591873,RFS,OOD,GSE19783,LH,40
4.0,0.1745937754077445,0.16712580348943984,RFS,OOD,GSE19783,LH,40
4.2,0.17038424192344936,0.1728395061728395,RFS,OOD,GSE19783,LH,40
4.4,0.18382967466347783,0.1836547291092745,RFS,OOD,GSE19783,LH,40
4.6,0.20319601486719652,0.19834710743801656,RFS,OOD,GSE19783,LH,40
4.8,0.20319601486719652,0.19834710743801656,RFS,OOD,GSE19783,LH,40
5.0,0.20683938068864957,0.20283644526068764,RFS,OOD,GSE19783,LH,40
5.2,0.20683938068864957,0.20283644526068764,RFS,OOD,GSE19783,LH,40
5.4,0.2099934947279069,0.20712172227323739,RFS,OOD,GSE19783,LH,40
5.6,0.2099934947279069,0.20712172227323739,RFS,OOD,GSE19783,LH,40
5.8,0.2099934947279069,0.20712172227323739,RFS,OOD,GSE19783,LH,40
6.0,0.2099934947279069,0.20712172227323739,RFS,OOD,GSE19783,LH,40
6.2,0.21550146843739867,0.21120293847566568,RFS,OOD,GSE19783,LH,40
6.4,0.22518496909261165,0.21120293847566568,RFS,OOD,GSE19783,LH,40
6.6,0.22518496909261165,0.21120293847566568,RFS,OOD,GSE19783,LH,40
6.8,0.22616025114636645,0.22548719518416488,RFS,OOD,GSE19783,LH,40
7.0,0.2338742469450361,0.22854810733598613,RFS,OOD,GSE19783,LH,40
7.2,0.2338742469450361,0.22854810733598613,RFS,OOD,GSE19783,LH,40
7.4,0.2338742469450361,0.22854810733598613,RFS,OOD,GSE19783,LH,40
7.6,0.23601241968231182,0.2314049586776859,RFS,OOD,GSE19783,LH,40
7.8,0.24520999194732032,0.23650647893072133,RFS,OOD,GSE19783,LH,40
8.0,0.2495341486113623,0.23878683014204904,RFS,OOD,GSE19783,LH,40
8.2,0.2495341486113623,0.23878683014204904,RFS,OOD,GSE19783,LH,40
8.4,0.24762059360269328,0.23878683014204902,RFS,OOD,GSE19783,LH,40
8.6,0.2582060294011227,0.24096117195592232,RFS,OOD,GSE19783,LH,40
8.8,0.26000964505709456,0.24096117195592232,RFS,OOD,GSE19783,LH,40
9.0,0.26117715405797987,0.2449896157746651,RFS,OOD,GSE19783,LH,40
9.2,0.26873041381740953,0.2467288497101015,RFS,OOD,GSE19783,LH,40
9.4,0.2842029939227585,0.2467288497101016,RFS,OOD,GSE19783,LH,40
1.6,0.058549804467244046,0.0479542903785328,RFS,OOD,GSE19783,LH,41
1.8,0.08272426713245512,0.07427813488419549,RFS,OOD,GSE19783,LH,41
2.0,0.10090826672385865,0.09080706050403022,RFS,OOD,GSE19783,LH,41
2.2,0.10090826672385865,0.09080706050403022,RFS,OOD,GSE19783,LH,41
2.4,0.12431253623129569,0.11406999285787162,RFS,OOD,GSE19783,LH,41
2.6,0.13027579670853512,0.12141618202224264,RFS,OOD,GSE19783,LH,41
2.8,0.15615176727926317,0.1422303846546271,RFS,OOD,GSE19783,LH,41
3.0,0.17366037760970995,0.15508621569227632,RFS,OOD,GSE19783,LH,41
3.2,0.17366037760970995,0.15508621569227632,RFS,OOD,GSE19783,LH,41
3.4,0.19559985575804692,0.15508621569227632,RFS,OOD,GSE19783,LH,41
3.6,0.20429680319298282,0.16120803999591873,RFS,OOD,GSE19783,LH,41
3.8,0.20429680319298282,0.16120803999591873,RFS,OOD,GSE19783,LH,41
4.0,0.2132335515531254,0.16712580348943984,RFS,OOD,GSE19783,LH,41
4.2,0.2158836390830881,0.1728395061728395,RFS,OOD,GSE19783,LH,41
4.4,0.23188661802449498,0.1836547291092745,RFS,OOD,GSE19783,LH,41
4.6,0.2555836041362226,0.19834710743801656,RFS,OOD,GSE19783,LH,41
4.8,0.2555836041362226,0.19834710743801656,RFS,OOD,GSE19783,LH,41
5.0,0.25988320023877337,0.20283644526068764,RFS,OOD,GSE19783,LH,41
5.2,0.25988320023877337,0.20283644526068764,RFS,OOD,GSE19783,LH,41
5.4,0.25554827965421995,0.20712172227323739,RFS,OOD,GSE19783,LH,41
5.6,0.25554827965421995,0.20712172227323739,RFS,OOD,GSE19783,LH,41
5.8,0.25554827965421995,0.20712172227323739,RFS,OOD,GSE19783,LH,41
6.0,0.25554827965421995,0.20712172227323739,RFS,OOD,GSE19783,LH,41
6.2,0.26128475830563275,0.21120293847566568,RFS,OOD,GSE19783,LH,41
6.4,0.26128475830563275,0.21120293847566568,RFS,OOD,GSE19783,LH,41
6.6,0.28333723271963723,0.21120293847566568,RFS,OOD,GSE19783,LH,41
6.8,0.28215893589112645,0.22548719518416488,RFS,OOD,GSE19783,LH,41
7.0,0.2864489555140833,0.22854810733598613,RFS,OOD,GSE19783,LH,41
7.2,0.2864489555140833,0.22854810733598613,RFS,OOD,GSE19783,LH,41
7.4,0.2864489555140833,0.22854810733598613,RFS,OOD,GSE19783,LH,41
7.6,0.2925720816692815,0.2314049586776859,RFS,OOD,GSE19783,LH,41
7.8,0.28991819991233525,0.23650647893072133,RFS,OOD,GSE19783,LH,41
8.0,0.29358948977053406,0.23878683014204904,RFS,OOD,GSE19783,LH,41
8.2,0.29358948977053406,0.23878683014204904,RFS,OOD,GSE19783,LH,41
8.4,0.2979883611585263,0.23878683014204902,RFS,OOD,GSE19783,LH,41
8.6,0.3048650896559656,0.24096117195592232,RFS,OOD,GSE19783,LH,41
8.8,0.31170464614864773,0.24096117195592232,RFS,OOD,GSE19783,LH,41
9.0,0.30403983291566405,0.2449896157746651,RFS,OOD,GSE19783,LH,41
9.2,0.32184427562068085,0.2467288497101015,RFS,OOD,GSE19783,LH,41
9.4,0.3107122057727389,0.2467288497101016,RFS,OOD,GSE19783,LH,41
1.6,0.05663023887438636,0.0479542903785328,RFS,OOD,GSE19783,LH,42
1.8,0.08040776109634656,0.07427813488419549,RFS,OOD,GSE19783,LH,42
2.0,0.09555791678030714,0.09080706050403022,RFS,OOD,GSE19783,LH,42
2.2,0.09555791678030714,0.09080706050403022,RFS,OOD,GSE19783,LH,42
2.4,0.11845892440369064,0.11406999285787162,RFS,OOD,GSE19783,LH,42
2.6,0.12587127855509853,0.12141618202224264,RFS,OOD,GSE19783,LH,42
2.8,0.14907478637345542,0.1422303846546271,RFS,OOD,GSE19783,LH,42
3.0,0.16514699821700382,0.15508621569227632,RFS,OOD,GSE19783,LH,42
3.2,0.16514699821700382,0.15508621569227632,RFS,OOD,GSE19783,LH,42
3.4,0.15364023386753226,0.15508621569227632,RFS,OOD,GSE19783,LH,42
3.6,0.15941379142453233,0.16120803999591873,RFS,OOD,GSE19783,LH,42
3.8,0.15941379142453233,0.16120803999591873,RFS,OOD,GSE19783,LH,42
4.0,0.16307496879963218,0.16712580348943984,RFS,OOD,GSE19783,LH,42
4.2,0.15975602383488616,0.1728395061728395,RFS,OOD,GSE19783,LH,42
4.4,0.16892481367920645,0.1836547291092745,RFS,OOD,GSE19783,LH,42
4.6,0.18735977652020183,0.19834710743801656,RFS,OOD,GSE19783,LH,42
4.8,0.18735977652020183,0.19834710743801656,RFS,OOD,GSE19783,LH,42
5.0,0.1925782306018046,0.20283644526068764,RFS,OOD,GSE19783,LH,42
5.2,0.1925782306018046,0.20283644526068764,RFS,OOD,GSE19783,LH,42
5.4,0.19539428154550675,0.20712172227323739,RFS,OOD,GSE19783,LH,42
5.6,0.19539428154550675,0.20712172227323739,RFS,OOD,GSE19783,LH,42
5.8,0.19539428154550675,0.20712172227323739,RFS,OOD,GSE19783,LH,42
6.0,0.19539428154550675,0.20712172227323739,RFS,OOD,GSE19783,LH,42
6.2,0.20204539046066236,0.21120293847566568,RFS,OOD,GSE19783,LH,42
6.4,0.20204539046066236,0.21120293847566568,RFS,OOD,GSE19783,LH,42
6.6,0.20256988697370507,0.21120293847566568,RFS,OOD,GSE19783,LH,42
6.8,0.20821133685623164,0.22548719518416488,RFS,OOD,GSE19783,LH,42
7.0,0.2032016597832635,0.22854810733598613,RFS,OOD,GSE19783,LH,42
7.2,0.2032016597832635,0.22854810733598613,RFS,OOD,GSE19783,LH,42
7.4,0.2032016597832635,0.22854810733598613,RFS,OOD,GSE19783,LH,42
7.6,0.20424610294265588,0.2314049586776859,RFS,OOD,GSE19783,LH,42
7.8,0.20734672151219374,0.23650647893072133,RFS,OOD,GSE19783,LH,42
8.0,0.2148008453420601,0.23878683014204904,RFS,OOD,GSE19783,LH,42
8.2,0.2148008453420601,0.23878683014204904,RFS,OOD,GSE19783,LH,42
8.4,0.20832850547218598,0.23878683014204902,RFS,OOD,GSE19783,LH,42
8.6,0.21852448439923786,0.24096117195592232,RFS,OOD,GSE19783,LH,42
8.8,0.2211488720922191,0.24096117195592232,RFS,OOD,GSE19783,LH,42
9.0,0.21449290442128469,0.2449896157746651,RFS,OOD,GSE19783,LH,42
9.2,0.23634573648184296,0.2467288497101015,RFS,OOD,GSE19783,LH,42
9.4,0.2370596181881245,0.2467288497101016,RFS,OOD,GSE19783,LH,42
1.6,0.04870959993198288,0.0479542903785328,RFS,OOD,GSE19783,LH,43
1.8,0.07322556951666948,0.07427813488419549,RFS,OOD,GSE19783,LH,43
2.0,0.09037333332764605,0.09080706050403022,RFS,OOD,GSE19783,LH,43
2.2,0.09037333332764605,0.09080706050403022,RFS,OOD,GSE19783,LH,43
2.4,0.11504279992430724,0.11406999285787162,RFS,OOD,GSE19783,LH,43
2.6,0.12080712658823967,0.12141618202224264,RFS,OOD,GSE19783,LH,43
2.8,0.14602888741512116,0.1422303846546271,RFS,OOD,GSE19783,LH,43
3.0,0.16181462127386545,0.15508621569227632,RFS,OOD,GSE19783,LH,43
3.2,0.16181462127386545,0.15508621569227632,RFS,OOD,GSE19783,LH,43
3.4,0.16029692427601153,0.15508621569227632,RFS,OOD,GSE19783,LH,43
3.6,0.16828152275369299,0.16120803999591873,RFS,OOD,GSE19783,LH,43
3.8,0.16828152275369299,0.16120803999591873,RFS,OOD,GSE19783,LH,43
4.0,0.17674542325236256,0.16712580348943984,RFS,OOD,GSE19783,LH,43
4.2,0.16688381582797454,0.1728395061728395,RFS,OOD,GSE19783,LH,43
4.4,0.17966854251994305,0.1836547291092745,RFS,OOD,GSE19783,LH,43
4.6,0.20192886041870298,0.19834710743801656,RFS,OOD,GSE19783,LH,43
4.8,0.20192886041870298,0.19834710743801656,RFS,OOD,GSE19783,LH,43
5.0,0.2096763142913066,0.20283644526068764,RFS,OOD,GSE19783,LH,43
5.2,0.2096763142913066,0.20283644526068764,RFS,OOD,GSE19783,LH,43
5.4,0.2005319402253776,0.20712172227323739,RFS,OOD,GSE19783,LH,43
5.6,0.2005319402253776,0.20712172227323739,RFS,OOD,GSE19783,LH,43
5.8,0.2005319402253776,0.20712172227323739,RFS,OOD,GSE19783,LH,43
6.0,0.2005319402253776,0.20712172227323739,RFS,OOD,GSE19783,LH,43
6.2,0.20756009367377143,0.21120293847566568,RFS,OOD,GSE19783,LH,43
6.4,0.20756009367377143,0.21120293847566568,RFS,OOD,GSE19783,LH,43
6.6,0.24501459851510635,0.21120293847566568,RFS,OOD,GSE19783,LH,43
6.8,0.24149688823353274,0.22548719518416488,RFS,OOD,GSE19783,LH,43
7.0,0.2388616892213544,0.22854810733598613,RFS,OOD,GSE19783,LH,43
7.2,0.2388616892213544,0.22854810733598613,RFS,OOD,GSE19783,LH,43
7.4,0.2388616892213544,0.22854810733598613,RFS,OOD,GSE19783,LH,43
7.6,0.2436506454781823,0.2314049586776859,RFS,OOD,GSE19783,LH,43
7.8,0.25005560647656333,0.23650647893072133,RFS,OOD,GSE19783,LH,43
8.0,0.25963360531523144,0.23878683014204904,RFS,OOD,GSE19783,LH,43
8.2,0.25963360531523144,0.23878683014204904,RFS,OOD,GSE19783,LH,43
8.4,0.2609823686598119,0.23878683014204902,RFS,OOD,GSE19783,LH,43
8.6,0.2717452456286829,0.24096117195592232,RFS,OOD,GSE19783,LH,43
8.8,0.2781653910322239,0.24096117195592232,RFS,OOD,GSE19783,LH,43
9.0,0.27510026496099826,0.2449896157746651,RFS,OOD,GSE19783,LH,43
9.2,0.2898107234740595,0.2467288497101015,RFS,OOD,GSE19783,LH,43
9.4,0.2811911566527983,0.2467288497101016,RFS,OOD,GSE19783,LH,43
1.6,0.051529071212468205,0.0479542903785328,RFS,OOD,GSE19783,LH,44
1.8,0.07692589148312214,0.07427813488419549,RFS,OOD,GSE19783,LH,44
2.0,0.09467865568404554,0.09080706050403022,RFS,OOD,GSE19783,LH,44
2.2,0.09467865568404554,0.09080706050403022,RFS,OOD,GSE19783,LH,44
2.4,0.11882600967515908,0.11406999285787162,RFS,OOD,GSE19783,LH,44
2.6,0.1267776546111523,0.12141618202224264,RFS,OOD,GSE19783,LH,44
2.8,0.15164174542468312,0.1422303846546271,RFS,OOD,GSE19783,LH,44
3.0,0.16622634454392732,0.15508621569227632,RFS,OOD,GSE19783,LH,44
3.2,0.1451709029334537,0.15508621569227632,RFS,OOD,GSE19783,LH,44
3.4,0.1451709029334537,0.15508621569227632,RFS,OOD,GSE19783,LH,44
3.6,0.15325948442324785,0.16120803999591873,RFS,OOD,GSE19783,LH,44
3.8,0.15325948442324785,0.16120803999591873,RFS,OOD,GSE19783,LH,44
4.0,0.16153120389341646,0.16712580348943984,RFS,OOD,GSE19783,LH,44
4.2,0.1668716355691829,0.1728395061728395,RFS,OOD,GSE19783,LH,44
4.4,0.18229466733759642,0.1836547291092745,RFS,OOD,GSE19783,LH,44
4.6,0.1956646550469501,0.19834710743801656,RFS,OOD,GSE19783,LH,44
4.8,0.1956646550469501,0.19834710743801656,RFS,OOD,GSE19783,LH,44
5.0,0.2024933653332543,0.20283644526068764,RFS,OOD,GSE19783,LH,44
5.2,0.2024933653332543,0.20283644526068764,RFS,OOD,GSE19783,LH,44
5.4,0.2024699569636698,0.20712172227323739,RFS,OOD,GSE19783,LH,44
5.6,0.2024699569636698,0.20712172227323739,RFS,OOD,GSE19783,LH,44
5.8,0.2024699569636698,0.20712172227323739,RFS,OOD,GSE19783,LH,44
6.0,0.2024699569636698,0.20712172227323739,RFS,OOD,GSE19783,LH,44
6.2,0.20956069528907778,0.21120293847566568,RFS,OOD,GSE19783,LH,44
6.4,0.19572317202468995,0.21120293847566568,RFS,OOD,GSE19783,LH,44
6.6,0.19572317202468995,0.21120293847566568,RFS,OOD,GSE19783,LH,44
6.8,0.21646090914087746,0.22548719518416488,RFS,OOD,GSE19783,LH,44
7.0,0.21811384829190927,0.22854810733598613,RFS,OOD,GSE19783,LH,44
7.2,0.21811384829190927,0.22854810733598613,RFS,OOD,GSE19783,LH,44
7.4,0.21811384829190927,0.22854810733598613,RFS,OOD,GSE19783,LH,44
7.6,0.22354603379246846,0.2314049586776859,RFS,OOD,GSE19783,LH,44
7.8,0.23367164315182434,0.23650647893072133,RFS,OOD,GSE19783,LH,44
8.0,0.2406982243788208,0.23878683014204904,RFS,OOD,GSE19783,LH,44
8.2,0.2406982243788208,0.23878683014204904,RFS,OOD,GSE19783,LH,44
8.4,0.24001708363198693,0.23878683014204902,RFS,OOD,GSE19783,LH,44
8.6,0.24786896546572101,0.24096117195592232,RFS,OOD,GSE19783,LH,44
8.8,0.24773079467623157,0.24096117195592232,RFS,OOD,GSE19783,LH,44
9.0,0.2533842639887906,0.2449896157746651,RFS,OOD,GSE19783,LH,44
9.2,0.27061185744426824,0.2467288497101015,RFS,OOD,GSE19783,LH,44
9.4,0.30759496013102855,0.2467288497101016,RFS,OOD,GSE19783,LH,44
1.6,0.04606319571612727,0.0479542903785328,RFS,OOD,GSE19783,MTLR,40
1.8,0.07093824294708861,0.07427813488419549,RFS,OOD,GSE19783,MTLR,40
2.0,0.08655903931446415,0.09080706050403022,RFS,OOD,GSE19783,MTLR,40
2.2,0.08655903931446415,0.09080706050403022,RFS,OOD,GSE19783,MTLR,40
2.4,0.11165970397344409,0.11406999285787162,RFS,OOD,GSE19783,MTLR,40
2.6,0.12020623216351743,0.12141618202224264,RFS,OOD,GSE19783,MTLR,40
2.8,0.14553142330489643,0.1422303846546271,RFS,OOD,GSE19783,MTLR,40
3.0,0.16281050397518576,0.15508621569227632,RFS,OOD,GSE19783,MTLR,40
3.2,0.14874890075480024,0.15508621569227632,RFS,OOD,GSE19783,MTLR,40
3.4,0.14874890075480024,0.15508621569227632,RFS,OOD,GSE19783,MTLR,40
3.6,0.15491617287942788,0.16120803999591873,RFS,OOD,GSE19783,MTLR,40
3.8,0.15491617287942788,0.16120803999591873,RFS,OOD,GSE19783,MTLR,40
4.0,0.16376913396689557,0.16712580348943984,RFS,OOD,GSE19783,MTLR,40
4.2,0.16271939622925918,0.1728395061728395,RFS,OOD,GSE19783,MTLR,40
4.4,0.17910738746015642,0.1836547291092745,RFS,OOD,GSE19783,MTLR,40
4.6,0.197943832738748,0.19834710743801656,RFS,OOD,GSE19783,MTLR,40
4.8,0.197943832738748,0.19834710743801656,RFS,OOD,GSE19783,MTLR,40
5.0,0.20649953281931133,0.20283644526068764,RFS,OOD,GSE19783,MTLR,40
5.2,0.20649953281931133,0.20283644526068764,RFS,OOD,GSE19783,MTLR,40
5.4,0.2088862689666428,0.20712172227323739,RFS,OOD,GSE19783,MTLR,40
5.6,0.2088862689666428,0.20712172227323739,RFS,OOD,GSE19783,MTLR,40
5.8,0.2088862689666428,0.20712172227323739,RFS,OOD,GSE19783,MTLR,40
6.0,0.2088862689666428,0.20712172227323739,RFS,OOD,GSE19783,MTLR,40
6.2,0.21738996730600874,0.21120293847566568,RFS,OOD,GSE19783,MTLR,40
6.4,0.2024414762511102,0.21120293847566568,RFS,OOD,GSE19783,MTLR,40
6.6,0.2024414762511102,0.21120293847566568,RFS,OOD,GSE19783,MTLR,40
6.8,0.22589164374329276,0.22548719518416488,RFS,OOD,GSE19783,MTLR,40
7.0,0.226890499584573,0.22854810733598613,RFS,OOD,GSE19783,MTLR,40
7.2,0.226890499584573,0.22854810733598613,RFS,OOD,GSE19783,MTLR,40
7.4,0.226890499584573,0.22854810733598613,RFS,OOD,GSE19783,MTLR,40
7.6,0.23332387815096814,0.2314049586776859,RFS,OOD,GSE19783,MTLR,40
7.8,0.24815724658722277,0.23650647893072133,RFS,OOD,GSE19783,MTLR,40
8.0,0.2570913363415553,0.23878683014204904,RFS,OOD,GSE19783,MTLR,40
8.2,0.2570913363415553,0.23878683014204904,RFS,OOD,GSE19783,MTLR,40
8.4,0.2585046031704662,0.23878683014204902,RFS,OOD,GSE19783,MTLR,40
8.6,0.26971700450208713,0.24096117195592232,RFS,OOD,GSE19783,MTLR,40
8.8,0.27291452137731664,0.24096117195592232,RFS,OOD,GSE19783,MTLR,40
9.0,0.27731044337974725,0.2449896157746651,RFS,OOD,GSE19783,MTLR,40
9.2,0.2948479739934312,0.2467288497101015,RFS,OOD,GSE19783,MTLR,40
9.4,0.2732678702057452,0.2467288497101016,RFS,OOD,GSE19783,MTLR,40
1.6,0.049245018485715684,0.0479542903785328,RFS,OOD,GSE19783,MTLR,41
1.8,0.07598017857160572,0.07427813488419549,RFS,OOD,GSE19783,MTLR,41
2.0,0.09430556158455071,0.09080706050403022,RFS,OOD,GSE19783,MTLR,41
2.2,0.09430556158455071,0.09080706050403022,RFS,OOD,GSE19783,MTLR,41
2.4,0.12195014284947042,0.11406999285787162,RFS,OOD,GSE19783,MTLR,41
2.6,0.13059455029520461,0.12141618202224264,RFS,OOD,GSE19783,MTLR,41
2.8,0.15540950641115847,0.1422303846546271,RFS,OOD,GSE19783,MTLR,41
3.0,0.1737102588582675,0.15508621569227632,RFS,OOD,GSE19783,MTLR,41
3.2,0.1737102588582675,0.15508621569227632,RFS,OOD,GSE19783,MTLR,41
3.4,0.15038824370149914,0.15508621569227632,RFS,OOD,GSE19783,MTLR,41
3.6,0.15960522420215387,0.16120803999591873,RFS,OOD,GSE19783,MTLR,41
3.8,0.15960522420215387,0.16120803999591873,RFS,OOD,GSE19783,MTLR,41
4.0,0.16796050938429757,0.16712580348943984,RFS,OOD,GSE19783,MTLR,41
4.2,0.1750585014143546,0.1728395061728395,RFS,OOD,GSE19783,MTLR,41
4.4,0.18994093109599772,0.1836547291092745,RFS,OOD,GSE19783,MTLR,41
4.6,0.2082021795111644,0.19834710743801656,RFS,OOD,GSE19783,MTLR,41
4.8,0.2082021795111644,0.19834710743801656,RFS,OOD,GSE19783,MTLR,41
5.0,0.21632913555498579,0.20283644526068764,RFS,OOD,GSE19783,MTLR,41
5.2,0.21632913555498579,0.20283644526068764,RFS,OOD,GSE19783,MTLR,41
5.4,0.21837789530442722,0.20712172227323739,RFS,OOD,GSE19783,MTLR,41
5.6,0.21837789530442722,0.20712172227323739,RFS,OOD,GSE19783,MTLR,41
5.8,0.21837789530442722,0.20712172227323739,RFS,OOD,GSE19783,MTLR,41
6.0,0.21837789530442722,0.20712172227323739,RFS,OOD,GSE19783,MTLR,41
6.2,0.2275219161074742,0.21120293847566568,RFS,OOD,GSE19783,MTLR,41
6.4,0.2275219161074742,0.21120293847566568,RFS,OOD,GSE19783,MTLR,41
6.6,0.2164766084220926,0.21120293847566568,RFS,OOD,GSE19783,MTLR,41
6.8,0.2277560481074132,0.22548719518416488,RFS,OOD,GSE19783,MTLR,41
7.0,0.2333172168551321,0.22854810733598613,RFS,OOD,GSE19783,MTLR,41
7.2,0.2333172168551321,0.22854810733598613,RFS,OOD,GSE19783,MTLR,41
7.4,0.2333172168551321,0.22854810733598613,RFS,OOD,GSE19783,MTLR,41
7.6,0.23465458613817247,0.2314049586776859,RFS,OOD,GSE19783,MTLR,41
7.8,0.2399330735363393,0.23650647893072133,RFS,OOD,GSE19783,MTLR,41
8.0,0.24836304075528978,0.23878683014204904,RFS,OOD,GSE19783,MTLR,41
8.2,0.24836304075528978,0.23878683014204904,RFS,OOD,GSE19783,MTLR,41
8.4,0.2462871063306945,0.23878683014204902,RFS,OOD,GSE19783,MTLR,41
8.6,0.25567510012481476,0.24096117195592232,RFS,OOD,GSE19783,MTLR,41
8.8,0.25661046783646174,0.24096117195592232,RFS,OOD,GSE19783,MTLR,41
9.0,0.2572105178436795,0.2449896157746651,RFS,OOD,GSE19783,MTLR,41
9.2,0.28014089667119246,0.2467288497101015,RFS,OOD,GSE19783,MTLR,41
9.4,0.2806902508595066,0.2467288497101016,RFS,OOD,GSE19783,MTLR,41
1.6,0.046827767251628245,0.0479542903785328,RFS,OOD,GSE19783,MTLR,42
1.8,0.07350769490416065,0.07427813488419549,RFS,OOD,GSE19783,MTLR,42
2.0,0.09040277234945096,0.09080706050403022,RFS,OOD,GSE19783,MTLR,42
2.2,0.09040277234945096,0.09080706050403022,RFS,OOD,GSE19783,MTLR,42
2.4,0.11685915368485393,0.11406999285787162,RFS,OOD,GSE19783,MTLR,42
2.6,0.12421474494828784,0.12141618202224264,RFS,OOD,GSE19783,MTLR,42
2.8,0.15073647103637822,0.1422303846546271,RFS,OOD,GSE19783,MTLR,42
3.0,0.16824961493223065,0.15508621569227632,RFS,OOD,GSE19783,MTLR,42
3.2,0.16824961493223065,0.15508621569227632,RFS,OOD,GSE19783,MTLR,42
3.4,0.14280444266699113,0.15508621569227632,RFS,OOD,GSE19783,MTLR,42
3.6,0.15133301360317486,0.16120803999591873,RFS,OOD,GSE19783,MTLR,42
3.8,0.15133301360317486,0.16120803999591873,RFS,OOD,GSE19783,MTLR,42
4.0,0.15945940852044138,0.16712580348943984,RFS,OOD,GSE19783,MTLR,42
4.2,0.15687684522613665,0.1728395061728395,RFS,OOD,GSE19783,MTLR,42
4.4,0.17034574413419304,0.1836547291092745,RFS,OOD,GSE19783,MTLR,42
4.6,0.1909879729350341,0.19834710743801656,RFS,OOD,GSE19783,MTLR,42
4.8,0.1909879729350341,0.19834710743801656,RFS,OOD,GSE19783,MTLR,42
5.0,0.19880796867066494,0.20283644526068764,RFS,OOD,GSE19783,MTLR,42
5.2,0.19880796867066494,0.20283644526068764,RFS,OOD,GSE19783,MTLR,42
5.4,0.19780701883994503,0.20712172227323739,RFS,OOD,GSE19783,MTLR,42
5.6,0.19780701883994503,0.20712172227323739,RFS,OOD,GSE19783,MTLR,42
5.8,0.19780701883994503,0.20712172227323739,RFS,OOD,GSE19783,MTLR,42
6.0,0.19780701883994503,0.20712172227323739,RFS,OOD,GSE19783,MTLR,42
6.2,0.20735961804365202,0.21120293847566568,RFS,OOD,GSE19783,MTLR,42
6.4,0.20735961804365202,0.21120293847566568,RFS,OOD,GSE19783,MTLR,42
6.6,0.20092730559857744,0.21120293847566568,RFS,OOD,GSE19783,MTLR,42
6.8,0.21686922168864683,0.22548719518416488,RFS,OOD,GSE19783,MTLR,42
7.0,0.21216489319019183,0.22854810733598613,RFS,OOD,GSE19783,MTLR,42
7.2,0.21216489319019183,0.22854810733598613,RFS,OOD,GSE19783,MTLR,42
7.4,0.21216489319019183,0.22854810733598613,RFS,OOD,GSE19783,MTLR,42
7.6,0.21827301944518868,0.2314049586776859,RFS,OOD,GSE19783,MTLR,42
7.8,0.2256509221119164,0.23650647893072133,RFS,OOD,GSE19783,MTLR,42
8.0,0.23585549427047783,0.23878683014204904,RFS,OOD,GSE19783,MTLR,42
8.2,0.23585549427047783,0.23878683014204904,RFS,OOD,GSE19783,MTLR,42
8.4,0.2340086737371875,0.23878683014204902,RFS,OOD,GSE19783,MTLR,42
8.6,0.2461876050687308,0.24096117195592232,RFS,OOD,GSE19783,MTLR,42
8.8,0.24602138687841296,0.24096117195592232,RFS,OOD,GSE19783,MTLR,42
9.0,0.24823433392638106,0.2449896157746651,RFS,OOD,GSE19783,MTLR,42
9.2,0.2736136576795026,0.2467288497101015,RFS,OOD,GSE19783,MTLR,42
9.4,0.2668905811901391,0.2467288497101016,RFS,OOD,GSE19783,MTLR,42
1.6,0.04811495891681602,0.0479542903785328,RFS,OOD,GSE19783,MTLR,43
1.8,0.07572063219624113,0.07427813488419549,RFS,OOD,GSE19783,MTLR,43
2.0,0.09448929314617936,0.09080706050403022,RFS,OOD,GSE19783,MTLR,43
2.2,0.09448929314617936,0.09080706050403022,RFS,OOD,GSE19783,MTLR,43
2.4,0.12252095660734436,0.11406999285787162,RFS,OOD,GSE19783,MTLR,43
2.6,0.13152918117171364,0.12141618202224264,RFS,OOD,GSE19783,MTLR,43
2.8,0.15926541511415007,0.1422303846546271,RFS,OOD,GSE19783,MTLR,43
3.0,0.17823944717903106,0.15508621569227632,RFS,OOD,GSE19783,MTLR,43
3.2,0.17823944717903106,0.15508621569227632,RFS,OOD,GSE19783,MTLR,43
3.4,0.15700826264092296,0.15508621569227632,RFS,OOD,GSE19783,MTLR,43
3.6,0.16558621753047092,0.16120803999591873,RFS,OOD,GSE19783,MTLR,43
3.8,0.16558621753047092,0.16120803999591873,RFS,OOD,GSE19783,MTLR,43
4.0,0.1750916194885897,0.16712580348943984,RFS,OOD,GSE19783,MTLR,43
4.2,0.17286715006288736,0.1728395061728395,RFS,OOD,GSE19783,MTLR,43
4.4,0.18875368199868517,0.1836547291092745,RFS,OOD,GSE19783,MTLR,43
4.6,0.2102207776723715,0.19834710743801656,RFS,OOD,GSE19783,MTLR,43
4.8,0.2102207776723715,0.19834710743801656,RFS,OOD,GSE19783,MTLR,43
5.0,0.21943902973878143,0.20283644526068764,RFS,OOD,GSE19783,MTLR,43
5.2,0.21943902973878143,0.20283644526068764,RFS,OOD,GSE19783,MTLR,43
5.4,0.21463893403611883,0.20712172227323739,RFS,OOD,GSE19783,MTLR,43
5.6,0.21463893403611883,0.20712172227323739,RFS,OOD,GSE19783,MTLR,43
5.8,0.21463893403611883,0.20712172227323739,RFS,OOD,GSE19783,MTLR,43
6.0,0.21463893403611883,0.20712172227323739,RFS,OOD,GSE19783,MTLR,43
6.2,0.22388865735497018,0.21120293847566568,RFS,OOD,GSE19783,MTLR,43
6.4,0.22388865735497018,0.21120293847566568,RFS,OOD,GSE19783,MTLR,43
6.6,0.23561108616543272,0.21120293847566568,RFS,OOD,GSE19783,MTLR,43
6.8,0.2568847436944737,0.22548719518416488,RFS,OOD,GSE19783,MTLR,43
7.0,0.2501458377396311,0.22854810733598613,RFS,OOD,GSE19783,MTLR,43
7.2,0.2501458377396311,0.22854810733598613,RFS,OOD,GSE19783,MTLR,43
7.4,0.2501458377396311,0.22854810733598613,RFS,OOD,GSE19783,MTLR,43
7.6,0.25811327248788574,0.2314049586776859,RFS,OOD,GSE19783,MTLR,43
7.8,0.26720153826331583,0.23650647893072133,RFS,OOD,GSE19783,MTLR,43
8.0,0.2772549427093409,0.23878683014204904,RFS,OOD,GSE19783,MTLR,43
8.2,0.2772549427093409,0.23878683014204904,RFS,OOD,GSE19783,MTLR,43
8.4,0.27732275769228637,0.23878683014204902,RFS,OOD,GSE19783,MTLR,43
8.6,0.29020872055401326,0.24096117195592232,RFS,OOD,GSE19783,MTLR,43
8.8,0.29372318107642836,0.24096117195592232,RFS,OOD,GSE19783,MTLR,43
9.0,0.2887998522026005,0.2449896157746651,RFS,OOD,GSE19783,MTLR,43
9.2,0.31463007737675885,0.2467288497101015,RFS,OOD,GSE19783,MTLR,43
9.4,0.3021664828651172,0.2467288497101016,RFS,OOD,GSE19783,MTLR,43
1.6,0.0486079362212922,0.0479542903785328,RFS,OOD,GSE19783,MTLR,44
1.8,0.07627887116814229,0.07427813488419549,RFS,OOD,GSE19783,MTLR,44
2.0,0.09497331048779141,0.09080706050403022,RFS,OOD,GSE19783,MTLR,44
2.2,0.09497331048779141,0.09080706050403022,RFS,OOD,GSE19783,MTLR,44
2.4,0.12328200790893276,0.11406999285787162,RFS,OOD,GSE19783,MTLR,44
2.6,0.13181822389339284,0.12141618202224264,RFS,OOD,GSE19783,MTLR,44
2.8,0.16055769431746694,0.1422303846546271,RFS,OOD,GSE19783,MTLR,44
3.0,0.1789569124336107,0.15508621569227632,RFS,OOD,GSE19783,MTLR,44
3.2,0.15290843326167128,0.15508621569227632,RFS,OOD,GSE19783,MTLR,44
3.4,0.15290843326167128,0.15508621569227632,RFS,OOD,GSE19783,MTLR,44
3.6,0.16167778167592858,0.16120803999591873,RFS,OOD,GSE19783,MTLR,44
3.8,0.16167778167592858,0.16120803999591873,RFS,OOD,GSE19783,MTLR,44
4.0,0.1714386238547357,0.16712580348943984,RFS,OOD,GSE19783,MTLR,44
4.2,0.17185956028507918,0.1728395061728395,RFS,OOD,GSE19783,MTLR,44
4.4,0.1890650490872858,0.1836547291092745,RFS,OOD,GSE19783,MTLR,44
4.6,0.21114778488104494,0.19834710743801656,RFS,OOD,GSE19783,MTLR,44
4.8,0.21114778488104494,0.19834710743801656,RFS,OOD,GSE19783,MTLR,44
5.0,0.22031661807419778,0.20283644526068764,RFS,OOD,GSE19783,MTLR,44
5.2,0.22031661807419778,0.20283644526068764,RFS,OOD,GSE19783,MTLR,44
5.4,0.22550373697052803,0.20712172227323739,RFS,OOD,GSE19783,MTLR,44
5.6,0.22550373697052803,0.20712172227323739,RFS,OOD,GSE19783,MTLR,44
5.8,0.22550373697052803,0.20712172227323739,RFS,OOD,GSE19783,MTLR,44
6.0,0.22550373697052803,0.20712172227323739,RFS,OOD,GSE19783,MTLR,44
6.2,0.23485094218074173,0.21120293847566568,RFS,OOD,GSE19783,MTLR,44
6.4,0.21323848249361702,0.21120293847566568,RFS,OOD,GSE19783,MTLR,44
6.6,0.21323848249361702,0.21120293847566568,RFS,OOD,GSE19783,MTLR,44
6.8,0.24331370986498696,0.22548719518416488,RFS,OOD,GSE19783,MTLR,44
7.0,0.24175560350999417,0.22854810733598613,RFS,OOD,GSE19783,MTLR,44
7.2,0.24175560350999417,0.22854810733598613,RFS,OOD,GSE19783,MTLR,44
7.4,0.24175560350999417,0.22854810733598613,RFS,OOD,GSE19783,MTLR,44
7.6,0.24471542085689457,0.2314049586776859,RFS,OOD,GSE19783,MTLR,44
7.8,0.2571256581884776,0.23650647893072133,RFS,OOD,GSE19783,MTLR,44
8.0,0.26591909617181086,0.23878683014204904,RFS,OOD,GSE19783,MTLR,44
8.2,0.26591909617181086,0.23878683014204904,RFS,OOD,GSE19783,MTLR,44
8.4,0.26576792646700975,0.23878683014204902,RFS,OOD,GSE19783,MTLR,44
8.6,0.27629807063310385,0.24096117195592232,RFS,OOD,GSE19783,MTLR,44
8.8,0.2779085529270278,0.24096117195592232,RFS,OOD,GSE19783,MTLR,44
9.0,0.2962695107306286,0.2449896157746651,RFS,OOD,GSE19783,MTLR,44
9.2,0.317753525671644,0.2467288497101015,RFS,OOD,GSE19783,MTLR,44
9.4,0.2965905021721802,0.2467288497101016,RFS,OOD,GSE19783,MTLR,44
1.6,0.050505050505050504,0.0479542903785328,RFS,OOD,GSE19783,PCHazard,40
1.8,0.08080808080808081,0.07427813488419549,RFS,OOD,GSE19783,PCHazard,40
2.0,0.10101010101010101,0.09080706050403022,RFS,OOD,GSE19783,PCHazard,40
2.2,0.10101010101010101,0.09080706050403022,RFS,OOD,GSE19783,PCHazard,40
2.4,0.13131313131313133,0.11406999285787162,RFS,OOD,GSE19783,PCHazard,40
2.6,0.1414141414141414,0.12141618202224264,RFS,OOD,GSE19783,PCHazard,40
2.8,0.1543988563370103,0.1422303846546271,RFS,OOD,GSE19783,PCHazard,40
3.0,0.1631156033512198,0.15508621569227632,RFS,OOD,GSE19783,PCHazard,40
3.2,0.1631156033512198,0.15508621569227632,RFS,OOD,GSE19783,PCHazard,40
3.4,0.1631156033512198,0.15508621569227632,RFS,OOD,GSE19783,PCHazard,40
3.6,0.17016864866257922,0.16120803999591873,RFS,OOD,GSE19783,PCHazard,40
3.8,0.17016864866257922,0.16120803999591873,RFS,OOD,GSE19783,PCHazard,40
4.0,0.17791226736763516,0.16712580348943984,RFS,OOD,GSE19783,PCHazard,40
4.2,0.173745217545454,0.1728395061728395,RFS,OOD,GSE19783,PCHazard,40
4.4,0.18888351852784258,0.1836547291092745,RFS,OOD,GSE19783,PCHazard,40
4.6,0.20989720227078965,0.19834710743801656,RFS,OOD,GSE19783,PCHazard,40
4.8,0.20989720227078965,0.19834710743801656,RFS,OOD,GSE19783,PCHazard,40
5.0,0.2143228820652553,0.20283644526068764,RFS,OOD,GSE19783,PCHazard,40
5.2,0.2143228820652553,0.20283644526068764,RFS,OOD,GSE19783,PCHazard,40
5.4,0.21735348203506138,0.20712172227323739,RFS,OOD,GSE19783,PCHazard,40
5.6,0.255640784420983,0.20712172227323739,RFS,OOD,GSE19783,PCHazard,40
5.8,0.255640784420983,0.20712172227323739,RFS,OOD,GSE19783,PCHazard,40
6.0,0.255640784420983,0.20712172227323739,RFS,OOD,GSE19783,PCHazard,40
6.2,0.25496555109541,0.21120293847566568,RFS,OOD,GSE19783,PCHazard,40
6.4,0.25496555109541,0.21120293847566568,RFS,OOD,GSE19783,PCHazard,40
6.6,0.25496555109541,0.21120293847566568,RFS,OOD,GSE19783,PCHazard,40
6.8,0.2568741168069035,0.22548719518416488,RFS,OOD,GSE19783,PCHazard,40
7.0,0.26127911920823615,0.22854810733598613,RFS,OOD,GSE19783,PCHazard,40
7.2,0.26127911920823615,0.22854810733598613,RFS,OOD,GSE19783,PCHazard,40
7.4,0.26127911920823615,0.22854810733598613,RFS,OOD,GSE19783,PCHazard,40
7.6,0.26374775936229444,0.2314049586776859,RFS,OOD,GSE19783,PCHazard,40
7.8,0.26771164043105394,0.23650647893072133,RFS,OOD,GSE19783,PCHazard,40
8.0,0.2709439159882886,0.23878683014204904,RFS,OOD,GSE19783,PCHazard,40
8.2,0.2709439159882886,0.23878683014204904,RFS,OOD,GSE19783,PCHazard,40
8.4,0.2916805443599066,0.23878683014204902,RFS,OOD,GSE19783,PCHazard,40
8.6,0.30069978518735896,0.24096117195592232,RFS,OOD,GSE19783,PCHazard,40
8.8,0.2941184332267738,0.24096117195592232,RFS,OOD,GSE19783,PCHazard,40
9.0,0.2897045341721146,0.2449896157746651,RFS,OOD,GSE19783,PCHazard,40
9.2,0.2998166575506778,0.2467288497101015,RFS,OOD,GSE19783,PCHazard,40
9.4,0.29865322970171626,0.2467288497101016,RFS,OOD,GSE19783,PCHazard,40
1.6,0.050505050505050504,0.0479542903785328,RFS,OOD,GSE19783,PCHazard,41
1.8,0.08080808080808081,0.07427813488419549,RFS,OOD,GSE19783,PCHazard,41
2.0,0.10101010101010101,0.09080706050403022,RFS,OOD,GSE19783,PCHazard,41
2.2,0.10101010101010101,0.09080706050403022,RFS,OOD,GSE19783,PCHazard,41
2.4,0.13131313131313133,0.11406999285787162,RFS,OOD,GSE19783,PCHazard,41
2.6,0.1414141414141414,0.12141618202224264,RFS,OOD,GSE19783,PCHazard,41
2.8,0.1717171717171717,0.1422303846546271,RFS,OOD,GSE19783,PCHazard,41
3.0,0.17843480613926477,0.15508621569227632,RFS,OOD,GSE19783,PCHazard,41
3.2,0.17843480613926477,0.15508621569227632,RFS,OOD,GSE19783,PCHazard,41
3.4,0.17843480613926477,0.15508621569227632,RFS,OOD,GSE19783,PCHazard,41
3.6,0.18716512735873794,0.16120803999591873,RFS,OOD,GSE19783,PCHazard,41
3.8,0.18716512735873794,0.16120803999591873,RFS,OOD,GSE19783,PCHazard,41
4.0,0.19599479446937373,0.16712580348943984,RFS,OOD,GSE19783,PCHazard,41
4.2,0.1948862793271834,0.1728395061728395,RFS,OOD,GSE19783,PCHazard,41
4.4,0.2106788562808016,0.1836547291092745,RFS,OOD,GSE19783,PCHazard,41
4.6,0.23354314383060074,0.19834710743801656,RFS,OOD,GSE19783,PCHazard,41
4.8,0.23354314383060074,0.19834710743801656,RFS,OOD,GSE19783,PCHazard,41
5.0,0.23641438626709643,0.20283644526068764,RFS,OOD,GSE19783,PCHazard,41
5.2,0.23641438626709643,0.20283644526068764,RFS,OOD,GSE19783,PCHazard,41
5.4,0.2291945785989307,0.20712172227323739,RFS,OOD,GSE19783,PCHazard,41
5.6,0.2291945785989307,0.20712172227323739,RFS,OOD,GSE19783,PCHazard,41
5.8,0.2291945785989307,0.20712172227323739,RFS,OOD,GSE19783,PCHazard,41
6.0,0.24113162246163244,0.20712172227323739,RFS,OOD,GSE19783,PCHazard,41
6.2,0.24828230138526822,0.21120293847566568,RFS,OOD,GSE19783,PCHazard,41
6.4,0.24828230138526822,0.21120293847566568,RFS,OOD,GSE19783,PCHazard,41
6.6,0.24828230138526822,0.21120293847566568,RFS,OOD,GSE19783,PCHazard,41
6.8,0.24610034120953242,0.22548719518416488,RFS,OOD,GSE19783,PCHazard,41
7.0,0.25277500901105227,0.22854810733598613,RFS,OOD,GSE19783,PCHazard,41
7.2,0.25277500901105227,0.22854810733598613,RFS,OOD,GSE19783,PCHazard,41
7.4,0.25277500901105227,0.22854810733598613,RFS,OOD,GSE19783,PCHazard,41
7.6,0.256624474448662,0.2314049586776859,RFS,OOD,GSE19783,PCHazard,41
7.8,0.25950475511674725,0.23650647893072133,RFS,OOD,GSE19783,PCHazard,41
8.0,0.2630237792240746,0.23878683014204904,RFS,OOD,GSE19783,PCHazard,41
8.2,0.2630237792240746,0.23878683014204904,RFS,OOD,GSE19783,PCHazard,41
8.4,0.2622196926574081,0.23878683014204902,RFS,OOD,GSE19783,PCHazard,41
8.6,0.2741345557366681,0.24096117195592232,RFS,OOD,GSE19783,PCHazard,41
8.8,0.28131812551442026,0.24096117195592232,RFS,OOD,GSE19783,PCHazard,41
9.0,0.2887744630542433,0.2449896157746651,RFS,OOD,GSE19783,PCHazard,41
9.2,0.3252753063116898,0.2467288497101015,RFS,OOD,GSE19783,PCHazard,41
9.4,0.31697337502986256,0.2467288497101016,RFS,OOD,GSE19783,PCHazard,41
1.6,0.050505050505050504,0.0479542903785328,RFS,OOD,GSE19783,PCHazard,42
1.8,0.08080808080808081,0.07427813488419549,RFS,OOD,GSE19783,PCHazard,42
2.0,0.10101010101010101,0.09080706050403022,RFS,OOD,GSE19783,PCHazard,42
2.2,0.10101010101010101,0.09080706050403022,RFS,OOD,GSE19783,PCHazard,42
2.4,0.13131313131313133,0.11406999285787162,RFS,OOD,GSE19783,PCHazard,42
2.6,0.1414141414141414,0.12141618202224264,RFS,OOD,GSE19783,PCHazard,42
2.8,0.1717171717171717,0.1422303846546271,RFS,OOD,GSE19783,PCHazard,42
3.0,0.1468949805446284,0.15508621569227632,RFS,OOD,GSE19783,PCHazard,42
3.2,0.1468949805446284,0.15508621569227632,RFS,OOD,GSE19783,PCHazard,42
3.4,0.1468949805446284,0.15508621569227632,RFS,OOD,GSE19783,PCHazard,42
3.6,0.15500833589223287,0.16120803999591873,RFS,OOD,GSE19783,PCHazard,42
3.8,0.15500833589223287,0.16120803999591873,RFS,OOD,GSE19783,PCHazard,42
4.0,0.15909280016770858,0.16712580348943984,RFS,OOD,GSE19783,PCHazard,42
4.2,0.160826144178341,0.1728395061728395,RFS,OOD,GSE19783,PCHazard,42
4.4,0.17465107908958727,0.1836547291092745,RFS,OOD,GSE19783,PCHazard,42
4.6,0.19529312245375569,0.19834710743801656,RFS,OOD,GSE19783,PCHazard,42
4.8,0.19529312245375569,0.19834710743801656,RFS,OOD,GSE19783,PCHazard,42
5.0,0.20232943631987968,0.20283644526068764,RFS,OOD,GSE19783,PCHazard,42
5.2,0.20232943631987968,0.20283644526068764,RFS,OOD,GSE19783,PCHazard,42
5.4,0.20613557941587873,0.20712172227323739,RFS,OOD,GSE19783,PCHazard,42
5.6,0.20613557941587873,0.20712172227323739,RFS,OOD,GSE19783,PCHazard,42
5.8,0.20613557941587873,0.20712172227323739,RFS,OOD,GSE19783,PCHazard,42
6.0,0.19703355168078643,0.20712172227323739,RFS,OOD,GSE19783,PCHazard,42
6.2,0.20588597692851826,0.21120293847566568,RFS,OOD,GSE19783,PCHazard,42
6.4,0.20588597692851826,0.21120293847566568,RFS,OOD,GSE19783,PCHazard,42
6.6,0.20588597692851826,0.21120293847566568,RFS,OOD,GSE19783,PCHazard,42
6.8,0.2229081507426175,0.22548719518416488,RFS,OOD,GSE19783,PCHazard,42
7.0,0.21409993633704713,0.22854810733598613,RFS,OOD,GSE19783,PCHazard,42
7.2,0.21409993633704713,0.22854810733598613,RFS,OOD,GSE19783,PCHazard,42
7.4,0.21409993633704713,0.22854810733598613,RFS,OOD,GSE19783,PCHazard,42
7.6,0.22179299464958843,0.2314049586776859,RFS,OOD,GSE19783,PCHazard,42
7.8,0.2284640524566631,0.23650647893072133,RFS,OOD,GSE19783,PCHazard,42
8.0,0.23787616829624234,0.23878683014204904,RFS,OOD,GSE19783,PCHazard,42
8.2,0.23787616829624234,0.23878683014204904,RFS,OOD,GSE19783,PCHazard,42
8.4,0.23957423758986066,0.23878683014204902,RFS,OOD,GSE19783,PCHazard,42
8.6,0.25165818746444407,0.24096117195592232,RFS,OOD,GSE19783,PCHazard,42
8.8,0.25439118932841803,0.24096117195592232,RFS,OOD,GSE19783,PCHazard,42
9.0,0.23747945540383625,0.2449896157746651,RFS,OOD,GSE19783,PCHazard,42
9.2,0.26446682781936637,0.2467288497101015,RFS,OOD,GSE19783,PCHazard,42
9.4,0.2582368266882944,0.2467288497101016,RFS,OOD,GSE19783,PCHazard,42
1.6,0.050505050505050504,0.0479542903785328,RFS,OOD,GSE19783,PCHazard,43
1.8,0.08080808080808081,0.07427813488419549,RFS,OOD,GSE19783,PCHazard,43
2.0,0.10101010101010101,0.09080706050403022,RFS,OOD,GSE19783,PCHazard,43
2.2,0.10101010101010101,0.09080706050403022,RFS,OOD,GSE19783,PCHazard,43
2.4,0.13131313131313133,0.11406999285787162,RFS,OOD,GSE19783,PCHazard,43
2.6,0.1414141414141414,0.12141618202224264,RFS,OOD,GSE19783,PCHazard,43
2.8,0.1717171717171717,0.1422303846546271,RFS,OOD,GSE19783,PCHazard,43
3.0,0.17168414181515076,0.15508621569227632,RFS,OOD,GSE19783,PCHazard,43
3.2,0.17168414181515076,0.15508621569227632,RFS,OOD,GSE19783,PCHazard,43
3.4,0.17168414181515076,0.15508621569227632,RFS,OOD,GSE19783,PCHazard,43
3.6,0.17684008085952518,0.16120803999591873,RFS,OOD,GSE19783,PCHazard,43
3.8,0.17684008085952518,0.16120803999591873,RFS,OOD,GSE19783,PCHazard,43
4.0,0.1793852545816093,0.16712580348943984,RFS,OOD,GSE19783,PCHazard,43
4.2,0.18231432676901374,0.1728395061728395,RFS,OOD,GSE19783,PCHazard,43
4.4,0.19302864458207786,0.1836547291092745,RFS,OOD,GSE19783,PCHazard,43
4.6,0.21273410992774955,0.19834710743801656,RFS,OOD,GSE19783,PCHazard,43
4.8,0.21273410992774955,0.19834710743801656,RFS,OOD,GSE19783,PCHazard,43
5.0,0.2186480924154377,0.20283644526068764,RFS,OOD,GSE19783,PCHazard,43
5.2,0.2186480924154377,0.20283644526068764,RFS,OOD,GSE19783,PCHazard,43
5.4,0.22217084974335555,0.20712172227323739,RFS,OOD,GSE19783,PCHazard,43
5.6,0.22217084974335555,0.20712172227323739,RFS,OOD,GSE19783,PCHazard,43
5.8,0.22217084974335555,0.20712172227323739,RFS,OOD,GSE19783,PCHazard,43
6.0,0.2471533678067203,0.20712172227323739,RFS,OOD,GSE19783,PCHazard,43
6.2,0.2524537331198553,0.21120293847566568,RFS,OOD,GSE19783,PCHazard,43
6.4,0.2524537331198553,0.21120293847566568,RFS,OOD,GSE19783,PCHazard,43
6.6,0.2524537331198553,0.21120293847566568,RFS,OOD,GSE19783,PCHazard,43
6.8,0.2520385826156723,0.22548719518416488,RFS,OOD,GSE19783,PCHazard,43
7.0,0.24827987036730362,0.22854810733598613,RFS,OOD,GSE19783,PCHazard,43
7.2,0.24827987036730362,0.22854810733598613,RFS,OOD,GSE19783,PCHazard,43
7.4,0.24827987036730362,0.22854810733598613,RFS,OOD,GSE19783,PCHazard,43
7.6,0.2547877065742985,0.2314049586776859,RFS,OOD,GSE19783,PCHazard,43
7.8,0.25618521754598433,0.23650647893072133,RFS,OOD,GSE19783,PCHazard,43
8.0,0.26315401775710673,0.23878683014204904,RFS,OOD,GSE19783,PCHazard,43
8.2,0.26315401775710673,0.23878683014204904,RFS,OOD,GSE19783,PCHazard,43
8.4,0.2629142119057332,0.23878683014204902,RFS,OOD,GSE19783,PCHazard,43
8.6,0.2734909584586282,0.24096117195592232,RFS,OOD,GSE19783,PCHazard,43
8.8,0.27313796982031296,0.24096117195592232,RFS,OOD,GSE19783,PCHazard,43
9.0,0.2793904237857686,0.2449896157746651,RFS,OOD,GSE19783,PCHazard,43
9.2,0.3055737542033333,0.2467288497101015,RFS,OOD,GSE19783,PCHazard,43
9.4,0.3041019110656976,0.2467288497101016,RFS,OOD,GSE19783,PCHazard,43
1.6,0.050505050505050504,0.0479542903785328,RFS,OOD,GSE19783,PCHazard,44
1.8,0.08080808080808081,0.07427813488419549,RFS,OOD,GSE19783,PCHazard,44
2.0,0.10101010101010101,0.09080706050403022,RFS,OOD,GSE19783,PCHazard,44
2.2,0.10101010101010101,0.09080706050403022,RFS,OOD,GSE19783,PCHazard,44
2.4,0.13131313131313133,0.11406999285787162,RFS,OOD,GSE19783,PCHazard,44
2.6,0.1414141414141414,0.12141618202224264,RFS,OOD,GSE19783,PCHazard,44
2.8,0.15244721655898033,0.1422303846546271,RFS,OOD,GSE19783,PCHazard,44
3.0,0.1606446842955039,0.15508621569227632,RFS,OOD,GSE19783,PCHazard,44
3.2,0.1606446842955039,0.15508621569227632,RFS,OOD,GSE19783,PCHazard,44
3.4,0.1606446842955039,0.15508621569227632,RFS,OOD,GSE19783,PCHazard,44
3.6,0.16935975635898848,0.16120803999591873,RFS,OOD,GSE19783,PCHazard,44
3.8,0.16935975635898848,0.16120803999591873,RFS,OOD,GSE19783,PCHazard,44
4.0,0.17712746497360757,0.16712580348943984,RFS,OOD,GSE19783,PCHazard,44
4.2,0.17782849868142858,0.1728395061728395,RFS,OOD,GSE19783,PCHazard,44
4.4,0.191351047790454,0.1836547291092745,RFS,OOD,GSE19783,PCHazard,44
4.6,0.20729930244315165,0.19834710743801656,RFS,OOD,GSE19783,PCHazard,44
4.8,0.20729930244315165,0.19834710743801656,RFS,OOD,GSE19783,PCHazard,44
5.0,0.21430241351180015,0.20283644526068764,RFS,OOD,GSE19783,PCHazard,44
5.2,0.21430241351180015,0.20283644526068764,RFS,OOD,GSE19783,PCHazard,44
5.4,0.2182897583403191,0.20712172227323739,RFS,OOD,GSE19783,PCHazard,44
5.6,0.20397209630563398,0.20712172227323739,RFS,OOD,GSE19783,PCHazard,44
5.8,0.20397209630563398,0.20712172227323739,RFS,OOD,GSE19783,PCHazard,44
6.0,0.20397209630563398,0.20712172227323739,RFS,OOD,GSE19783,PCHazard,44
6.2,0.2107725142538848,0.21120293847566568,RFS,OOD,GSE19783,PCHazard,44
6.4,0.2107725142538848,0.21120293847566568,RFS,OOD,GSE19783,PCHazard,44
6.6,0.2107725142538848,0.21120293847566568,RFS,OOD,GSE19783,PCHazard,44
6.8,0.22863330494969175,0.22548719518416488,RFS,OOD,GSE19783,PCHazard,44
7.0,0.2289255567581665,0.22854810733598613,RFS,OOD,GSE19783,PCHazard,44
7.2,0.2289255567581665,0.22854810733598613,RFS,OOD,GSE19783,PCHazard,44
7.4,0.2289255567581665,0.22854810733598613,RFS,OOD,GSE19783,PCHazard,44
7.6,0.23494834120318742,0.2314049586776859,RFS,OOD,GSE19783,PCHazard,44
7.8,0.24280709440753312,0.23650647893072133,RFS,OOD,GSE19783,PCHazard,44
8.0,0.25121905860060517,0.23878683014204904,RFS,OOD,GSE19783,PCHazard,44
8.2,0.25121905860060517,0.23878683014204904,RFS,OOD,GSE19783,PCHazard,44
8.4,0.23820035561076103,0.23878683014204902,RFS,OOD,GSE19783,PCHazard,44
8.6,0.24423659916070245,0.24096117195592232,RFS,OOD,GSE19783,PCHazard,44
8.8,0.2459799881393404,0.24096117195592232,RFS,OOD,GSE19783,PCHazard,44
9.0,0.2481890551859047,0.2449896157746651,RFS,OOD,GSE19783,PCHazard,44
9.2,0.2726354243283872,0.2467288497101015,RFS,OOD,GSE19783,PCHazard,44
9.4,0.28099554972789287,0.2467288497101016,RFS,OOD,GSE19783,PCHazard,44
1.6,0.04839128346298288,0.0479542903785328,RFS,OOD,GSE19783,PMF,40
1.8,0.07587588224892272,0.07427813488419549,RFS,OOD,GSE19783,PMF,40
2.0,0.0936361963715177,0.09080706050403022,RFS,OOD,GSE19783,PMF,40
2.2,0.0936361963715177,0.09080706050403022,RFS,OOD,GSE19783,PMF,40
2.4,0.12108282519253426,0.11406999285787162,RFS,OOD,GSE19783,PMF,40
2.6,0.13028111030501158,0.12141618202224264,RFS,OOD,GSE19783,PMF,40
2.8,0.15760042842132485,0.1422303846546271,RFS,OOD,GSE19783,PMF,40
3.0,0.17520595349590795,0.15508621569227632,RFS,OOD,GSE19783,PMF,40
3.2,0.16034913085810168,0.15508621569227632,RFS,OOD,GSE19783,PMF,40
3.4,0.16034913085810168,0.15508621569227632,RFS,OOD,GSE19783,PMF,40
3.6,0.1682535436286138,0.16120803999591873,RFS,OOD,GSE19783,PMF,40
3.8,0.1682535436286138,0.16120803999591873,RFS,OOD,GSE19783,PMF,40
4.0,0.1759454062358569,0.16712580348943984,RFS,OOD,GSE19783,PMF,40
4.2,0.17533643822359624,0.1728395061728395,RFS,OOD,GSE19783,PMF,40
4.4,0.19168795863669633,0.1836547291092745,RFS,OOD,GSE19783,PMF,40
4.6,0.2111476902877713,0.19834710743801656,RFS,OOD,GSE19783,PMF,40
4.8,0.2111476902877713,0.19834710743801656,RFS,OOD,GSE19783,PMF,40
5.0,0.2179981713210965,0.20283644526068764,RFS,OOD,GSE19783,PMF,40
5.2,0.2179981713210965,0.20283644526068764,RFS,OOD,GSE19783,PMF,40
5.4,0.21562936112016445,0.20712172227323739,RFS,OOD,GSE19783,PMF,40
5.6,0.21562936112016445,0.20712172227323739,RFS,OOD,GSE19783,PMF,40
5.8,0.21562936112016445,0.20712172227323739,RFS,OOD,GSE19783,PMF,40
6.0,0.21562936112016445,0.20712172227323739,RFS,OOD,GSE19783,PMF,40
6.2,0.2245275097531773,0.21120293847566568,RFS,OOD,GSE19783,PMF,40
6.4,0.20107882337618516,0.21120293847566568,RFS,OOD,GSE19783,PMF,40
6.6,0.20107882337618516,0.21120293847566568,RFS,OOD,GSE19783,PMF,40
6.8,0.22413538828522428,0.22548719518416488,RFS,OOD,GSE19783,PMF,40
7.0,0.22640291634713922,0.22854810733598613,RFS,OOD,GSE19783,PMF,40
7.2,0.22640291634713922,0.22854810733598613,RFS,OOD,GSE19783,PMF,40
7.4,0.22640291634713922,0.22854810733598613,RFS,OOD,GSE19783,PMF,40
7.6,0.23226149421027373,0.2314049586776859,RFS,OOD,GSE19783,PMF,40
7.8,0.246186278340794,0.23650647893072133,RFS,OOD,GSE19783,PMF,40
8.0,0.25489285416722096,0.23878683014204904,RFS,OOD,GSE19783,PMF,40
8.2,0.25489285416722096,0.23878683014204904,RFS,OOD,GSE19783,PMF,40
8.4,0.25588161239036467,0.23878683014204902,RFS,OOD,GSE19783,PMF,40
8.6,0.26584817967002095,0.24096117195592232,RFS,OOD,GSE19783,PMF,40
8.8,0.2684769431692606,0.24096117195592232,RFS,OOD,GSE19783,PMF,40
9.0,0.27472857267555695,0.2449896157746651,RFS,OOD,GSE19783,PMF,40
9.2,0.2957583244640658,0.2467288497101015,RFS,OOD,GSE19783,PMF,40
9.4,0.2844719685698769,0.2467288497101016,RFS,OOD,GSE19783,PMF,40
1.6,0.047542059461762105,0.0479542903785328,RFS,OOD,GSE19783,PMF,41
1.8,0.07576035048432292,0.07427813488419549,RFS,OOD,GSE19783,PMF,41
2.0,0.09395110286053253,0.09080706050403022,RFS,OOD,GSE19783,PMF,41
2.2,0.09395110286053253,0.09080706050403022,RFS,OOD,GSE19783,PMF,41
2.4,0.12137631976653099,0.11406999285787162,RFS,OOD,GSE19783,PMF,41
2.6,0.13122784890719605,0.12141618202224264,RFS,OOD,GSE19783,PMF,41
2.8,0.15780329383190703,0.1422303846546271,RFS,OOD,GSE19783,PMF,41
3.0,0.17651908004332542,0.15508621569227632,RFS,OOD,GSE19783,PMF,41
3.2,0.17651908004332542,0.15508621569227632,RFS,OOD,GSE19783,PMF,41
3.4,0.15936903543589642,0.15508621569227632,RFS,OOD,GSE19783,PMF,41
3.6,0.16884868216680105,0.16120803999591873,RFS,OOD,GSE19783,PMF,41
3.8,0.16884868216680105,0.16120803999591873,RFS,OOD,GSE19783,PMF,41
4.0,0.17697645220536726,0.16712580348943984,RFS,OOD,GSE19783,PMF,41
4.2,0.18268133196610944,0.1728395061728395,RFS,OOD,GSE19783,PMF,41
4.4,0.2003232303236164,0.1836547291092745,RFS,OOD,GSE19783,PMF,41
4.6,0.2242600968334104,0.19834710743801656,RFS,OOD,GSE19783,PMF,41
4.8,0.2242600968334104,0.19834710743801656,RFS,OOD,GSE19783,PMF,41
5.0,0.22988812152228522,0.20283644526068764,RFS,OOD,GSE19783,PMF,41
5.2,0.22988812152228522,0.20283644526068764,RFS,OOD,GSE19783,PMF,41
5.4,0.22814847507305167,0.20712172227323739,RFS,OOD,GSE19783,PMF,41
5.6,0.22814847507305167,0.20712172227323739,RFS,OOD,GSE19783,PMF,41
5.8,0.22814847507305167,0.20712172227323739,RFS,OOD,GSE19783,PMF,41
6.0,0.22814847507305167,0.20712172227323739,RFS,OOD,GSE19783,PMF,41
6.2,0.23670403306577492,0.21120293847566568,RFS,OOD,GSE19783,PMF,41
6.4,0.23670403306577492,0.21120293847566568,RFS,OOD,GSE19783,PMF,41
6.6,0.22452190470869493,0.21120293847566568,RFS,OOD,GSE19783,PMF,41
6.8,0.24212947079081126,0.22548719518416488,RFS,OOD,GSE19783,PMF,41
7.0,0.24836533883056858,0.22854810733598613,RFS,OOD,GSE19783,PMF,41
7.2,0.24836533883056858,0.22854810733598613,RFS,OOD,GSE19783,PMF,41
7.4,0.24836533883056858,0.22854810733598613,RFS,OOD,GSE19783,PMF,41
7.6,0.25224393227539277,0.2314049586776859,RFS,OOD,GSE19783,PMF,41
7.8,0.2577278618324224,0.23650647893072133,RFS,OOD,GSE19783,PMF,41
8.0,0.26438462168949195,0.23878683014204904,RFS,OOD,GSE19783,PMF,41
8.2,0.26438462168949195,0.23878683014204904,RFS,OOD,GSE19783,PMF,41
8.4,0.26188133831784227,0.23878683014204902,RFS,OOD,GSE19783,PMF,41
8.6,0.2716354189472759,0.24096117195592232,RFS,OOD,GSE19783,PMF,41
8.8,0.27389577963464495,0.24096117195592232,RFS,OOD,GSE19783,PMF,41
9.0,0.28305655251655176,0.2449896157746651,RFS,OOD,GSE19783,PMF,41
9.2,0.29731087699337716,0.2467288497101015,RFS,OOD,GSE19783,PMF,41
9.4,0.297525822306952,0.2467288497101016,RFS,OOD,GSE19783,PMF,41
1.6,0.047663801206813836,0.0479542903785328,RFS,OOD,GSE19783,PMF,42
1.8,0.07471846747551895,0.07427813488419549,RFS,OOD,GSE19783,PMF,42
2.0,0.09239386123512121,0.09080706050403022,RFS,OOD,GSE19783,PMF,42
2.2,0.09239386123512121,0.09080706050403022,RFS,OOD,GSE19783,PMF,42
2.4,0.11922852856616172,0.11406999285787162,RFS,OOD,GSE19783,PMF,42
2.6,0.1287041282018928,0.12141618202224264,RFS,OOD,GSE19783,PMF,42
2.8,0.15573960899978567,0.1422303846546271,RFS,OOD,GSE19783,PMF,42
3.0,0.17332017477988587,0.15508621569227632,RFS,OOD,GSE19783,PMF,42
3.2,0.17332017477988587,0.15508621569227632,RFS,OOD,GSE19783,PMF,42
3.4,0.15375501407388267,0.15508621569227632,RFS,OOD,GSE19783,PMF,42
3.6,0.16247402365632513,0.16120803999591873,RFS,OOD,GSE19783,PMF,42
3.8,0.16247402365632513,0.16120803999591873,RFS,OOD,GSE19783,PMF,42
4.0,0.17051384975082728,0.16712580348943984,RFS,OOD,GSE19783,PMF,42
4.2,0.1735125473881348,0.1728395061728395,RFS,OOD,GSE19783,PMF,42
4.4,0.18805108114797442,0.1836547291092745,RFS,OOD,GSE19783,PMF,42
4.6,0.2081372214916116,0.19834710743801656,RFS,OOD,GSE19783,PMF,42
4.8,0.2081372214916116,0.19834710743801656,RFS,OOD,GSE19783,PMF,42
5.0,0.21667447543978471,0.20283644526068764,RFS,OOD,GSE19783,PMF,42
5.2,0.21667447543978471,0.20283644526068764,RFS,OOD,GSE19783,PMF,42
5.4,0.21812975595566741,0.20712172227323739,RFS,OOD,GSE19783,PMF,42
5.6,0.21812975595566741,0.20712172227323739,RFS,OOD,GSE19783,PMF,42
5.8,0.21812975595566741,0.20712172227323739,RFS,OOD,GSE19783,PMF,42
6.0,0.21812975595566741,0.20712172227323739,RFS,OOD,GSE19783,PMF,42
6.2,0.2269017498528454,0.21120293847566568,RFS,OOD,GSE19783,PMF,42
6.4,0.2269017498528454,0.21120293847566568,RFS,OOD,GSE19783,PMF,42
6.6,0.208894857272208,0.21120293847566568,RFS,OOD,GSE19783,PMF,42
6.8,0.23619334868274278,0.22548719518416488,RFS,OOD,GSE19783,PMF,42
7.0,0.23550052596628993,0.22854810733598613,RFS,OOD,GSE19783,PMF,42
7.2,0.23550052596628993,0.22854810733598613,RFS,OOD,GSE19783,PMF,42
7.4,0.23550052596628993,0.22854810733598613,RFS,OOD,GSE19783,PMF,42
7.6,0.24389627487536358,0.2314049586776859,RFS,OOD,GSE19783,PMF,42
7.8,0.25259806774647275,0.23650647893072133,RFS,OOD,GSE19783,PMF,42
8.0,0.2603411732803433,0.23878683014204904,RFS,OOD,GSE19783,PMF,42
8.2,0.2603411732803433,0.23878683014204904,RFS,OOD,GSE19783,PMF,42
8.4,0.2597131114331358,0.23878683014204902,RFS,OOD,GSE19783,PMF,42
8.6,0.27080413554817584,0.24096117195592232,RFS,OOD,GSE19783,PMF,42
8.8,0.27437995614259,0.24096117195592232,RFS,OOD,GSE19783,PMF,42
9.0,0.27780452324190563,0.2449896157746651,RFS,OOD,GSE19783,PMF,42
9.2,0.29443093491711203,0.2467288497101015,RFS,OOD,GSE19783,PMF,42
9.4,0.2873109120175044,0.2467288497101016,RFS,OOD,GSE19783,PMF,42
1.6,0.04686710814072316,0.0479542903785328,RFS,OOD,GSE19783,PMF,43
1.8,0.073198128264754,0.07427813488419549,RFS,OOD,GSE19783,PMF,43
2.0,0.0910866381307171,0.09080706050403022,RFS,OOD,GSE19783,PMF,43
2.2,0.0910866381307171,0.09080706050403022,RFS,OOD,GSE19783,PMF,43
2.4,0.118565092219641,0.11406999285787162,RFS,OOD,GSE19783,PMF,43
2.6,0.12785726127037786,0.12141618202224264,RFS,OOD,GSE19783,PMF,43
2.8,0.1550216157392148,0.1422303846546271,RFS,OOD,GSE19783,PMF,43
3.0,0.1740994441754016,0.15508621569227632,RFS,OOD,GSE19783,PMF,43
3.2,0.1740994441754016,0.15508621569227632,RFS,OOD,GSE19783,PMF,43
3.4,0.15325352129677156,0.15508621569227632,RFS,OOD,GSE19783,PMF,43
3.6,0.1615751629683087,0.16120803999591873,RFS,OOD,GSE19783,PMF,43
3.8,0.1615751629683087,0.16120803999591873,RFS,OOD,GSE19783,PMF,43
4.0,0.17024862858147158,0.16712580348943984,RFS,OOD,GSE19783,PMF,43
4.2,0.1675607107661572,0.1728395061728395,RFS,OOD,GSE19783,PMF,43
4.4,0.18191585488156664,0.1836547291092745,RFS,OOD,GSE19783,PMF,43
4.6,0.20136851706053097,0.19834710743801656,RFS,OOD,GSE19783,PMF,43
4.8,0.20136851706053097,0.19834710743801656,RFS,OOD,GSE19783,PMF,43
5.0,0.21019944489971382,0.20283644526068764,RFS,OOD,GSE19783,PMF,43
5.2,0.21019944489971382,0.20283644526068764,RFS,OOD,GSE19783,PMF,43
5.4,0.20467460969848894,0.20712172227323739,RFS,OOD,GSE19783,PMF,43
5.6,0.20467460969848894,0.20712172227323739,RFS,OOD,GSE19783,PMF,43
5.8,0.20467460969848894,0.20712172227323739,RFS,OOD,GSE19783,PMF,43
6.0,0.20467460969848894,0.20712172227323739,RFS,OOD,GSE19783,PMF,43
6.2,0.213165694731713,0.21120293847566568,RFS,OOD,GSE19783,PMF,43
6.4,0.213165694731713,0.21120293847566568,RFS,OOD,GSE19783,PMF,43
6.6,0.20507627098521522,0.21120293847566568,RFS,OOD,GSE19783,PMF,43
6.8,0.23105124426884807,0.22548719518416488,RFS,OOD,GSE19783,PMF,43
7.0,0.2331660291068213,0.22854810733598613,RFS,OOD,GSE19783,PMF,43
7.2,0.2331660291068213,0.22854810733598613,RFS,OOD,GSE19783,PMF,43
7.4,0.2331660291068213,0.22854810733598613,RFS,OOD,GSE19783,PMF,43
7.6,0.23929162253307296,0.2314049586776859,RFS,OOD,GSE19783,PMF,43
7.8,0.2531561806855511,0.23650647893072133,RFS,OOD,GSE19783,PMF,43
8.0,0.2617562376803268,0.23878683014204904,RFS,OOD,GSE19783,PMF,43
8.2,0.2617562376803268,0.23878683014204904,RFS,OOD,GSE19783,PMF,43
8.4,0.2629857366454714,0.23878683014204902,RFS,OOD,GSE19783,PMF,43
8.6,0.2728114484542008,0.24096117195592232,RFS,OOD,GSE19783,PMF,43
8.8,0.27551780846762985,0.24096117195592232,RFS,OOD,GSE19783,PMF,43
9.0,0.27632820165780647,0.2449896157746651,RFS,OOD,GSE19783,PMF,43
9.2,0.29393302826436385,0.2467288497101015,RFS,OOD,GSE19783,PMF,43
9.4,0.2877457597253641,0.2467288497101016,RFS,OOD,GSE19783,PMF,43
1.6,0.0493473103766913,0.0479542903785328,RFS,OOD,GSE19783,PMF,44
1.8,0.07624712257413571,0.07427813488419549,RFS,OOD,GSE19783,PMF,44
2.0,0.09500263919473317,0.09080706050403022,RFS,OOD,GSE19783,PMF,44
2.2,0.09500263919473317,0.09080706050403022,RFS,OOD,GSE19783,PMF,44
2.4,0.11974659473948426,0.11406999285787162,RFS,OOD,GSE19783,PMF,44
2.6,0.12818014623882212,0.12141618202224264,RFS,OOD,GSE19783,PMF,44
2.8,0.1549611982887865,0.1422303846546271,RFS,OOD,GSE19783,PMF,44
3.0,0.1708386052953296,0.15508621569227632,RFS,OOD,GSE19783,PMF,44
3.2,0.15105009713089068,0.15508621569227632,RFS,OOD,GSE19783,PMF,44
3.4,0.15105009713089068,0.15508621569227632,RFS,OOD,GSE19783,PMF,44
3.6,0.15949888333660628,0.16120803999591873,RFS,OOD,GSE19783,PMF,44
3.8,0.15949888333660628,0.16120803999591873,RFS,OOD,GSE19783,PMF,44
4.0,0.16748049556137778,0.16712580348943984,RFS,OOD,GSE19783,PMF,44
4.2,0.17042997300757745,0.1728395061728395,RFS,OOD,GSE19783,PMF,44
4.4,0.18725851842382182,0.1836547291092745,RFS,OOD,GSE19783,PMF,44
4.6,0.21011232037267744,0.19834710743801656,RFS,OOD,GSE19783,PMF,44
4.8,0.21011232037267744,0.19834710743801656,RFS,OOD,GSE19783,PMF,44
5.0,0.21885454927562906,0.20283644526068764,RFS,OOD,GSE19783,PMF,44
5.2,0.21885454927562906,0.20283644526068764,RFS,OOD,GSE19783,PMF,44
5.4,0.22211793368043764,0.20712172227323739,RFS,OOD,GSE19783,PMF,44
5.6,0.22211793368043764,0.20712172227323739,RFS,OOD,GSE19783,PMF,44
5.8,0.22211793368043764,0.20712172227323739,RFS,OOD,GSE19783,PMF,44
6.0,0.22211793368043764,0.20712172227323739,RFS,OOD,GSE19783,PMF,44
6.2,0.23080625108529063,0.21120293847566568,RFS,OOD,GSE19783,PMF,44
6.4,0.22116913784305417,0.21120293847566568,RFS,OOD,GSE19783,PMF,44
6.6,0.22116913784305417,0.21120293847566568,RFS,OOD,GSE19783,PMF,44
6.8,0.2476978322559792,0.22548719518416488,RFS,OOD,GSE19783,PMF,44
7.0,0.2511898070962397,0.22854810733598613,RFS,OOD,GSE19783,PMF,44
7.2,0.2511898070962397,0.22854810733598613,RFS,OOD,GSE19783,PMF,44
7.4,0.2511898070962397,0.22854810733598613,RFS,OOD,GSE19783,PMF,44
7.6,0.25719473543464694,0.2314049586776859,RFS,OOD,GSE19783,PMF,44
7.8,0.26517605023826174,0.23650647893072133,RFS,OOD,GSE19783,PMF,44
8.0,0.27330427566600024,0.23878683014204904,RFS,OOD,GSE19783,PMF,44
8.2,0.27330427566600024,0.23878683014204904,RFS,OOD,GSE19783,PMF,44
8.4,0.27160034959981166,0.23878683014204902,RFS,OOD,GSE19783,PMF,44
8.6,0.2803568772277008,0.24096117195592232,RFS,OOD,GSE19783,PMF,44
8.8,0.28345357455457676,0.24096117195592232,RFS,OOD,GSE19783,PMF,44
9.0,0.2969873034324673,0.2449896157746651,RFS,OOD,GSE19783,PMF,44
9.2,0.32099936838516496,0.2467288497101015,RFS,OOD,GSE19783,PMF,44
9.4,0.3014293247579777,0.2467288497101016,RFS,OOD,GSE19783,PMF,44
1.6,0.0480935661255062,0.0479542903785328,RFS,OOD,GSE19783,RSF,40
1.8,0.07537981200976361,0.07427813488419549,RFS,OOD,GSE19783,RSF,40
2.0,0.09230518994361003,0.09080706050403022,RFS,OOD,GSE19783,RSF,40
2.2,0.09124213224039181,0.09080706050403022,RFS,OOD,GSE19783,RSF,40
2.4,0.11559240943479464,0.11406999285787162,RFS,OOD,GSE19783,RSF,40
2.6,0.12157582690502525,0.12141618202224264,RFS,OOD,GSE19783,RSF,40
2.8,0.14425639911393712,0.1422303846546271,RFS,OOD,GSE19783,RSF,40
3.0,0.15656743103616616,0.15508621569227632,RFS,OOD,GSE19783,RSF,40
3.2,0.15450650187314918,0.15508621569227632,RFS,OOD,GSE19783,RSF,40
3.4,0.15314548110880682,0.15508621569227632,RFS,OOD,GSE19783,RSF,40
3.6,0.1590103117233262,0.16120803999591873,RFS,OOD,GSE19783,RSF,40
3.8,0.1592193577817593,0.16120803999591873,RFS,OOD,GSE19783,RSF,40
4.0,0.16496235826405822,0.16712580348943984,RFS,OOD,GSE19783,RSF,40
4.2,0.1700861804205042,0.1728395061728395,RFS,OOD,GSE19783,RSF,40
4.4,0.1816376777063154,0.1836547291092745,RFS,OOD,GSE19783,RSF,40
4.6,0.19640778332291,0.19834710743801656,RFS,OOD,GSE19783,RSF,40
4.8,0.19591302918183315,0.19834710743801656,RFS,OOD,GSE19783,RSF,40
5.0,0.20111259617126034,0.20283644526068764,RFS,OOD,GSE19783,RSF,40
5.2,0.20077274436212755,0.20283644526068764,RFS,OOD,GSE19783,RSF,40
5.4,0.20442478681410822,0.20712172227323739,RFS,OOD,GSE19783,RSF,40
5.6,0.20394283722244408,0.20712172227323739,RFS,OOD,GSE19783,RSF,40
5.8,0.2035818222553358,0.20712172227323739,RFS,OOD,GSE19783,RSF,40
6.0,0.20324927974303805,0.20712172227323739,RFS,OOD,GSE19783,RSF,40
6.2,0.20822803522325173,0.21120293847566568,RFS,OOD,GSE19783,RSF,40
6.4,0.2080146896370848,0.21120293847566568,RFS,OOD,GSE19783,RSF,40
6.6,0.208173680926535,0.21120293847566568,RFS,OOD,GSE19783,RSF,40
6.8,0.2220758027453603,0.22548719518416488,RFS,OOD,GSE19783,RSF,40
7.0,0.22508287876252378,0.22854810733598613,RFS,OOD,GSE19783,RSF,40
7.2,0.22342798834614516,0.22854810733598613,RFS,OOD,GSE19783,RSF,40
7.4,0.22300766960361737,0.22854810733598613,RFS,OOD,GSE19783,RSF,40
7.6,0.22527923624545151,0.2314049586776859,RFS,OOD,GSE19783,RSF,40
7.8,0.23236486131307335,0.23650647893072133,RFS,OOD,GSE19783,RSF,40
8.0,0.23638669748373742,0.23878683014204904,RFS,OOD,GSE19783,RSF,40
8.2,0.2362538607377736,0.23878683014204904,RFS,OOD,GSE19783,RSF,40
8.4,0.23498257217397475,0.23878683014204902,RFS,OOD,GSE19783,RSF,40
8.6,0.2393817414796102,0.24096117195592232,RFS,OOD,GSE19783,RSF,40
8.8,0.2400245444853806,0.24096117195592232,RFS,OOD,GSE19783,RSF,40
9.0,0.2444445828159787,0.2449896157746651,RFS,OOD,GSE19783,RSF,40
9.2,0.2550019362818965,0.2467288497101015,RFS,OOD,GSE19783,RSF,40
9.4,0.2527542696787299,0.2467288497101016,RFS,OOD,GSE19783,RSF,40
1.6,0.04781871243448558,0.0479542903785328,RFS,OOD,GSE19783,RSF,41
1.8,0.07360778885527015,0.07427813488419549,RFS,OOD,GSE19783,RSF,41
2.0,0.09010127458608055,0.09080706050403022,RFS,OOD,GSE19783,RSF,41
2.2,0.089864251501407,0.09080706050403022,RFS,OOD,GSE19783,RSF,41
2.4,0.11468795351039189,0.11406999285787162,RFS,OOD,GSE19783,RSF,41
2.6,0.1207085926540943,0.12141618202224264,RFS,OOD,GSE19783,RSF,41
2.8,0.14354479126544914,0.1422303846546271,RFS,OOD,GSE19783,RSF,41
3.0,0.1578718585205456,0.15508621569227632,RFS,OOD,GSE19783,RSF,41
3.2,0.15610442844243977,0.15508621569227632,RFS,OOD,GSE19783,RSF,41
3.4,0.15394908402993024,0.15508621569227632,RFS,OOD,GSE19783,RSF,41
3.6,0.15998215522309683,0.16120803999591873,RFS,OOD,GSE19783,RSF,41
3.8,0.1588187718852796,0.16120803999591873,RFS,OOD,GSE19783,RSF,41
4.0,0.16507249054562845,0.16712580348943984,RFS,OOD,GSE19783,RSF,41
4.2,0.1692831508441673,0.1728395061728395,RFS,OOD,GSE19783,RSF,41
4.4,0.18099565208008433,0.1836547291092745,RFS,OOD,GSE19783,RSF,41
4.6,0.19547639892946522,0.19834710743801656,RFS,OOD,GSE19783,RSF,41
4.8,0.19413987066689134,0.19834710743801656,RFS,OOD,GSE19783,RSF,41
5.0,0.1989780616206893,0.20283644526068764,RFS,OOD,GSE19783,RSF,41
5.2,0.1987550144870328,0.20283644526068764,RFS,OOD,GSE19783,RSF,41
5.4,0.2026080386823999,0.20712172227323739,RFS,OOD,GSE19783,RSF,41
5.6,0.20222902625744388,0.20712172227323739,RFS,OOD,GSE19783,RSF,41
5.8,0.20201135848455387,0.20712172227323739,RFS,OOD,GSE19783,RSF,41
6.0,0.20148786239629163,0.20712172227323739,RFS,OOD,GSE19783,RSF,41
6.2,0.20763919032406353,0.21120293847566568,RFS,OOD,GSE19783,RSF,41
6.4,0.20773846709427865,0.21120293847566568,RFS,OOD,GSE19783,RSF,41
6.6,0.2077358870137895,0.21120293847566568,RFS,OOD,GSE19783,RSF,41
6.8,0.21946014436723368,0.22548719518416488,RFS,OOD,GSE19783,RSF,41
7.0,0.22113969900517055,0.22854810733598613,RFS,OOD,GSE19783,RSF,41
7.2,0.22071721992422016,0.22854810733598613,RFS,OOD,GSE19783,RSF,41
7.4,0.22028504943801572,0.22854810733598613,RFS,OOD,GSE19783,RSF,41
7.6,0.2226448333339729,0.2314049586776859,RFS,OOD,GSE19783,RSF,41
7.8,0.22738150798145634,0.23650647893072133,RFS,OOD,GSE19783,RSF,41
8.0,0.23219614455077953,0.23878683014204904,RFS,OOD,GSE19783,RSF,41
8.2,0.23196012202518582,0.23878683014204904,RFS,OOD,GSE19783,RSF,41
8.4,0.2307696128500473,0.23878683014204902,RFS,OOD,GSE19783,RSF,41
8.6,0.23535081255273604,0.24096117195592232,RFS,OOD,GSE19783,RSF,41
8.8,0.23765298660883444,0.24096117195592232,RFS,OOD,GSE19783,RSF,41
9.0,0.24120124414651475,0.2449896157746651,RFS,OOD,GSE19783,RSF,41
9.2,0.25471033204950305,0.2467288497101015,RFS,OOD,GSE19783,RSF,41
9.4,0.25260282892059754,0.2467288497101016,RFS,OOD,GSE19783,RSF,41
1.6,0.046881595244600414,0.0479542903785328,RFS,OOD,GSE19783,RSF,42
1.8,0.07347745726386197,0.07427813488419549,RFS,OOD,GSE19783,RSF,42
2.0,0.08952370359568552,0.09080706050403022,RFS,OOD,GSE19783,RSF,42
2.2,0.08925971409243136,0.09080706050403022,RFS,OOD,GSE19783,RSF,42
2.4,0.11415639865256204,0.11406999285787162,RFS,OOD,GSE19783,RSF,42
2.6,0.119989593266441,0.12141618202224264,RFS,OOD,GSE19783,RSF,42
2.8,0.14294004198152685,0.1422303846546271,RFS,OOD,GSE19783,RSF,42
3.0,0.1557110395576139,0.15508621569227632,RFS,OOD,GSE19783,RSF,42
3.2,0.15407198409908524,0.15508621569227632,RFS,OOD,GSE19783,RSF,42
3.4,0.15144905388902385,0.15508621569227632,RFS,OOD,GSE19783,RSF,42
3.6,0.15703282493814844,0.16120803999591873,RFS,OOD,GSE19783,RSF,42
3.8,0.15638453390673235,0.16120803999591873,RFS,OOD,GSE19783,RSF,42
4.0,0.16283832619313862,0.16712580348943984,RFS,OOD,GSE19783,RSF,42
4.2,0.16630666946707323,0.1728395061728395,RFS,OOD,GSE19783,RSF,42
4.4,0.178403067669594,0.1836547291092745,RFS,OOD,GSE19783,RSF,42
4.6,0.19427842185852864,0.19834710743801656,RFS,OOD,GSE19783,RSF,42
4.8,0.1927049916342173,0.19834710743801656,RFS,OOD,GSE19783,RSF,42
5.0,0.1977026088185668,0.20283644526068764,RFS,OOD,GSE19783,RSF,42
5.2,0.19681383374581354,0.20283644526068764,RFS,OOD,GSE19783,RSF,42
5.4,0.2002835773277162,0.20712172227323739,RFS,OOD,GSE19783,RSF,42
5.6,0.20005055104741462,0.20712172227323739,RFS,OOD,GSE19783,RSF,42
5.8,0.19964488791924043,0.20712172227323739,RFS,OOD,GSE19783,RSF,42
6.0,0.19860263818458035,0.20712172227323739,RFS,OOD,GSE19783,RSF,42
6.2,0.20511203254127905,0.21120293847566568,RFS,OOD,GSE19783,RSF,42
6.4,0.2043065272286652,0.21120293847566568,RFS,OOD,GSE19783,RSF,42
6.6,0.20365569831429614,0.21120293847566568,RFS,OOD,GSE19783,RSF,42
6.8,0.22089588175085628,0.22548719518416488,RFS,OOD,GSE19783,RSF,42
7.0,0.224355457529281,0.22854810733598613,RFS,OOD,GSE19783,RSF,42
7.2,0.22250930481542042,0.22854810733598613,RFS,OOD,GSE19783,RSF,42
7.4,0.22038699435871495,0.22854810733598613,RFS,OOD,GSE19783,RSF,42
7.6,0.222781680288278,0.2314049586776859,RFS,OOD,GSE19783,RSF,42
7.8,0.2282501734260478,0.23650647893072133,RFS,OOD,GSE19783,RSF,42
8.0,0.23314656249616658,0.23878683014204904,RFS,OOD,GSE19783,RSF,42
8.2,0.23205398934303892,0.23878683014204904,RFS,OOD,GSE19783,RSF,42
8.4,0.22964313753607254,0.23878683014204902,RFS,OOD,GSE19783,RSF,42
8.6,0.23395516474161512,0.24096117195592232,RFS,OOD,GSE19783,RSF,42
8.8,0.2347136219060655,0.24096117195592232,RFS,OOD,GSE19783,RSF,42
9.0,0.24008162578981382,0.2449896157746651,RFS,OOD,GSE19783,RSF,42
9.2,0.25506953738590543,0.2467288497101015,RFS,OOD,GSE19783,RSF,42
9.4,0.2537974847684613,0.2467288497101016,RFS,OOD,GSE19783,RSF,42
1.6,0.04675645149124438,0.0479542903785328,RFS,OOD,GSE19783,RSF,43
1.8,0.0732594484083477,0.07427813488419549,RFS,OOD,GSE19783,RSF,43
2.0,0.0891047461506543,0.09080706050403022,RFS,OOD,GSE19783,RSF,43
2.2,0.08777430229167432,0.09080706050403022,RFS,OOD,GSE19783,RSF,43
2.4,0.11208400981491042,0.11406999285787162,RFS,OOD,GSE19783,RSF,43
2.6,0.11718022269032803,0.12141618202224264,RFS,OOD,GSE19783,RSF,43
2.8,0.1397434580996643,0.1422303846546271,RFS,OOD,GSE19783,RSF,43
3.0,0.15193305857770714,0.15508621569227632,RFS,OOD,GSE19783,RSF,43
3.2,0.14940572965676804,0.15508621569227632,RFS,OOD,GSE19783,RSF,43
3.4,0.147039594892095,0.15508621569227632,RFS,OOD,GSE19783,RSF,43
3.6,0.15381036468321785,0.16120803999591873,RFS,OOD,GSE19783,RSF,43
3.8,0.15307733592121153,0.16120803999591873,RFS,OOD,GSE19783,RSF,43
4.0,0.1599330211588388,0.16712580348943984,RFS,OOD,GSE19783,RSF,43
4.2,0.16385140650502417,0.1728395061728395,RFS,OOD,GSE19783,RSF,43
4.4,0.1750449957918495,0.1836547291092745,RFS,OOD,GSE19783,RSF,43
4.6,0.19068458370635688,0.19834710743801656,RFS,OOD,GSE19783,RSF,43
4.8,0.19018982987404168,0.19834710743801656,RFS,OOD,GSE19783,RSF,43
5.0,0.19679860142939315,0.20283644526068764,RFS,OOD,GSE19783,RSF,43
5.2,0.19636865929734468,0.20283644526068764,RFS,OOD,GSE19783,RSF,43
5.4,0.19842578421412044,0.20712172227323739,RFS,OOD,GSE19783,RSF,43
5.6,0.19786435900748442,0.20712172227323739,RFS,OOD,GSE19783,RSF,43
5.8,0.19771751624472242,0.20712172227323739,RFS,OOD,GSE19783,RSF,43
6.0,0.19742164731683565,0.20712172227323739,RFS,OOD,GSE19783,RSF,43
6.2,0.2039474328052108,0.21120293847566568,RFS,OOD,GSE19783,RSF,43
6.4,0.20396992040055736,0.21120293847566568,RFS,OOD,GSE19783,RSF,43
6.6,0.20411326526566034,0.21120293847566568,RFS,OOD,GSE19783,RSF,43
6.8,0.2202430587954909,0.22548719518416488,RFS,OOD,GSE19783,RSF,43
7.0,0.22191932197218342,0.22854810733598613,RFS,OOD,GSE19783,RSF,43
7.2,0.22066175655130207,0.22854810733598613,RFS,OOD,GSE19783,RSF,43
7.4,0.22051365889736815,0.22854810733598613,RFS,OOD,GSE19783,RSF,43
7.6,0.22328909062018898,0.2314049586776859,RFS,OOD,GSE19783,RSF,43
7.8,0.2282068576960408,0.23650647893072133,RFS,OOD,GSE19783,RSF,43
8.0,0.23275963602180122,0.23878683014204904,RFS,OOD,GSE19783,RSF,43
8.2,0.2326623569046902,0.23878683014204904,RFS,OOD,GSE19783,RSF,43
8.4,0.23103416305542307,0.23878683014204902,RFS,OOD,GSE19783,RSF,43
8.6,0.2382169870750816,0.24096117195592232,RFS,OOD,GSE19783,RSF,43
8.8,0.23964414240618173,0.24096117195592232,RFS,OOD,GSE19783,RSF,43
9.0,0.24364140921696814,0.2449896157746651,RFS,OOD,GSE19783,RSF,43
9.2,0.2599692427980183,0.2467288497101015,RFS,OOD,GSE19783,RSF,43
9.4,0.25572842572527543,0.2467288497101016,RFS,OOD,GSE19783,RSF,43
1.6,0.04765476615792862,0.0479542903785328,RFS,OOD,GSE19783,RSF,44
1.8,0.07471295624481673,0.07427813488419549,RFS,OOD,GSE19783,RSF,44
2.0,0.09145279908033216,0.09080706050403022,RFS,OOD,GSE19783,RSF,44
2.2,0.09032935499314818,0.09080706050403022,RFS,OOD,GSE19783,RSF,44
2.4,0.11563017493089758,0.11406999285787162,RFS,OOD,GSE19783,RSF,44
2.6,0.12289977735224482,0.12141618202224264,RFS,OOD,GSE19783,RSF,44
2.8,0.1454943101550127,0.1422303846546271,RFS,OOD,GSE19783,RSF,44
3.0,0.1546595526232843,0.15508621569227632,RFS,OOD,GSE19783,RSF,44
3.2,0.15222123183244946,0.15508621569227632,RFS,OOD,GSE19783,RSF,44
3.4,0.15139679266986086,0.15508621569227632,RFS,OOD,GSE19783,RSF,44
3.6,0.15634896679544133,0.16120803999591873,RFS,OOD,GSE19783,RSF,44
3.8,0.15618078318864018,0.16120803999591873,RFS,OOD,GSE19783,RSF,44
4.0,0.16254106549020322,0.16712580348943984,RFS,OOD,GSE19783,RSF,44
4.2,0.16691878531454488,0.1728395061728395,RFS,OOD,GSE19783,RSF,44
4.4,0.17679621749985913,0.1836547291092745,RFS,OOD,GSE19783,RSF,44
4.6,0.19089411513819582,0.19834710743801656,RFS,OOD,GSE19783,RSF,44
4.8,0.18986309901842083,0.19834710743801656,RFS,OOD,GSE19783,RSF,44
5.0,0.19592721958997433,0.20283644526068764,RFS,OOD,GSE19783,RSF,44
5.2,0.1951555188561833,0.20283644526068764,RFS,OOD,GSE19783,RSF,44
5.4,0.19812278371723493,0.20712172227323739,RFS,OOD,GSE19783,RSF,44
5.6,0.19752144087642995,0.20712172227323739,RFS,OOD,GSE19783,RSF,44
5.8,0.1968002393440055,0.20712172227323739,RFS,OOD,GSE19783,RSF,44
6.0,0.19613555105996963,0.20712172227323739,RFS,OOD,GSE19783,RSF,44
6.2,0.20176602983026004,0.21120293847566568,RFS,OOD,GSE19783,RSF,44
6.4,0.20083057292373346,0.21120293847566568,RFS,OOD,GSE19783,RSF,44
6.6,0.1997102085037772,0.21120293847566568,RFS,OOD,GSE19783,RSF,44
6.8,0.21559771602503153,0.22548719518416488,RFS,OOD,GSE19783,RSF,44
7.0,0.2185134691276592,0.22854810733598613,RFS,OOD,GSE19783,RSF,44
7.2,0.2166982555493006,0.22854810733598613,RFS,OOD,GSE19783,RSF,44
7.4,0.21613122787918987,0.22854810733598613,RFS,OOD,GSE19783,RSF,44
7.6,0.22090600075704164,0.2314049586776859,RFS,OOD,GSE19783,RSF,44
7.8,0.22589177148906778,0.23650647893072133,RFS,OOD,GSE19783,RSF,44
8.0,0.2300237774176132,0.23878683014204904,RFS,OOD,GSE19783,RSF,44
8.2,0.22879856599975254,0.23878683014204904,RFS,OOD,GSE19783,RSF,44
8.4,0.22673114793998633,0.23878683014204902,RFS,OOD,GSE19783,RSF,44
8.6,0.23171297690875828,0.24096117195592232,RFS,OOD,GSE19783,RSF,44
8.8,0.23249923741529274,0.24096117195592232,RFS,OOD,GSE19783,RSF,44
9.0,0.23850032262275775,0.2449896157746651,RFS,OOD,GSE19783,RSF,44
9.2,0.2515307187286622,0.2467288497101015,RFS,OOD,GSE19783,RSF,44
9.4,0.24876768131069568,0.2467288497101016,RFS,OOD,GSE19783,RSF,44
1.6,0.053574270357811885,0.054610375971434574,RFS,OOD,UK,TabSurv_M,40
1.8,0.06830590096713107,0.0713202175079932,RFS,OOD,UK,TabSurv_M,40
2.0,0.07598077516542276,0.0793950850661626,RFS,OOD,UK,TabSurv_M,40
2.2,0.07987539360899513,0.08336250554271978,RFS,OOD,UK,TabSurv_M,40
2.4,0.090150916401458,0.09498471376228151,RFS,OOD,UK,TabSurv_M,40
2.6,0.0997957650954142,0.10618684216667831,RFS,OOD,UK,TabSurv_M,40
2.8,0.1052916385198524,0.11342155009451795,RFS,OOD,UK,TabSurv_M,40
3.0,0.10980382063644552,0.11696889075591031,RFS,OOD,UK,TabSurv_M,40
3.2,0.11372201853043,0.12046955588228431,RFS,OOD,UK,TabSurv_M,40
3.4,0.12104035414971735,0.12733085952997739,RFS,OOD,UK,TabSurv_M,40
3.6,0.12893128813552407,0.13727274848887952,RFS,OOD,UK,TabSurv_M,40
3.8,0.13649252861614156,0.1467945576326169,RFS,OOD,UK,TabSurv_M,40
4.0,0.13979190094881624,0.149875142943826,RFS,OOD,UK,TabSurv_M,40
4.2,0.147669383706584,0.15883684566734346,RFS,OOD,UK,TabSurv_M,40
4.4,0.1587695812815027,0.17013232514177695,RFS,OOD,UK,TabSurv_M,40
4.6,0.1653928183641053,0.17811384162990967,RFS,OOD,UK,TabSurv_M,40
4.8,0.16685469729394242,0.1806809960559173,RFS,OOD,UK,TabSurv_M,40
5.0,0.1680584868831579,0.1806809960559173,RFS,OOD,UK,TabSurv_M,40
5.2,0.1735685706220128,0.18567527830287756,RFS,OOD,UK,TabSurv_M,40
5.4,0.17714529810537447,0.19048285840976456,RFS,OOD,UK,TabSurv_M,40
5.6,0.18048686855024726,0.19281663516068057,RFS,OOD,UK,TabSurv_M,40
5.8,0.18285158618889572,0.1951037363765782,RFS,OOD,UK,TabSurv_M,40
6.0,0.18711483925636252,0.19953791220331862,RFS,OOD,UK,TabSurv_M,40
6.2,0.18974899957800162,0.20378538588998574,RFS,OOD,UK,TabSurv_M,40
6.4,0.1911503205002524,0.20378538588998577,RFS,OOD,UK,TabSurv_M,40
6.6,0.19259935333034026,0.20378538588998577,RFS,OOD,UK,TabSurv_M,40
6.8,0.19511345880422487,0.2058529204989073,RFS,OOD,UK,TabSurv_M,40
7.0,0.19804219863162387,0.2078731423715134,RFS,OOD,UK,TabSurv_M,40
7.2,0.20330289634512183,0.21364993157143872,RFS,OOD,UK,TabSurv_M,40
7.4,0.20679846863271395,0.2190009061445246,RFS,OOD,UK,TabSurv_M,40
7.6,0.2082082975100729,0.2190009061445246,RFS,OOD,UK,TabSurv_M,40
7.8,0.20976281287433937,0.2190009061445246,RFS,OOD,UK,TabSurv_M,40
8.0,0.21144136225491394,0.2190009061445246,RFS,OOD,UK,TabSurv_M,40
8.2,0.21534056931960593,0.22392606609077134,RFS,OOD,UK,TabSurv_M,40
8.4,0.2192355020734658,0.2298305677106833,RFS,OOD,UK,TabSurv_M,40
8.6,0.22072738908866252,0.2298305677106833,RFS,OOD,UK,TabSurv_M,40
8.8,0.22239280438880554,0.2311884112748726,RFS,OOD,UK,TabSurv_M,40
9.0,0.22399088290822183,0.2311884112748726,RFS,OOD,UK,TabSurv_M,40
9.2,0.2257275066037126,0.2311884112748726,RFS,OOD,UK,TabSurv_M,40
9.4,0.22855501138591083,0.23249894210274646,RFS,OOD,UK,TabSurv_M,40
9.6,0.23049706331555353,0.23249894210274646,RFS,OOD,UK,TabSurv_M,40
9.8,0.2325646752609899,0.23249894210274646,RFS,OOD,UK,TabSurv_M,40
1.6,0.05274826628670465,0.054610375971434574,RFS,OOD,UK,TabSurv_M,41
1.8,0.06782041255590888,0.0713202175079932,RFS,OOD,UK,TabSurv_M,41
2.0,0.07517411287712376,0.0793950850661626,RFS,OOD,UK,TabSurv_M,41
2.2,0.07950734250169185,0.08336250554271978,RFS,OOD,UK,TabSurv_M,41
2.4,0.09014003450625332,0.09498471376228151,RFS,OOD,UK,TabSurv_M,41
2.6,0.0992985912848711,0.10618684216667831,RFS,OOD,UK,TabSurv_M,41
2.8,0.10493695622703669,0.11342155009451795,RFS,OOD,UK,TabSurv_M,41
3.0,0.10991020688136688,0.11696889075591031,RFS,OOD,UK,TabSurv_M,41
3.2,0.1130377760133779,0.12046955588228431,RFS,OOD,UK,TabSurv_M,41
3.4,0.11990628173331809,0.12733085952997739,RFS,OOD,UK,TabSurv_M,41
3.6,0.12760501044173977,0.13727274848887952,RFS,OOD,UK,TabSurv_M,41
3.8,0.13604794383825283,0.1467945576326169,RFS,OOD,UK,TabSurv_M,41
4.0,0.1393011469631074,0.149875142943826,RFS,OOD,UK,TabSurv_M,41
4.2,0.14753861285662334,0.15883684566734346,RFS,OOD,UK,TabSurv_M,41
4.4,0.15695641642056202,0.17013232514177695,RFS,OOD,UK,TabSurv_M,41
4.6,0.16352940998442245,0.17811384162990967,RFS,OOD,UK,TabSurv_M,41
4.8,0.16648474262683002,0.1806809960559173,RFS,OOD,UK,TabSurv_M,41
5.0,0.16827203116768577,0.1806809960559173,RFS,OOD,UK,TabSurv_M,41
5.2,0.17316990241709984,0.18567527830287756,RFS,OOD,UK,TabSurv_M,41
5.4,0.17701142540419826,0.19048285840976456,RFS,OOD,UK,TabSurv_M,41
5.6,0.1807774818086894,0.19281663516068057,RFS,OOD,UK,TabSurv_M,41
5.8,0.18316577694913264,0.1951037363765782,RFS,OOD,UK,TabSurv_M,41
6.0,0.18722730999347298,0.19953791220331862,RFS,OOD,UK,TabSurv_M,41
6.2,0.18996024378272447,0.20378538588998574,RFS,OOD,UK,TabSurv_M,41
6.4,0.19208732902675932,0.20378538588998577,RFS,OOD,UK,TabSurv_M,41
6.6,0.19430413743056446,0.20378538588998577,RFS,OOD,UK,TabSurv_M,41
6.8,0.19714507371274026,0.2058529204989073,RFS,OOD,UK,TabSurv_M,41
7.0,0.20006513997232472,0.2078731423715134,RFS,OOD,UK,TabSurv_M,41
7.2,0.20442346554948865,0.21364993157143872,RFS,OOD,UK,TabSurv_M,41
7.4,0.2080137071554537,0.2190009061445246,RFS,OOD,UK,TabSurv_M,41
7.6,0.2101734286858785,0.2190009061445246,RFS,OOD,UK,TabSurv_M,41
7.8,0.21245192228559578,0.2190009061445246,RFS,OOD,UK,TabSurv_M,41
8.0,0.2148271406717492,0.2190009061445246,RFS,OOD,UK,TabSurv_M,41
8.2,0.2189436289275447,0.22392606609077134,RFS,OOD,UK,TabSurv_M,41
8.4,0.22181332729707157,0.2298305677106833,RFS,OOD,UK,TabSurv_M,41
8.6,0.22388778987422275,0.2298305677106833,RFS,OOD,UK,TabSurv_M,41
8.8,0.22558576214978962,0.2311884112748726,RFS,OOD,UK,TabSurv_M,41
9.0,0.22771890956739457,0.2311884112748726,RFS,OOD,UK,TabSurv_M,41
9.2,0.22997774833703405,0.2311884112748726,RFS,OOD,UK,TabSurv_M,41
9.4,0.23239052341704222,0.23249894210274646,RFS,OOD,UK,TabSurv_M,41
9.6,0.23484252448107296,0.23249894210274646,RFS,OOD,UK,TabSurv_M,41
9.8,0.23740834894214366,0.23249894210274646,RFS,OOD,UK,TabSurv_M,41
1.6,0.053594968934765355,0.054610375971434574,RFS,OOD,UK,TabSurv_M,42
1.8,0.06857109474998425,0.0713202175079932,RFS,OOD,UK,TabSurv_M,42
2.0,0.07572654615453112,0.0793950850661626,RFS,OOD,UK,TabSurv_M,42
2.2,0.07984120144402702,0.08336250554271978,RFS,OOD,UK,TabSurv_M,42
2.4,0.0898306194286784,0.09498471376228151,RFS,OOD,UK,TabSurv_M,42
2.6,0.09868988650295356,0.10618684216667831,RFS,OOD,UK,TabSurv_M,42
2.8,0.10422595767368924,0.11342155009451795,RFS,OOD,UK,TabSurv_M,42
3.0,0.10813084755029498,0.11696889075591031,RFS,OOD,UK,TabSurv_M,42
3.2,0.11201498872341793,0.12046955588228431,RFS,OOD,UK,TabSurv_M,42
3.4,0.11861206175030824,0.12733085952997739,RFS,OOD,UK,TabSurv_M,42
3.6,0.12607623446928565,0.13727274848887952,RFS,OOD,UK,TabSurv_M,42
3.8,0.13397764524492795,0.1467945576326169,RFS,OOD,UK,TabSurv_M,42
4.0,0.13733140041797215,0.149875142943826,RFS,OOD,UK,TabSurv_M,42
4.2,0.14484726924036936,0.15883684566734346,RFS,OOD,UK,TabSurv_M,42
4.4,0.15456470675151576,0.17013232514177695,RFS,OOD,UK,TabSurv_M,42
4.6,0.1608433065862139,0.17811384162990967,RFS,OOD,UK,TabSurv_M,42
4.8,0.1625454716179034,0.1806809960559173,RFS,OOD,UK,TabSurv_M,42
5.0,0.16342055471778616,0.1806809960559173,RFS,OOD,UK,TabSurv_M,42
5.2,0.16865509238678192,0.18567527830287756,RFS,OOD,UK,TabSurv_M,42
5.4,0.17209067677506487,0.19048285840976456,RFS,OOD,UK,TabSurv_M,42
5.6,0.17515802133568764,0.19281663516068057,RFS,OOD,UK,TabSurv_M,42
5.8,0.17711058466587767,0.1951037363765782,RFS,OOD,UK,TabSurv_M,42
6.0,0.18133371533318643,0.19953791220331862,RFS,OOD,UK,TabSurv_M,42
6.2,0.1840949231994616,0.20378538588998574,RFS,OOD,UK,TabSurv_M,42
6.4,0.18520132069936293,0.20378538588998577,RFS,OOD,UK,TabSurv_M,42
6.6,0.18643088015650733,0.20378538588998577,RFS,OOD,UK,TabSurv_M,42
6.8,0.18910817682096612,0.2058529204989073,RFS,OOD,UK,TabSurv_M,42
7.0,0.19161680599250855,0.2078731423715134,RFS,OOD,UK,TabSurv_M,42
7.2,0.19745060404441175,0.21364993157143872,RFS,OOD,UK,TabSurv_M,42
7.4,0.20101684887325638,0.2190009061445246,RFS,OOD,UK,TabSurv_M,42
7.6,0.20226002791680492,0.2190009061445246,RFS,OOD,UK,TabSurv_M,42
7.8,0.2036612068660595,0.2190009061445246,RFS,OOD,UK,TabSurv_M,42
8.0,0.20522632557895826,0.2190009061445246,RFS,OOD,UK,TabSurv_M,42
8.2,0.208927985367517,0.22392606609077134,RFS,OOD,UK,TabSurv_M,42
8.4,0.2124332756999651,0.2298305677106833,RFS,OOD,UK,TabSurv_M,42
8.6,0.21386679279384269,0.2298305677106833,RFS,OOD,UK,TabSurv_M,42
8.8,0.21544668310870135,0.2311884112748726,RFS,OOD,UK,TabSurv_M,42
9.0,0.21701055848101897,0.2311884112748726,RFS,OOD,UK,TabSurv_M,42
9.2,0.2186379512436128,0.2311884112748726,RFS,OOD,UK,TabSurv_M,42
9.4,0.22131483797532,0.23249894210274646,RFS,OOD,UK,TabSurv_M,42
9.6,0.22312127567212886,0.23249894210274646,RFS,OOD,UK,TabSurv_M,42
9.8,0.22507855686495915,0.23249894210274646,RFS,OOD,UK,TabSurv_M,42
1.6,0.05167275562605481,0.054610375971434574,RFS,OOD,UK,TabSurv_M,43
1.8,0.06653869748408422,0.0713202175079932,RFS,OOD,UK,TabSurv_M,43
2.0,0.07321059251227166,0.0793950850661626,RFS,OOD,UK,TabSurv_M,43
2.2,0.07671484040437977,0.08336250554271978,RFS,OOD,UK,TabSurv_M,43
2.4,0.08652086419348841,0.09498471376228151,RFS,OOD,UK,TabSurv_M,43
2.6,0.09564263776185979,0.10618684216667831,RFS,OOD,UK,TabSurv_M,43
2.8,0.10046707057282472,0.11342155009451795,RFS,OOD,UK,TabSurv_M,43
3.0,0.10457128116400449,0.11696889075591031,RFS,OOD,UK,TabSurv_M,43
3.2,0.10777737806716137,0.12046955588228431,RFS,OOD,UK,TabSurv_M,43
3.4,0.1142242601793381,0.12733085952997739,RFS,OOD,UK,TabSurv_M,43
3.6,0.12199071005034076,0.13727274848887952,RFS,OOD,UK,TabSurv_M,43
3.8,0.13040943331468008,0.1467945576326169,RFS,OOD,UK,TabSurv_M,43
4.0,0.13332591789888018,0.149875142943826,RFS,OOD,UK,TabSurv_M,43
4.2,0.14092607020797593,0.15883684566734346,RFS,OOD,UK,TabSurv_M,43
4.4,0.1508436491515383,0.17013232514177695,RFS,OOD,UK,TabSurv_M,43
4.6,0.15670875345696617,0.17811384162990967,RFS,OOD,UK,TabSurv_M,43
4.8,0.15895868116705347,0.1806809960559173,RFS,OOD,UK,TabSurv_M,43
5.0,0.15971890670344827,0.1806809960559173,RFS,OOD,UK,TabSurv_M,43
5.2,0.1650563608225834,0.18567527830287756,RFS,OOD,UK,TabSurv_M,43
5.4,0.16880992742690146,0.19048285840976456,RFS,OOD,UK,TabSurv_M,43
5.6,0.1716788175845698,0.19281663516068057,RFS,OOD,UK,TabSurv_M,43
5.8,0.17359924537147212,0.1951037363765782,RFS,OOD,UK,TabSurv_M,43
6.0,0.1778882036415047,0.19953791220331862,RFS,OOD,UK,TabSurv_M,43
6.2,0.18099427910207383,0.20378538588998574,RFS,OOD,UK,TabSurv_M,43
6.4,0.18210400600733798,0.20378538588998577,RFS,OOD,UK,TabSurv_M,43
6.6,0.18322395326221091,0.20378538588998577,RFS,OOD,UK,TabSurv_M,43
6.8,0.18542313887009765,0.2058529204989073,RFS,OOD,UK,TabSurv_M,43
7.0,0.1881569073958786,0.2078731423715134,RFS,OOD,UK,TabSurv_M,43
7.2,0.19366050286439518,0.21364993157143872,RFS,OOD,UK,TabSurv_M,43
7.4,0.19724072500907255,0.2190009061445246,RFS,OOD,UK,TabSurv_M,43
7.6,0.19835527338362807,0.2190009061445246,RFS,OOD,UK,TabSurv_M,43
7.8,0.19963368533483644,0.2190009061445246,RFS,OOD,UK,TabSurv_M,43
8.0,0.20107419226585965,0.2190009061445246,RFS,OOD,UK,TabSurv_M,43
8.2,0.20430996519587005,0.22392606609077134,RFS,OOD,UK,TabSurv_M,43
8.4,0.2069527984673293,0.2298305677106833,RFS,OOD,UK,TabSurv_M,43
8.6,0.20825992880637217,0.2298305677106833,RFS,OOD,UK,TabSurv_M,43
8.8,0.20934724184325654,0.2311884112748726,RFS,OOD,UK,TabSurv_M,43
9.0,0.21076564086278227,0.2311884112748726,RFS,OOD,UK,TabSurv_M,43
9.2,0.21228860560734386,0.2311884112748726,RFS,OOD,UK,TabSurv_M,43
9.4,0.21496980720523032,0.23249894210274646,RFS,OOD,UK,TabSurv_M,43
9.6,0.2167067958001167,0.23249894210274646,RFS,OOD,UK,TabSurv_M,43
9.8,0.21857858286312418,0.23249894210274646,RFS,OOD,UK,TabSurv_M,43
1.6,0.05265559142617558,0.054610375971434574,RFS,OOD,UK,TabSurv_M,44
1.8,0.06705198696063942,0.0713202175079932,RFS,OOD,UK,TabSurv_M,44
2.0,0.0742731999813756,0.0793950850661626,RFS,OOD,UK,TabSurv_M,44
2.2,0.07868819608382045,0.08336250554271978,RFS,OOD,UK,TabSurv_M,44
2.4,0.08864013367270067,0.09498471376228151,RFS,OOD,UK,TabSurv_M,44
2.6,0.09806820266988256,0.10618684216667831,RFS,OOD,UK,TabSurv_M,44
2.8,0.10277483247616326,0.11342155009451795,RFS,OOD,UK,TabSurv_M,44
3.0,0.10787279799965152,0.11696889075591031,RFS,OOD,UK,TabSurv_M,44
3.2,0.11165310489687894,0.12046955588228431,RFS,OOD,UK,TabSurv_M,44
3.4,0.11930717944046661,0.12733085952997739,RFS,OOD,UK,TabSurv_M,44
3.6,0.12642796175124857,0.13727274848887952,RFS,OOD,UK,TabSurv_M,44
3.8,0.1338505841358439,0.1467945576326169,RFS,OOD,UK,TabSurv_M,44
4.0,0.13801748479204307,0.149875142943826,RFS,OOD,UK,TabSurv_M,44
4.2,0.14563047100268828,0.15883684566734346,RFS,OOD,UK,TabSurv_M,44
4.4,0.1558630543849155,0.17013232514177695,RFS,OOD,UK,TabSurv_M,44
4.6,0.16180090748310777,0.17811384162990967,RFS,OOD,UK,TabSurv_M,44
4.8,0.16354090633078883,0.1806809960559173,RFS,OOD,UK,TabSurv_M,44
5.0,0.16501655981104738,0.1806809960559173,RFS,OOD,UK,TabSurv_M,44
5.2,0.1698907403400593,0.18567527830287756,RFS,OOD,UK,TabSurv_M,44
5.4,0.17479439339266217,0.19048285840976456,RFS,OOD,UK,TabSurv_M,44
5.6,0.1781436744063044,0.19281663516068057,RFS,OOD,UK,TabSurv_M,44
5.8,0.18050747927878777,0.1951037363765782,RFS,OOD,UK,TabSurv_M,44
6.0,0.18484750806165315,0.19953791220331862,RFS,OOD,UK,TabSurv_M,44
6.2,0.1880258037534931,0.20378538588998574,RFS,OOD,UK,TabSurv_M,44
6.4,0.1901175046866099,0.20378538588998577,RFS,OOD,UK,TabSurv_M,44
6.6,0.19208092417256586,0.20378538588998577,RFS,OOD,UK,TabSurv_M,44
6.8,0.19479912423722442,0.2058529204989073,RFS,OOD,UK,TabSurv_M,44
7.0,0.19761925147691456,0.2078731423715134,RFS,OOD,UK,TabSurv_M,44
7.2,0.20276816585340598,0.21364993157143872,RFS,OOD,UK,TabSurv_M,44
7.4,0.20641989056565357,0.2190009061445246,RFS,OOD,UK,TabSurv_M,44
7.6,0.2084114415426456,0.2190009061445246,RFS,OOD,UK,TabSurv_M,44
7.8,0.210586584576519,0.2190009061445246,RFS,OOD,UK,TabSurv_M,44
8.0,0.2129045224034414,0.2190009061445246,RFS,OOD,UK,TabSurv_M,44
8.2,0.21568529812224443,0.22392606609077134,RFS,OOD,UK,TabSurv_M,44
8.4,0.21873470017235072,0.2298305677106833,RFS,OOD,UK,TabSurv_M,44
8.6,0.22084282298244937,0.2298305677106833,RFS,OOD,UK,TabSurv_M,44
8.8,0.2227958225763717,0.2311884112748726,RFS,OOD,UK,TabSurv_M,44
9.0,0.22497034535738708,0.2311884112748726,RFS,OOD,UK,TabSurv_M,44
9.2,0.2272807642590719,0.2311884112748726,RFS,OOD,UK,TabSurv_M,44
9.4,0.23092660452386368,0.23249894210274646,RFS,OOD,UK,TabSurv_M,44
9.6,0.2334408147151499,0.23249894210274646,RFS,OOD,UK,TabSurv_M,44
9.8,0.23609029857706887,0.23249894210274646,RFS,OOD,UK,TabSurv_M,44
1.6,0.05559637693957831,0.054610375971434574,RFS,OOD,UK,DeepHS,40
1.8,0.07249886457461491,0.0713202175079932,RFS,OOD,UK,DeepHS,40
2.0,0.08043154654286158,0.0793950850661626,RFS,OOD,UK,DeepHS,40
2.2,0.08463435585362725,0.08336250554271978,RFS,OOD,UK,DeepHS,40
2.4,0.09669090409200373,0.09498471376228151,RFS,OOD,UK,DeepHS,40
2.6,0.1090889218693407,0.10618684216667831,RFS,OOD,UK,DeepHS,40
2.8,0.11715319822366511,0.11342155009451795,RFS,OOD,UK,DeepHS,40
3.0,0.12138747072440816,0.11696889075591031,RFS,OOD,UK,DeepHS,40
3.2,0.1147476658444108,0.12046955588228431,RFS,OOD,UK,DeepHS,40
3.4,0.12151068699563557,0.12733085952997739,RFS,OOD,UK,DeepHS,40
3.6,0.13119642507081822,0.13727274848887952,RFS,OOD,UK,DeepHS,40
3.8,0.14112139891342063,0.1467945576326169,RFS,OOD,UK,DeepHS,40
4.0,0.1440207761557992,0.149875142943826,RFS,OOD,UK,DeepHS,40
4.2,0.15392404584523933,0.15883684566734346,RFS,OOD,UK,DeepHS,40
4.4,0.1670213067304319,0.17013232514177695,RFS,OOD,UK,DeepHS,40
4.6,0.1748205721957306,0.17811384162990967,RFS,OOD,UK,DeepHS,40
4.8,0.17797016052263168,0.1806809960559173,RFS,OOD,UK,DeepHS,40
5.0,0.17797016052263168,0.1806809960559173,RFS,OOD,UK,DeepHS,40
5.2,0.18440286712976842,0.18567527830287756,RFS,OOD,UK,DeepHS,40
5.4,0.1913463987881069,0.19048285840976456,RFS,OOD,UK,DeepHS,40
5.6,0.19478336385513645,0.19281663516068057,RFS,OOD,UK,DeepHS,40
5.8,0.19796299637834602,0.1951037363765782,RFS,OOD,UK,DeepHS,40
6.0,0.2037098568133896,0.19953791220331862,RFS,OOD,UK,DeepHS,40
6.2,0.21024916013688652,0.20378538588998574,RFS,OOD,UK,DeepHS,40
6.4,0.19239262040453545,0.20378538588998577,RFS,OOD,UK,DeepHS,40
6.6,0.19239262040453545,0.20378538588998577,RFS,OOD,UK,DeepHS,40
6.8,0.1952387385609257,0.2058529204989073,RFS,OOD,UK,DeepHS,40
7.0,0.19765943831912847,0.2078731423715134,RFS,OOD,UK,DeepHS,40
7.2,0.2053897116069189,0.21364993157143872,RFS,OOD,UK,DeepHS,40
7.4,0.21288622142093136,0.2190009061445246,RFS,OOD,UK,DeepHS,40
7.6,0.21288622142093136,0.2190009061445246,RFS,OOD,UK,DeepHS,40
7.8,0.21288622142093136,0.2190009061445246,RFS,OOD,UK,DeepHS,40
8.0,0.21288622142093136,0.2190009061445246,RFS,OOD,UK,DeepHS,40
8.2,0.22046390260273663,0.22392606609077134,RFS,OOD,UK,DeepHS,40
8.4,0.2307565308381335,0.2298305677106833,RFS,OOD,UK,DeepHS,40
8.6,0.2307565308381335,0.2298305677106833,RFS,OOD,UK,DeepHS,40
8.8,0.23318541748400698,0.2311884112748726,RFS,OOD,UK,DeepHS,40
9.0,0.23318541748400698,0.2311884112748726,RFS,OOD,UK,DeepHS,40
9.2,0.23318541748400698,0.2311884112748726,RFS,OOD,UK,DeepHS,40
9.4,0.22459645811698753,0.23249894210274646,RFS,OOD,UK,DeepHS,40
9.6,0.22459645811698753,0.23249894210274646,RFS,OOD,UK,DeepHS,40
9.8,0.22459645811698753,0.23249894210274646,RFS,OOD,UK,DeepHS,40
1.6,0.05449980626684982,0.054610375971434574,RFS,OOD,UK,DeepHS,41
1.8,0.07169701669852464,0.0713202175079932,RFS,OOD,UK,DeepHS,41
2.0,0.0795516010330778,0.0793950850661626,RFS,OOD,UK,DeepHS,41
2.2,0.08364023433540704,0.08336250554271978,RFS,OOD,UK,DeepHS,41
2.4,0.09605993956508793,0.09498471376228151,RFS,OOD,UK,DeepHS,41
2.6,0.1083350496854466,0.10618684216667831,RFS,OOD,UK,DeepHS,41
2.8,0.11663230130387339,0.11342155009451795,RFS,OOD,UK,DeepHS,41
3.0,0.1210704343593346,0.11696889075591031,RFS,OOD,UK,DeepHS,41
3.2,0.12527506809053163,0.12046955588228431,RFS,OOD,UK,DeepHS,41
3.4,0.12038883631899931,0.12733085952997739,RFS,OOD,UK,DeepHS,41
3.6,0.12976174215155717,0.13727274848887952,RFS,OOD,UK,DeepHS,41
3.8,0.14006251550494955,0.1467945576326169,RFS,OOD,UK,DeepHS,41
4.0,0.143434649722843,0.149875142943826,RFS,OOD,UK,DeepHS,41
4.2,0.15387713009576484,0.15883684566734346,RFS,OOD,UK,DeepHS,41
4.4,0.1669621556159053,0.17013232514177695,RFS,OOD,UK,DeepHS,41
4.6,0.17625760938778212,0.17811384162990967,RFS,OOD,UK,DeepHS,41
4.8,0.17938015448266378,0.1806809960559173,RFS,OOD,UK,DeepHS,41
5.0,0.17938015448266378,0.1806809960559173,RFS,OOD,UK,DeepHS,41
5.2,0.1865436572265184,0.18567527830287756,RFS,OOD,UK,DeepHS,41
5.4,0.19366358350408447,0.19048285840976456,RFS,OOD,UK,DeepHS,41
5.6,0.19743307568568735,0.19281663516068057,RFS,OOD,UK,DeepHS,41
5.8,0.20066863521829514,0.1951037363765782,RFS,OOD,UK,DeepHS,41
6.0,0.20703737193227587,0.19953791220331862,RFS,OOD,UK,DeepHS,41
6.2,0.21395236304384696,0.20378538588998574,RFS,OOD,UK,DeepHS,41
6.4,0.21393063290071648,0.20378538588998577,RFS,OOD,UK,DeepHS,41
6.6,0.19118818976636262,0.20378538588998577,RFS,OOD,UK,DeepHS,41
6.8,0.19404629487145714,0.2058529204989073,RFS,OOD,UK,DeepHS,41
7.0,0.19620795790895,0.2078731423715134,RFS,OOD,UK,DeepHS,41
7.2,0.20455785335490395,0.21364993157143872,RFS,OOD,UK,DeepHS,41
7.4,0.2112971056295803,0.2190009061445246,RFS,OOD,UK,DeepHS,41
7.6,0.2112971056295803,0.2190009061445246,RFS,OOD,UK,DeepHS,41
7.8,0.2112971056295803,0.2190009061445246,RFS,OOD,UK,DeepHS,41
8.0,0.2112971056295803,0.2190009061445246,RFS,OOD,UK,DeepHS,41
8.2,0.2193502414724771,0.22392606609077134,RFS,OOD,UK,DeepHS,41
8.4,0.22894809110916234,0.2298305677106833,RFS,OOD,UK,DeepHS,41
8.6,0.22894809110916234,0.2298305677106833,RFS,OOD,UK,DeepHS,41
8.8,0.23141786870779615,0.2311884112748726,RFS,OOD,UK,DeepHS,41
9.0,0.23141786870779615,0.2311884112748726,RFS,OOD,UK,DeepHS,41
9.2,0.23141786870779615,0.2311884112748726,RFS,OOD,UK,DeepHS,41
9.4,0.23342145450844504,0.23249894210274646,RFS,OOD,UK,DeepHS,41
9.6,0.23342145450844504,0.23249894210274646,RFS,OOD,UK,DeepHS,41
9.8,0.23342145450844504,0.23249894210274646,RFS,OOD,UK,DeepHS,41
1.6,0.05413595464448212,0.054610375971434574,RFS,OOD,UK,DeepHS,42
1.8,0.07078417001668748,0.0713202175079932,RFS,OOD,UK,DeepHS,42
2.0,0.07949989922334397,0.0793950850661626,RFS,OOD,UK,DeepHS,42
2.2,0.08326831161065744,0.08336250554271978,RFS,OOD,UK,DeepHS,42
2.4,0.09621931939838956,0.09498471376228151,RFS,OOD,UK,DeepHS,42
2.6,0.10884103427140399,0.10618684216667831,RFS,OOD,UK,DeepHS,42
2.8,0.11723198093607595,0.11342155009451795,RFS,OOD,UK,DeepHS,42
3.0,0.12154943330230135,0.11696889075591031,RFS,OOD,UK,DeepHS,42
3.2,0.12555837375484016,0.12046955588228431,RFS,OOD,UK,DeepHS,42
3.4,0.11728262957742766,0.12733085952997739,RFS,OOD,UK,DeepHS,42
3.6,0.12657102811739007,0.13727274848887952,RFS,OOD,UK,DeepHS,42
3.8,0.13687662282427093,0.1467945576326169,RFS,OOD,UK,DeepHS,42
4.0,0.1399801393522669,0.149875142943826,RFS,OOD,UK,DeepHS,42
4.2,0.14990244279160533,0.15883684566734346,RFS,OOD,UK,DeepHS,42
4.4,0.16221364280451264,0.17013232514177695,RFS,OOD,UK,DeepHS,42
4.6,0.172260910980937,0.17811384162990967,RFS,OOD,UK,DeepHS,42
4.8,0.17549783652530718,0.1806809960559173,RFS,OOD,UK,DeepHS,42
5.0,0.17549783652530718,0.1806809960559173,RFS,OOD,UK,DeepHS,42
5.2,0.18265925512221065,0.18567527830287756,RFS,OOD,UK,DeepHS,42
5.4,0.18976222949326843,0.19048285840976456,RFS,OOD,UK,DeepHS,42
5.6,0.19331851499667432,0.19281663516068057,RFS,OOD,UK,DeepHS,42
5.8,0.19638896217668056,0.1951037363765782,RFS,OOD,UK,DeepHS,42
6.0,0.20257792321955467,0.19953791220331862,RFS,OOD,UK,DeepHS,42
6.2,0.20785902259429814,0.20378538588998574,RFS,OOD,UK,DeepHS,42
6.4,0.20788528660447603,0.20378538588998577,RFS,OOD,UK,DeepHS,42
6.6,0.19123854954320235,0.20378538588998577,RFS,OOD,UK,DeepHS,42
6.8,0.1945956460316337,0.2058529204989073,RFS,OOD,UK,DeepHS,42
7.0,0.19659037657413578,0.2078731423715134,RFS,OOD,UK,DeepHS,42
7.2,0.20433083998592144,0.21364993157143872,RFS,OOD,UK,DeepHS,42
7.4,0.21147063573988661,0.2190009061445246,RFS,OOD,UK,DeepHS,42
7.6,0.21147063573988661,0.2190009061445246,RFS,OOD,UK,DeepHS,42
7.8,0.21147063573988661,0.2190009061445246,RFS,OOD,UK,DeepHS,42
8.0,0.21147063573988661,0.2190009061445246,RFS,OOD,UK,DeepHS,42
8.2,0.21894165140015395,0.22392606609077134,RFS,OOD,UK,DeepHS,42
8.4,0.2292918290493357,0.2298305677106833,RFS,OOD,UK,DeepHS,42
8.6,0.2292918290493357,0.2298305677106833,RFS,OOD,UK,DeepHS,42
8.8,0.23167505176374448,0.2311884112748726,RFS,OOD,UK,DeepHS,42
9.0,0.23167505176374448,0.2311884112748726,RFS,OOD,UK,DeepHS,42
9.2,0.23167505176374448,0.2311884112748726,RFS,OOD,UK,DeepHS,42
9.4,0.2345897856234752,0.23249894210274646,RFS,OOD,UK,DeepHS,42
9.6,0.2345897856234752,0.23249894210274646,RFS,OOD,UK,DeepHS,42
9.8,0.2345897856234752,0.23249894210274646,RFS,OOD,UK,DeepHS,42
1.6,0.05356554193425513,0.054610375971434574,RFS,OOD,UK,DeepHS,43
1.8,0.07040443342893239,0.0713202175079932,RFS,OOD,UK,DeepHS,43
2.0,0.07875834919632564,0.0793950850661626,RFS,OOD,UK,DeepHS,43
2.2,0.08300327566739085,0.08336250554271978,RFS,OOD,UK,DeepHS,43
2.4,0.09571257423891757,0.09498471376228151,RFS,OOD,UK,DeepHS,43
2.6,0.10808972520757056,0.10618684216667831,RFS,OOD,UK,DeepHS,43
2.8,0.11613846980083611,0.11342155009451795,RFS,OOD,UK,DeepHS,43
3.0,0.12033529618740302,0.11696889075591031,RFS,OOD,UK,DeepHS,43
3.2,0.12447235667991396,0.12046955588228431,RFS,OOD,UK,DeepHS,43
3.4,0.11746743868101296,0.12733085952997739,RFS,OOD,UK,DeepHS,43
3.6,0.1258378433391232,0.13727274848887952,RFS,OOD,UK,DeepHS,43
3.8,0.1364845142518981,0.1467945576326169,RFS,OOD,UK,DeepHS,43
4.0,0.1384366746356662,0.149875142943826,RFS,OOD,UK,DeepHS,43
4.2,0.14789003234141365,0.15883684566734346,RFS,OOD,UK,DeepHS,43
4.4,0.16153169037801882,0.17013232514177695,RFS,OOD,UK,DeepHS,43
4.6,0.16960486942030054,0.17811384162990967,RFS,OOD,UK,DeepHS,43
4.8,0.1726323453947106,0.1806809960559173,RFS,OOD,UK,DeepHS,43
5.0,0.1726323453947106,0.1806809960559173,RFS,OOD,UK,DeepHS,43
5.2,0.17820056293484343,0.18567527830287756,RFS,OOD,UK,DeepHS,43
5.4,0.18424662832063426,0.19048285840976456,RFS,OOD,UK,DeepHS,43
5.6,0.18806846086692366,0.19281663516068057,RFS,OOD,UK,DeepHS,43
5.8,0.1911123710224734,0.1951037363765782,RFS,OOD,UK,DeepHS,43
6.0,0.19768653644042564,0.19953791220331862,RFS,OOD,UK,DeepHS,43
6.2,0.20297016915654464,0.20378538588998574,RFS,OOD,UK,DeepHS,43
6.4,0.20305869319029413,0.20378538588998577,RFS,OOD,UK,DeepHS,43
6.6,0.1886911160530538,0.20378538588998577,RFS,OOD,UK,DeepHS,43
6.8,0.19112489569786872,0.2058529204989073,RFS,OOD,UK,DeepHS,43
7.0,0.19250510407257213,0.2078731423715134,RFS,OOD,UK,DeepHS,43
7.2,0.19894333921471777,0.21364993157143872,RFS,OOD,UK,DeepHS,43
7.4,0.20607502171661665,0.2190009061445246,RFS,OOD,UK,DeepHS,43
7.6,0.20607502171661665,0.2190009061445246,RFS,OOD,UK,DeepHS,43
7.8,0.20607502171661665,0.2190009061445246,RFS,OOD,UK,DeepHS,43
8.0,0.20607502171661665,0.2190009061445246,RFS,OOD,UK,DeepHS,43
8.2,0.21304967252337353,0.22392606609077134,RFS,OOD,UK,DeepHS,43
8.4,0.22264914156354773,0.2298305677106833,RFS,OOD,UK,DeepHS,43
8.6,0.22264914156354773,0.2298305677106833,RFS,OOD,UK,DeepHS,43
8.8,0.22489038845477943,0.2311884112748726,RFS,OOD,UK,DeepHS,43
9.0,0.22489038845477943,0.2311884112748726,RFS,OOD,UK,DeepHS,43
9.2,0.22489038845477943,0.2311884112748726,RFS,OOD,UK,DeepHS,43
9.4,0.2274445931265949,0.23249894210274646,RFS,OOD,UK,DeepHS,43
9.6,0.2274445931265949,0.23249894210274646,RFS,OOD,UK,DeepHS,43
9.8,0.2274445931265949,0.23249894210274646,RFS,OOD,UK,DeepHS,43
1.6,0.0552581154506258,0.054610375971434574,RFS,OOD,UK,DeepHS,44
1.8,0.07234309811070745,0.0713202175079932,RFS,OOD,UK,DeepHS,44
2.0,0.08074645809053047,0.0793950850661626,RFS,OOD,UK,DeepHS,44
2.2,0.08478672409526791,0.08336250554271978,RFS,OOD,UK,DeepHS,44
2.4,0.09715715442426362,0.09498471376228151,RFS,OOD,UK,DeepHS,44
2.6,0.10968387101131184,0.10618684216667831,RFS,OOD,UK,DeepHS,44
2.8,0.1181841222284767,0.11342155009451795,RFS,OOD,UK,DeepHS,44
3.0,0.12235099598529083,0.11696889075591031,RFS,OOD,UK,DeepHS,44
3.2,0.11159687564332736,0.12046955588228431,RFS,OOD,UK,DeepHS,44
3.4,0.11892043442305766,0.12733085952997739,RFS,OOD,UK,DeepHS,44
3.6,0.12858292495910703,0.13727274848887952,RFS,OOD,UK,DeepHS,44
3.8,0.13792220225420582,0.1467945576326169,RFS,OOD,UK,DeepHS,44
4.0,0.1407606848575646,0.149875142943826,RFS,OOD,UK,DeepHS,44
4.2,0.15114926535490086,0.15883684566734346,RFS,OOD,UK,DeepHS,44
4.4,0.16538467261290235,0.17013232514177695,RFS,OOD,UK,DeepHS,44
4.6,0.1737675159253363,0.17811384162990967,RFS,OOD,UK,DeepHS,44
4.8,0.1771849473696979,0.1806809960559173,RFS,OOD,UK,DeepHS,44
5.0,0.1771849473696979,0.1806809960559173,RFS,OOD,UK,DeepHS,44
5.2,0.1831103977177457,0.18567527830287756,RFS,OOD,UK,DeepHS,44
5.4,0.1900746165069984,0.19048285840976456,RFS,OOD,UK,DeepHS,44
5.6,0.19352433005732644,0.19281663516068057,RFS,OOD,UK,DeepHS,44
5.8,0.19668522311057476,0.1951037363765782,RFS,OOD,UK,DeepHS,44
6.0,0.20292459355800077,0.19953791220331862,RFS,OOD,UK,DeepHS,44
6.2,0.20908423199509682,0.20378538588998574,RFS,OOD,UK,DeepHS,44
6.4,0.1927974309761001,0.20378538588998577,RFS,OOD,UK,DeepHS,44
6.6,0.1927974309761001,0.20378538588998577,RFS,OOD,UK,DeepHS,44
6.8,0.19548257416376133,0.2058529204989073,RFS,OOD,UK,DeepHS,44
7.0,0.19763926940709256,0.2078731423715134,RFS,OOD,UK,DeepHS,44
7.2,0.20506480841384978,0.21364993157143872,RFS,OOD,UK,DeepHS,44
7.4,0.2121208897625346,0.2190009061445246,RFS,OOD,UK,DeepHS,44
7.6,0.2121208897625346,0.2190009061445246,RFS,OOD,UK,DeepHS,44
7.8,0.2121208897625346,0.2190009061445246,RFS,OOD,UK,DeepHS,44
8.0,0.2121208897625346,0.2190009061445246,RFS,OOD,UK,DeepHS,44
8.2,0.2185631910975439,0.22392606609077134,RFS,OOD,UK,DeepHS,44
8.4,0.22789074124489297,0.2298305677106833,RFS,OOD,UK,DeepHS,44
8.6,0.22789074124489297,0.2298305677106833,RFS,OOD,UK,DeepHS,44
8.8,0.22978265619037086,0.2311884112748726,RFS,OOD,UK,DeepHS,44
9.0,0.22978265619037086,0.2311884112748726,RFS,OOD,UK,DeepHS,44
9.2,0.22978265619037086,0.2311884112748726,RFS,OOD,UK,DeepHS,44
9.4,0.22451899811469847,0.23249894210274646,RFS,OOD,UK,DeepHS,44
9.6,0.22451899811469847,0.23249894210274646,RFS,OOD,UK,DeepHS,44
9.8,0.22451899811469847,0.23249894210274646,RFS,OOD,UK,DeepHS,44
1.6,0.054528327989327934,0.054610375971434574,RFS,OOD,UK,DeepSurv,40
1.8,0.07131473980704929,0.0713202175079932,RFS,OOD,UK,DeepSurv,40
2.0,0.07909944263133831,0.0793950850661626,RFS,OOD,UK,DeepSurv,40
2.2,0.0824602416485927,0.08336250554271978,RFS,OOD,UK,DeepSurv,40
2.4,0.09359587863951475,0.09498471376228151,RFS,OOD,UK,DeepSurv,40
2.6,0.10202518783276857,0.10618684216667831,RFS,OOD,UK,DeepSurv,40
2.8,0.10877916276614877,0.11342155009451795,RFS,OOD,UK,DeepSurv,40
3.0,0.11236078827570921,0.11696889075591031,RFS,OOD,UK,DeepSurv,40
3.2,0.11465412072222557,0.12046955588228431,RFS,OOD,UK,DeepSurv,40
3.4,0.12017055156470678,0.12733085952997739,RFS,OOD,UK,DeepSurv,40
3.6,0.1272789467292283,0.13727274848887952,RFS,OOD,UK,DeepSurv,40
3.8,0.13321825497146833,0.1467945576326169,RFS,OOD,UK,DeepSurv,40
4.0,0.1352919273326449,0.149875142943826,RFS,OOD,UK,DeepSurv,40
4.2,0.14231477415954522,0.15883684566734346,RFS,OOD,UK,DeepSurv,40
4.4,0.1505087168219511,0.17013232514177695,RFS,OOD,UK,DeepSurv,40
4.6,0.15674435015110888,0.17811384162990967,RFS,OOD,UK,DeepSurv,40
4.8,0.1587321971979179,0.1806809960559173,RFS,OOD,UK,DeepSurv,40
5.0,0.15869907169323666,0.1806809960559173,RFS,OOD,UK,DeepSurv,40
5.2,0.1638479462401986,0.18567527830287756,RFS,OOD,UK,DeepSurv,40
5.4,0.16712002069507007,0.19048285840976456,RFS,OOD,UK,DeepSurv,40
5.6,0.16883647864072612,0.19281663516068057,RFS,OOD,UK,DeepSurv,40
5.8,0.16902935345579279,0.1951037363765782,RFS,OOD,UK,DeepSurv,40
6.0,0.17348166271792279,0.19953791220331862,RFS,OOD,UK,DeepSurv,40
6.2,0.17353654345563735,0.20378538588998574,RFS,OOD,UK,DeepSurv,40
6.4,0.1734450125401976,0.20378538588998577,RFS,OOD,UK,DeepSurv,40
6.6,0.17345496080883696,0.20378538588998577,RFS,OOD,UK,DeepSurv,40
6.8,0.17687300144996876,0.2058529204989073,RFS,OOD,UK,DeepSurv,40
7.0,0.17851264279572795,0.2078731423715134,RFS,OOD,UK,DeepSurv,40
7.2,0.18371121256715772,0.21364993157143872,RFS,OOD,UK,DeepSurv,40
7.4,0.18579134099749003,0.2190009061445246,RFS,OOD,UK,DeepSurv,40
7.6,0.18620961769993785,0.2190009061445246,RFS,OOD,UK,DeepSurv,40
7.8,0.1864833934602423,0.2190009061445246,RFS,OOD,UK,DeepSurv,40
8.0,0.18664593891129694,0.2190009061445246,RFS,OOD,UK,DeepSurv,40
8.2,0.19556277197102379,0.22392606609077134,RFS,OOD,UK,DeepSurv,40
8.4,0.19971644487311221,0.2298305677106833,RFS,OOD,UK,DeepSurv,40
8.6,0.2000939652847981,0.2298305677106833,RFS,OOD,UK,DeepSurv,40
8.8,0.20181302749596913,0.2311884112748726,RFS,OOD,UK,DeepSurv,40
9.0,0.20196142387661586,0.2311884112748726,RFS,OOD,UK,DeepSurv,40
9.2,0.20251366809463833,0.2311884112748726,RFS,OOD,UK,DeepSurv,40
9.4,0.20464476772286433,0.23249894210274646,RFS,OOD,UK,DeepSurv,40
9.6,0.20656913381402775,0.23249894210274646,RFS,OOD,UK,DeepSurv,40
9.8,0.20695495435779548,0.23249894210274646,RFS,OOD,UK,DeepSurv,40
1.6,0.05367336880481058,0.054610375971434574,RFS,OOD,UK,DeepSurv,41
1.8,0.0698868231981386,0.0713202175079932,RFS,OOD,UK,DeepSurv,41
2.0,0.07772962283392838,0.0793950850661626,RFS,OOD,UK,DeepSurv,41
2.2,0.08161788611219668,0.08336250554271978,RFS,OOD,UK,DeepSurv,41
2.4,0.09317728358700429,0.09498471376228151,RFS,OOD,UK,DeepSurv,41
2.6,0.10256948347192574,0.10618684216667831,RFS,OOD,UK,DeepSurv,41
2.8,0.10565104016321879,0.11342155009451795,RFS,OOD,UK,DeepSurv,41
3.0,0.109766924842646,0.11696889075591031,RFS,OOD,UK,DeepSurv,41
3.2,0.11310535760945967,0.12046955588228431,RFS,OOD,UK,DeepSurv,41
3.4,0.11974212978202851,0.12733085952997739,RFS,OOD,UK,DeepSurv,41
3.6,0.12599521331933486,0.13727274848887952,RFS,OOD,UK,DeepSurv,41
3.8,0.13453160234277167,0.1467945576326169,RFS,OOD,UK,DeepSurv,41
4.0,0.13657062532789996,0.149875142943826,RFS,OOD,UK,DeepSurv,41
4.2,0.14584146912488966,0.15883684566734346,RFS,OOD,UK,DeepSurv,41
4.4,0.1535902819690036,0.17013232514177695,RFS,OOD,UK,DeepSurv,41
4.6,0.16198205889154452,0.17811384162990967,RFS,OOD,UK,DeepSurv,41
4.8,0.16304309101989709,0.1806809960559173,RFS,OOD,UK,DeepSurv,41
5.0,0.16346326675180767,0.1806809960559173,RFS,OOD,UK,DeepSurv,41
5.2,0.16728586407607704,0.18567527830287756,RFS,OOD,UK,DeepSurv,41
5.4,0.17240116366325156,0.19048285840976456,RFS,OOD,UK,DeepSurv,41
5.6,0.17419795409143068,0.19281663516068057,RFS,OOD,UK,DeepSurv,41
5.8,0.17531057403956846,0.1951037363765782,RFS,OOD,UK,DeepSurv,41
6.0,0.1785536652006356,0.19953791220331862,RFS,OOD,UK,DeepSurv,41
6.2,0.1812627398705712,0.20378538588998574,RFS,OOD,UK,DeepSurv,41
6.4,0.18091928601062443,0.20378538588998577,RFS,OOD,UK,DeepSurv,41
6.6,0.18132537640085947,0.20378538588998577,RFS,OOD,UK,DeepSurv,41
6.8,0.18558122914109035,0.2058529204989073,RFS,OOD,UK,DeepSurv,41
7.0,0.1890408564227263,0.2078731423715134,RFS,OOD,UK,DeepSurv,41
7.2,0.1963406458143099,0.21364993157143872,RFS,OOD,UK,DeepSurv,41
7.4,0.19740522556221,0.2190009061445246,RFS,OOD,UK,DeepSurv,41
7.6,0.19940664635669855,0.2190009061445246,RFS,OOD,UK,DeepSurv,41
7.8,0.200191205987456,0.2190009061445246,RFS,OOD,UK,DeepSurv,41
8.0,0.2006040398809457,0.2190009061445246,RFS,OOD,UK,DeepSurv,41
8.2,0.20629246622003672,0.22392606609077134,RFS,OOD,UK,DeepSurv,41
8.4,0.20741080048585286,0.2298305677106833,RFS,OOD,UK,DeepSurv,41
8.6,0.20959684767494494,0.2298305677106833,RFS,OOD,UK,DeepSurv,41
8.8,0.20901230667627915,0.2311884112748726,RFS,OOD,UK,DeepSurv,41
9.0,0.20987068650307492,0.2311884112748726,RFS,OOD,UK,DeepSurv,41
9.2,0.21079559469109238,0.2311884112748726,RFS,OOD,UK,DeepSurv,41
9.4,0.21240723648542684,0.23249894210274646,RFS,OOD,UK,DeepSurv,41
9.6,0.2159473394793806,0.23249894210274646,RFS,OOD,UK,DeepSurv,41
9.8,0.21726427735387727,0.23249894210274646,RFS,OOD,UK,DeepSurv,41
1.6,0.05270308831110212,0.054610375971434574,RFS,OOD,UK,DeepSurv,42
1.8,0.06901732558348996,0.0713202175079932,RFS,OOD,UK,DeepSurv,42
2.0,0.07636378370920069,0.0793950850661626,RFS,OOD,UK,DeepSurv,42
2.2,0.07997512619126128,0.08336250554271978,RFS,OOD,UK,DeepSurv,42
2.4,0.09140139636907789,0.09498471376228151,RFS,OOD,UK,DeepSurv,42
2.6,0.10084562524413697,0.10618684216667831,RFS,OOD,UK,DeepSurv,42
2.8,0.10616967972549948,0.11342155009451795,RFS,OOD,UK,DeepSurv,42
3.0,0.10882387835373511,0.11696889075591031,RFS,OOD,UK,DeepSurv,42
3.2,0.11103864889135048,0.12046955588228431,RFS,OOD,UK,DeepSurv,42
3.4,0.11689306673916328,0.12733085952997739,RFS,OOD,UK,DeepSurv,42
3.6,0.1238124075724759,0.13727274848887952,RFS,OOD,UK,DeepSurv,42
3.8,0.13331785826438083,0.1467945576326169,RFS,OOD,UK,DeepSurv,42
4.0,0.13538187564139412,0.149875142943826,RFS,OOD,UK,DeepSurv,42
4.2,0.14317535970425782,0.15883684566734346,RFS,OOD,UK,DeepSurv,42
4.4,0.15091770391183135,0.17013232514177695,RFS,OOD,UK,DeepSurv,42
4.6,0.1551990514094113,0.17811384162990967,RFS,OOD,UK,DeepSurv,42
4.8,0.15746286545070126,0.1806809960559173,RFS,OOD,UK,DeepSurv,42
5.0,0.1562068590591906,0.1806809960559173,RFS,OOD,UK,DeepSurv,42
5.2,0.16056088157647191,0.18567527830287756,RFS,OOD,UK,DeepSurv,42
5.4,0.1662450179977693,0.19048285840976456,RFS,OOD,UK,DeepSurv,42
5.6,0.16887160735477222,0.19281663516068057,RFS,OOD,UK,DeepSurv,42
5.8,0.16935432801337108,0.1951037363765782,RFS,OOD,UK,DeepSurv,42
6.0,0.17069747023315968,0.19953791220331862,RFS,OOD,UK,DeepSurv,42
6.2,0.17353456782037655,0.20378538588998574,RFS,OOD,UK,DeepSurv,42
6.4,0.1730225806204791,0.20378538588998577,RFS,OOD,UK,DeepSurv,42
6.6,0.17214545036619325,0.20378538588998577,RFS,OOD,UK,DeepSurv,42
6.8,0.1744213253231218,0.2058529204989073,RFS,OOD,UK,DeepSurv,42
7.0,0.17633205655514958,0.2078731423715134,RFS,OOD,UK,DeepSurv,42
7.2,0.18168802482337773,0.21364993157143872,RFS,OOD,UK,DeepSurv,42
7.4,0.18505825831827513,0.2190009061445246,RFS,OOD,UK,DeepSurv,42
7.6,0.18434045689974463,0.2190009061445246,RFS,OOD,UK,DeepSurv,42
7.8,0.18416431026776295,0.2190009061445246,RFS,OOD,UK,DeepSurv,42
8.0,0.1842813055810061,0.2190009061445246,RFS,OOD,UK,DeepSurv,42
8.2,0.1913490812663634,0.22392606609077134,RFS,OOD,UK,DeepSurv,42
8.4,0.19666846993997159,0.2298305677106833,RFS,OOD,UK,DeepSurv,42
8.6,0.19708563137639418,0.2298305677106833,RFS,OOD,UK,DeepSurv,42
8.8,0.1994615442746031,0.2311884112748726,RFS,OOD,UK,DeepSurv,42
9.0,0.19962291962089743,0.2311884112748726,RFS,OOD,UK,DeepSurv,42
9.2,0.20042063288353537,0.2311884112748726,RFS,OOD,UK,DeepSurv,42
9.4,0.2028443561256846,0.23249894210274646,RFS,OOD,UK,DeepSurv,42
9.6,0.2028443561256846,0.23249894210274646,RFS,OOD,UK,DeepSurv,42
9.8,0.2034287263172655,0.23249894210274646,RFS,OOD,UK,DeepSurv,42
1.6,0.052883669121926366,0.054610375971434574,RFS,OOD,UK,DeepSurv,43
1.8,0.07017141032954678,0.0713202175079932,RFS,OOD,UK,DeepSurv,43
2.0,0.07734597360808824,0.0793950850661626,RFS,OOD,UK,DeepSurv,43
2.2,0.08093773169015266,0.08336250554271978,RFS,OOD,UK,DeepSurv,43
2.4,0.08963137839487446,0.09498471376228151,RFS,OOD,UK,DeepSurv,43
2.6,0.09745702688823234,0.10618684216667831,RFS,OOD,UK,DeepSurv,43
2.8,0.102028238741331,0.11342155009451795,RFS,OOD,UK,DeepSurv,43
3.0,0.10591714762552244,0.11696889075591031,RFS,OOD,UK,DeepSurv,43
3.2,0.10953647604743284,0.12046955588228431,RFS,OOD,UK,DeepSurv,43
3.4,0.11685097948633566,0.12733085952997739,RFS,OOD,UK,DeepSurv,43
3.6,0.12394156881367037,0.13727274848887952,RFS,OOD,UK,DeepSurv,43
3.8,0.13135776323973603,0.1467945576326169,RFS,OOD,UK,DeepSurv,43
4.0,0.1349655848887094,0.149875142943826,RFS,OOD,UK,DeepSurv,43
4.2,0.1422835911291755,0.15883684566734346,RFS,OOD,UK,DeepSurv,43
4.4,0.14472215869851843,0.17013232514177695,RFS,OOD,UK,DeepSurv,43
4.6,0.14874598803077324,0.17811384162990967,RFS,OOD,UK,DeepSurv,43
4.8,0.15081318638487412,0.1806809960559173,RFS,OOD,UK,DeepSurv,43
5.0,0.15081318638487412,0.1806809960559173,RFS,OOD,UK,DeepSurv,43
5.2,0.15511784622018482,0.18567527830287756,RFS,OOD,UK,DeepSurv,43
5.4,0.1605442626730232,0.19048285840976456,RFS,OOD,UK,DeepSurv,43
5.6,0.1643833881488569,0.19281663516068057,RFS,OOD,UK,DeepSurv,43
5.8,0.1646021114612144,0.1951037363765782,RFS,OOD,UK,DeepSurv,43
6.0,0.16763742419078556,0.19953791220331862,RFS,OOD,UK,DeepSurv,43
6.2,0.16925824121101424,0.20378538588998574,RFS,OOD,UK,DeepSurv,43
6.4,0.16987969258674462,0.20378538588998577,RFS,OOD,UK,DeepSurv,43
6.6,0.17034817774895314,0.20378538588998577,RFS,OOD,UK,DeepSurv,43
6.8,0.17399062285881897,0.2058529204989073,RFS,OOD,UK,DeepSurv,43
7.0,0.17498990222144273,0.2078731423715134,RFS,OOD,UK,DeepSurv,43
7.2,0.1817410540829244,0.21364993157143872,RFS,OOD,UK,DeepSurv,43
7.4,0.18498093642766542,0.2190009061445246,RFS,OOD,UK,DeepSurv,43
7.6,0.18622341849500934,0.2190009061445246,RFS,OOD,UK,DeepSurv,43
7.8,0.18794560909016397,0.2190009061445246,RFS,OOD,UK,DeepSurv,43
8.0,0.18828560692747726,0.2190009061445246,RFS,OOD,UK,DeepSurv,43
8.2,0.19597621645862523,0.22392606609077134,RFS,OOD,UK,DeepSurv,43
8.4,0.19909374221385487,0.2298305677106833,RFS,OOD,UK,DeepSurv,43
8.6,0.1999031077634274,0.2298305677106833,RFS,OOD,UK,DeepSurv,43
8.8,0.20180250036217226,0.2311884112748726,RFS,OOD,UK,DeepSurv,43
9.0,0.2021145428468821,0.2311884112748726,RFS,OOD,UK,DeepSurv,43
9.2,0.20244680361274364,0.2311884112748726,RFS,OOD,UK,DeepSurv,43
9.4,0.2039851155592371,0.23249894210274646,RFS,OOD,UK,DeepSurv,43
9.6,0.2047465342025493,0.23249894210274646,RFS,OOD,UK,DeepSurv,43
9.8,0.20690622418663618,0.23249894210274646,RFS,OOD,UK,DeepSurv,43
1.6,0.053885758826532515,0.054610375971434574,RFS,OOD,UK,DeepSurv,44
1.8,0.07003177660052055,0.0713202175079932,RFS,OOD,UK,DeepSurv,44
2.0,0.07740791056588696,0.0793950850661626,RFS,OOD,UK,DeepSurv,44
2.2,0.08060620475969811,0.08336250554271978,RFS,OOD,UK,DeepSurv,44
2.4,0.09277076192700594,0.09498471376228151,RFS,OOD,UK,DeepSurv,44
2.6,0.10365867950191521,0.10618684216667831,RFS,OOD,UK,DeepSurv,44
2.8,0.10784665222407167,0.11342155009451795,RFS,OOD,UK,DeepSurv,44
3.0,0.10932460475118756,0.11696889075591031,RFS,OOD,UK,DeepSurv,44
3.2,0.11105620361094766,0.12046955588228431,RFS,OOD,UK,DeepSurv,44
3.4,0.1173494831807169,0.12733085952997739,RFS,OOD,UK,DeepSurv,44
3.6,0.12192444606123448,0.13727274848887952,RFS,OOD,UK,DeepSurv,44
3.8,0.12783337770923406,0.1467945576326169,RFS,OOD,UK,DeepSurv,44
4.0,0.1283701926424265,0.149875142943826,RFS,OOD,UK,DeepSurv,44
4.2,0.13604701320241933,0.15883684566734346,RFS,OOD,UK,DeepSurv,44
4.4,0.14468790151509253,0.17013232514177695,RFS,OOD,UK,DeepSurv,44
4.6,0.15240752465165852,0.17811384162990967,RFS,OOD,UK,DeepSurv,44
4.8,0.15345580617549506,0.1806809960559173,RFS,OOD,UK,DeepSurv,44
5.0,0.15325525588912076,0.1806809960559173,RFS,OOD,UK,DeepSurv,44
5.2,0.15733558452452803,0.18567527830287756,RFS,OOD,UK,DeepSurv,44
5.4,0.16124185388120374,0.19048285840976456,RFS,OOD,UK,DeepSurv,44
5.6,0.16442364704986076,0.19281663516068057,RFS,OOD,UK,DeepSurv,44
5.8,0.1664356167695598,0.1951037363765782,RFS,OOD,UK,DeepSurv,44
6.0,0.1722091685702869,0.19953791220331862,RFS,OOD,UK,DeepSurv,44
6.2,0.1756832266856096,0.20378538588998574,RFS,OOD,UK,DeepSurv,44
6.4,0.175148967709521,0.20378538588998577,RFS,OOD,UK,DeepSurv,44
6.6,0.17464168017417997,0.20378538588998577,RFS,OOD,UK,DeepSurv,44
6.8,0.17756710741286602,0.2058529204989073,RFS,OOD,UK,DeepSurv,44
7.0,0.1794588789978643,0.2078731423715134,RFS,OOD,UK,DeepSurv,44
7.2,0.18481046816736116,0.21364993157143872,RFS,OOD,UK,DeepSurv,44
7.4,0.1887683688481638,0.2190009061445246,RFS,OOD,UK,DeepSurv,44
7.6,0.18872424091677814,0.2190009061445246,RFS,OOD,UK,DeepSurv,44
7.8,0.18867718330863512,0.2190009061445246,RFS,OOD,UK,DeepSurv,44
8.0,0.1887488948016787,0.2190009061445246,RFS,OOD,UK,DeepSurv,44
8.2,0.19486813837312755,0.22392606609077134,RFS,OOD,UK,DeepSurv,44
8.4,0.2009600943883668,0.2298305677106833,RFS,OOD,UK,DeepSurv,44
8.6,0.2010364233402542,0.2298305677106833,RFS,OOD,UK,DeepSurv,44
8.8,0.2001842229124508,0.2311884112748726,RFS,OOD,UK,DeepSurv,44
9.0,0.2001842229124508,0.2311884112748726,RFS,OOD,UK,DeepSurv,44
9.2,0.2004308289449865,0.2311884112748726,RFS,OOD,UK,DeepSurv,44
9.4,0.20382791830047284,0.23249894210274646,RFS,OOD,UK,DeepSurv,44
9.6,0.2040168577597173,0.23249894210274646,RFS,OOD,UK,DeepSurv,44
9.8,0.20443784183614735,0.23249894210274646,RFS,OOD,UK,DeepSurv,44
1.6,0.05651123763363115,0.054610375971434574,RFS,OOD,UK,ENCox,40
1.8,0.07442837035464382,0.0713202175079932,RFS,OOD,UK,ENCox,40
2.0,0.08305777365266963,0.0793950850661626,RFS,OOD,UK,ENCox,40
2.2,0.08726793474550752,0.08336250554271978,RFS,OOD,UK,ENCox,40
2.4,0.09981800547427609,0.09498471376228151,RFS,OOD,UK,ENCox,40
2.6,0.111239246116904,0.10618684216667831,RFS,OOD,UK,ENCox,40
2.8,0.11515913499556404,0.11342155009451795,RFS,OOD,UK,ENCox,40
3.0,0.1195498559264503,0.11696889075591031,RFS,OOD,UK,ENCox,40
3.2,0.12345077773283193,0.12046955588228431,RFS,OOD,UK,ENCox,40
3.4,0.13125977864103613,0.12733085952997739,RFS,OOD,UK,ENCox,40
3.6,0.1411864313286565,0.13727274848887952,RFS,OOD,UK,ENCox,40
3.8,0.1436785981144665,0.1467945576326169,RFS,OOD,UK,ENCox,40
4.0,0.14632682290750473,0.149875142943826,RFS,OOD,UK,ENCox,40
4.2,0.1516274768121091,0.15883684566734346,RFS,OOD,UK,ENCox,40
4.4,0.1624797696160116,0.17013232514177695,RFS,OOD,UK,ENCox,40
4.6,0.16952712120739336,0.17811384162990967,RFS,OOD,UK,ENCox,40
4.8,0.17313266984143114,0.1806809960559173,RFS,OOD,UK,ENCox,40
5.0,0.17337845047884057,0.1806809960559173,RFS,OOD,UK,ENCox,40
5.2,0.18121591429402822,0.18567527830287756,RFS,OOD,UK,ENCox,40
5.4,0.1865320955677091,0.19048285840976456,RFS,OOD,UK,ENCox,40
5.6,0.1907764724768845,0.19281663516068057,RFS,OOD,UK,ENCox,40
5.8,0.19430403349200379,0.1951037363765782,RFS,OOD,UK,ENCox,40
6.0,0.19819224738692162,0.19953791220331862,RFS,OOD,UK,ENCox,40
6.2,0.20432477509223693,0.20378538588998574,RFS,OOD,UK,ENCox,40
6.4,0.20540495728845945,0.20378538588998577,RFS,OOD,UK,ENCox,40
6.6,0.20565709714748304,0.20378538588998577,RFS,OOD,UK,ENCox,40
6.8,0.20755322271538285,0.2058529204989073,RFS,OOD,UK,ENCox,40
7.0,0.2101416375863832,0.2078731423715134,RFS,OOD,UK,ENCox,40
7.2,0.21664387525458223,0.21364993157143872,RFS,OOD,UK,ENCox,40
7.4,0.22325218569519859,0.2190009061445246,RFS,OOD,UK,ENCox,40
7.6,0.22522948503378692,0.2190009061445246,RFS,OOD,UK,ENCox,40
7.8,0.22603654545837237,0.2190009061445246,RFS,OOD,UK,ENCox,40
8.0,0.22646709553941818,0.2190009061445246,RFS,OOD,UK,ENCox,40
8.2,0.23274936769808782,0.22392606609077134,RFS,OOD,UK,ENCox,40
8.4,0.23611836367041622,0.2298305677106833,RFS,OOD,UK,ENCox,40
8.6,0.2375156583264136,0.2298305677106833,RFS,OOD,UK,ENCox,40
8.8,0.2379038813972937,0.2311884112748726,RFS,OOD,UK,ENCox,40
9.0,0.23830128725359406,0.2311884112748726,RFS,OOD,UK,ENCox,40
9.2,0.2396071177765372,0.2311884112748726,RFS,OOD,UK,ENCox,40
9.4,0.24643966530451775,0.23249894210274646,RFS,OOD,UK,ENCox,40
9.6,0.250122112324234,0.23249894210274646,RFS,OOD,UK,ENCox,40
9.8,0.2508056181450536,0.23249894210274646,RFS,OOD,UK,ENCox,40
1.6,0.053638469842681384,0.054610375971434574,RFS,OOD,UK,ENCox,41
1.8,0.06978581349682927,0.0713202175079932,RFS,OOD,UK,ENCox,41
2.0,0.07711035522332782,0.0793950850661626,RFS,OOD,UK,ENCox,41
2.2,0.08076576540053049,0.08336250554271978,RFS,OOD,UK,ENCox,41
2.4,0.09217517114167448,0.09498471376228151,RFS,OOD,UK,ENCox,41
2.6,0.10321721127126118,0.10618684216667831,RFS,OOD,UK,ENCox,41
2.8,0.10990759791212837,0.11342155009451795,RFS,OOD,UK,ENCox,41
3.0,0.11349431798468596,0.11696889075591031,RFS,OOD,UK,ENCox,41
3.2,0.11579549518600354,0.12046955588228431,RFS,OOD,UK,ENCox,41
3.4,0.12142688366526966,0.12733085952997739,RFS,OOD,UK,ENCox,41
3.6,0.12962991108705538,0.13727274848887952,RFS,OOD,UK,ENCox,41
3.8,0.13853443918448885,0.1467945576326169,RFS,OOD,UK,ENCox,41
4.0,0.14132693518374284,0.149875142943826,RFS,OOD,UK,ENCox,41
4.2,0.14875514815308316,0.15883684566734346,RFS,OOD,UK,ENCox,41
4.4,0.1580126005665592,0.17013232514177695,RFS,OOD,UK,ENCox,41
4.6,0.16562204010904108,0.17811384162990967,RFS,OOD,UK,ENCox,41
4.8,0.1677457896104469,0.1806809960559173,RFS,OOD,UK,ENCox,41
5.0,0.16753905645912617,0.1806809960559173,RFS,OOD,UK,ENCox,41
5.2,0.17335161863030835,0.18567527830287756,RFS,OOD,UK,ENCox,41
5.4,0.17737039697248505,0.19048285840976456,RFS,OOD,UK,ENCox,41
5.6,0.18014802928338858,0.19281663516068057,RFS,OOD,UK,ENCox,41
5.8,0.1805627674936355,0.1951037363765782,RFS,OOD,UK,ENCox,41
6.0,0.1842416952369874,0.19953791220331862,RFS,OOD,UK,ENCox,41
6.2,0.18666244607909105,0.20378538588998574,RFS,OOD,UK,ENCox,41
6.4,0.18649800388979407,0.20378538588998577,RFS,OOD,UK,ENCox,41
6.6,0.1864469450983017,0.20378538588998577,RFS,OOD,UK,ENCox,41
6.8,0.18854824528486733,0.2058529204989073,RFS,OOD,UK,ENCox,41
7.0,0.19057075296858275,0.2078731423715134,RFS,OOD,UK,ENCox,41
7.2,0.19771070458294773,0.21364993157143872,RFS,OOD,UK,ENCox,41
7.4,0.20139206535127638,0.2190009061445246,RFS,OOD,UK,ENCox,41
7.6,0.2018786790410547,0.2190009061445246,RFS,OOD,UK,ENCox,41
7.8,0.20214093691746393,0.2190009061445246,RFS,OOD,UK,ENCox,41
8.0,0.2022910288887346,0.2190009061445246,RFS,OOD,UK,ENCox,41
8.2,0.2075841170750957,0.22392606609077134,RFS,OOD,UK,ENCox,41
8.4,0.21148336638697235,0.2298305677106833,RFS,OOD,UK,ENCox,41
8.6,0.21212729376211067,0.2298305677106833,RFS,OOD,UK,ENCox,41
8.8,0.21425414705690596,0.2311884112748726,RFS,OOD,UK,ENCox,41
9.0,0.21459368591561415,0.2311884112748726,RFS,OOD,UK,ENCox,41
9.2,0.2149916020823552,0.2311884112748726,RFS,OOD,UK,ENCox,41
9.4,0.2182430872910645,0.23249894210274646,RFS,OOD,UK,ENCox,41
9.6,0.2201760384023259,0.23249894210274646,RFS,OOD,UK,ENCox,41
9.8,0.22094835813025218,0.23249894210274646,RFS,OOD,UK,ENCox,41
1.6,0.05371562103906242,0.054610375971434574,RFS,OOD,UK,ENCox,42
1.8,0.07073579286447991,0.0713202175079932,RFS,OOD,UK,ENCox,42
2.0,0.0783049816155683,0.0793950850661626,RFS,OOD,UK,ENCox,42
2.2,0.08188596182292626,0.08336250554271978,RFS,OOD,UK,ENCox,42
2.4,0.09349500650908475,0.09498471376228151,RFS,OOD,UK,ENCox,42
2.6,0.10365681645124161,0.10618684216667831,RFS,OOD,UK,ENCox,42
2.8,0.10961615089133976,0.11342155009451795,RFS,OOD,UK,ENCox,42
3.0,0.11232836885358666,0.11696889075591031,RFS,OOD,UK,ENCox,42
3.2,0.11545156133681228,0.12046955588228431,RFS,OOD,UK,ENCox,42
3.4,0.12157000265456563,0.12733085952997739,RFS,OOD,UK,ENCox,42
3.6,0.13044638805183736,0.13727274848887952,RFS,OOD,UK,ENCox,42
3.8,0.13978688434916714,0.1467945576326169,RFS,OOD,UK,ENCox,42
4.0,0.14252793961448798,0.149875142943826,RFS,OOD,UK,ENCox,42
4.2,0.15116575187093806,0.15883684566734346,RFS,OOD,UK,ENCox,42
4.4,0.16114929966880626,0.17013232514177695,RFS,OOD,UK,ENCox,42
4.6,0.16966189214877858,0.17811384162990967,RFS,OOD,UK,ENCox,42
4.8,0.17213086389323637,0.1806809960559173,RFS,OOD,UK,ENCox,42
5.0,0.1711218058616754,0.1806809960559173,RFS,OOD,UK,ENCox,42
5.2,0.17620728402606584,0.18567527830287756,RFS,OOD,UK,ENCox,42
5.4,0.18136278859375227,0.19048285840976456,RFS,OOD,UK,ENCox,42
5.6,0.18352949048178094,0.19281663516068057,RFS,OOD,UK,ENCox,42
5.8,0.18537299514911043,0.1951037363765782,RFS,OOD,UK,ENCox,42
6.0,0.19027196171826571,0.19953791220331862,RFS,OOD,UK,ENCox,42
6.2,0.19396090009409808,0.20378538588998574,RFS,OOD,UK,ENCox,42
6.4,0.19348055411362375,0.20378538588998577,RFS,OOD,UK,ENCox,42
6.6,0.1927360541936148,0.20378538588998577,RFS,OOD,UK,ENCox,42
6.8,0.19470918700778983,0.2058529204989073,RFS,OOD,UK,ENCox,42
7.0,0.19711891793788133,0.2078731423715134,RFS,OOD,UK,ENCox,42
7.2,0.20376091423578568,0.21364993157143872,RFS,OOD,UK,ENCox,42
7.4,0.20787650635052973,0.2190009061445246,RFS,OOD,UK,ENCox,42
7.6,0.20710209067037413,0.2190009061445246,RFS,OOD,UK,ENCox,42
7.8,0.2067335584929218,0.2190009061445246,RFS,OOD,UK,ENCox,42
8.0,0.20670350089176193,0.2190009061445246,RFS,OOD,UK,ENCox,42
8.2,0.21178203365531564,0.22392606609077134,RFS,OOD,UK,ENCox,42
8.4,0.21642045009363423,0.2298305677106833,RFS,OOD,UK,ENCox,42
8.6,0.2163165407558117,0.2298305677106833,RFS,OOD,UK,ENCox,42
8.8,0.21802651821427857,0.2311884112748726,RFS,OOD,UK,ENCox,42
9.0,0.21807693415011056,0.2311884112748726,RFS,OOD,UK,ENCox,42
9.2,0.21839934867470082,0.2311884112748726,RFS,OOD,UK,ENCox,42
9.4,0.22018315727108023,0.23249894210274646,RFS,OOD,UK,ENCox,42
9.6,0.22018315727108023,0.23249894210274646,RFS,OOD,UK,ENCox,42
9.8,0.22048793474875653,0.23249894210274646,RFS,OOD,UK,ENCox,42
1.6,0.05334634302395329,0.054610375971434574,RFS,OOD,UK,ENCox,43
1.8,0.07014419025304959,0.0713202175079932,RFS,OOD,UK,ENCox,43
2.0,0.07802656956773546,0.0793950850661626,RFS,OOD,UK,ENCox,43
2.2,0.08132329580761992,0.08336250554271978,RFS,OOD,UK,ENCox,43
2.4,0.09287546857269667,0.09498471376228151,RFS,OOD,UK,ENCox,43
2.6,0.10273991489405095,0.10618684216667831,RFS,OOD,UK,ENCox,43
2.8,0.10880507346040187,0.11342155009451795,RFS,OOD,UK,ENCox,43
3.0,0.11203115291520283,0.11696889075591031,RFS,OOD,UK,ENCox,43
3.2,0.11426107365083998,0.12046955588228431,RFS,OOD,UK,ENCox,43
3.4,0.11982835222165308,0.12733085952997739,RFS,OOD,UK,ENCox,43
3.6,0.12875997671653436,0.13727274848887952,RFS,OOD,UK,ENCox,43
3.8,0.1367477476335852,0.1467945576326169,RFS,OOD,UK,ENCox,43
4.0,0.13908328077714774,0.149875142943826,RFS,OOD,UK,ENCox,43
4.2,0.14721286113422424,0.15883684566734346,RFS,OOD,UK,ENCox,43
4.4,0.15811213357170759,0.17013232514177695,RFS,OOD,UK,ENCox,43
4.6,0.16397019468814353,0.17811384162990967,RFS,OOD,UK,ENCox,43
4.8,0.166769074549634,0.1806809960559173,RFS,OOD,UK,ENCox,43
5.0,0.166769074549634,0.1806809960559173,RFS,OOD,UK,ENCox,43
5.2,0.1717011570668571,0.18567527830287756,RFS,OOD,UK,ENCox,43
5.4,0.1746572996841038,0.19048285840976456,RFS,OOD,UK,ENCox,43
5.6,0.17635286576838274,0.19281663516068057,RFS,OOD,UK,ENCox,43
5.8,0.17775432254840462,0.1951037363765782,RFS,OOD,UK,ENCox,43
6.0,0.1814257056459281,0.19953791220331862,RFS,OOD,UK,ENCox,43
6.2,0.18591489233064193,0.20378538588998574,RFS,OOD,UK,ENCox,43
6.4,0.18600108058336762,0.20378538588998577,RFS,OOD,UK,ENCox,43
6.6,0.18590268576489175,0.20378538588998577,RFS,OOD,UK,ENCox,43
6.8,0.1878282933711446,0.2058529204989073,RFS,OOD,UK,ENCox,43
7.0,0.19006232203175977,0.2078731423715134,RFS,OOD,UK,ENCox,43
7.2,0.19601951510107327,0.21364993157143872,RFS,OOD,UK,ENCox,43
7.4,0.20045828936687338,0.2190009061445246,RFS,OOD,UK,ENCox,43
7.6,0.20059164577742716,0.2190009061445246,RFS,OOD,UK,ENCox,43
7.8,0.20120205887028253,0.2190009061445246,RFS,OOD,UK,ENCox,43
8.0,0.2013505455122004,0.2190009061445246,RFS,OOD,UK,ENCox,43
8.2,0.20431597964835801,0.22392606609077134,RFS,OOD,UK,ENCox,43
8.4,0.20912650111337486,0.2298305677106833,RFS,OOD,UK,ENCox,43
8.6,0.20932547087252348,0.2298305677106833,RFS,OOD,UK,ENCox,43
8.8,0.21049748149875264,0.2311884112748726,RFS,OOD,UK,ENCox,43
9.0,0.21060857114951648,0.2311884112748726,RFS,OOD,UK,ENCox,43
9.2,0.2107347070514304,0.2311884112748726,RFS,OOD,UK,ENCox,43
9.4,0.21228389311744417,0.23249894210274646,RFS,OOD,UK,ENCox,43
9.6,0.2126424261491409,0.23249894210274646,RFS,OOD,UK,ENCox,43
9.8,0.21382180586009586,0.23249894210274646,RFS,OOD,UK,ENCox,43
1.6,0.05488602691250882,0.054610375971434574,RFS,OOD,UK,ENCox,44
1.8,0.07185075312024682,0.0713202175079932,RFS,OOD,UK,ENCox,44
2.0,0.07975041094152557,0.0793950850661626,RFS,OOD,UK,ENCox,44
2.2,0.08314415104813709,0.08336250554271978,RFS,OOD,UK,ENCox,44
2.4,0.09455404381394503,0.09498471376228151,RFS,OOD,UK,ENCox,44
2.6,0.1057297597266513,0.10618684216667831,RFS,OOD,UK,ENCox,44
2.8,0.1089347188516433,0.11342155009451795,RFS,OOD,UK,ENCox,44
3.0,0.11028328255961958,0.11696889075591031,RFS,OOD,UK,ENCox,44
3.2,0.11241216323409473,0.12046955588228431,RFS,OOD,UK,ENCox,44
3.4,0.11945767778246288,0.12733085952997739,RFS,OOD,UK,ENCox,44
3.6,0.12910417887625444,0.13727274848887952,RFS,OOD,UK,ENCox,44
3.8,0.13852604721421138,0.1467945576326169,RFS,OOD,UK,ENCox,44
4.0,0.1414993056085004,0.149875142943826,RFS,OOD,UK,ENCox,44
4.2,0.15097564187020943,0.15883684566734346,RFS,OOD,UK,ENCox,44
4.4,0.16180327776557343,0.17013232514177695,RFS,OOD,UK,ENCox,44
4.6,0.16781663764903,0.17811384162990967,RFS,OOD,UK,ENCox,44
4.8,0.17048566938095652,0.1806809960559173,RFS,OOD,UK,ENCox,44
5.0,0.1703955297459398,0.1806809960559173,RFS,OOD,UK,ENCox,44
5.2,0.1741087508435717,0.18567527830287756,RFS,OOD,UK,ENCox,44
5.4,0.17949367995644583,0.19048285840976456,RFS,OOD,UK,ENCox,44
5.6,0.18190477970426314,0.19281663516068057,RFS,OOD,UK,ENCox,44
5.8,0.18413498705467574,0.1951037363765782,RFS,OOD,UK,ENCox,44
6.0,0.18966838882141648,0.19953791220331862,RFS,OOD,UK,ENCox,44
6.2,0.1950108498766707,0.20378538588998574,RFS,OOD,UK,ENCox,44
6.4,0.1950819238535871,0.20378538588998577,RFS,OOD,UK,ENCox,44
6.6,0.1951537702960141,0.20378538588998577,RFS,OOD,UK,ENCox,44
6.8,0.1974834954445678,0.2058529204989073,RFS,OOD,UK,ENCox,44
7.0,0.1976131852760722,0.2078731423715134,RFS,OOD,UK,ENCox,44
7.2,0.20347205638706456,0.21364993157143872,RFS,OOD,UK,ENCox,44
7.4,0.20759443727119778,0.2190009061445246,RFS,OOD,UK,ENCox,44
7.6,0.20765721130936104,0.2190009061445246,RFS,OOD,UK,ENCox,44
7.8,0.20782589034132118,0.2190009061445246,RFS,OOD,UK,ENCox,44
8.0,0.20833790356710027,0.2190009061445246,RFS,OOD,UK,ENCox,44
8.2,0.21257381510827097,0.22392606609077134,RFS,OOD,UK,ENCox,44
8.4,0.2196412466475766,0.2298305677106833,RFS,OOD,UK,ENCox,44
8.6,0.2199500236284472,0.2298305677106833,RFS,OOD,UK,ENCox,44
8.8,0.21984589314122113,0.2311884112748726,RFS,OOD,UK,ENCox,44
9.0,0.21984589314122113,0.2311884112748726,RFS,OOD,UK,ENCox,44
9.2,0.2205909820098152,0.2311884112748726,RFS,OOD,UK,ENCox,44
9.4,0.22439218955333157,0.23249894210274646,RFS,OOD,UK,ENCox,44
9.6,0.22471991247188328,0.23249894210274646,RFS,OOD,UK,ENCox,44
9.8,0.2254244225638082,0.23249894210274646,RFS,OOD,UK,ENCox,44
1.6,0.05984929579456288,0.054610375971434574,RFS,OOD,UK,LH,40
1.8,0.07428010435484675,0.0713202175079932,RFS,OOD,UK,LH,40
2.0,0.08177482060752846,0.0793950850661626,RFS,OOD,UK,LH,40
2.2,0.0859355254275809,0.08336250554271978,RFS,OOD,UK,LH,40
2.4,0.09713106931108424,0.09498471376228151,RFS,OOD,UK,LH,40
2.6,0.10814475164885899,0.10618684216667831,RFS,OOD,UK,LH,40
2.8,0.11477301101742376,0.11342155009451795,RFS,OOD,UK,LH,40
3.0,0.11815939564048597,0.11696889075591031,RFS,OOD,UK,LH,40
3.2,0.12198461963966252,0.12046955588228431,RFS,OOD,UK,LH,40
3.4,0.12844481982502362,0.12733085952997739,RFS,OOD,UK,LH,40
3.6,0.13323517256344553,0.13727274848887952,RFS,OOD,UK,LH,40
3.8,0.1399386829400118,0.1467945576326169,RFS,OOD,UK,LH,40
4.0,0.1428974148907809,0.149875142943826,RFS,OOD,UK,LH,40
4.2,0.15007750212314028,0.15883684566734346,RFS,OOD,UK,LH,40
4.4,0.16245076122522906,0.17013232514177695,RFS,OOD,UK,LH,40
4.6,0.16981516502361343,0.17811384162990967,RFS,OOD,UK,LH,40
4.8,0.17142790085483264,0.1806809960559173,RFS,OOD,UK,LH,40
5.0,0.17142790085483264,0.1806809960559173,RFS,OOD,UK,LH,40
5.2,0.17814589775158565,0.18567527830287756,RFS,OOD,UK,LH,40
5.4,0.18136942636019343,0.19048285840976456,RFS,OOD,UK,LH,40
5.6,0.1846977416619872,0.19281663516068057,RFS,OOD,UK,LH,40
5.8,0.18863238938796326,0.1951037363765782,RFS,OOD,UK,LH,40
6.0,0.19164395236194398,0.19953791220331862,RFS,OOD,UK,LH,40
6.2,0.1975230429659429,0.20378538588998574,RFS,OOD,UK,LH,40
6.4,0.1893291514797549,0.20378538588998577,RFS,OOD,UK,LH,40
6.6,0.1893291514797549,0.20378538588998577,RFS,OOD,UK,LH,40
6.8,0.19050531211580854,0.2058529204989073,RFS,OOD,UK,LH,40
7.0,0.19371307501870155,0.2078731423715134,RFS,OOD,UK,LH,40
7.2,0.20194274439574916,0.21364993157143872,RFS,OOD,UK,LH,40
7.4,0.1992552039922895,0.2190009061445246,RFS,OOD,UK,LH,40
7.6,0.1992552039922895,0.2190009061445246,RFS,OOD,UK,LH,40
7.8,0.1992552039922895,0.2190009061445246,RFS,OOD,UK,LH,40
8.0,0.1992552039922895,0.2190009061445246,RFS,OOD,UK,LH,40
8.2,0.2013594686559577,0.22392606609077134,RFS,OOD,UK,LH,40
8.4,0.20825889924329652,0.2298305677106833,RFS,OOD,UK,LH,40
8.6,0.20825889924329652,0.2298305677106833,RFS,OOD,UK,LH,40
8.8,0.2106733475126278,0.2311884112748726,RFS,OOD,UK,LH,40
9.0,0.2106733475126278,0.2311884112748726,RFS,OOD,UK,LH,40
9.2,0.2106733475126278,0.2311884112748726,RFS,OOD,UK,LH,40
9.4,0.22578648129924667,0.23249894210274646,RFS,OOD,UK,LH,40
9.6,0.22578648129924667,0.23249894210274646,RFS,OOD,UK,LH,40
9.8,0.22578648129924667,0.23249894210274646,RFS,OOD,UK,LH,40
1.6,0.057609437779622186,0.054610375971434574,RFS,OOD,UK,LH,41
1.8,0.07203121062129227,0.0713202175079932,RFS,OOD,UK,LH,41
2.0,0.07921147580375053,0.0793950850661626,RFS,OOD,UK,LH,41
2.2,0.08270446578152725,0.08336250554271978,RFS,OOD,UK,LH,41
2.4,0.09280607496549753,0.09498471376228151,RFS,OOD,UK,LH,41
2.6,0.10327730320569033,0.10618684216667831,RFS,OOD,UK,LH,41
2.8,0.10990518306255552,0.11342155009451795,RFS,OOD,UK,LH,41
3.0,0.11323056362744326,0.11696889075591031,RFS,OOD,UK,LH,41
3.2,0.1158996383125446,0.12046955588228431,RFS,OOD,UK,LH,41
3.4,0.1270136555405372,0.12733085952997739,RFS,OOD,UK,LH,41
3.6,0.13071931417100965,0.13727274848887952,RFS,OOD,UK,LH,41
3.8,0.1404453334682547,0.1467945576326169,RFS,OOD,UK,LH,41
4.0,0.14285130518885344,0.149875142943826,RFS,OOD,UK,LH,41
4.2,0.15013183229450736,0.15883684566734346,RFS,OOD,UK,LH,41
4.4,0.16030645515271147,0.17013232514177695,RFS,OOD,UK,LH,41
4.6,0.1670893209073596,0.17811384162990967,RFS,OOD,UK,LH,41
4.8,0.16899496893615257,0.1806809960559173,RFS,OOD,UK,LH,41
5.0,0.16899496893615257,0.1806809960559173,RFS,OOD,UK,LH,41
5.2,0.1759890844938001,0.18567527830287756,RFS,OOD,UK,LH,41
5.4,0.1828841538326493,0.19048285840976456,RFS,OOD,UK,LH,41
5.6,0.185684495798145,0.19281663516068057,RFS,OOD,UK,LH,41
5.8,0.18849783445565313,0.1951037363765782,RFS,OOD,UK,LH,41
6.0,0.19119003257553077,0.19953791220331862,RFS,OOD,UK,LH,41
6.2,0.19590159085301104,0.20378538588998574,RFS,OOD,UK,LH,41
6.4,0.19524743780066126,0.20378538588998577,RFS,OOD,UK,LH,41
6.6,0.1976457175746265,0.20378538588998577,RFS,OOD,UK,LH,41
6.8,0.19925136859981035,0.2058529204989073,RFS,OOD,UK,LH,41
7.0,0.19851605186145085,0.2078731423715134,RFS,OOD,UK,LH,41
7.2,0.20561698657014404,0.21364993157143872,RFS,OOD,UK,LH,41
7.4,0.20914255204452425,0.2190009061445246,RFS,OOD,UK,LH,41
7.6,0.20914255204452425,0.2190009061445246,RFS,OOD,UK,LH,41
7.8,0.20914255204452425,0.2190009061445246,RFS,OOD,UK,LH,41
8.0,0.20914255204452425,0.2190009061445246,RFS,OOD,UK,LH,41
8.2,0.21202938083341524,0.22392606609077134,RFS,OOD,UK,LH,41
8.4,0.2169198563058761,0.2298305677106833,RFS,OOD,UK,LH,41
8.6,0.2169198563058761,0.2298305677106833,RFS,OOD,UK,LH,41
8.8,0.2181552205476781,0.2311884112748726,RFS,OOD,UK,LH,41
9.0,0.2181552205476781,0.2311884112748726,RFS,OOD,UK,LH,41
9.2,0.2181552205476781,0.2311884112748726,RFS,OOD,UK,LH,41
9.4,0.22204915149014176,0.23249894210274646,RFS,OOD,UK,LH,41
9.6,0.22204915149014176,0.23249894210274646,RFS,OOD,UK,LH,41
9.8,0.22204915149014176,0.23249894210274646,RFS,OOD,UK,LH,41
1.6,0.060315335400879376,0.054610375971434574,RFS,OOD,UK,LH,42
1.8,0.07559931966346559,0.0713202175079932,RFS,OOD,UK,LH,42
2.0,0.08328867646735963,0.0793950850661626,RFS,OOD,UK,LH,42
2.2,0.08731256012108331,0.08336250554271978,RFS,OOD,UK,LH,42
2.4,0.09900545667839827,0.09498471376228151,RFS,OOD,UK,LH,42
2.6,0.11047593404058413,0.10618684216667831,RFS,OOD,UK,LH,42
2.8,0.1179521901300941,0.11342155009451795,RFS,OOD,UK,LH,42
3.0,0.12154164921763179,0.11696889075591031,RFS,OOD,UK,LH,42
3.2,0.12551792978017542,0.12046955588228431,RFS,OOD,UK,LH,42
3.4,0.1365252714954824,0.12733085952997739,RFS,OOD,UK,LH,42
3.6,0.14053117182319255,0.13727274848887952,RFS,OOD,UK,LH,42
3.8,0.14782404428894358,0.1467945576326169,RFS,OOD,UK,LH,42
4.0,0.15017732953479287,0.149875142943826,RFS,OOD,UK,LH,42
4.2,0.15528690545830715,0.15883684566734346,RFS,OOD,UK,LH,42
4.4,0.16488802221461735,0.17013232514177695,RFS,OOD,UK,LH,42
4.6,0.17264164779872673,0.17811384162990967,RFS,OOD,UK,LH,42
4.8,0.17084776135833907,0.1806809960559173,RFS,OOD,UK,LH,42
5.0,0.17084776135833907,0.1806809960559173,RFS,OOD,UK,LH,42
5.2,0.1775009193434919,0.18567527830287756,RFS,OOD,UK,LH,42
5.4,0.18424615930619412,0.19048285840976456,RFS,OOD,UK,LH,42
5.6,0.1864014505916859,0.19281663516068057,RFS,OOD,UK,LH,42
5.8,0.18561850960503418,0.1951037363765782,RFS,OOD,UK,LH,42
6.0,0.18411475057274787,0.19953791220331862,RFS,OOD,UK,LH,42
6.2,0.18559514134489935,0.20378538588998574,RFS,OOD,UK,LH,42
6.4,0.18577849595480825,0.20378538588998577,RFS,OOD,UK,LH,42
6.6,0.19565426329787045,0.20378538588998577,RFS,OOD,UK,LH,42
6.8,0.19802413651498954,0.2058529204989073,RFS,OOD,UK,LH,42
7.0,0.1982814094600412,0.2078731423715134,RFS,OOD,UK,LH,42
7.2,0.19946973649534686,0.21364993157143872,RFS,OOD,UK,LH,42
7.4,0.19168534944553445,0.2190009061445246,RFS,OOD,UK,LH,42
7.6,0.19168534944553445,0.2190009061445246,RFS,OOD,UK,LH,42
7.8,0.19168534944553445,0.2190009061445246,RFS,OOD,UK,LH,42
8.0,0.19168534944553445,0.2190009061445246,RFS,OOD,UK,LH,42
8.2,0.19496716758880492,0.22392606609077134,RFS,OOD,UK,LH,42
8.4,0.18978112053969184,0.2298305677106833,RFS,OOD,UK,LH,42
8.6,0.18978112053969184,0.2298305677106833,RFS,OOD,UK,LH,42
8.8,0.19011916652450303,0.2311884112748726,RFS,OOD,UK,LH,42
9.0,0.19011916652450303,0.2311884112748726,RFS,OOD,UK,LH,42
9.2,0.19011916652450303,0.2311884112748726,RFS,OOD,UK,LH,42
9.4,0.190790449248508,0.23249894210274646,RFS,OOD,UK,LH,42
9.6,0.190790449248508,0.23249894210274646,RFS,OOD,UK,LH,42
9.8,0.190790449248508,0.23249894210274646,RFS,OOD,UK,LH,42
1.6,0.06021151475854584,0.054610375971434574,RFS,OOD,UK,LH,43
1.8,0.0750167694874436,0.0713202175079932,RFS,OOD,UK,LH,43
2.0,0.08325200693613131,0.0793950850661626,RFS,OOD,UK,LH,43
2.2,0.08717356582764883,0.08336250554271978,RFS,OOD,UK,LH,43
2.4,0.09805374643071305,0.09498471376228151,RFS,OOD,UK,LH,43
2.6,0.10837462238637763,0.10618684216667831,RFS,OOD,UK,LH,43
2.8,0.11550257599866375,0.11342155009451795,RFS,OOD,UK,LH,43
3.0,0.11930650929892163,0.11696889075591031,RFS,OOD,UK,LH,43
3.2,0.12252230888397839,0.12046955588228431,RFS,OOD,UK,LH,43
3.4,0.12947241470347387,0.12733085952997739,RFS,OOD,UK,LH,43
3.6,0.13650944790892086,0.13727274848887952,RFS,OOD,UK,LH,43
3.8,0.14271295363690073,0.1467945576326169,RFS,OOD,UK,LH,43
4.0,0.14537393475989896,0.149875142943826,RFS,OOD,UK,LH,43
4.2,0.1537124748325013,0.15883684566734346,RFS,OOD,UK,LH,43
4.4,0.16591592750025363,0.17013232514177695,RFS,OOD,UK,LH,43
4.6,0.17178183539967715,0.17811384162990967,RFS,OOD,UK,LH,43
4.8,0.1758682935643898,0.1806809960559173,RFS,OOD,UK,LH,43
5.0,0.1758682935643898,0.1806809960559173,RFS,OOD,UK,LH,43
5.2,0.18240680158339945,0.18567527830287756,RFS,OOD,UK,LH,43
5.4,0.18696251761423902,0.19048285840976456,RFS,OOD,UK,LH,43
5.6,0.18977590407064104,0.19281663516068057,RFS,OOD,UK,LH,43
5.8,0.1912817091691332,0.1951037363765782,RFS,OOD,UK,LH,43
6.0,0.19051365282282268,0.19953791220331862,RFS,OOD,UK,LH,43
6.2,0.1885063808903037,0.20378538588998574,RFS,OOD,UK,LH,43
6.4,0.18876645183762825,0.20378538588998577,RFS,OOD,UK,LH,43
6.6,0.1983388203028174,0.20378538588998577,RFS,OOD,UK,LH,43
6.8,0.2006122598685633,0.2058529204989073,RFS,OOD,UK,LH,43
7.0,0.19712043138706203,0.2078731423715134,RFS,OOD,UK,LH,43
7.2,0.20231268310555806,0.21364993157143872,RFS,OOD,UK,LH,43
7.4,0.20157363849224966,0.2190009061445246,RFS,OOD,UK,LH,43
7.6,0.20157363849224966,0.2190009061445246,RFS,OOD,UK,LH,43
7.8,0.20157363849224966,0.2190009061445246,RFS,OOD,UK,LH,43
8.0,0.20157363849224966,0.2190009061445246,RFS,OOD,UK,LH,43
8.2,0.210426122449806,0.22392606609077134,RFS,OOD,UK,LH,43
8.4,0.21401220147001182,0.2298305677106833,RFS,OOD,UK,LH,43
8.6,0.21401220147001182,0.2298305677106833,RFS,OOD,UK,LH,43
8.8,0.21681599480868352,0.2311884112748726,RFS,OOD,UK,LH,43
9.0,0.21681599480868352,0.2311884112748726,RFS,OOD,UK,LH,43
9.2,0.21681599480868352,0.2311884112748726,RFS,OOD,UK,LH,43
9.4,0.2211265388225146,0.23249894210274646,RFS,OOD,UK,LH,43
9.6,0.2211265388225146,0.23249894210274646,RFS,OOD,UK,LH,43
9.8,0.2211265388225146,0.23249894210274646,RFS,OOD,UK,LH,43
1.6,0.05654585794603997,0.054610375971434574,RFS,OOD,UK,LH,44
1.8,0.07165872735155607,0.0713202175079932,RFS,OOD,UK,LH,44
2.0,0.07953586124621381,0.0793950850661626,RFS,OOD,UK,LH,44
2.2,0.08338841120455806,0.08336250554271978,RFS,OOD,UK,LH,44
2.4,0.09499171305447615,0.09498471376228151,RFS,OOD,UK,LH,44
2.6,0.1060440399341157,0.10618684216667831,RFS,OOD,UK,LH,44
2.8,0.11406036363185545,0.11342155009451795,RFS,OOD,UK,LH,44
3.0,0.11812011718803787,0.11696889075591031,RFS,OOD,UK,LH,44
3.2,0.11071730385235064,0.12046955588228431,RFS,OOD,UK,LH,44
3.4,0.11811020212627937,0.12733085952997739,RFS,OOD,UK,LH,44
3.6,0.12779848333297242,0.13727274848887952,RFS,OOD,UK,LH,44
3.8,0.13609835640398874,0.1467945576326169,RFS,OOD,UK,LH,44
4.0,0.1396972433914261,0.149875142943826,RFS,OOD,UK,LH,44
4.2,0.1489042421427854,0.15883684566734346,RFS,OOD,UK,LH,44
4.4,0.16149789215441007,0.17013232514177695,RFS,OOD,UK,LH,44
4.6,0.17113966734092112,0.17811384162990967,RFS,OOD,UK,LH,44
4.8,0.17539982956543732,0.1806809960559173,RFS,OOD,UK,LH,44
5.0,0.17539982956543732,0.1806809960559173,RFS,OOD,UK,LH,44
5.2,0.1814342671504295,0.18567527830287756,RFS,OOD,UK,LH,44
5.4,0.18831709248587225,0.19048285840976456,RFS,OOD,UK,LH,44
5.6,0.1916494822114514,0.19281663516068057,RFS,OOD,UK,LH,44
5.8,0.1948748346646003,0.1951037363765782,RFS,OOD,UK,LH,44
6.0,0.1975153126536312,0.19953791220331862,RFS,OOD,UK,LH,44
6.2,0.20302762506819674,0.20378538588998574,RFS,OOD,UK,LH,44
6.4,0.18009085044913903,0.20378538588998577,RFS,OOD,UK,LH,44
6.6,0.18009085044913903,0.20378538588998577,RFS,OOD,UK,LH,44
6.8,0.18056802018202447,0.2058529204989073,RFS,OOD,UK,LH,44
7.0,0.18100538552217046,0.2078731423715134,RFS,OOD,UK,LH,44
7.2,0.18855595198712588,0.21364993157143872,RFS,OOD,UK,LH,44
7.4,0.19566365015507386,0.2190009061445246,RFS,OOD,UK,LH,44
7.6,0.19566365015507386,0.2190009061445246,RFS,OOD,UK,LH,44
7.8,0.19566365015507386,0.2190009061445246,RFS,OOD,UK,LH,44
8.0,0.19566365015507386,0.2190009061445246,RFS,OOD,UK,LH,44
8.2,0.20264508239513077,0.22392606609077134,RFS,OOD,UK,LH,44
8.4,0.20983485295236168,0.2298305677106833,RFS,OOD,UK,LH,44
8.6,0.20983485295236168,0.2298305677106833,RFS,OOD,UK,LH,44
8.8,0.2121565418130371,0.2311884112748726,RFS,OOD,UK,LH,44
9.0,0.2121565418130371,0.2311884112748726,RFS,OOD,UK,LH,44
9.2,0.2121565418130371,0.2311884112748726,RFS,OOD,UK,LH,44
9.4,0.2306348896274038,0.23249894210274646,RFS,OOD,UK,LH,44
9.6,0.2306348896274038,0.23249894210274646,RFS,OOD,UK,LH,44
9.8,0.2306348896274038,0.23249894210274646,RFS,OOD,UK,LH,44
1.6,0.05305534613860123,0.054610375971434574,RFS,OOD,UK,MTLR,40
1.8,0.06828872116270569,0.0713202175079932,RFS,OOD,UK,MTLR,40
2.0,0.07551495102847552,0.0793950850661626,RFS,OOD,UK,MTLR,40
2.2,0.07987117636009988,0.08336250554271978,RFS,OOD,UK,MTLR,40
2.4,0.09160626321578093,0.09498471376228151,RFS,OOD,UK,MTLR,40
2.6,0.10390855305415718,0.10618684216667831,RFS,OOD,UK,MTLR,40
2.8,0.11167965057370464,0.11342155009451795,RFS,OOD,UK,MTLR,40
3.0,0.11604436913529177,0.11696889075591031,RFS,OOD,UK,MTLR,40
3.2,0.10214079231170156,0.12046955588228431,RFS,OOD,UK,MTLR,40
3.4,0.10951129478823252,0.12733085952997739,RFS,OOD,UK,MTLR,40
3.6,0.11688894175967249,0.13727274848887952,RFS,OOD,UK,MTLR,40
3.8,0.12737680055959305,0.1467945576326169,RFS,OOD,UK,MTLR,40
4.0,0.12949867293169048,0.149875142943826,RFS,OOD,UK,MTLR,40
4.2,0.14034780383400386,0.15883684566734346,RFS,OOD,UK,MTLR,40
4.4,0.1534117051225017,0.17013232514177695,RFS,OOD,UK,MTLR,40
4.6,0.15834902736590198,0.17811384162990967,RFS,OOD,UK,MTLR,40
4.8,0.16112935023321714,0.1806809960559173,RFS,OOD,UK,MTLR,40
5.0,0.16112935023321714,0.1806809960559173,RFS,OOD,UK,MTLR,40
5.2,0.16787363018680979,0.18567527830287756,RFS,OOD,UK,MTLR,40
5.4,0.17479488871238175,0.19048285840976456,RFS,OOD,UK,MTLR,40
5.6,0.17791523505814502,0.19281663516068057,RFS,OOD,UK,MTLR,40
5.8,0.18069438195749274,0.1951037363765782,RFS,OOD,UK,MTLR,40
6.0,0.18605755491247594,0.19953791220331862,RFS,OOD,UK,MTLR,40
6.2,0.19173687205512835,0.20378538588998574,RFS,OOD,UK,MTLR,40
6.4,0.16429309661669417,0.20378538588998577,RFS,OOD,UK,MTLR,40
6.6,0.16429309661669417,0.20378538588998577,RFS,OOD,UK,MTLR,40
6.8,0.16845514158437513,0.2058529204989073,RFS,OOD,UK,MTLR,40
7.0,0.16988421964847034,0.2078731423715134,RFS,OOD,UK,MTLR,40
7.2,0.17769419043234977,0.21364993157143872,RFS,OOD,UK,MTLR,40
7.4,0.18472126747021034,0.2190009061445246,RFS,OOD,UK,MTLR,40
7.6,0.18472126747021034,0.2190009061445246,RFS,OOD,UK,MTLR,40
7.8,0.18472126747021034,0.2190009061445246,RFS,OOD,UK,MTLR,40
8.0,0.18472126747021034,0.2190009061445246,RFS,OOD,UK,MTLR,40
8.2,0.19352030183570407,0.22392606609077134,RFS,OOD,UK,MTLR,40
8.4,0.20165606088539706,0.2298305677106833,RFS,OOD,UK,MTLR,40
8.6,0.20165606088539706,0.2298305677106833,RFS,OOD,UK,MTLR,40
8.8,0.203596291803714,0.2311884112748726,RFS,OOD,UK,MTLR,40
9.0,0.203596291803714,0.2311884112748726,RFS,OOD,UK,MTLR,40
9.2,0.203596291803714,0.2311884112748726,RFS,OOD,UK,MTLR,40
9.4,0.18499804504757297,0.23249894210274646,RFS,OOD,UK,MTLR,40
9.6,0.18499804504757297,0.23249894210274646,RFS,OOD,UK,MTLR,40
9.8,0.18499804504757297,0.23249894210274646,RFS,OOD,UK,MTLR,40
1.6,0.05431666723033733,0.054610375971434574,RFS,OOD,UK,MTLR,41
1.8,0.07108434643560063,0.0713202175079932,RFS,OOD,UK,MTLR,41
2.0,0.07983095660715364,0.0793950850661626,RFS,OOD,UK,MTLR,41
2.2,0.08373624256681206,0.08336250554271978,RFS,OOD,UK,MTLR,41
2.4,0.09666327258652611,0.09498471376228151,RFS,OOD,UK,MTLR,41
2.6,0.11007320734451435,0.10618684216667831,RFS,OOD,UK,MTLR,41
2.8,0.1182368207422324,0.11342155009451795,RFS,OOD,UK,MTLR,41
3.0,0.12253095473481913,0.11696889075591031,RFS,OOD,UK,MTLR,41
3.2,0.12711204276406324,0.12046955588228431,RFS,OOD,UK,MTLR,41
3.4,0.11800798579263681,0.12733085952997739,RFS,OOD,UK,MTLR,41
3.6,0.12330818456877135,0.13727274848887952,RFS,OOD,UK,MTLR,41
3.8,0.13156148884756433,0.1467945576326169,RFS,OOD,UK,MTLR,41
4.0,0.1341618949506524,0.149875142943826,RFS,OOD,UK,MTLR,41
4.2,0.1419532206165548,0.15883684566734346,RFS,OOD,UK,MTLR,41
4.4,0.15292735484060335,0.17013232514177695,RFS,OOD,UK,MTLR,41
4.6,0.15984056011639236,0.17811384162990967,RFS,OOD,UK,MTLR,41
4.8,0.16364415133781934,0.1806809960559173,RFS,OOD,UK,MTLR,41
5.0,0.16364415133781934,0.1806809960559173,RFS,OOD,UK,MTLR,41
5.2,0.1702114135588931,0.18567527830287756,RFS,OOD,UK,MTLR,41
5.4,0.17704893418129394,0.19048285840976456,RFS,OOD,UK,MTLR,41
5.6,0.18070774716028726,0.19281663516068057,RFS,OOD,UK,MTLR,41
5.8,0.18441250466643205,0.1951037363765782,RFS,OOD,UK,MTLR,41
6.0,0.1879917232728741,0.19953791220331862,RFS,OOD,UK,MTLR,41
6.2,0.19241250705752852,0.20378538588998574,RFS,OOD,UK,MTLR,41
6.4,0.19253099666966017,0.20378538588998577,RFS,OOD,UK,MTLR,41
6.6,0.1707081731712507,0.20378538588998577,RFS,OOD,UK,MTLR,41
6.8,0.1733217941543355,0.2058529204989073,RFS,OOD,UK,MTLR,41
7.0,0.17384688906952953,0.2078731423715134,RFS,OOD,UK,MTLR,41
7.2,0.18228287439376567,0.21364993157143872,RFS,OOD,UK,MTLR,41
7.4,0.18687025600671897,0.2190009061445246,RFS,OOD,UK,MTLR,41
7.6,0.18687025600671897,0.2190009061445246,RFS,OOD,UK,MTLR,41
7.8,0.18687025600671897,0.2190009061445246,RFS,OOD,UK,MTLR,41
8.0,0.18687025600671897,0.2190009061445246,RFS,OOD,UK,MTLR,41
8.2,0.18959425444157307,0.22392606609077134,RFS,OOD,UK,MTLR,41
8.4,0.1903705998370712,0.2298305677106833,RFS,OOD,UK,MTLR,41
8.6,0.1903705998370712,0.2298305677106833,RFS,OOD,UK,MTLR,41
8.8,0.19174308401081505,0.2311884112748726,RFS,OOD,UK,MTLR,41
9.0,0.19174308401081505,0.2311884112748726,RFS,OOD,UK,MTLR,41
9.2,0.19174308401081505,0.2311884112748726,RFS,OOD,UK,MTLR,41
9.4,0.19315808714665023,0.23249894210274646,RFS,OOD,UK,MTLR,41
9.6,0.19315808714665023,0.23249894210274646,RFS,OOD,UK,MTLR,41
9.8,0.19315808714665023,0.23249894210274646,RFS,OOD,UK,MTLR,41
1.6,0.05354452280290236,0.054610375971434574,RFS,OOD,UK,MTLR,42
1.8,0.06973840105044445,0.0713202175079932,RFS,OOD,UK,MTLR,42
2.0,0.07817676824907525,0.0793950850661626,RFS,OOD,UK,MTLR,42
2.2,0.08195420771664819,0.08336250554271978,RFS,OOD,UK,MTLR,42
2.4,0.09443692398215613,0.09498471376228151,RFS,OOD,UK,MTLR,42
2.6,0.10718246908838973,0.10618684216667831,RFS,OOD,UK,MTLR,42
2.8,0.11503013986003922,0.11342155009451795,RFS,OOD,UK,MTLR,42
3.0,0.11959441822767608,0.11696889075591031,RFS,OOD,UK,MTLR,42
3.2,0.1236258800216954,0.12046955588228431,RFS,OOD,UK,MTLR,42
3.4,0.11785819769623347,0.12733085952997739,RFS,OOD,UK,MTLR,42
3.6,0.12271989402705492,0.13727274848887952,RFS,OOD,UK,MTLR,42
3.8,0.13030039144164846,0.1467945576326169,RFS,OOD,UK,MTLR,42
4.0,0.1318224625613163,0.149875142943826,RFS,OOD,UK,MTLR,42
4.2,0.14037384477356354,0.15883684566734346,RFS,OOD,UK,MTLR,42
4.4,0.1507726525065188,0.17013232514177695,RFS,OOD,UK,MTLR,42
4.6,0.15888574995998173,0.17811384162990967,RFS,OOD,UK,MTLR,42
4.8,0.16184733832657774,0.1806809960559173,RFS,OOD,UK,MTLR,42
5.0,0.16184733832657774,0.1806809960559173,RFS,OOD,UK,MTLR,42
5.2,0.16800903269200082,0.18567527830287756,RFS,OOD,UK,MTLR,42
5.4,0.1761596632190733,0.19048285840976456,RFS,OOD,UK,MTLR,42
5.6,0.1802624864580911,0.19281663516068057,RFS,OOD,UK,MTLR,42
5.8,0.18388258002948218,0.1951037363765782,RFS,OOD,UK,MTLR,42
6.0,0.1859588545603813,0.19953791220331862,RFS,OOD,UK,MTLR,42
6.2,0.19051499387058232,0.20378538588998574,RFS,OOD,UK,MTLR,42
6.4,0.19059828657286546,0.20378538588998577,RFS,OOD,UK,MTLR,42
6.6,0.18354538987397095,0.20378538588998577,RFS,OOD,UK,MTLR,42
6.8,0.18686382187201134,0.2058529204989073,RFS,OOD,UK,MTLR,42
7.0,0.18918986103142563,0.2078731423715134,RFS,OOD,UK,MTLR,42
7.2,0.19848206087038983,0.21364993157143872,RFS,OOD,UK,MTLR,42
7.4,0.20321123682664477,0.2190009061445246,RFS,OOD,UK,MTLR,42
7.6,0.20321123682664477,0.2190009061445246,RFS,OOD,UK,MTLR,42
7.8,0.20321123682664477,0.2190009061445246,RFS,OOD,UK,MTLR,42
8.0,0.20321123682664477,0.2190009061445246,RFS,OOD,UK,MTLR,42
8.2,0.20755168404936628,0.22392606609077134,RFS,OOD,UK,MTLR,42
8.4,0.20910846364573457,0.2298305677106833,RFS,OOD,UK,MTLR,42
8.6,0.20910846364573457,0.2298305677106833,RFS,OOD,UK,MTLR,42
8.8,0.21106360200519175,0.2311884112748726,RFS,OOD,UK,MTLR,42
9.0,0.21106360200519175,0.2311884112748726,RFS,OOD,UK,MTLR,42
9.2,0.21106360200519175,0.2311884112748726,RFS,OOD,UK,MTLR,42
9.4,0.21469998544353555,0.23249894210274646,RFS,OOD,UK,MTLR,42
9.6,0.21469998544353555,0.23249894210274646,RFS,OOD,UK,MTLR,42
9.8,0.21469998544353555,0.23249894210274646,RFS,OOD,UK,MTLR,42
1.6,0.05477336434989013,0.054610375971434574,RFS,OOD,UK,MTLR,43
1.8,0.07264832911922589,0.0713202175079932,RFS,OOD,UK,MTLR,43
2.0,0.0814807642203526,0.0793950850661626,RFS,OOD,UK,MTLR,43
2.2,0.08571893146711124,0.08336250554271978,RFS,OOD,UK,MTLR,43
2.4,0.09926046924953152,0.09498471376228151,RFS,OOD,UK,MTLR,43
2.6,0.11224235972983103,0.10618684216667831,RFS,OOD,UK,MTLR,43
2.8,0.12096145213576759,0.11342155009451795,RFS,OOD,UK,MTLR,43
3.0,0.12549649831240156,0.11696889075591031,RFS,OOD,UK,MTLR,43
3.2,0.1299700060046741,0.12046955588228431,RFS,OOD,UK,MTLR,43
3.4,0.1094931502839384,0.12733085952997739,RFS,OOD,UK,MTLR,43
3.6,0.11818286019150699,0.13727274848887952,RFS,OOD,UK,MTLR,43
3.8,0.12621324137116913,0.1467945576326169,RFS,OOD,UK,MTLR,43
4.0,0.12864218074822134,0.149875142943826,RFS,OOD,UK,MTLR,43
4.2,0.1370988059725329,0.15883684566734346,RFS,OOD,UK,MTLR,43
4.4,0.14985823867305403,0.17013232514177695,RFS,OOD,UK,MTLR,43
4.6,0.15907805271098518,0.17811384162990967,RFS,OOD,UK,MTLR,43
4.8,0.16314178048604291,0.1806809960559173,RFS,OOD,UK,MTLR,43
5.0,0.16314178048604291,0.1806809960559173,RFS,OOD,UK,MTLR,43
5.2,0.1700957772226892,0.18567527830287756,RFS,OOD,UK,MTLR,43
5.4,0.1766564950265337,0.19048285840976456,RFS,OOD,UK,MTLR,43
5.6,0.18066470409840718,0.19281663516068057,RFS,OOD,UK,MTLR,43
5.8,0.18332821971456148,0.1951037363765782,RFS,OOD,UK,MTLR,43
6.0,0.18865452590099796,0.19953791220331862,RFS,OOD,UK,MTLR,43
6.2,0.19062835818807222,0.20378538588998574,RFS,OOD,UK,MTLR,43
6.4,0.19076842297360644,0.20378538588998577,RFS,OOD,UK,MTLR,43
6.6,0.17856758961492983,0.20378538588998577,RFS,OOD,UK,MTLR,43
6.8,0.1814086077809552,0.2058529204989073,RFS,OOD,UK,MTLR,43
7.0,0.18429349943162326,0.2078731423715134,RFS,OOD,UK,MTLR,43
7.2,0.19206182203361352,0.21364993157143872,RFS,OOD,UK,MTLR,43
7.4,0.19835387658562828,0.2190009061445246,RFS,OOD,UK,MTLR,43
7.6,0.19835387658562828,0.2190009061445246,RFS,OOD,UK,MTLR,43
7.8,0.19835387658562828,0.2190009061445246,RFS,OOD,UK,MTLR,43
8.0,0.19835387658562828,0.2190009061445246,RFS,OOD,UK,MTLR,43
8.2,0.20403209546240827,0.22392606609077134,RFS,OOD,UK,MTLR,43
8.4,0.21128455253149508,0.2298305677106833,RFS,OOD,UK,MTLR,43
8.6,0.21128455253149508,0.2298305677106833,RFS,OOD,UK,MTLR,43
8.8,0.21311302547541205,0.2311884112748726,RFS,OOD,UK,MTLR,43
9.0,0.21311302547541205,0.2311884112748726,RFS,OOD,UK,MTLR,43
9.2,0.21311302547541205,0.2311884112748726,RFS,OOD,UK,MTLR,43
9.4,0.21730285272595432,0.23249894210274646,RFS,OOD,UK,MTLR,43
9.6,0.21730285272595432,0.23249894210274646,RFS,OOD,UK,MTLR,43
9.8,0.21730285272595432,0.23249894210274646,RFS,OOD,UK,MTLR,43
1.6,0.05533922544134376,0.054610375971434574,RFS,OOD,UK,MTLR,44
1.8,0.07344592961422451,0.0713202175079932,RFS,OOD,UK,MTLR,44
2.0,0.08228581846334472,0.0793950850661626,RFS,OOD,UK,MTLR,44
2.2,0.08651036763247048,0.08336250554271978,RFS,OOD,UK,MTLR,44
2.4,0.09994810694943844,0.09498471376228151,RFS,OOD,UK,MTLR,44
2.6,0.11232472809902676,0.10618684216667831,RFS,OOD,UK,MTLR,44
2.8,0.12139555528830179,0.11342155009451795,RFS,OOD,UK,MTLR,44
3.0,0.12597040412216912,0.11696889075591031,RFS,OOD,UK,MTLR,44
3.2,0.10380004979371238,0.12046955588228431,RFS,OOD,UK,MTLR,44
3.4,0.11235749209945695,0.12733085952997739,RFS,OOD,UK,MTLR,44
3.6,0.12215846409353447,0.13727274848887952,RFS,OOD,UK,MTLR,44
3.8,0.13333962742066402,0.1467945576326169,RFS,OOD,UK,MTLR,44
4.0,0.136314395612384,0.149875142943826,RFS,OOD,UK,MTLR,44
4.2,0.145968762064145,0.15883684566734346,RFS,OOD,UK,MTLR,44
4.4,0.15896364232577354,0.17013232514177695,RFS,OOD,UK,MTLR,44
4.6,0.166321854727675,0.17811384162990967,RFS,OOD,UK,MTLR,44
4.8,0.17049658305212284,0.1806809960559173,RFS,OOD,UK,MTLR,44
5.0,0.17049658305212284,0.1806809960559173,RFS,OOD,UK,MTLR,44
5.2,0.17876774280928548,0.18567527830287756,RFS,OOD,UK,MTLR,44
5.4,0.18729751128314565,0.19048285840976456,RFS,OOD,UK,MTLR,44
5.6,0.1916758876587955,0.19281663516068057,RFS,OOD,UK,MTLR,44
5.8,0.19564111170370588,0.1951037363765782,RFS,OOD,UK,MTLR,44
6.0,0.19944956171149006,0.19953791220331862,RFS,OOD,UK,MTLR,44
6.2,0.205733870605735,0.20378538588998574,RFS,OOD,UK,MTLR,44
6.4,0.17835005980621085,0.20378538588998577,RFS,OOD,UK,MTLR,44
6.6,0.17835005980621085,0.20378538588998577,RFS,OOD,UK,MTLR,44
6.8,0.17933948402834446,0.2058529204989073,RFS,OOD,UK,MTLR,44
7.0,0.18150332714357403,0.2078731423715134,RFS,OOD,UK,MTLR,44
7.2,0.1931876201781421,0.21364993157143872,RFS,OOD,UK,MTLR,44
7.4,0.20069575688014749,0.2190009061445246,RFS,OOD,UK,MTLR,44
7.6,0.20069575688014749,0.2190009061445246,RFS,OOD,UK,MTLR,44
7.8,0.20069575688014749,0.2190009061445246,RFS,OOD,UK,MTLR,44
8.0,0.20069575688014749,0.2190009061445246,RFS,OOD,UK,MTLR,44
8.2,0.20975085761043494,0.22392606609077134,RFS,OOD,UK,MTLR,44
8.4,0.2203480861912381,0.2298305677106833,RFS,OOD,UK,MTLR,44
8.6,0.2203480861912381,0.2298305677106833,RFS,OOD,UK,MTLR,44
8.8,0.22300560675032147,0.2311884112748726,RFS,OOD,UK,MTLR,44
9.0,0.22300560675032147,0.2311884112748726,RFS,OOD,UK,MTLR,44
9.2,0.22300560675032147,0.2311884112748726,RFS,OOD,UK,MTLR,44
9.4,0.21900064082087858,0.23249894210274646,RFS,OOD,UK,MTLR,44
9.6,0.21900064082087858,0.23249894210274646,RFS,OOD,UK,MTLR,44
9.8,0.21900064082087858,0.23249894210274646,RFS,OOD,UK,MTLR,44
1.6,0.057971014492753624,0.054610375971434574,RFS,OOD,UK,PCHazard,40
1.8,0.07729468599033816,0.0713202175079932,RFS,OOD,UK,PCHazard,40
2.0,0.08695652173913043,0.0793950850661626,RFS,OOD,UK,PCHazard,40
2.2,0.09178743961352658,0.08336250554271978,RFS,OOD,UK,PCHazard,40
2.4,0.10628019323671498,0.09498471376228151,RFS,OOD,UK,PCHazard,40
2.6,0.12077294685990338,0.10618684216667831,RFS,OOD,UK,PCHazard,40
2.8,0.1210248570557201,0.11342155009451795,RFS,OOD,UK,PCHazard,40
3.0,0.12441373125249594,0.11696889075591031,RFS,OOD,UK,PCHazard,40
3.2,0.1255037758131357,0.12046955588228431,RFS,OOD,UK,PCHazard,40
3.4,0.13317247658419107,0.12733085952997739,RFS,OOD,UK,PCHazard,40
3.6,0.13404492272729993,0.13727274848887952,RFS,OOD,UK,PCHazard,40
3.8,0.13639675730551457,0.1467945576326169,RFS,OOD,UK,PCHazard,40
4.0,0.13697034115259732,0.149875142943826,RFS,OOD,UK,PCHazard,40
4.2,0.1446848649379535,0.15883684566734346,RFS,OOD,UK,PCHazard,40
4.4,0.15506784605402257,0.17013232514177695,RFS,OOD,UK,PCHazard,40
4.6,0.1591783957250851,0.17811384162990967,RFS,OOD,UK,PCHazard,40
4.8,0.16004230775002076,0.1806809960559173,RFS,OOD,UK,PCHazard,40
5.0,0.16004230775002076,0.1806809960559173,RFS,OOD,UK,PCHazard,40
5.2,0.16613195305744188,0.18567527830287756,RFS,OOD,UK,PCHazard,40
5.4,0.16889673725301474,0.19048285840976456,RFS,OOD,UK,PCHazard,40
5.6,0.20824461311831208,0.19281663516068057,RFS,OOD,UK,PCHazard,40
5.8,0.20709749379893075,0.1951037363765782,RFS,OOD,UK,PCHazard,40
6.0,0.20650051037767878,0.19953791220331862,RFS,OOD,UK,PCHazard,40
6.2,0.20807193817445263,0.20378538588998574,RFS,OOD,UK,PCHazard,40
6.4,0.20804188178779154,0.20378538588998577,RFS,OOD,UK,PCHazard,40
6.6,0.20804188178779154,0.20378538588998577,RFS,OOD,UK,PCHazard,40
6.8,0.20787312869596747,0.2058529204989073,RFS,OOD,UK,PCHazard,40
7.0,0.20981055160458253,0.2078731423715134,RFS,OOD,UK,PCHazard,40
7.2,0.21154501855283991,0.21364993157143872,RFS,OOD,UK,PCHazard,40
7.4,0.2081699478742872,0.2190009061445246,RFS,OOD,UK,PCHazard,40
7.6,0.2081699478742872,0.2190009061445246,RFS,OOD,UK,PCHazard,40
7.8,0.2081699478742872,0.2190009061445246,RFS,OOD,UK,PCHazard,40
8.0,0.2081699478742872,0.2190009061445246,RFS,OOD,UK,PCHazard,40
8.2,0.2098779738424846,0.22392606609077134,RFS,OOD,UK,PCHazard,40
8.4,0.23530250503994404,0.2298305677106833,RFS,OOD,UK,PCHazard,40
8.6,0.23530250503994404,0.2298305677106833,RFS,OOD,UK,PCHazard,40
8.8,0.23606314517861945,0.2311884112748726,RFS,OOD,UK,PCHazard,40
9.0,0.23606314517861945,0.2311884112748726,RFS,OOD,UK,PCHazard,40
9.2,0.23606314517861945,0.2311884112748726,RFS,OOD,UK,PCHazard,40
9.4,0.23985166844928807,0.23249894210274646,RFS,OOD,UK,PCHazard,40
9.6,0.23985166844928807,0.23249894210274646,RFS,OOD,UK,PCHazard,40
9.8,0.23985166844928807,0.23249894210274646,RFS,OOD,UK,PCHazard,40
1.6,0.057971014492753624,0.054610375971434574,RFS,OOD,UK,PCHazard,41
1.8,0.07729468599033816,0.0713202175079932,RFS,OOD,UK,PCHazard,41
2.0,0.08695652173913043,0.0793950850661626,RFS,OOD,UK,PCHazard,41
2.2,0.09178743961352658,0.08336250554271978,RFS,OOD,UK,PCHazard,41
2.4,0.10628019323671498,0.09498471376228151,RFS,OOD,UK,PCHazard,41
2.6,0.12077294685990338,0.10618684216667831,RFS,OOD,UK,PCHazard,41
2.8,0.13043478260869565,0.11342155009451795,RFS,OOD,UK,PCHazard,41
3.0,0.10677041751119473,0.11696889075591031,RFS,OOD,UK,PCHazard,41
3.2,0.10640982726290255,0.12046955588228431,RFS,OOD,UK,PCHazard,41
3.4,0.1123688278273303,0.12733085952997739,RFS,OOD,UK,PCHazard,41
3.6,0.11690996159622284,0.13727274848887952,RFS,OOD,UK,PCHazard,41
3.8,0.12413053161224531,0.1467945576326169,RFS,OOD,UK,PCHazard,41
4.0,0.12402454677931578,0.149875142943826,RFS,OOD,UK,PCHazard,41
4.2,0.13300638279421542,0.15883684566734346,RFS,OOD,UK,PCHazard,41
4.4,0.14291497140635265,0.17013232514177695,RFS,OOD,UK,PCHazard,41
4.6,0.14714917134491942,0.17811384162990967,RFS,OOD,UK,PCHazard,41
4.8,0.1507417914942462,0.1806809960559173,RFS,OOD,UK,PCHazard,41
5.0,0.1507417914942462,0.1806809960559173,RFS,OOD,UK,PCHazard,41
5.2,0.15787409883710724,0.18567527830287756,RFS,OOD,UK,PCHazard,41
5.4,0.16337732082348164,0.19048285840976456,RFS,OOD,UK,PCHazard,41
5.6,0.16695530299347605,0.19281663516068057,RFS,OOD,UK,PCHazard,41
5.8,0.16720762241234174,0.1951037363765782,RFS,OOD,UK,PCHazard,41
6.0,0.1803909213545572,0.19953791220331862,RFS,OOD,UK,PCHazard,41
6.2,0.17910139991606916,0.20378538588998574,RFS,OOD,UK,PCHazard,41
6.4,0.1783101008877032,0.20378538588998577,RFS,OOD,UK,PCHazard,41
6.6,0.1783101008877032,0.20378538588998577,RFS,OOD,UK,PCHazard,41
6.8,0.1810317957457361,0.2058529204989073,RFS,OOD,UK,PCHazard,41
7.0,0.17976833662181455,0.2078731423715134,RFS,OOD,UK,PCHazard,41
7.2,0.1851050921259695,0.21364993157143872,RFS,OOD,UK,PCHazard,41
7.4,0.19000481944827738,0.2190009061445246,RFS,OOD,UK,PCHazard,41
7.6,0.19000481944827738,0.2190009061445246,RFS,OOD,UK,PCHazard,41
7.8,0.19000481944827738,0.2190009061445246,RFS,OOD,UK,PCHazard,41
8.0,0.19000481944827738,0.2190009061445246,RFS,OOD,UK,PCHazard,41
8.2,0.19637085517020933,0.22392606609077134,RFS,OOD,UK,PCHazard,41
8.4,0.20004704227339706,0.2298305677106833,RFS,OOD,UK,PCHazard,41
8.6,0.20004704227339706,0.2298305677106833,RFS,OOD,UK,PCHazard,41
8.8,0.19871123123978177,0.2311884112748726,RFS,OOD,UK,PCHazard,41
9.0,0.2300969669683599,0.2311884112748726,RFS,OOD,UK,PCHazard,41
9.2,0.2300969669683599,0.2311884112748726,RFS,OOD,UK,PCHazard,41
9.4,0.23061103673593708,0.23249894210274646,RFS,OOD,UK,PCHazard,41
9.6,0.23061103673593708,0.23249894210274646,RFS,OOD,UK,PCHazard,41
9.8,0.23061103673593708,0.23249894210274646,RFS,OOD,UK,PCHazard,41
1.6,0.057971014492753624,0.054610375971434574,RFS,OOD,UK,PCHazard,42
1.8,0.07729468599033816,0.0713202175079932,RFS,OOD,UK,PCHazard,42
2.0,0.08695652173913043,0.0793950850661626,RFS,OOD,UK,PCHazard,42
2.2,0.09178743961352658,0.08336250554271978,RFS,OOD,UK,PCHazard,42
2.4,0.10628019323671498,0.09498471376228151,RFS,OOD,UK,PCHazard,42
2.6,0.12077294685990338,0.10618684216667831,RFS,OOD,UK,PCHazard,42
2.8,0.13043478260869565,0.11342155009451795,RFS,OOD,UK,PCHazard,42
3.0,0.10226452398738264,0.11696889075591031,RFS,OOD,UK,PCHazard,42
3.2,0.1065729008985644,0.12046955588228431,RFS,OOD,UK,PCHazard,42
3.4,0.11408299111836614,0.12733085952997739,RFS,OOD,UK,PCHazard,42
3.6,0.1247509768824688,0.13727274848887952,RFS,OOD,UK,PCHazard,42
3.8,0.13371775394223578,0.1467945576326169,RFS,OOD,UK,PCHazard,42
4.0,0.13723708514177121,0.149875142943826,RFS,OOD,UK,PCHazard,42
4.2,0.1458096578130441,0.15883684566734346,RFS,OOD,UK,PCHazard,42
4.4,0.15957731027856958,0.17013232514177695,RFS,OOD,UK,PCHazard,42
4.6,0.16827972144643305,0.17811384162990967,RFS,OOD,UK,PCHazard,42
4.8,0.17209198212025087,0.1806809960559173,RFS,OOD,UK,PCHazard,42
5.0,0.17209198212025087,0.1806809960559173,RFS,OOD,UK,PCHazard,42
5.2,0.18016859174097635,0.18567527830287756,RFS,OOD,UK,PCHazard,42
5.4,0.18742544917991613,0.19048285840976456,RFS,OOD,UK,PCHazard,42
5.6,0.19020355199017228,0.19281663516068057,RFS,OOD,UK,PCHazard,42
5.8,0.194279260586775,0.1951037363765782,RFS,OOD,UK,PCHazard,42
6.0,0.17027391650999762,0.19953791220331862,RFS,OOD,UK,PCHazard,42
6.2,0.17109554321466974,0.20378538588998574,RFS,OOD,UK,PCHazard,42
6.4,0.1714970029118206,0.20378538588998577,RFS,OOD,UK,PCHazard,42
6.6,0.1714970029118206,0.20378538588998577,RFS,OOD,UK,PCHazard,42
6.8,0.16997396755593014,0.2058529204989073,RFS,OOD,UK,PCHazard,42
7.0,0.17101876865161483,0.2078731423715134,RFS,OOD,UK,PCHazard,42
7.2,0.17956407907626606,0.21364993157143872,RFS,OOD,UK,PCHazard,42
7.4,0.18440388064207527,0.2190009061445246,RFS,OOD,UK,PCHazard,42
7.6,0.18440388064207527,0.2190009061445246,RFS,OOD,UK,PCHazard,42
7.8,0.18440388064207527,0.2190009061445246,RFS,OOD,UK,PCHazard,42
8.0,0.18440388064207527,0.2190009061445246,RFS,OOD,UK,PCHazard,42
8.2,0.188466507397173,0.22392606609077134,RFS,OOD,UK,PCHazard,42
8.4,0.1935453730406614,0.2298305677106833,RFS,OOD,UK,PCHazard,42
8.6,0.1935453730406614,0.2298305677106833,RFS,OOD,UK,PCHazard,42
8.8,0.19690571529376566,0.2311884112748726,RFS,OOD,UK,PCHazard,42
9.0,0.19598542409035075,0.2311884112748726,RFS,OOD,UK,PCHazard,42
9.2,0.19598542409035075,0.2311884112748726,RFS,OOD,UK,PCHazard,42
9.4,0.1988997423997817,0.23249894210274646,RFS,OOD,UK,PCHazard,42
9.6,0.1988997423997817,0.23249894210274646,RFS,OOD,UK,PCHazard,42
9.8,0.1988997423997817,0.23249894210274646,RFS,OOD,UK,PCHazard,42
1.6,0.057971014492753624,0.054610375971434574,RFS,OOD,UK,PCHazard,43
1.8,0.07729468599033816,0.0713202175079932,RFS,OOD,UK,PCHazard,43
2.0,0.08695652173913043,0.0793950850661626,RFS,OOD,UK,PCHazard,43
2.2,0.09178743961352658,0.08336250554271978,RFS,OOD,UK,PCHazard,43
2.4,0.10628019323671498,0.09498471376228151,RFS,OOD,UK,PCHazard,43
2.6,0.12077294685990338,0.10618684216667831,RFS,OOD,UK,PCHazard,43
2.8,0.13043478260869565,0.11342155009451795,RFS,OOD,UK,PCHazard,43
3.0,0.13165067010646758,0.11696889075591031,RFS,OOD,UK,PCHazard,43
3.2,0.13190200014581904,0.12046955588228431,RFS,OOD,UK,PCHazard,43
3.4,0.13865453606257594,0.12733085952997739,RFS,OOD,UK,PCHazard,43
3.6,0.14702991698866205,0.13727274848887952,RFS,OOD,UK,PCHazard,43
3.8,0.15374832103984845,0.1467945576326169,RFS,OOD,UK,PCHazard,43
4.0,0.15426404576561778,0.149875142943826,RFS,OOD,UK,PCHazard,43
4.2,0.16374218575811517,0.15883684566734346,RFS,OOD,UK,PCHazard,43
4.4,0.1757200806286705,0.17013232514177695,RFS,OOD,UK,PCHazard,43
4.6,0.17621013993993373,0.17811384162990967,RFS,OOD,UK,PCHazard,43
4.8,0.17943746308964706,0.1806809960559173,RFS,OOD,UK,PCHazard,43
5.0,0.17943746308964706,0.1806809960559173,RFS,OOD,UK,PCHazard,43
5.2,0.18360521853449163,0.18567527830287756,RFS,OOD,UK,PCHazard,43
5.4,0.18587473708265545,0.19048285840976456,RFS,OOD,UK,PCHazard,43
5.6,0.18703631124825768,0.19281663516068057,RFS,OOD,UK,PCHazard,43
5.8,0.18813156819189128,0.1951037363765782,RFS,OOD,UK,PCHazard,43
6.0,0.19901380718093312,0.19953791220331862,RFS,OOD,UK,PCHazard,43
6.2,0.19819969094944787,0.20378538588998574,RFS,OOD,UK,PCHazard,43
6.4,0.19872217231935443,0.20378538588998577,RFS,OOD,UK,PCHazard,43
6.6,0.19872217231935443,0.20378538588998577,RFS,OOD,UK,PCHazard,43
6.8,0.20122231735720586,0.2058529204989073,RFS,OOD,UK,PCHazard,43
7.0,0.2000357158302365,0.2078731423715134,RFS,OOD,UK,PCHazard,43
7.2,0.20102530674714383,0.21364993157143872,RFS,OOD,UK,PCHazard,43
7.4,0.20534748596208627,0.2190009061445246,RFS,OOD,UK,PCHazard,43
7.6,0.20534748596208627,0.2190009061445246,RFS,OOD,UK,PCHazard,43
7.8,0.20534748596208627,0.2190009061445246,RFS,OOD,UK,PCHazard,43
8.0,0.20534748596208627,0.2190009061445246,RFS,OOD,UK,PCHazard,43
8.2,0.21049662896257115,0.22392606609077134,RFS,OOD,UK,PCHazard,43
8.4,0.21238061242576212,0.2298305677106833,RFS,OOD,UK,PCHazard,43
8.6,0.21238061242576212,0.2298305677106833,RFS,OOD,UK,PCHazard,43
8.8,0.21206628493297563,0.2311884112748726,RFS,OOD,UK,PCHazard,43
9.0,0.23141515937780316,0.2311884112748726,RFS,OOD,UK,PCHazard,43
9.2,0.23141515937780316,0.2311884112748726,RFS,OOD,UK,PCHazard,43
9.4,0.2349979983838172,0.23249894210274646,RFS,OOD,UK,PCHazard,43
9.6,0.2349979983838172,0.23249894210274646,RFS,OOD,UK,PCHazard,43
9.8,0.2349979983838172,0.23249894210274646,RFS,OOD,UK,PCHazard,43
1.6,0.057971014492753624,0.054610375971434574,RFS,OOD,UK,PCHazard,44
1.8,0.07729468599033816,0.0713202175079932,RFS,OOD,UK,PCHazard,44
2.0,0.08695652173913043,0.0793950850661626,RFS,OOD,UK,PCHazard,44
2.2,0.09178743961352658,0.08336250554271978,RFS,OOD,UK,PCHazard,44
2.4,0.10628019323671498,0.09498471376228151,RFS,OOD,UK,PCHazard,44
2.6,0.12077294685990338,0.10618684216667831,RFS,OOD,UK,PCHazard,44
2.8,0.10177525836435011,0.11342155009451795,RFS,OOD,UK,PCHazard,44
3.0,0.10606243675404219,0.11696889075591031,RFS,OOD,UK,PCHazard,44
3.2,0.1077261169918906,0.12046955588228431,RFS,OOD,UK,PCHazard,44
3.4,0.11508487706545564,0.12733085952997739,RFS,OOD,UK,PCHazard,44
3.6,0.12462833165493083,0.13727274848887952,RFS,OOD,UK,PCHazard,44
3.8,0.12893275392750705,0.1467945576326169,RFS,OOD,UK,PCHazard,44
4.0,0.13260427968460098,0.149875142943826,RFS,OOD,UK,PCHazard,44
4.2,0.14284153579460343,0.15883684566734346,RFS,OOD,UK,PCHazard,44
4.4,0.1582284045847554,0.17013232514177695,RFS,OOD,UK,PCHazard,44
4.6,0.16324186182774875,0.17811384162990967,RFS,OOD,UK,PCHazard,44
4.8,0.1670660296091547,0.1806809960559173,RFS,OOD,UK,PCHazard,44
5.0,0.1670660296091547,0.1806809960559173,RFS,OOD,UK,PCHazard,44
5.2,0.17508480832719087,0.18567527830287756,RFS,OOD,UK,PCHazard,44
5.4,0.18277571773130052,0.19048285840976456,RFS,OOD,UK,PCHazard,44
5.6,0.17203092613543536,0.19281663516068057,RFS,OOD,UK,PCHazard,44
5.8,0.17377081681450454,0.1951037363765782,RFS,OOD,UK,PCHazard,44
6.0,0.17491310585409794,0.19953791220331862,RFS,OOD,UK,PCHazard,44
6.2,0.17840420115282818,0.20378538588998574,RFS,OOD,UK,PCHazard,44
6.4,0.178686157190221,0.20378538588998577,RFS,OOD,UK,PCHazard,44
6.6,0.178686157190221,0.20378538588998577,RFS,OOD,UK,PCHazard,44
6.8,0.1778186111996295,0.2058529204989073,RFS,OOD,UK,PCHazard,44
7.0,0.1788280741628953,0.2078731423715134,RFS,OOD,UK,PCHazard,44
7.2,0.18943488638862127,0.21364993157143872,RFS,OOD,UK,PCHazard,44
7.4,0.19659111795737405,0.2190009061445246,RFS,OOD,UK,PCHazard,44
7.6,0.19659111795737405,0.2190009061445246,RFS,OOD,UK,PCHazard,44
7.8,0.19659111795737405,0.2190009061445246,RFS,OOD,UK,PCHazard,44
8.0,0.19659111795737405,0.2190009061445246,RFS,OOD,UK,PCHazard,44
8.2,0.19931294762074572,0.22392606609077134,RFS,OOD,UK,PCHazard,44
8.4,0.20623339680337216,0.2298305677106833,RFS,OOD,UK,PCHazard,44
8.6,0.20623339680337216,0.2298305677106833,RFS,OOD,UK,PCHazard,44
8.8,0.205891191566528,0.2311884112748726,RFS,OOD,UK,PCHazard,44
9.0,0.205891191566528,0.2311884112748726,RFS,OOD,UK,PCHazard,44
9.2,0.205891191566528,0.2311884112748726,RFS,OOD,UK,PCHazard,44
9.4,0.208953194360641,0.23249894210274646,RFS,OOD,UK,PCHazard,44
9.6,0.208953194360641,0.23249894210274646,RFS,OOD,UK,PCHazard,44
9.8,0.208953194360641,0.23249894210274646,RFS,OOD,UK,PCHazard,44
1.6,0.05488718876990511,0.054610375971434574,RFS,OOD,UK,PMF,40
1.8,0.07221620148405153,0.0713202175079932,RFS,OOD,UK,PMF,40
2.0,0.08086819864024078,0.0793950850661626,RFS,OOD,UK,PMF,40
2.2,0.08524982015766175,0.08336250554271978,RFS,OOD,UK,PMF,40
2.4,0.09824106943102642,0.09498471376228151,RFS,OOD,UK,PMF,40
2.6,0.11149568945787747,0.10618684216667831,RFS,OOD,UK,PMF,40
2.8,0.12015479655555848,0.11342155009451795,RFS,OOD,UK,PMF,40
3.0,0.12450413654290328,0.11696889075591031,RFS,OOD,UK,PMF,40
3.2,0.09889258467165118,0.12046955588228431,RFS,OOD,UK,PMF,40
3.4,0.10524246731350338,0.12733085952997739,RFS,OOD,UK,PMF,40
3.6,0.11292234784271356,0.13727274848887952,RFS,OOD,UK,PMF,40
3.8,0.12259072858462537,0.1467945576326169,RFS,OOD,UK,PMF,40
4.0,0.12374226267895211,0.149875142943826,RFS,OOD,UK,PMF,40
4.2,0.13414083429688942,0.15883684566734346,RFS,OOD,UK,PMF,40
4.4,0.14893450844799214,0.17013232514177695,RFS,OOD,UK,PMF,40
4.6,0.15606582871490005,0.17811384162990967,RFS,OOD,UK,PMF,40
4.8,0.15916834204201488,0.1806809960559173,RFS,OOD,UK,PMF,40
5.0,0.15916834204201488,0.1806809960559173,RFS,OOD,UK,PMF,40
5.2,0.16692894914408188,0.18567527830287756,RFS,OOD,UK,PMF,40
5.4,0.17408816611241554,0.19048285840976456,RFS,OOD,UK,PMF,40
5.6,0.17776435715673,0.19281663516068057,RFS,OOD,UK,PMF,40
5.8,0.1811402726702524,0.1951037363765782,RFS,OOD,UK,PMF,40
6.0,0.1850852512920992,0.19953791220331862,RFS,OOD,UK,PMF,40
6.2,0.19160415946105777,0.20378538588998574,RFS,OOD,UK,PMF,40
6.4,0.16808192311046471,0.20378538588998577,RFS,OOD,UK,PMF,40
6.6,0.16808192311046471,0.20378538588998577,RFS,OOD,UK,PMF,40
6.8,0.17092786790429024,0.2058529204989073,RFS,OOD,UK,PMF,40
7.0,0.17329509777715368,0.2078731423715134,RFS,OOD,UK,PMF,40
7.2,0.18102008611585646,0.21364993157143872,RFS,OOD,UK,PMF,40
7.4,0.18183267588353466,0.2190009061445246,RFS,OOD,UK,PMF,40
7.6,0.18183267588353466,0.2190009061445246,RFS,OOD,UK,PMF,40
7.8,0.18183267588353466,0.2190009061445246,RFS,OOD,UK,PMF,40
8.0,0.18183267588353466,0.2190009061445246,RFS,OOD,UK,PMF,40
8.2,0.18817255878993722,0.22392606609077134,RFS,OOD,UK,PMF,40
8.4,0.19815942590449445,0.2298305677106833,RFS,OOD,UK,PMF,40
8.6,0.19815942590449445,0.2298305677106833,RFS,OOD,UK,PMF,40
8.8,0.19992106207154517,0.2311884112748726,RFS,OOD,UK,PMF,40
9.0,0.19992106207154517,0.2311884112748726,RFS,OOD,UK,PMF,40
9.2,0.19992106207154517,0.2311884112748726,RFS,OOD,UK,PMF,40
9.4,0.19942112982508026,0.23249894210274646,RFS,OOD,UK,PMF,40
9.6,0.19942112982508026,0.23249894210274646,RFS,OOD,UK,PMF,40
9.8,0.19942112982508026,0.23249894210274646,RFS,OOD,UK,PMF,40
1.6,0.055747074261424875,0.054610375971434574,RFS,OOD,UK,PMF,41
1.8,0.07316131988992924,0.0713202175079932,RFS,OOD,UK,PMF,41
2.0,0.08199249379132591,0.0793950850661626,RFS,OOD,UK,PMF,41
2.2,0.086480145349064,0.08336250554271978,RFS,OOD,UK,PMF,41
2.4,0.09994620464681914,0.09498471376228151,RFS,OOD,UK,PMF,41
2.6,0.11361723136042537,0.10618684216667831,RFS,OOD,UK,PMF,41
2.8,0.12223710478047728,0.11342155009451795,RFS,OOD,UK,PMF,41
3.0,0.12651057640543217,0.11696889075591031,RFS,OOD,UK,PMF,41
3.2,0.1308933450963062,0.12046955588228431,RFS,OOD,UK,PMF,41
3.4,0.11455609635921417,0.12733085952997739,RFS,OOD,UK,PMF,41
3.6,0.11969663588788124,0.13727274848887952,RFS,OOD,UK,PMF,41
3.8,0.13243704174918755,0.1467945576326169,RFS,OOD,UK,PMF,41
4.0,0.13514623122405817,0.149875142943826,RFS,OOD,UK,PMF,41
4.2,0.14440067066553636,0.15883684566734346,RFS,OOD,UK,PMF,41
4.4,0.15426736325924448,0.17013232514177695,RFS,OOD,UK,PMF,41
4.6,0.16537147880067496,0.17811384162990967,RFS,OOD,UK,PMF,41
4.8,0.16877888226745708,0.1806809960559173,RFS,OOD,UK,PMF,41
5.0,0.16877888226745708,0.1806809960559173,RFS,OOD,UK,PMF,41
5.2,0.1757501660787591,0.18567527830287756,RFS,OOD,UK,PMF,41
5.4,0.18332883446579892,0.19048285840976456,RFS,OOD,UK,PMF,41
5.6,0.1873730286181887,0.19281663516068057,RFS,OOD,UK,PMF,41
5.8,0.1913465788848784,0.1951037363765782,RFS,OOD,UK,PMF,41
6.0,0.19421290463186616,0.19953791220331862,RFS,OOD,UK,PMF,41
6.2,0.20092890952411405,0.20378538588998574,RFS,OOD,UK,PMF,41
6.4,0.2001884950395114,0.20378538588998577,RFS,OOD,UK,PMF,41
6.6,0.17065269982526876,0.20378538588998577,RFS,OOD,UK,PMF,41
6.8,0.17391716504259205,0.2058529204989073,RFS,OOD,UK,PMF,41
7.0,0.17702279072371405,0.2078731423715134,RFS,OOD,UK,PMF,41
7.2,0.1846396564836044,0.21364993157143872,RFS,OOD,UK,PMF,41
7.4,0.19097820699143275,0.2190009061445246,RFS,OOD,UK,PMF,41
7.6,0.19097820699143275,0.2190009061445246,RFS,OOD,UK,PMF,41
7.8,0.19097820699143275,0.2190009061445246,RFS,OOD,UK,PMF,41
8.0,0.19097820699143275,0.2190009061445246,RFS,OOD,UK,PMF,41
8.2,0.19783501242055634,0.22392606609077134,RFS,OOD,UK,PMF,41
8.4,0.20626867909296565,0.2298305677106833,RFS,OOD,UK,PMF,41
8.6,0.20626867909296565,0.2298305677106833,RFS,OOD,UK,PMF,41
8.8,0.20607655220491852,0.2311884112748726,RFS,OOD,UK,PMF,41
9.0,0.20607655220491852,0.2311884112748726,RFS,OOD,UK,PMF,41
9.2,0.20607655220491852,0.2311884112748726,RFS,OOD,UK,PMF,41
9.4,0.20929233137580266,0.23249894210274646,RFS,OOD,UK,PMF,41
9.6,0.20929233137580266,0.23249894210274646,RFS,OOD,UK,PMF,41
9.8,0.20929233137580266,0.23249894210274646,RFS,OOD,UK,PMF,41
1.6,0.054834232925927644,0.054610375971434574,RFS,OOD,UK,PMF,42
1.8,0.07205960439267026,0.0713202175079932,RFS,OOD,UK,PMF,42
2.0,0.08079823618017769,0.0793950850661626,RFS,OOD,UK,PMF,42
2.2,0.08523107680389506,0.08336250554271978,RFS,OOD,UK,PMF,42
2.4,0.09812982542747122,0.09498471376228151,RFS,OOD,UK,PMF,42
2.6,0.11103863197492177,0.10618684216667831,RFS,OOD,UK,PMF,42
2.8,0.11956677010337748,0.11342155009451795,RFS,OOD,UK,PMF,42
3.0,0.12394226702758891,0.11696889075591031,RFS,OOD,UK,PMF,42
3.2,0.12783492256145781,0.12046955588228431,RFS,OOD,UK,PMF,42
3.4,0.11624968077086062,0.12733085952997739,RFS,OOD,UK,PMF,42
3.6,0.12427850877441687,0.13727274848887952,RFS,OOD,UK,PMF,42
3.8,0.13436391298158198,0.1467945576326169,RFS,OOD,UK,PMF,42
4.0,0.13725746854904236,0.149875142943826,RFS,OOD,UK,PMF,42
4.2,0.14467318877918176,0.15883684566734346,RFS,OOD,UK,PMF,42
4.4,0.15758456840443769,0.17013232514177695,RFS,OOD,UK,PMF,42
4.6,0.16633426016492012,0.17811384162990967,RFS,OOD,UK,PMF,42
4.8,0.16943302559804269,0.1806809960559173,RFS,OOD,UK,PMF,42
5.0,0.16943302559804269,0.1806809960559173,RFS,OOD,UK,PMF,42
5.2,0.17810494395106352,0.18567527830287756,RFS,OOD,UK,PMF,42
5.4,0.1859710743099945,0.19048285840976456,RFS,OOD,UK,PMF,42
5.6,0.1898685926614526,0.19281663516068057,RFS,OOD,UK,PMF,42
5.8,0.19258536661141204,0.1951037363765782,RFS,OOD,UK,PMF,42
6.0,0.19465361611115226,0.19953791220331862,RFS,OOD,UK,PMF,42
6.2,0.20126277031942308,0.20378538588998574,RFS,OOD,UK,PMF,42
6.4,0.20128897082223834,0.20378538588998577,RFS,OOD,UK,PMF,42
6.6,0.18516975342808045,0.20378538588998577,RFS,OOD,UK,PMF,42
6.8,0.1889724780991646,0.2058529204989073,RFS,OOD,UK,PMF,42
7.0,0.19085029849419013,0.2078731423715134,RFS,OOD,UK,PMF,42
7.2,0.1979347022995986,0.21364993157143872,RFS,OOD,UK,PMF,42
7.4,0.20350409934922828,0.2190009061445246,RFS,OOD,UK,PMF,42
7.6,0.20350409934922828,0.2190009061445246,RFS,OOD,UK,PMF,42
7.8,0.20350409934922828,0.2190009061445246,RFS,OOD,UK,PMF,42
8.0,0.20350409934922828,0.2190009061445246,RFS,OOD,UK,PMF,42
8.2,0.20733906713811462,0.22392606609077134,RFS,OOD,UK,PMF,42
8.4,0.21676065806959782,0.2298305677106833,RFS,OOD,UK,PMF,42
8.6,0.21676065806959782,0.2298305677106833,RFS,OOD,UK,PMF,42
8.8,0.21758274451101242,0.2311884112748726,RFS,OOD,UK,PMF,42
9.0,0.21758274451101242,0.2311884112748726,RFS,OOD,UK,PMF,42
9.2,0.21758274451101242,0.2311884112748726,RFS,OOD,UK,PMF,42
9.4,0.22134873721659615,0.23249894210274646,RFS,OOD,UK,PMF,42
9.6,0.22134873721659615,0.23249894210274646,RFS,OOD,UK,PMF,42
9.8,0.22134873721659615,0.23249894210274646,RFS,OOD,UK,PMF,42
1.6,0.05486803016300033,0.054610375971434574,RFS,OOD,UK,PMF,43
1.8,0.0720983934467566,0.0713202175079932,RFS,OOD,UK,PMF,43
2.0,0.08058439310697212,0.0793950850661626,RFS,OOD,UK,PMF,43
2.2,0.08492240878769987,0.08336250554271978,RFS,OOD,UK,PMF,43
2.4,0.09825569715551953,0.09498471376228151,RFS,OOD,UK,PMF,43
2.6,0.11118125807910971,0.10618684216667831,RFS,OOD,UK,PMF,43
2.8,0.11955031342627591,0.11342155009451795,RFS,OOD,UK,PMF,43
3.0,0.12378009455866529,0.11696889075591031,RFS,OOD,UK,PMF,43
3.2,0.12810887065561744,0.12046955588228431,RFS,OOD,UK,PMF,43
3.4,0.11133294999606194,0.12733085952997739,RFS,OOD,UK,PMF,43
3.6,0.11769501732462097,0.13727274848887952,RFS,OOD,UK,PMF,43
3.8,0.1276611667469026,0.1467945576326169,RFS,OOD,UK,PMF,43
4.0,0.12981822256023584,0.149875142943826,RFS,OOD,UK,PMF,43
4.2,0.1383950666097725,0.15883684566734346,RFS,OOD,UK,PMF,43
4.4,0.15284337129288653,0.17013232514177695,RFS,OOD,UK,PMF,43
4.6,0.16148053812238733,0.17811384162990967,RFS,OOD,UK,PMF,43
4.8,0.16529073998842664,0.1806809960559173,RFS,OOD,UK,PMF,43
5.0,0.16529073998842664,0.1806809960559173,RFS,OOD,UK,PMF,43
5.2,0.17280304968939714,0.18567527830287756,RFS,OOD,UK,PMF,43
5.4,0.17851696862409483,0.19048285840976456,RFS,OOD,UK,PMF,43
5.6,0.1825074961364655,0.19281663516068057,RFS,OOD,UK,PMF,43
5.8,0.18528228009099373,0.1951037363765782,RFS,OOD,UK,PMF,43
6.0,0.18639293518913944,0.19953791220331862,RFS,OOD,UK,PMF,43
6.2,0.1921482589078508,0.20378538588998574,RFS,OOD,UK,PMF,43
6.4,0.19215864630474133,0.20378538588998577,RFS,OOD,UK,PMF,43
6.6,0.17544433541092197,0.20378538588998577,RFS,OOD,UK,PMF,43
6.8,0.17855599805198927,0.2058529204989073,RFS,OOD,UK,PMF,43
7.0,0.18145401481428627,0.2078731423715134,RFS,OOD,UK,PMF,43
7.2,0.18891169083399845,0.21364993157143872,RFS,OOD,UK,PMF,43
7.4,0.19387492654587277,0.2190009061445246,RFS,OOD,UK,PMF,43
7.6,0.19387492654587277,0.2190009061445246,RFS,OOD,UK,PMF,43
7.8,0.19387492654587277,0.2190009061445246,RFS,OOD,UK,PMF,43
8.0,0.19387492654587277,0.2190009061445246,RFS,OOD,UK,PMF,43
8.2,0.20183700645574945,0.22392606609077134,RFS,OOD,UK,PMF,43
8.4,0.2107833729098808,0.2298305677106833,RFS,OOD,UK,PMF,43
8.6,0.2107833729098808,0.2298305677106833,RFS,OOD,UK,PMF,43
8.8,0.21429950780862617,0.2311884112748726,RFS,OOD,UK,PMF,43
9.0,0.21429950780862617,0.2311884112748726,RFS,OOD,UK,PMF,43
9.2,0.21429950780862617,0.2311884112748726,RFS,OOD,UK,PMF,43
9.4,0.21654236597685234,0.23249894210274646,RFS,OOD,UK,PMF,43
9.6,0.21654236597685234,0.23249894210274646,RFS,OOD,UK,PMF,43
9.8,0.21654236597685234,0.23249894210274646,RFS,OOD,UK,PMF,43
1.6,0.05626298031737018,0.054610375971434574,RFS,OOD,UK,PMF,44
1.8,0.07337215267309576,0.0713202175079932,RFS,OOD,UK,PMF,44
2.0,0.08193895089245404,0.0793950850661626,RFS,OOD,UK,PMF,44
2.2,0.0859846175963094,0.08336250554271978,RFS,OOD,UK,PMF,44
2.4,0.09890706640878492,0.09498471376228151,RFS,OOD,UK,PMF,44
2.6,0.11164472642519956,0.10618684216667831,RFS,OOD,UK,PMF,44
2.8,0.12041210780764879,0.11342155009451795,RFS,OOD,UK,PMF,44
3.0,0.12482961880779828,0.11696889075591031,RFS,OOD,UK,PMF,44
3.2,0.1086320661503231,0.12046955588228431,RFS,OOD,UK,PMF,44
3.4,0.11632918537940486,0.12733085952997739,RFS,OOD,UK,PMF,44
3.6,0.12679704754086613,0.13727274848887952,RFS,OOD,UK,PMF,44
3.8,0.136468741379603,0.1467945576326169,RFS,OOD,UK,PMF,44
4.0,0.1401989244419491,0.149875142943826,RFS,OOD,UK,PMF,44
4.2,0.14971936472785752,0.15883684566734346,RFS,OOD,UK,PMF,44
4.4,0.16280248059580396,0.17013232514177695,RFS,OOD,UK,PMF,44
4.6,0.1682006999301345,0.17811384162990967,RFS,OOD,UK,PMF,44
4.8,0.17259000152043202,0.1806809960559173,RFS,OOD,UK,PMF,44
5.0,0.17259000152043202,0.1806809960559173,RFS,OOD,UK,PMF,44
5.2,0.17837593150437273,0.18567527830287756,RFS,OOD,UK,PMF,44
5.4,0.18629189422578732,0.19048285840976456,RFS,OOD,UK,PMF,44
5.6,0.1900107800483599,0.19281663516068057,RFS,OOD,UK,PMF,44
5.8,0.19292433052660868,0.1951037363765782,RFS,OOD,UK,PMF,44
6.0,0.19725743443907276,0.19953791220331862,RFS,OOD,UK,PMF,44
6.2,0.20381487485129005,0.20378538588998574,RFS,OOD,UK,PMF,44
6.4,0.18498970285324423,0.20378538588998577,RFS,OOD,UK,PMF,44
6.6,0.18498970285324423,0.20378538588998577,RFS,OOD,UK,PMF,44
6.8,0.1878789946661313,0.2058529204989073,RFS,OOD,UK,PMF,44
7.0,0.19013497273689908,0.2078731423715134,RFS,OOD,UK,PMF,44
7.2,0.19690634173125354,0.21364993157143872,RFS,OOD,UK,PMF,44
7.4,0.20364412071403384,0.2190009061445246,RFS,OOD,UK,PMF,44
7.6,0.20364412071403384,0.2190009061445246,RFS,OOD,UK,PMF,44
7.8,0.20364412071403384,0.2190009061445246,RFS,OOD,UK,PMF,44
8.0,0.20364412071403384,0.2190009061445246,RFS,OOD,UK,PMF,44
8.2,0.2058366132976476,0.22392606609077134,RFS,OOD,UK,PMF,44
8.4,0.21184419553580616,0.2298305677106833,RFS,OOD,UK,PMF,44
8.6,0.21184419553580616,0.2298305677106833,RFS,OOD,UK,PMF,44
8.8,0.21109671297800262,0.2311884112748726,RFS,OOD,UK,PMF,44
9.0,0.21109671297800262,0.2311884112748726,RFS,OOD,UK,PMF,44
9.2,0.21109671297800262,0.2311884112748726,RFS,OOD,UK,PMF,44
9.4,0.22268910704030365,0.23249894210274646,RFS,OOD,UK,PMF,44
9.6,0.22268910704030365,0.23249894210274646,RFS,OOD,UK,PMF,44
9.8,0.22268910704030365,0.23249894210274646,RFS,OOD,UK,PMF,44
1.6,0.05470608148646646,0.054610375971434574,RFS,OOD,UK,RSF,40
1.8,0.07135550946150444,0.0713202175079932,RFS,OOD,UK,RSF,40
2.0,0.07929743077269988,0.0793950850661626,RFS,OOD,UK,RSF,40
2.2,0.08249476331098612,0.08336250554271978,RFS,OOD,UK,RSF,40
2.4,0.09355710990334674,0.09498471376228151,RFS,OOD,UK,RSF,40
2.6,0.1036882111364236,0.10618684216667831,RFS,OOD,UK,RSF,40
2.8,0.11029451696595198,0.11342155009451795,RFS,OOD,UK,RSF,40
3.0,0.11357895352503901,0.11696889075591031,RFS,OOD,UK,RSF,40
3.2,0.11606874173809859,0.12046955588228431,RFS,OOD,UK,RSF,40
3.4,0.12261388192993715,0.12733085952997739,RFS,OOD,UK,RSF,40
3.6,0.13134952088624044,0.13727274848887952,RFS,OOD,UK,RSF,40
3.8,0.14017992113676503,0.1467945576326169,RFS,OOD,UK,RSF,40
4.0,0.14255152517610775,0.149875142943826,RFS,OOD,UK,RSF,40
4.2,0.1510977002759742,0.15883684566734346,RFS,OOD,UK,RSF,40
4.4,0.1615837871160915,0.17013232514177695,RFS,OOD,UK,RSF,40
4.6,0.16844781362408098,0.17811384162990967,RFS,OOD,UK,RSF,40
4.8,0.17053112066138754,0.1806809960559173,RFS,OOD,UK,RSF,40
5.0,0.17026650764765094,0.1806809960559173,RFS,OOD,UK,RSF,40
5.2,0.17530358015382044,0.18567527830287756,RFS,OOD,UK,RSF,40
5.4,0.18058617954377382,0.19048285840976456,RFS,OOD,UK,RSF,40
5.6,0.18286387364638557,0.19281663516068057,RFS,OOD,UK,RSF,40
5.8,0.18459306535622352,0.1951037363765782,RFS,OOD,UK,RSF,40
6.0,0.1890778667125534,0.19953791220331862,RFS,OOD,UK,RSF,40
6.2,0.1925995563529559,0.20378538588998574,RFS,OOD,UK,RSF,40
6.4,0.1924787147111312,0.20378538588998577,RFS,OOD,UK,RSF,40
6.6,0.19236203319959252,0.20378538588998577,RFS,OOD,UK,RSF,40
6.8,0.19426115726763243,0.2058529204989073,RFS,OOD,UK,RSF,40
7.0,0.19633722866947476,0.2078731423715134,RFS,OOD,UK,RSF,40
7.2,0.20143457891662275,0.21364993157143872,RFS,OOD,UK,RSF,40
7.4,0.2065142801198643,0.2190009061445246,RFS,OOD,UK,RSF,40
7.6,0.20629029973802746,0.2190009061445246,RFS,OOD,UK,RSF,40
7.8,0.2063743776189814,0.2190009061445246,RFS,OOD,UK,RSF,40
8.0,0.20642857295920913,0.2190009061445246,RFS,OOD,UK,RSF,40
8.2,0.21125401558724652,0.22392606609077134,RFS,OOD,UK,RSF,40
8.4,0.21739810793616315,0.2298305677106833,RFS,OOD,UK,RSF,40
8.6,0.21661671513385813,0.2298305677106833,RFS,OOD,UK,RSF,40
8.8,0.21810234206164694,0.2311884112748726,RFS,OOD,UK,RSF,40
9.0,0.21803983365613677,0.2311884112748726,RFS,OOD,UK,RSF,40
9.2,0.21776319969615784,0.2311884112748726,RFS,OOD,UK,RSF,40
9.4,0.2189063080013827,0.23249894210274646,RFS,OOD,UK,RSF,40
9.6,0.219238066790822,0.23249894210274646,RFS,OOD,UK,RSF,40
9.8,0.21932309243051873,0.23249894210274646,RFS,OOD,UK,RSF,40
1.6,0.053917019466678935,0.054610375971434574,RFS,OOD,UK,RSF,41
1.8,0.06984058687143038,0.0713202175079932,RFS,OOD,UK,RSF,41
2.0,0.07743017784627555,0.0793950850661626,RFS,OOD,UK,RSF,41
2.2,0.08129917026654915,0.08336250554271978,RFS,OOD,UK,RSF,41
2.4,0.09240462110648356,0.09498471376228151,RFS,OOD,UK,RSF,41
2.6,0.10396063553063242,0.10618684216667831,RFS,OOD,UK,RSF,41
2.8,0.11056644147944945,0.11342155009451795,RFS,OOD,UK,RSF,41
3.0,0.114186260713409,0.11696889075591031,RFS,OOD,UK,RSF,41
3.2,0.11691738440093373,0.12046955588228431,RFS,OOD,UK,RSF,41
3.4,0.12320064430892913,0.12733085952997739,RFS,OOD,UK,RSF,41
3.6,0.13220847756063567,0.13727274848887952,RFS,OOD,UK,RSF,41
3.8,0.1412400736127992,0.1467945576326169,RFS,OOD,UK,RSF,41
4.0,0.14382358276172733,0.149875142943826,RFS,OOD,UK,RSF,41
4.2,0.15226338045659743,0.15883684566734346,RFS,OOD,UK,RSF,41
4.4,0.1627682916766924,0.17013232514177695,RFS,OOD,UK,RSF,41
4.6,0.16878236891786613,0.17811384162990967,RFS,OOD,UK,RSF,41
4.8,0.17080265218896046,0.1806809960559173,RFS,OOD,UK,RSF,41
5.0,0.17059762199081085,0.1806809960559173,RFS,OOD,UK,RSF,41
5.2,0.17517019796545247,0.18567527830287756,RFS,OOD,UK,RSF,41
5.4,0.1796595171136387,0.19048285840976456,RFS,OOD,UK,RSF,41
5.6,0.1819709124509606,0.19281663516068057,RFS,OOD,UK,RSF,41
5.8,0.18370697736465535,0.1951037363765782,RFS,OOD,UK,RSF,41
6.0,0.18781463221660263,0.19953791220331862,RFS,OOD,UK,RSF,41
6.2,0.19121278164228597,0.20378538588998574,RFS,OOD,UK,RSF,41
6.4,0.19122096526280918,0.20378538588998577,RFS,OOD,UK,RSF,41
6.6,0.19116565450231582,0.20378538588998577,RFS,OOD,UK,RSF,41
6.8,0.19327294423673239,0.2058529204989073,RFS,OOD,UK,RSF,41
7.0,0.19531906886954034,0.2078731423715134,RFS,OOD,UK,RSF,41
7.2,0.20182236021355493,0.21364993157143872,RFS,OOD,UK,RSF,41
7.4,0.2063405637550678,0.2190009061445246,RFS,OOD,UK,RSF,41
7.6,0.20623960657499787,0.2190009061445246,RFS,OOD,UK,RSF,41
7.8,0.20638893831280633,0.2190009061445246,RFS,OOD,UK,RSF,41
8.0,0.2065671235761045,0.2190009061445246,RFS,OOD,UK,RSF,41
8.2,0.21123696775125325,0.22392606609077134,RFS,OOD,UK,RSF,41
8.4,0.2160673047688654,0.2298305677106833,RFS,OOD,UK,RSF,41
8.6,0.21648641372965918,0.2298305677106833,RFS,OOD,UK,RSF,41
8.8,0.21780242965743773,0.2311884112748726,RFS,OOD,UK,RSF,41
9.0,0.21779709818287477,0.2311884112748726,RFS,OOD,UK,RSF,41
9.2,0.21856004071154797,0.2311884112748726,RFS,OOD,UK,RSF,41
9.4,0.21955235624409764,0.23249894210274646,RFS,OOD,UK,RSF,41
9.6,0.2213598408405734,0.23249894210274646,RFS,OOD,UK,RSF,41
9.8,0.2220421839834268,0.23249894210274646,RFS,OOD,UK,RSF,41
1.6,0.05297277437499172,0.054610375971434574,RFS,OOD,UK,RSF,42
1.8,0.06952427295188505,0.0713202175079932,RFS,OOD,UK,RSF,42
2.0,0.07734622610781783,0.0793950850661626,RFS,OOD,UK,RSF,42
2.2,0.08108472622955594,0.08336250554271978,RFS,OOD,UK,RSF,42
2.4,0.09263533911104165,0.09498471376228151,RFS,OOD,UK,RSF,42
2.6,0.10294923517642293,0.10618684216667831,RFS,OOD,UK,RSF,42
2.8,0.10899612909351793,0.11342155009451795,RFS,OOD,UK,RSF,42
3.0,0.11171888409353545,0.11696889075591031,RFS,OOD,UK,RSF,42
3.2,0.11480882708167274,0.12046955588228431,RFS,OOD,UK,RSF,42
3.4,0.12049655853486943,0.12733085952997739,RFS,OOD,UK,RSF,42
3.6,0.12904573330892044,0.13727274848887952,RFS,OOD,UK,RSF,42
3.8,0.13841538865396816,0.1467945576326169,RFS,OOD,UK,RSF,42
4.0,0.14102269622405633,0.149875142943826,RFS,OOD,UK,RSF,42
4.2,0.14975450104778362,0.15883684566734346,RFS,OOD,UK,RSF,42
4.4,0.1597889306604935,0.17013232514177695,RFS,OOD,UK,RSF,42
4.6,0.16741487161147467,0.17811384162990967,RFS,OOD,UK,RSF,42
4.8,0.1690805332608687,0.1806809960559173,RFS,OOD,UK,RSF,42
5.0,0.16822802512150367,0.1806809960559173,RFS,OOD,UK,RSF,42
5.2,0.17385028175968947,0.18567527830287756,RFS,OOD,UK,RSF,42
5.4,0.1797795241464501,0.19048285840976456,RFS,OOD,UK,RSF,42
5.6,0.18230692620335434,0.19281663516068057,RFS,OOD,UK,RSF,42
5.8,0.18426725953866832,0.1951037363765782,RFS,OOD,UK,RSF,42
6.0,0.18857320278774087,0.19953791220331862,RFS,OOD,UK,RSF,42
6.2,0.1927637237515479,0.20378538588998574,RFS,OOD,UK,RSF,42
6.4,0.19201722177016314,0.20378538588998577,RFS,OOD,UK,RSF,42
6.6,0.19128137214990548,0.20378538588998577,RFS,OOD,UK,RSF,42
6.8,0.19289792362533725,0.2058529204989073,RFS,OOD,UK,RSF,42
7.0,0.19510067184138938,0.2078731423715134,RFS,OOD,UK,RSF,42
7.2,0.20087252180935147,0.21364993157143872,RFS,OOD,UK,RSF,42
7.4,0.20490973437857649,0.2190009061445246,RFS,OOD,UK,RSF,42
7.6,0.204168393692537,0.2190009061445246,RFS,OOD,UK,RSF,42
7.8,0.2036170329956589,0.2190009061445246,RFS,OOD,UK,RSF,42
8.0,0.20347319001033812,0.2190009061445246,RFS,OOD,UK,RSF,42
8.2,0.20795620280089774,0.22392606609077134,RFS,OOD,UK,RSF,42
8.4,0.2129786543708872,0.2298305677106833,RFS,OOD,UK,RSF,42
8.6,0.21236821795373567,0.2298305677106833,RFS,OOD,UK,RSF,42
8.8,0.21340722518227814,0.2311884112748726,RFS,OOD,UK,RSF,42
9.0,0.21339697112528602,0.2311884112748726,RFS,OOD,UK,RSF,42
9.2,0.21375972201894639,0.2311884112748726,RFS,OOD,UK,RSF,42
9.4,0.2151146863863802,0.23249894210274646,RFS,OOD,UK,RSF,42
9.6,0.2151146863863802,0.23249894210274646,RFS,OOD,UK,RSF,42
9.8,0.2154168995293613,0.23249894210274646,RFS,OOD,UK,RSF,42
1.6,0.05289674632907732,0.054610375971434574,RFS,OOD,UK,RSF,43
1.8,0.06885127047328082,0.0713202175079932,RFS,OOD,UK,RSF,43
2.0,0.07672032951738493,0.0793950850661626,RFS,OOD,UK,RSF,43
2.2,0.079882810087567,0.08336250554271978,RFS,OOD,UK,RSF,43
2.4,0.0904959282032185,0.09498471376228151,RFS,OOD,UK,RSF,43
2.6,0.10030003788511188,0.10618684216667831,RFS,OOD,UK,RSF,43
2.8,0.10666646315557339,0.11342155009451795,RFS,OOD,UK,RSF,43
3.0,0.10976536441299295,0.11696889075591031,RFS,OOD,UK,RSF,43
3.2,0.11234615135677466,0.12046955588228431,RFS,OOD,UK,RSF,43
3.4,0.11798063217055317,0.12733085952997739,RFS,OOD,UK,RSF,43
3.6,0.12690576992790478,0.13727274848887952,RFS,OOD,UK,RSF,43
3.8,0.13553386538023687,0.1467945576326169,RFS,OOD,UK,RSF,43
4.0,0.13809898364583137,0.149875142943826,RFS,OOD,UK,RSF,43
4.2,0.14652838865542459,0.15883684566734346,RFS,OOD,UK,RSF,43
4.4,0.15582602494468692,0.17013232514177695,RFS,OOD,UK,RSF,43
4.6,0.162217127608918,0.17811384162990967,RFS,OOD,UK,RSF,43
4.8,0.16413459806413042,0.1806809960559173,RFS,OOD,UK,RSF,43
5.0,0.16413459806413042,0.1806809960559173,RFS,OOD,UK,RSF,43
5.2,0.1691607910563969,0.18567527830287756,RFS,OOD,UK,RSF,43
5.4,0.17385834314837365,0.19048285840976456,RFS,OOD,UK,RSF,43
5.6,0.1761196482104241,0.19281663516068057,RFS,OOD,UK,RSF,43
5.8,0.1779107411583473,0.1951037363765782,RFS,OOD,UK,RSF,43
6.0,0.1823882781272034,0.19953791220331862,RFS,OOD,UK,RSF,43
6.2,0.1859785520371666,0.20378538588998574,RFS,OOD,UK,RSF,43
6.4,0.18565314797822766,0.20378538588998577,RFS,OOD,UK,RSF,43
6.6,0.185408799254486,0.20378538588998577,RFS,OOD,UK,RSF,43
6.8,0.18686654042770687,0.2058529204989073,RFS,OOD,UK,RSF,43
7.0,0.18856808502033592,0.2078731423715134,RFS,OOD,UK,RSF,43
7.2,0.1944986455054174,0.21364993157143872,RFS,OOD,UK,RSF,43
7.4,0.20072679361202933,0.2190009061445246,RFS,OOD,UK,RSF,43
7.6,0.20074140969870982,0.2190009061445246,RFS,OOD,UK,RSF,43
7.8,0.20033381460134497,0.2190009061445246,RFS,OOD,UK,RSF,43
8.0,0.2002891717765368,0.2190009061445246,RFS,OOD,UK,RSF,43
8.2,0.20341266799742777,0.22392606609077134,RFS,OOD,UK,RSF,43
8.4,0.20860039606746328,0.2298305677106833,RFS,OOD,UK,RSF,43
8.6,0.20804675554212354,0.2298305677106833,RFS,OOD,UK,RSF,43
8.8,0.2094011006702261,0.2311884112748726,RFS,OOD,UK,RSF,43
9.0,0.20917218060246134,0.2311884112748726,RFS,OOD,UK,RSF,43
9.2,0.2093115830122783,0.2311884112748726,RFS,OOD,UK,RSF,43
9.4,0.21000714656770914,0.23249894210274646,RFS,OOD,UK,RSF,43
9.6,0.21018595817407182,0.23249894210274646,RFS,OOD,UK,RSF,43
9.8,0.21075843816755455,0.23249894210274646,RFS,OOD,UK,RSF,43
1.6,0.054573343644881464,0.054610375971434574,RFS,OOD,UK,RSF,44
1.8,0.07116853274019785,0.0713202175079932,RFS,OOD,UK,RSF,44
2.0,0.0789278440828727,0.0793950850661626,RFS,OOD,UK,RSF,44
2.2,0.08234853107819738,0.08336250554271978,RFS,OOD,UK,RSF,44
2.4,0.0938712005263535,0.09498471376228151,RFS,OOD,UK,RSF,44
2.6,0.10535571615854536,0.10618684216667831,RFS,OOD,UK,RSF,44
2.8,0.11068175298426818,0.11342155009451795,RFS,OOD,UK,RSF,44
3.0,0.1127869202226696,0.11696889075591031,RFS,OOD,UK,RSF,44
3.2,0.11549052433822916,0.12046955588228431,RFS,OOD,UK,RSF,44
3.4,0.12247099824760457,0.12733085952997739,RFS,OOD,UK,RSF,44
3.6,0.1309515343462535,0.13727274848887952,RFS,OOD,UK,RSF,44
3.8,0.13967434649088015,0.1467945576326169,RFS,OOD,UK,RSF,44
4.0,0.14235828339007972,0.149875142943826,RFS,OOD,UK,RSF,44
4.2,0.15086952794276723,0.15883684566734346,RFS,OOD,UK,RSF,44
4.4,0.1603038053994591,0.17013232514177695,RFS,OOD,UK,RSF,44
4.6,0.1672181223419198,0.17811384162990967,RFS,OOD,UK,RSF,44
4.8,0.16901491142874647,0.1806809960559173,RFS,OOD,UK,RSF,44
5.0,0.1690658589126498,0.1806809960559173,RFS,OOD,UK,RSF,44
5.2,0.17449749430461517,0.18567527830287756,RFS,OOD,UK,RSF,44
5.4,0.17923054016111728,0.19048285840976456,RFS,OOD,UK,RSF,44
5.6,0.18168091505617434,0.19281663516068057,RFS,OOD,UK,RSF,44
5.8,0.18340218301625713,0.1951037363765782,RFS,OOD,UK,RSF,44
6.0,0.18805930564287363,0.19953791220331862,RFS,OOD,UK,RSF,44
6.2,0.19244328101320898,0.20378538588998574,RFS,OOD,UK,RSF,44
6.4,0.19174743668453648,0.20378538588998577,RFS,OOD,UK,RSF,44
6.6,0.19117828981165425,0.20378538588998577,RFS,OOD,UK,RSF,44
6.8,0.19246129820499258,0.2058529204989073,RFS,OOD,UK,RSF,44
7.0,0.19424446639278362,0.2078731423715134,RFS,OOD,UK,RSF,44
7.2,0.20059289872500813,0.21364993157143872,RFS,OOD,UK,RSF,44
7.4,0.20497009032968092,0.2190009061445246,RFS,OOD,UK,RSF,44
7.6,0.20512536539721454,0.2190009061445246,RFS,OOD,UK,RSF,44
7.8,0.20524795262760237,0.2190009061445246,RFS,OOD,UK,RSF,44
8.0,0.20542146970634015,0.2190009061445246,RFS,OOD,UK,RSF,44
8.2,0.20928077782300117,0.22392606609077134,RFS,OOD,UK,RSF,44
8.4,0.21426996314797914,0.2298305677106833,RFS,OOD,UK,RSF,44
8.6,0.21440396802020495,0.2298305677106833,RFS,OOD,UK,RSF,44
8.8,0.215479562714419,0.2311884112748726,RFS,OOD,UK,RSF,44
9.0,0.215479562714419,0.2311884112748726,RFS,OOD,UK,RSF,44
9.2,0.21593141836680343,0.2311884112748726,RFS,OOD,UK,RSF,44
9.4,0.21676042822388167,0.23249894210274646,RFS,OOD,UK,RSF,44
9.6,0.2168174474240179,0.23249894210274646,RFS,OOD,UK,RSF,44
9.8,0.21712653010043345,0.23249894210274646,RFS,OOD,UK,RSF,44
1.2,0.041048844035162284,0.04140742555451958,RFS,OOD,UPP,TabSurv_M,40
1.4,0.04481001500846372,0.04537912585875571,RFS,OOD,UPP,TabSurv_M,40
1.6,0.05940817764625684,0.060902134357121614,RFS,OOD,UPP,TabSurv_M,40
1.8,0.06605252032960765,0.06846026659714152,RFS,OOD,UPP,TabSurv_M,40
2.0,0.06968838307772854,0.07219938185105969,RFS,OOD,UPP,TabSurv_M,40
2.2,0.07068198268255098,0.07219938185105969,RFS,OOD,UPP,TabSurv_M,40
2.4,0.07899350305154797,0.0797391468333014,RFS,OOD,UPP,TabSurv_M,40
2.6,0.08025215341074556,0.07973914683330137,RFS,OOD,UPP,TabSurv_M,40
2.8,0.08318404818934483,0.08350338146778817,RFS,OOD,UPP,TabSurv_M,40
3.0,0.09358962487042946,0.09454366513701802,RFS,OOD,UPP,TabSurv_M,40
3.2,0.09753242357126657,0.09815804647633496,RFS,OOD,UPP,TabSurv_M,40
3.4,0.09929479354224233,0.09815804647633497,RFS,OOD,UPP,TabSurv_M,40
3.6,0.10620434609343606,0.10537228351199701,RFS,OOD,UPP,TabSurv_M,40
3.8,0.1082220565194711,0.10537228351199701,RFS,OOD,UPP,TabSurv_M,40
4.0,0.11245071765059123,0.10891299428781909,RFS,OOD,UPP,TabSurv_M,40
4.2,0.11954754443583807,0.11586282648185156,RFS,OOD,UPP,TabSurv_M,40
4.4,0.12379702146759332,0.11927194790006188,RFS,OOD,UPP,TabSurv_M,40
4.6,0.1325136171541136,0.1293282084604563,RFS,OOD,UPP,TabSurv_M,40
4.8,0.13639506253272354,0.1325964481736554,RFS,OOD,UPP,TabSurv_M,40
5.0,0.1413319328261727,0.13583793198740046,RFS,OOD,UPP,TabSurv_M,40
5.2,0.14311495381099135,0.13583793198740043,RFS,OOD,UPP,TabSurv_M,40
5.4,0.1468992159122929,0.13905220121665113,RFS,OOD,UPP,TabSurv_M,40
5.6,0.15327832510089784,0.14545408739314192,RFS,OOD,UPP,TabSurv_M,40
5.8,0.15524905938756237,0.14545408739314192,RFS,OOD,UPP,TabSurv_M,40
6.0,0.1587726112275908,0.14860146869117571,RFS,OOD,UPP,TabSurv_M,40
6.2,0.16080281469699814,0.14860146869117566,RFS,OOD,UPP,TabSurv_M,40
6.4,0.16313613087738424,0.14860146869117566,RFS,OOD,UPP,TabSurv_M,40
6.6,0.16546466363298978,0.14860146869117571,RFS,OOD,UPP,TabSurv_M,40
6.8,0.17103203497214597,0.1548627652133934,RFS,OOD,UPP,TabSurv_M,40
7.0,0.1781686301877559,0.16393723507305127,RFS,OOD,UPP,TabSurv_M,40
7.2,0.18064357997126002,0.16686075242930803,RFS,OOD,UPP,TabSurv_M,40
7.4,0.1829668479498378,0.16686075242930806,RFS,OOD,UPP,TabSurv_M,40
7.6,0.1848750332832633,0.16686075242930803,RFS,OOD,UPP,TabSurv_M,40
7.8,0.18751920456218857,0.16686075242930803,RFS,OOD,UPP,TabSurv_M,40
8.0,0.19131498593111546,0.1668607524293081,RFS,OOD,UPP,TabSurv_M,40
8.2,0.19423178937806648,0.1668607524293081,RFS,OOD,UPP,TabSurv_M,40
8.4,0.19890886898250545,0.1728172756075921,RFS,OOD,UPP,TabSurv_M,40
8.6,0.20191657506860441,0.1728172756075921,RFS,OOD,UPP,TabSurv_M,40
8.8,0.2048650914119551,0.1728172756075921,RFS,OOD,UPP,TabSurv_M,40
9.0,0.208865559262386,0.1757518966955933,RFS,OOD,UPP,TabSurv_M,40
9.2,0.21200431721528396,0.1757518966955933,RFS,OOD,UPP,TabSurv_M,40
9.4,0.21531618760818294,0.1757518966955933,RFS,OOD,UPP,TabSurv_M,40
9.6,0.2194421254401492,0.1814507264140267,RFS,OOD,UPP,TabSurv_M,40
9.8,0.22288944354897805,0.1814507264140267,RFS,OOD,UPP,TabSurv_M,40
10.0,0.22535996100167424,0.1846632631794305,RFS,OOD,UPP,TabSurv_M,40
1.2,0.04044017425943609,0.04140742555451958,RFS,OOD,UPP,TabSurv_M,41
1.4,0.044007409405153,0.04537912585875571,RFS,OOD,UPP,TabSurv_M,41
1.6,0.05797589889687528,0.060902134357121614,RFS,OOD,UPP,TabSurv_M,41
1.8,0.06418104837984087,0.06846026659714152,RFS,OOD,UPP,TabSurv_M,41
2.0,0.06694481231849463,0.07219938185105969,RFS,OOD,UPP,TabSurv_M,41
2.2,0.06739329393126699,0.07219938185105969,RFS,OOD,UPP,TabSurv_M,41
2.4,0.07572629127812386,0.0797391468333014,RFS,OOD,UPP,TabSurv_M,41
2.6,0.07652275314270618,0.07973914683330137,RFS,OOD,UPP,TabSurv_M,41
2.8,0.07923427562479679,0.08350338146778817,RFS,OOD,UPP,TabSurv_M,41
3.0,0.08973477412338939,0.09454366513701802,RFS,OOD,UPP,TabSurv_M,41
3.2,0.09329631374473327,0.09815804647633496,RFS,OOD,UPP,TabSurv_M,41
3.4,0.09456397578830947,0.09815804647633497,RFS,OOD,UPP,TabSurv_M,41
3.6,0.10120328011362392,0.10537228351199701,RFS,OOD,UPP,TabSurv_M,41
3.8,0.10272352999292547,0.10537228351199701,RFS,OOD,UPP,TabSurv_M,41
4.0,0.10682793564945135,0.10891299428781909,RFS,OOD,UPP,TabSurv_M,41
4.2,0.11434236886901437,0.11586282648185156,RFS,OOD,UPP,TabSurv_M,41
4.4,0.11828637068328272,0.11927194790006188,RFS,OOD,UPP,TabSurv_M,41
4.6,0.12682293556298432,0.1293282084604563,RFS,OOD,UPP,TabSurv_M,41
4.8,0.1308040030421786,0.1325964481736554,RFS,OOD,UPP,TabSurv_M,41
5.0,0.13537580020732387,0.13583793198740046,RFS,OOD,UPP,TabSurv_M,41
5.2,0.13712248471554575,0.13583793198740043,RFS,OOD,UPP,TabSurv_M,41
5.4,0.1408094221770447,0.13905220121665113,RFS,OOD,UPP,TabSurv_M,41
5.6,0.14643192833319252,0.14545408739314192,RFS,OOD,UPP,TabSurv_M,41
5.8,0.1483829893731966,0.14545408739314192,RFS,OOD,UPP,TabSurv_M,41
6.0,0.1512313636084471,0.14860146869117571,RFS,OOD,UPP,TabSurv_M,41
6.2,0.15336204388283295,0.14860146869117566,RFS,OOD,UPP,TabSurv_M,41
6.4,0.1556922507570117,0.14860146869117566,RFS,OOD,UPP,TabSurv_M,41
6.6,0.15804897765303266,0.14860146869117571,RFS,OOD,UPP,TabSurv_M,41
6.8,0.1632638329518285,0.1548627652133934,RFS,OOD,UPP,TabSurv_M,41
7.0,0.16958277741321953,0.16393723507305127,RFS,OOD,UPP,TabSurv_M,41
7.2,0.172167126978792,0.16686075242930803,RFS,OOD,UPP,TabSurv_M,41
7.4,0.17468801983618143,0.16686075242930806,RFS,OOD,UPP,TabSurv_M,41
7.6,0.17688937523150255,0.16686075242930803,RFS,OOD,UPP,TabSurv_M,41
7.8,0.17950854134633892,0.16686075242930803,RFS,OOD,UPP,TabSurv_M,41
8.0,0.183023346912124,0.1668607524293081,RFS,OOD,UPP,TabSurv_M,41
8.2,0.18583605458618382,0.1668607524293081,RFS,OOD,UPP,TabSurv_M,41
8.4,0.19112583911511824,0.1728172756075921,RFS,OOD,UPP,TabSurv_M,41
8.6,0.19415130564636912,0.1728172756075921,RFS,OOD,UPP,TabSurv_M,41
8.8,0.19693337265207564,0.1728172756075921,RFS,OOD,UPP,TabSurv_M,41
9.0,0.2007487732560725,0.1757518966955933,RFS,OOD,UPP,TabSurv_M,41
9.2,0.2036544866146501,0.1757518966955933,RFS,OOD,UPP,TabSurv_M,41
9.4,0.20670098211039714,0.1757518966955933,RFS,OOD,UPP,TabSurv_M,41
9.6,0.21166277815647797,0.1814507264140267,RFS,OOD,UPP,TabSurv_M,41
9.8,0.21481636874532617,0.1814507264140267,RFS,OOD,UPP,TabSurv_M,41
10.0,0.21734168573292315,0.1846632631794305,RFS,OOD,UPP,TabSurv_M,41
1.2,0.04068309871042985,0.04140742555451958,RFS,OOD,UPP,TabSurv_M,42
1.4,0.04439685868440852,0.04537912585875571,RFS,OOD,UPP,TabSurv_M,42
1.6,0.0591127069874469,0.060902134357121614,RFS,OOD,UPP,TabSurv_M,42
1.8,0.06611683360099552,0.06846026659714152,RFS,OOD,UPP,TabSurv_M,42
2.0,0.06919834529560027,0.07219938185105969,RFS,OOD,UPP,TabSurv_M,42
2.2,0.06992022059302745,0.07219938185105969,RFS,OOD,UPP,TabSurv_M,42
2.4,0.07796945871420742,0.0797391468333014,RFS,OOD,UPP,TabSurv_M,42
2.6,0.07901152067523853,0.07973914683330137,RFS,OOD,UPP,TabSurv_M,42
2.8,0.08135432745281261,0.08350338146778817,RFS,OOD,UPP,TabSurv_M,42
3.0,0.09124588370892278,0.09454366513701802,RFS,OOD,UPP,TabSurv_M,42
3.2,0.09449833270641499,0.09815804647633496,RFS,OOD,UPP,TabSurv_M,42
3.4,0.09559918330585795,0.09815804647633497,RFS,OOD,UPP,TabSurv_M,42
3.6,0.10161355553202574,0.10537228351199701,RFS,OOD,UPP,TabSurv_M,42
3.8,0.10288565006511659,0.10537228351199701,RFS,OOD,UPP,TabSurv_M,42
4.0,0.10668749124565441,0.10891299428781909,RFS,OOD,UPP,TabSurv_M,42
4.2,0.11367947242390994,0.11586282648185156,RFS,OOD,UPP,TabSurv_M,42
4.4,0.1173754306477753,0.11927194790006188,RFS,OOD,UPP,TabSurv_M,42
4.6,0.12548532501087897,0.1293282084604563,RFS,OOD,UPP,TabSurv_M,42
4.8,0.12872403456421325,0.1325964481736554,RFS,OOD,UPP,TabSurv_M,42
5.0,0.13274890382568227,0.13583793198740046,RFS,OOD,UPP,TabSurv_M,42
5.2,0.13379488281092475,0.13583793198740043,RFS,OOD,UPP,TabSurv_M,42
5.4,0.1373146941086435,0.13905220121665113,RFS,OOD,UPP,TabSurv_M,42
5.6,0.14312416077191745,0.14545408739314192,RFS,OOD,UPP,TabSurv_M,42
5.8,0.14427953002121965,0.14545408739314192,RFS,OOD,UPP,TabSurv_M,42
6.0,0.14714481616552288,0.14860146869117571,RFS,OOD,UPP,TabSurv_M,42
6.2,0.14867505892193444,0.14860146869117566,RFS,OOD,UPP,TabSurv_M,42
6.4,0.15042437794818914,0.14860146869117566,RFS,OOD,UPP,TabSurv_M,42
6.6,0.15230371954183758,0.14860146869117571,RFS,OOD,UPP,TabSurv_M,42
6.8,0.15847978981875374,0.1548627652133934,RFS,OOD,UPP,TabSurv_M,42
7.0,0.16474346647422564,0.16393723507305127,RFS,OOD,UPP,TabSurv_M,42
7.2,0.16734430831964148,0.16686075242930803,RFS,OOD,UPP,TabSurv_M,42
7.4,0.16939399296588198,0.16686075242930806,RFS,OOD,UPP,TabSurv_M,42
7.6,0.17116471879708012,0.16686075242930803,RFS,OOD,UPP,TabSurv_M,42
7.8,0.1733251804636299,0.16686075242930803,RFS,OOD,UPP,TabSurv_M,42
8.0,0.17654222024689495,0.1668607524293081,RFS,OOD,UPP,TabSurv_M,42
8.2,0.17904717864772482,0.1668607524293081,RFS,OOD,UPP,TabSurv_M,42
8.4,0.1843383048732994,0.1728172756075921,RFS,OOD,UPP,TabSurv_M,42
8.6,0.1869201234049163,0.1728172756075921,RFS,OOD,UPP,TabSurv_M,42
8.8,0.18961320596189027,0.1728172756075921,RFS,OOD,UPP,TabSurv_M,42
9.0,0.1932202845116537,0.1757518966955933,RFS,OOD,UPP,TabSurv_M,42
9.2,0.195898819181769,0.1757518966955933,RFS,OOD,UPP,TabSurv_M,42
9.4,0.19868071879962765,0.1757518966955933,RFS,OOD,UPP,TabSurv_M,42
9.6,0.20262426505524475,0.1814507264140267,RFS,OOD,UPP,TabSurv_M,42
9.8,0.2055724414983175,0.1814507264140267,RFS,OOD,UPP,TabSurv_M,42
10.0,0.20686885474451058,0.1846632631794305,RFS,OOD,UPP,TabSurv_M,42
1.2,0.04059897167722927,0.04140742555451958,RFS,OOD,UPP,TabSurv_M,43
1.4,0.04410898622825307,0.04537912585875571,RFS,OOD,UPP,TabSurv_M,43
1.6,0.058690235836559676,0.060902134357121614,RFS,OOD,UPP,TabSurv_M,43
1.8,0.06550182603801298,0.06846026659714152,RFS,OOD,UPP,TabSurv_M,43
2.0,0.06841932578112928,0.07219938185105969,RFS,OOD,UPP,TabSurv_M,43
2.2,0.06892905069297078,0.07219938185105969,RFS,OOD,UPP,TabSurv_M,43
2.4,0.0768275977612378,0.0797391468333014,RFS,OOD,UPP,TabSurv_M,43
2.6,0.07770521980647437,0.07973914683330137,RFS,OOD,UPP,TabSurv_M,43
2.8,0.08040482265282733,0.08350338146778817,RFS,OOD,UPP,TabSurv_M,43
3.0,0.09078563583656139,0.09454366513701802,RFS,OOD,UPP,TabSurv_M,43
3.2,0.09441693159334585,0.09815804647633496,RFS,OOD,UPP,TabSurv_M,43
3.4,0.09552005126274131,0.09815804647633497,RFS,OOD,UPP,TabSurv_M,43
3.6,0.10176890260356203,0.10537228351199701,RFS,OOD,UPP,TabSurv_M,43
3.8,0.10308538740773109,0.10537228351199701,RFS,OOD,UPP,TabSurv_M,43
4.0,0.10665043950302175,0.10891299428781909,RFS,OOD,UPP,TabSurv_M,43
4.2,0.11401952208682507,0.11586282648185156,RFS,OOD,UPP,TabSurv_M,43
4.4,0.1180499802314249,0.11927194790006188,RFS,OOD,UPP,TabSurv_M,43
4.6,0.12634882922402055,0.1293282084604563,RFS,OOD,UPP,TabSurv_M,43
4.8,0.1295184978687829,0.1325964481736554,RFS,OOD,UPP,TabSurv_M,43
5.0,0.13361877996947966,0.13583793198740046,RFS,OOD,UPP,TabSurv_M,43
5.2,0.134541479229152,0.13583793198740043,RFS,OOD,UPP,TabSurv_M,43
5.4,0.137736392656745,0.13905220121665113,RFS,OOD,UPP,TabSurv_M,43
5.6,0.14326748266438796,0.14545408739314192,RFS,OOD,UPP,TabSurv_M,43
5.8,0.1443974440706383,0.14545408739314192,RFS,OOD,UPP,TabSurv_M,43
6.0,0.14738512557978647,0.14860146869117571,RFS,OOD,UPP,TabSurv_M,43
6.2,0.14893668778195138,0.14860146869117566,RFS,OOD,UPP,TabSurv_M,43
6.4,0.15062810532542129,0.14860146869117566,RFS,OOD,UPP,TabSurv_M,43
6.6,0.15245814424489423,0.14860146869117571,RFS,OOD,UPP,TabSurv_M,43
6.8,0.15797772075052782,0.1548627652133934,RFS,OOD,UPP,TabSurv_M,43
7.0,0.1644202198982437,0.16393723507305127,RFS,OOD,UPP,TabSurv_M,43
7.2,0.16664990420435222,0.16686075242930803,RFS,OOD,UPP,TabSurv_M,43
7.4,0.1685995087506439,0.16686075242930806,RFS,OOD,UPP,TabSurv_M,43
7.6,0.17024270972221572,0.16686075242930803,RFS,OOD,UPP,TabSurv_M,43
7.8,0.1722726301333292,0.16686075242930803,RFS,OOD,UPP,TabSurv_M,43
8.0,0.1752960003345184,0.1668607524293081,RFS,OOD,UPP,TabSurv_M,43
8.2,0.17761866730768724,0.1668607524293081,RFS,OOD,UPP,TabSurv_M,43
8.4,0.18302441114889667,0.1728172756075921,RFS,OOD,UPP,TabSurv_M,43
8.6,0.18560213881141013,0.1728172756075921,RFS,OOD,UPP,TabSurv_M,43
8.8,0.18806303360385435,0.1728172756075921,RFS,OOD,UPP,TabSurv_M,43
9.0,0.19190112323947692,0.1757518966955933,RFS,OOD,UPP,TabSurv_M,43
9.2,0.19436712818695376,0.1757518966955933,RFS,OOD,UPP,TabSurv_M,43
9.4,0.1969652143905707,0.1757518966955933,RFS,OOD,UPP,TabSurv_M,43
9.6,0.20115800590189434,0.1814507264140267,RFS,OOD,UPP,TabSurv_M,43
9.8,0.20389385852436212,0.1814507264140267,RFS,OOD,UPP,TabSurv_M,43
10.0,0.2050086364912398,0.1846632631794305,RFS,OOD,UPP,TabSurv_M,43
1.2,0.04110976178095801,0.04140742555451958,RFS,OOD,UPP,TabSurv_M,44
1.4,0.045087788550891475,0.04537912585875571,RFS,OOD,UPP,TabSurv_M,44
1.6,0.059228967647829645,0.060902134357121614,RFS,OOD,UPP,TabSurv_M,44
1.8,0.06612207114071744,0.06846026659714152,RFS,OOD,UPP,TabSurv_M,44
2.0,0.06937947519659224,0.07219938185105969,RFS,OOD,UPP,TabSurv_M,44
2.2,0.0705621332771516,0.07219938185105969,RFS,OOD,UPP,TabSurv_M,44
2.4,0.0788161115428309,0.0797391468333014,RFS,OOD,UPP,TabSurv_M,44
2.6,0.08041838157478534,0.07973914683330137,RFS,OOD,UPP,TabSurv_M,44
2.8,0.08373756607369241,0.08350338146778817,RFS,OOD,UPP,TabSurv_M,44
3.0,0.09442630946682892,0.09454366513701802,RFS,OOD,UPP,TabSurv_M,44
3.2,0.0985288443259124,0.09815804647633496,RFS,OOD,UPP,TabSurv_M,44
3.4,0.10033315581449209,0.09815804647633497,RFS,OOD,UPP,TabSurv_M,44
3.6,0.10703346379936125,0.10537228351199701,RFS,OOD,UPP,TabSurv_M,44
3.8,0.10904363911869307,0.10537228351199701,RFS,OOD,UPP,TabSurv_M,44
4.0,0.11308861237414176,0.10891299428781909,RFS,OOD,UPP,TabSurv_M,44
4.2,0.12039286260926169,0.11586282648185156,RFS,OOD,UPP,TabSurv_M,44
4.4,0.12498967657301933,0.11927194790006188,RFS,OOD,UPP,TabSurv_M,44
4.6,0.13289596167112264,0.1293282084604563,RFS,OOD,UPP,TabSurv_M,44
4.8,0.13647673137382652,0.1325964481736554,RFS,OOD,UPP,TabSurv_M,44
5.0,0.14138154682010073,0.13583793198740046,RFS,OOD,UPP,TabSurv_M,44
5.2,0.14295458881388254,0.13583793198740043,RFS,OOD,UPP,TabSurv_M,44
5.4,0.1467959081648552,0.13905220121665113,RFS,OOD,UPP,TabSurv_M,44
5.6,0.15282386704218537,0.14545408739314192,RFS,OOD,UPP,TabSurv_M,44
5.8,0.15472397650025102,0.14545408739314192,RFS,OOD,UPP,TabSurv_M,44
6.0,0.15813430262921502,0.14860146869117571,RFS,OOD,UPP,TabSurv_M,44
6.2,0.1605424916827164,0.14860146869117566,RFS,OOD,UPP,TabSurv_M,44
6.4,0.16306807702358714,0.14860146869117566,RFS,OOD,UPP,TabSurv_M,44
6.6,0.16570803314269167,0.14860146869117571,RFS,OOD,UPP,TabSurv_M,44
6.8,0.17092118437002926,0.1548627652133934,RFS,OOD,UPP,TabSurv_M,44
7.0,0.17738931165675584,0.16393723507305127,RFS,OOD,UPP,TabSurv_M,44
7.2,0.1802825212701575,0.16686075242930803,RFS,OOD,UPP,TabSurv_M,44
7.4,0.18297285409913405,0.16686075242930806,RFS,OOD,UPP,TabSurv_M,44
7.6,0.1853800259909797,0.16686075242930803,RFS,OOD,UPP,TabSurv_M,44
7.8,0.18824684850639284,0.16686075242930803,RFS,OOD,UPP,TabSurv_M,44
8.0,0.19195517697516984,0.1668607524293081,RFS,OOD,UPP,TabSurv_M,44
8.2,0.19505274240088696,0.1668607524293081,RFS,OOD,UPP,TabSurv_M,44
8.4,0.19986958628085405,0.1728172756075921,RFS,OOD,UPP,TabSurv_M,44
8.6,0.2031476710052441,0.1728172756075921,RFS,OOD,UPP,TabSurv_M,44
8.8,0.2062247372058226,0.1728172756075921,RFS,OOD,UPP,TabSurv_M,44
9.0,0.2096654884890201,0.1757518966955933,RFS,OOD,UPP,TabSurv_M,44
9.2,0.2128531351672698,0.1757518966955933,RFS,OOD,UPP,TabSurv_M,44
9.4,0.21618493595052451,0.1757518966955933,RFS,OOD,UPP,TabSurv_M,44
9.6,0.2196153850006891,0.1814507264140267,RFS,OOD,UPP,TabSurv_M,44
9.8,0.22305782749825573,0.1814507264140267,RFS,OOD,UPP,TabSurv_M,44
10.0,0.2254875901135573,0.1846632631794305,RFS,OOD,UPP,TabSurv_M,44
1.2,0.04215986911592517,0.04140742555451958,RFS,OOD,UPP,DeepHS,40
1.4,0.04611290336463602,0.04537912585875571,RFS,OOD,UPP,DeepHS,40
1.6,0.06129148571433804,0.060902134357121614,RFS,OOD,UPP,DeepHS,40
1.8,0.06871734065069184,0.06846026659714152,RFS,OOD,UPP,DeepHS,40
2.0,0.07243133601523463,0.07219938185105969,RFS,OOD,UPP,DeepHS,40
2.2,0.07242565636695321,0.07219938185105969,RFS,OOD,UPP,DeepHS,40
2.4,0.08005397413251328,0.0797391468333014,RFS,OOD,UPP,DeepHS,40
2.6,0.0800461534671596,0.07973914683330137,RFS,OOD,UPP,DeepHS,40
2.8,0.0838982866494582,0.08350338146778817,RFS,OOD,UPP,DeepHS,40
3.0,0.09557069364756901,0.09454366513701802,RFS,OOD,UPP,DeepHS,40
3.2,0.09589147161126658,0.09815804647633496,RFS,OOD,UPP,DeepHS,40
3.4,0.09584850518781984,0.09815804647633497,RFS,OOD,UPP,DeepHS,40
3.6,0.1023187897610829,0.10537228351199701,RFS,OOD,UPP,DeepHS,40
3.8,0.1023187897610829,0.10537228351199701,RFS,OOD,UPP,DeepHS,40
4.0,0.10563301761956458,0.10891299428781909,RFS,OOD,UPP,DeepHS,40
4.2,0.11183742223841668,0.11586282648185156,RFS,OOD,UPP,DeepHS,40
4.4,0.11522336442789083,0.11927194790006188,RFS,OOD,UPP,DeepHS,40
4.6,0.12480580989173287,0.1293282084604563,RFS,OOD,UPP,DeepHS,40
4.8,0.1276601084709738,0.1325964481736554,RFS,OOD,UPP,DeepHS,40
5.0,0.131011251949487,0.13583793198740046,RFS,OOD,UPP,DeepHS,40
5.2,0.13095045351465198,0.13583793198740043,RFS,OOD,UPP,DeepHS,40
5.4,0.13407241777632506,0.13905220121665113,RFS,OOD,UPP,DeepHS,40
5.6,0.14067416372956817,0.14545408739314192,RFS,OOD,UPP,DeepHS,40
5.8,0.1406731547249051,0.14545408739314192,RFS,OOD,UPP,DeepHS,40
6.0,0.14393503836809632,0.14860146869117571,RFS,OOD,UPP,DeepHS,40
6.2,0.14394338938806692,0.14860146869117566,RFS,OOD,UPP,DeepHS,40
6.4,0.14579646556457243,0.14860146869117566,RFS,OOD,UPP,DeepHS,40
6.6,0.14590905384263053,0.14860146869117571,RFS,OOD,UPP,DeepHS,40
6.8,0.15053018862353204,0.1548627652133934,RFS,OOD,UPP,DeepHS,40
7.0,0.1573304295526736,0.16393723507305127,RFS,OOD,UPP,DeepHS,40
7.2,0.15914461131041632,0.16686075242930803,RFS,OOD,UPP,DeepHS,40
7.4,0.15917333947711776,0.16686075242930806,RFS,OOD,UPP,DeepHS,40
7.6,0.1590550574141564,0.16686075242930803,RFS,OOD,UPP,DeepHS,40
7.8,0.1590550574141564,0.16686075242930803,RFS,OOD,UPP,DeepHS,40
8.0,0.15897939563376848,0.1668607524293081,RFS,OOD,UPP,DeepHS,40
8.2,0.15897939563376848,0.1668607524293081,RFS,OOD,UPP,DeepHS,40
8.4,0.16376395067640617,0.1728172756075921,RFS,OOD,UPP,DeepHS,40
8.6,0.16366442784920607,0.1728172756075921,RFS,OOD,UPP,DeepHS,40
8.8,0.16366442784920607,0.1728172756075921,RFS,OOD,UPP,DeepHS,40
9.0,0.16627442521327693,0.1757518966955933,RFS,OOD,UPP,DeepHS,40
9.2,0.16627442521327693,0.1757518966955933,RFS,OOD,UPP,DeepHS,40
9.4,0.18239377591196154,0.1757518966955933,RFS,OOD,UPP,DeepHS,40
9.6,0.1864075653035093,0.1814507264140267,RFS,OOD,UPP,DeepHS,40
9.8,0.1864075653035093,0.1814507264140267,RFS,OOD,UPP,DeepHS,40
10.0,0.1894282431421533,0.1846632631794305,RFS,OOD,UPP,DeepHS,40
1.2,0.041482844659005876,0.04140742555451958,RFS,OOD,UPP,DeepHS,41
1.4,0.045222548808466094,0.04537912585875571,RFS,OOD,UPP,DeepHS,41
1.6,0.06017459899024412,0.060902134357121614,RFS,OOD,UPP,DeepHS,41
1.8,0.06750522791636974,0.06846026659714152,RFS,OOD,UPP,DeepHS,41
2.0,0.07117203541678979,0.07219938185105969,RFS,OOD,UPP,DeepHS,41
2.2,0.07110469028092979,0.07219938185105969,RFS,OOD,UPP,DeepHS,41
2.4,0.07891187425545237,0.0797391468333014,RFS,OOD,UPP,DeepHS,41
2.6,0.07891232007971032,0.07973914683330137,RFS,OOD,UPP,DeepHS,41
2.8,0.08298214000932547,0.08350338146778817,RFS,OOD,UPP,DeepHS,41
3.0,0.09498092648679676,0.09454366513701802,RFS,OOD,UPP,DeepHS,41
3.2,0.09888390039650048,0.09815804647633496,RFS,OOD,UPP,DeepHS,41
3.4,0.09286428006454525,0.09815804647633497,RFS,OOD,UPP,DeepHS,41
3.6,0.09894285985440908,0.10537228351199701,RFS,OOD,UPP,DeepHS,41
3.8,0.09894285985440908,0.10537228351199701,RFS,OOD,UPP,DeepHS,41
4.0,0.10244002837836108,0.10891299428781909,RFS,OOD,UPP,DeepHS,41
4.2,0.10955238107176464,0.11586282648185156,RFS,OOD,UPP,DeepHS,41
4.4,0.1133846473194879,0.11927194790006188,RFS,OOD,UPP,DeepHS,41
4.6,0.12327363572595768,0.1293282084604563,RFS,OOD,UPP,DeepHS,41
4.8,0.12649827189244653,0.1325964481736554,RFS,OOD,UPP,DeepHS,41
5.0,0.13034043678388824,0.13583793198740046,RFS,OOD,UPP,DeepHS,41
5.2,0.13025296431070812,0.13583793198740043,RFS,OOD,UPP,DeepHS,41
5.4,0.13317996591808817,0.13905220121665113,RFS,OOD,UPP,DeepHS,41
5.6,0.1402448128268073,0.14545408739314192,RFS,OOD,UPP,DeepHS,41
5.8,0.14030125090542228,0.14545408739314192,RFS,OOD,UPP,DeepHS,41
6.0,0.14360955332255568,0.14860146869117571,RFS,OOD,UPP,DeepHS,41
6.2,0.14364053618668166,0.14860146869117566,RFS,OOD,UPP,DeepHS,41
6.4,0.14364053618668166,0.14860146869117566,RFS,OOD,UPP,DeepHS,41
6.6,0.139623128646244,0.14860146869117571,RFS,OOD,UPP,DeepHS,41
6.8,0.14434021471863745,0.1548627652133934,RFS,OOD,UPP,DeepHS,41
7.0,0.15102175070503773,0.16393723507305127,RFS,OOD,UPP,DeepHS,41
7.2,0.15240612231213033,0.16686075242930803,RFS,OOD,UPP,DeepHS,41
7.4,0.15254994466335967,0.16686075242930806,RFS,OOD,UPP,DeepHS,41
7.6,0.1526251684097677,0.16686075242930803,RFS,OOD,UPP,DeepHS,41
7.8,0.1526251684097677,0.16686075242930803,RFS,OOD,UPP,DeepHS,41
8.0,0.15272814392916614,0.1668607524293081,RFS,OOD,UPP,DeepHS,41
8.2,0.15272814392916614,0.1668607524293081,RFS,OOD,UPP,DeepHS,41
8.4,0.15810274874154592,0.1728172756075921,RFS,OOD,UPP,DeepHS,41
8.6,0.15826409054957152,0.1728172756075921,RFS,OOD,UPP,DeepHS,41
8.8,0.15826409054957152,0.1728172756075921,RFS,OOD,UPP,DeepHS,41
9.0,0.16130902721426368,0.1757518966955933,RFS,OOD,UPP,DeepHS,41
9.2,0.16130902721426368,0.1757518966955933,RFS,OOD,UPP,DeepHS,41
9.4,0.16130902721426368,0.1757518966955933,RFS,OOD,UPP,DeepHS,41
9.6,0.16667947616073003,0.1814507264140267,RFS,OOD,UPP,DeepHS,41
9.8,0.16667947616073003,0.1814507264140267,RFS,OOD,UPP,DeepHS,41
10.0,0.19038330678879797,0.1846632631794305,RFS,OOD,UPP,DeepHS,41
1.2,0.04183650531711236,0.04140742555451958,RFS,OOD,UPP,DeepHS,42
1.4,0.0453272231385194,0.04537912585875571,RFS,OOD,UPP,DeepHS,42
1.6,0.06005504221364747,0.060902134357121614,RFS,OOD,UPP,DeepHS,42
1.8,0.06670022020574869,0.06846026659714152,RFS,OOD,UPP,DeepHS,42
2.0,0.07056743752711032,0.07219938185105969,RFS,OOD,UPP,DeepHS,42
2.2,0.07054376192047025,0.07219938185105969,RFS,OOD,UPP,DeepHS,42
2.4,0.07854018009785442,0.0797391468333014,RFS,OOD,UPP,DeepHS,42
2.6,0.07851373100061122,0.07973914683330137,RFS,OOD,UPP,DeepHS,42
2.8,0.08259451618758361,0.08350338146778817,RFS,OOD,UPP,DeepHS,42
3.0,0.09481831736626839,0.09454366513701802,RFS,OOD,UPP,DeepHS,42
3.2,0.09846581734365495,0.09815804647633496,RFS,OOD,UPP,DeepHS,42
3.4,0.09777020407871453,0.09815804647633497,RFS,OOD,UPP,DeepHS,42
3.6,0.10351216246570598,0.10537228351199701,RFS,OOD,UPP,DeepHS,42
3.8,0.10351216246570598,0.10537228351199701,RFS,OOD,UPP,DeepHS,42
4.0,0.10623059310715088,0.10891299428781909,RFS,OOD,UPP,DeepHS,42
4.2,0.11304456060613512,0.11586282648185156,RFS,OOD,UPP,DeepHS,42
4.4,0.11665788999834867,0.11927194790006188,RFS,OOD,UPP,DeepHS,42
4.6,0.12569505272896592,0.1293282084604563,RFS,OOD,UPP,DeepHS,42
4.8,0.12876361965194377,0.1325964481736554,RFS,OOD,UPP,DeepHS,42
5.0,0.13234843075124406,0.13583793198740046,RFS,OOD,UPP,DeepHS,42
5.2,0.13230113183488665,0.13583793198740043,RFS,OOD,UPP,DeepHS,42
5.4,0.13518750120225867,0.13905220121665113,RFS,OOD,UPP,DeepHS,42
5.6,0.14193489463526246,0.14545408739314192,RFS,OOD,UPP,DeepHS,42
5.8,0.1419589415293152,0.14545408739314192,RFS,OOD,UPP,DeepHS,42
6.0,0.1448865501666445,0.14860146869117571,RFS,OOD,UPP,DeepHS,42
6.2,0.14488936789145096,0.14860146869117566,RFS,OOD,UPP,DeepHS,42
6.4,0.14488936789145096,0.14860146869117566,RFS,OOD,UPP,DeepHS,42
6.6,0.15000463767145067,0.14860146869117571,RFS,OOD,UPP,DeepHS,42
6.8,0.15559036757474662,0.1548627652133934,RFS,OOD,UPP,DeepHS,42
7.0,0.1617740666706674,0.16393723507305127,RFS,OOD,UPP,DeepHS,42
7.2,0.16387579986422485,0.16686075242930803,RFS,OOD,UPP,DeepHS,42
7.4,0.1640522642621777,0.16686075242930806,RFS,OOD,UPP,DeepHS,42
7.6,0.16412977874451526,0.16686075242930803,RFS,OOD,UPP,DeepHS,42
7.8,0.16412977874451526,0.16686075242930803,RFS,OOD,UPP,DeepHS,42
8.0,0.16429731405511033,0.1668607524293081,RFS,OOD,UPP,DeepHS,42
8.2,0.16429731405511033,0.1668607524293081,RFS,OOD,UPP,DeepHS,42
8.4,0.16958309127265753,0.1728172756075921,RFS,OOD,UPP,DeepHS,42
8.6,0.16980360583413934,0.1728172756075921,RFS,OOD,UPP,DeepHS,42
8.8,0.16980360583413934,0.1728172756075921,RFS,OOD,UPP,DeepHS,42
9.0,0.17260260966183086,0.1757518966955933,RFS,OOD,UPP,DeepHS,42
9.2,0.17260260966183086,0.1757518966955933,RFS,OOD,UPP,DeepHS,42
9.4,0.17260260966183086,0.1757518966955933,RFS,OOD,UPP,DeepHS,42
9.6,0.17756409573443172,0.1814507264140267,RFS,OOD,UPP,DeepHS,42
9.8,0.17756409573443172,0.1814507264140267,RFS,OOD,UPP,DeepHS,42
10.0,0.19279939171152236,0.1846632631794305,RFS,OOD,UPP,DeepHS,42
1.2,0.04207476561882061,0.04140742555451958,RFS,OOD,UPP,DeepHS,43
1.4,0.04582152737040323,0.04537912585875571,RFS,OOD,UPP,DeepHS,43
1.6,0.06106611381296971,0.060902134357121614,RFS,OOD,UPP,DeepHS,43
1.8,0.06907389472253471,0.06846026659714152,RFS,OOD,UPP,DeepHS,43
2.0,0.0723895615067688,0.07219938185105969,RFS,OOD,UPP,DeepHS,43
2.2,0.0723940208577929,0.07219938185105969,RFS,OOD,UPP,DeepHS,43
2.4,0.08046638911517331,0.0797391468333014,RFS,OOD,UPP,DeepHS,43
2.6,0.08047078974953664,0.07973914683330137,RFS,OOD,UPP,DeepHS,43
2.8,0.084309985656075,0.08350338146778817,RFS,OOD,UPP,DeepHS,43
3.0,0.09597979319568316,0.09454366513701802,RFS,OOD,UPP,DeepHS,43
3.2,0.10019910119230027,0.09815804647633496,RFS,OOD,UPP,DeepHS,43
3.4,0.09290859743931838,0.09815804647633497,RFS,OOD,UPP,DeepHS,43
3.6,0.0985630245583323,0.10537228351199701,RFS,OOD,UPP,DeepHS,43
3.8,0.0985630245583323,0.10537228351199701,RFS,OOD,UPP,DeepHS,43
4.0,0.10125098425824693,0.10891299428781909,RFS,OOD,UPP,DeepHS,43
4.2,0.10816778022764018,0.11586282648185156,RFS,OOD,UPP,DeepHS,43
4.4,0.11138978958917871,0.11927194790006188,RFS,OOD,UPP,DeepHS,43
4.6,0.1207384251402747,0.1293282084604563,RFS,OOD,UPP,DeepHS,43
4.8,0.12340547969316339,0.1325964481736554,RFS,OOD,UPP,DeepHS,43
5.0,0.1268261549328906,0.13583793198740046,RFS,OOD,UPP,DeepHS,43
5.2,0.12676925434426067,0.13583793198740043,RFS,OOD,UPP,DeepHS,43
5.4,0.1293563670717094,0.13905220121665113,RFS,OOD,UPP,DeepHS,43
5.6,0.13659835802043216,0.14545408739314192,RFS,OOD,UPP,DeepHS,43
5.8,0.1366293287394039,0.14545408739314192,RFS,OOD,UPP,DeepHS,43
6.0,0.13910030588442887,0.14860146869117571,RFS,OOD,UPP,DeepHS,43
6.2,0.13902773728537293,0.14860146869117566,RFS,OOD,UPP,DeepHS,43
6.4,0.13902773728537293,0.14860146869117566,RFS,OOD,UPP,DeepHS,43
6.6,0.1473220907441744,0.14860146869117571,RFS,OOD,UPP,DeepHS,43
6.8,0.1512514185882231,0.1548627652133934,RFS,OOD,UPP,DeepHS,43
7.0,0.15676555447176738,0.16393723507305127,RFS,OOD,UPP,DeepHS,43
7.2,0.15779510966080382,0.16686075242930803,RFS,OOD,UPP,DeepHS,43
7.4,0.15783084471028916,0.16686075242930806,RFS,OOD,UPP,DeepHS,43
7.6,0.15768939861112322,0.16686075242930803,RFS,OOD,UPP,DeepHS,43
7.8,0.15768939861112322,0.16686075242930803,RFS,OOD,UPP,DeepHS,43
8.0,0.15774987254281983,0.1668607524293081,RFS,OOD,UPP,DeepHS,43
8.2,0.15774987254281983,0.1668607524293081,RFS,OOD,UPP,DeepHS,43
8.4,0.16237272119468119,0.1728172756075921,RFS,OOD,UPP,DeepHS,43
8.6,0.16239184427339234,0.1728172756075921,RFS,OOD,UPP,DeepHS,43
8.8,0.16239184427339234,0.1728172756075921,RFS,OOD,UPP,DeepHS,43
9.0,0.1646889826465577,0.1757518966955933,RFS,OOD,UPP,DeepHS,43
9.2,0.1646889826465577,0.1757518966955933,RFS,OOD,UPP,DeepHS,43
9.4,0.1646889826465577,0.1757518966955933,RFS,OOD,UPP,DeepHS,43
9.6,0.17016730239062844,0.1814507264140267,RFS,OOD,UPP,DeepHS,43
9.8,0.17016730239062844,0.1814507264140267,RFS,OOD,UPP,DeepHS,43
10.0,0.19799496842032968,0.1846632631794305,RFS,OOD,UPP,DeepHS,43
1.2,0.04138136718467583,0.04140742555451958,RFS,OOD,UPP,DeepHS,44
1.4,0.045039491474255046,0.04537912585875571,RFS,OOD,UPP,DeepHS,44
1.6,0.059875269136322795,0.060902134357121614,RFS,OOD,UPP,DeepHS,44
1.8,0.06694194643322936,0.06846026659714152,RFS,OOD,UPP,DeepHS,44
2.0,0.07068976260580456,0.07219938185105969,RFS,OOD,UPP,DeepHS,44
2.2,0.07070898253560648,0.07219938185105969,RFS,OOD,UPP,DeepHS,44
2.4,0.07861667270535135,0.0797391468333014,RFS,OOD,UPP,DeepHS,44
2.6,0.07861380726802496,0.07973914683330137,RFS,OOD,UPP,DeepHS,44
2.8,0.08258622578299966,0.08350338146778817,RFS,OOD,UPP,DeepHS,44
3.0,0.09450324922057686,0.09454366513701802,RFS,OOD,UPP,DeepHS,44
3.2,0.09574196836530746,0.09815804647633496,RFS,OOD,UPP,DeepHS,44
3.4,0.09569423558701784,0.09815804647633497,RFS,OOD,UPP,DeepHS,44
3.6,0.10109464511045811,0.10537228351199701,RFS,OOD,UPP,DeepHS,44
3.8,0.10109464511045811,0.10537228351199701,RFS,OOD,UPP,DeepHS,44
4.0,0.10433659360647081,0.10891299428781909,RFS,OOD,UPP,DeepHS,44
4.2,0.11099228975891413,0.11586282648185156,RFS,OOD,UPP,DeepHS,44
4.4,0.11468583352085322,0.11927194790006188,RFS,OOD,UPP,DeepHS,44
4.6,0.12410691032750842,0.1293282084604563,RFS,OOD,UPP,DeepHS,44
4.8,0.1267812812612892,0.1325964481736554,RFS,OOD,UPP,DeepHS,44
5.0,0.1298433801407834,0.13583793198740046,RFS,OOD,UPP,DeepHS,44
5.2,0.12971421695133806,0.13583793198740043,RFS,OOD,UPP,DeepHS,44
5.4,0.1326263928496247,0.13905220121665113,RFS,OOD,UPP,DeepHS,44
5.6,0.13931547008204498,0.14545408739314192,RFS,OOD,UPP,DeepHS,44
5.8,0.1393282813341957,0.14545408739314192,RFS,OOD,UPP,DeepHS,44
6.0,0.14243391868704017,0.14860146869117571,RFS,OOD,UPP,DeepHS,44
6.2,0.1424860453024155,0.14860146869117566,RFS,OOD,UPP,DeepHS,44
6.4,0.14884715980855542,0.14860146869117566,RFS,OOD,UPP,DeepHS,44
6.6,0.14856522887347656,0.14860146869117571,RFS,OOD,UPP,DeepHS,44
6.8,0.1530056051459647,0.1548627652133934,RFS,OOD,UPP,DeepHS,44
7.0,0.16003654244169443,0.16393723507305127,RFS,OOD,UPP,DeepHS,44
7.2,0.16216016048572657,0.16686075242930803,RFS,OOD,UPP,DeepHS,44
7.4,0.16230380028721356,0.16686075242930806,RFS,OOD,UPP,DeepHS,44
7.6,0.16243756723871416,0.16686075242930803,RFS,OOD,UPP,DeepHS,44
7.8,0.16243756723871416,0.16686075242930803,RFS,OOD,UPP,DeepHS,44
8.0,0.1627573921096651,0.1668607524293081,RFS,OOD,UPP,DeepHS,44
8.2,0.1627573921096651,0.1668607524293081,RFS,OOD,UPP,DeepHS,44
8.4,0.16844317558388253,0.1728172756075921,RFS,OOD,UPP,DeepHS,44
8.6,0.16865594812791623,0.1728172756075921,RFS,OOD,UPP,DeepHS,44
8.8,0.16865594812791623,0.1728172756075921,RFS,OOD,UPP,DeepHS,44
9.0,0.1711807081176854,0.1757518966955933,RFS,OOD,UPP,DeepHS,44
9.2,0.1711807081176854,0.1757518966955933,RFS,OOD,UPP,DeepHS,44
9.4,0.18968034946388954,0.1757518966955933,RFS,OOD,UPP,DeepHS,44
9.6,0.19242304392187964,0.1814507264140267,RFS,OOD,UPP,DeepHS,44
9.8,0.19242304392187964,0.1814507264140267,RFS,OOD,UPP,DeepHS,44
10.0,0.19421694203371268,0.1846632631794305,RFS,OOD,UPP,DeepHS,44
1.2,0.04144607526376927,0.04140742555451958,RFS,OOD,UPP,DeepSurv,40
1.4,0.04518668413420065,0.04537912585875571,RFS,OOD,UPP,DeepSurv,40
1.6,0.060954059231459225,0.060902134357121614,RFS,OOD,UPP,DeepSurv,40
1.8,0.0676881494872985,0.06846026659714152,RFS,OOD,UPP,DeepSurv,40
2.0,0.07042073665346822,0.07219938185105969,RFS,OOD,UPP,DeepSurv,40
2.2,0.06976754234573271,0.07219938185105969,RFS,OOD,UPP,DeepSurv,40
2.4,0.07759236966119794,0.0797391468333014,RFS,OOD,UPP,DeepSurv,40
2.6,0.07793224433879448,0.07973914683330137,RFS,OOD,UPP,DeepSurv,40
2.8,0.07984169062178172,0.08350338146778817,RFS,OOD,UPP,DeepSurv,40
3.0,0.09039627177369877,0.09454366513701802,RFS,OOD,UPP,DeepSurv,40
3.2,0.09467438690795565,0.09815804647633496,RFS,OOD,UPP,DeepSurv,40
3.4,0.09560906222583396,0.09815804647633497,RFS,OOD,UPP,DeepSurv,40
3.6,0.10366213716248222,0.10537228351199701,RFS,OOD,UPP,DeepSurv,40
3.8,0.1047092734672623,0.10537228351199701,RFS,OOD,UPP,DeepSurv,40
4.0,0.10692864810523467,0.10891299428781909,RFS,OOD,UPP,DeepSurv,40
4.2,0.11374285949864486,0.11586282648185156,RFS,OOD,UPP,DeepSurv,40
4.4,0.11857567811663092,0.11927194790006188,RFS,OOD,UPP,DeepSurv,40
4.6,0.12674295105833608,0.1293282084604563,RFS,OOD,UPP,DeepSurv,40
4.8,0.12920873348449274,0.1325964481736554,RFS,OOD,UPP,DeepSurv,40
5.0,0.13262603099947579,0.13583793198740046,RFS,OOD,UPP,DeepSurv,40
5.2,0.13293414788179478,0.13583793198740043,RFS,OOD,UPP,DeepSurv,40
5.4,0.13911793218352944,0.13905220121665113,RFS,OOD,UPP,DeepSurv,40
5.6,0.1425292148991135,0.14545408739314192,RFS,OOD,UPP,DeepSurv,40
5.8,0.14375754811455238,0.14545408739314192,RFS,OOD,UPP,DeepSurv,40
6.0,0.1454615220506575,0.14860146869117571,RFS,OOD,UPP,DeepSurv,40
6.2,0.14739391855232303,0.14860146869117566,RFS,OOD,UPP,DeepSurv,40
6.4,0.1492111614603981,0.14860146869117566,RFS,OOD,UPP,DeepSurv,40
6.6,0.1493658030044246,0.14860146869117571,RFS,OOD,UPP,DeepSurv,40
6.8,0.15639236045888708,0.1548627652133934,RFS,OOD,UPP,DeepSurv,40
7.0,0.1630136917997467,0.16393723507305127,RFS,OOD,UPP,DeepSurv,40
7.2,0.16675053034804538,0.16686075242930803,RFS,OOD,UPP,DeepSurv,40
7.4,0.16863724575229708,0.16686075242930806,RFS,OOD,UPP,DeepSurv,40
7.6,0.17166768403722224,0.16686075242930803,RFS,OOD,UPP,DeepSurv,40
7.8,0.17331431717815043,0.16686075242930803,RFS,OOD,UPP,DeepSurv,40
8.0,0.17534047672820968,0.1668607524293081,RFS,OOD,UPP,DeepSurv,40
8.2,0.17622725949638357,0.1668607524293081,RFS,OOD,UPP,DeepSurv,40
8.4,0.1827391485199166,0.1728172756075921,RFS,OOD,UPP,DeepSurv,40
8.6,0.18741961229154322,0.1728172756075921,RFS,OOD,UPP,DeepSurv,40
8.8,0.18944974870324915,0.1728172756075921,RFS,OOD,UPP,DeepSurv,40
9.0,0.19207673909148953,0.1757518966955933,RFS,OOD,UPP,DeepSurv,40
9.2,0.1952330891516844,0.1757518966955933,RFS,OOD,UPP,DeepSurv,40
9.4,0.19978977270192655,0.1757518966955933,RFS,OOD,UPP,DeepSurv,40
9.6,0.21130207907455467,0.1814507264140267,RFS,OOD,UPP,DeepSurv,40
9.8,0.21254640875478562,0.1814507264140267,RFS,OOD,UPP,DeepSurv,40
10.0,0.21705555265479945,0.1846632631794305,RFS,OOD,UPP,DeepSurv,40
1.2,0.04090322184343409,0.04140742555451958,RFS,OOD,UPP,DeepSurv,41
1.4,0.04488549222795314,0.04537912585875571,RFS,OOD,UPP,DeepSurv,41
1.6,0.060145755514481536,0.060902134357121614,RFS,OOD,UPP,DeepSurv,41
1.8,0.06574866503799554,0.06846026659714152,RFS,OOD,UPP,DeepSurv,41
2.0,0.0682002399936395,0.07219938185105969,RFS,OOD,UPP,DeepSurv,41
2.2,0.06801109807747627,0.07219938185105969,RFS,OOD,UPP,DeepSurv,41
2.4,0.07536780507303464,0.0797391468333014,RFS,OOD,UPP,DeepSurv,41
2.6,0.07528254596489298,0.07973914683330137,RFS,OOD,UPP,DeepSurv,41
2.8,0.07711962862345433,0.08350338146778817,RFS,OOD,UPP,DeepSurv,41
3.0,0.08622333231836567,0.09454366513701802,RFS,OOD,UPP,DeepSurv,41
3.2,0.08957459800364682,0.09815804647633496,RFS,OOD,UPP,DeepSurv,41
3.4,0.08955610848420915,0.09815804647633497,RFS,OOD,UPP,DeepSurv,41
3.6,0.09758306173583128,0.10537228351199701,RFS,OOD,UPP,DeepSurv,41
3.8,0.09875254802102901,0.10537228351199701,RFS,OOD,UPP,DeepSurv,41
4.0,0.10276363149981013,0.10891299428781909,RFS,OOD,UPP,DeepSurv,41
4.2,0.11054238911605892,0.11586282648185156,RFS,OOD,UPP,DeepSurv,41
4.4,0.11491267207582749,0.11927194790006188,RFS,OOD,UPP,DeepSurv,41
4.6,0.12453143919704185,0.1293282084604563,RFS,OOD,UPP,DeepSurv,41
4.8,0.12944681531523544,0.1325964481736554,RFS,OOD,UPP,DeepSurv,41
5.0,0.13333361963999726,0.13583793198740046,RFS,OOD,UPP,DeepSurv,41
5.2,0.13428026341962113,0.13583793198740043,RFS,OOD,UPP,DeepSurv,41
5.4,0.13665240135446777,0.13905220121665113,RFS,OOD,UPP,DeepSurv,41
5.6,0.14117870643395405,0.14545408739314192,RFS,OOD,UPP,DeepSurv,41
5.8,0.14289925016561517,0.14545408739314192,RFS,OOD,UPP,DeepSurv,41
6.0,0.14700711432798866,0.14860146869117571,RFS,OOD,UPP,DeepSurv,41
6.2,0.14847848092683166,0.14860146869117566,RFS,OOD,UPP,DeepSurv,41
6.4,0.14967177148126032,0.14860146869117566,RFS,OOD,UPP,DeepSurv,41
6.6,0.15046277742967368,0.14860146869117571,RFS,OOD,UPP,DeepSurv,41
6.8,0.15872113462262383,0.1548627652133934,RFS,OOD,UPP,DeepSurv,41
7.0,0.16269651631562562,0.16393723507305127,RFS,OOD,UPP,DeepSurv,41
7.2,0.16687937307175268,0.16686075242930803,RFS,OOD,UPP,DeepSurv,41
7.4,0.1695784268838517,0.16686075242930806,RFS,OOD,UPP,DeepSurv,41
7.6,0.1733336883337031,0.16686075242930803,RFS,OOD,UPP,DeepSurv,41
7.8,0.17498968350893332,0.16686075242930803,RFS,OOD,UPP,DeepSurv,41
8.0,0.17717829354447798,0.1668607524293081,RFS,OOD,UPP,DeepSurv,41
8.2,0.17806457524741,0.1668607524293081,RFS,OOD,UPP,DeepSurv,41
8.4,0.183410023772162,0.1728172756075921,RFS,OOD,UPP,DeepSurv,41
8.6,0.19026515639845623,0.1728172756075921,RFS,OOD,UPP,DeepSurv,41
8.8,0.19235498250036812,0.1728172756075921,RFS,OOD,UPP,DeepSurv,41
9.0,0.19778149225545277,0.1757518966955933,RFS,OOD,UPP,DeepSurv,41
9.2,0.19999920726294143,0.1757518966955933,RFS,OOD,UPP,DeepSurv,41
9.4,0.20591380696238906,0.1757518966955933,RFS,OOD,UPP,DeepSurv,41
9.6,0.21108764604122987,0.1814507264140267,RFS,OOD,UPP,DeepSurv,41
9.8,0.21365860100122533,0.1814507264140267,RFS,OOD,UPP,DeepSurv,41
10.0,0.21404254833106937,0.1846632631794305,RFS,OOD,UPP,DeepSurv,41
1.2,0.04103046293568874,0.04140742555451958,RFS,OOD,UPP,DeepSurv,42
1.4,0.0445144304776394,0.04537912585875571,RFS,OOD,UPP,DeepSurv,42
1.6,0.059950607157072885,0.060902134357121614,RFS,OOD,UPP,DeepSurv,42
1.8,0.06711999908061704,0.06846026659714152,RFS,OOD,UPP,DeepSurv,42
2.0,0.07001084113999488,0.07219938185105969,RFS,OOD,UPP,DeepSurv,42
2.2,0.06969627321587804,0.07219938185105969,RFS,OOD,UPP,DeepSurv,42
2.4,0.07755191291667889,0.0797391468333014,RFS,OOD,UPP,DeepSurv,42
2.6,0.07740519897627897,0.07973914683330137,RFS,OOD,UPP,DeepSurv,42
2.8,0.0794464684072167,0.08350338146778817,RFS,OOD,UPP,DeepSurv,42
3.0,0.08951828586817749,0.09454366513701802,RFS,OOD,UPP,DeepSurv,42
3.2,0.09317727807675824,0.09815804647633496,RFS,OOD,UPP,DeepSurv,42
3.4,0.09338902724309975,0.09815804647633497,RFS,OOD,UPP,DeepSurv,42
3.6,0.1007716123595193,0.10537228351199701,RFS,OOD,UPP,DeepSurv,42
3.8,0.10111462705906583,0.10537228351199701,RFS,OOD,UPP,DeepSurv,42
4.0,0.10456430404999507,0.10891299428781909,RFS,OOD,UPP,DeepSurv,42
4.2,0.11285744223164124,0.11586282648185156,RFS,OOD,UPP,DeepSurv,42
4.4,0.11764976654928158,0.11927194790006188,RFS,OOD,UPP,DeepSurv,42
4.6,0.12651355035941117,0.1293282084604563,RFS,OOD,UPP,DeepSurv,42
4.8,0.13048237782357547,0.1325964481736554,RFS,OOD,UPP,DeepSurv,42
5.0,0.13538985146095758,0.13583793198740046,RFS,OOD,UPP,DeepSurv,42
5.2,0.13634430940977665,0.13583793198740043,RFS,OOD,UPP,DeepSurv,42
5.4,0.13731944734114507,0.13905220121665113,RFS,OOD,UPP,DeepSurv,42
5.6,0.14195328127650933,0.14545408739314192,RFS,OOD,UPP,DeepSurv,42
5.8,0.1426927558417376,0.14545408739314192,RFS,OOD,UPP,DeepSurv,42
6.0,0.14590784051696803,0.14860146869117571,RFS,OOD,UPP,DeepSurv,42
6.2,0.14601941421098408,0.14860146869117566,RFS,OOD,UPP,DeepSurv,42
6.4,0.14686439910178486,0.14860146869117566,RFS,OOD,UPP,DeepSurv,42
6.6,0.1490186273433798,0.14860146869117571,RFS,OOD,UPP,DeepSurv,42
6.8,0.1559802227613454,0.1548627652133934,RFS,OOD,UPP,DeepSurv,42
7.0,0.1592875251504195,0.16393723507305127,RFS,OOD,UPP,DeepSurv,42
7.2,0.1620997964439772,0.16686075242930803,RFS,OOD,UPP,DeepSurv,42
7.4,0.16555277222419879,0.16686075242930806,RFS,OOD,UPP,DeepSurv,42
7.6,0.16891153324665506,0.16686075242930803,RFS,OOD,UPP,DeepSurv,42
7.8,0.17307120699330847,0.16686075242930803,RFS,OOD,UPP,DeepSurv,42
8.0,0.17658408584178892,0.1668607524293081,RFS,OOD,UPP,DeepSurv,42
8.2,0.17901205670830272,0.1668607524293081,RFS,OOD,UPP,DeepSurv,42
8.4,0.18724952302595388,0.1728172756075921,RFS,OOD,UPP,DeepSurv,42
8.6,0.19341459401144084,0.1728172756075921,RFS,OOD,UPP,DeepSurv,42
8.8,0.1974541493300505,0.1728172756075921,RFS,OOD,UPP,DeepSurv,42
9.0,0.19934940932905545,0.1757518966955933,RFS,OOD,UPP,DeepSurv,42
9.2,0.20359168339791864,0.1757518966955933,RFS,OOD,UPP,DeepSurv,42
9.4,0.20808539897762449,0.1757518966955933,RFS,OOD,UPP,DeepSurv,42
9.6,0.20994569493377582,0.1814507264140267,RFS,OOD,UPP,DeepSurv,42
9.8,0.2122025962623615,0.1814507264140267,RFS,OOD,UPP,DeepSurv,42
10.0,0.2118983847102848,0.1846632631794305,RFS,OOD,UPP,DeepSurv,42
1.2,0.04069661958879673,0.04140742555451958,RFS,OOD,UPP,DeepSurv,43
1.4,0.043328398891994135,0.04537912585875571,RFS,OOD,UPP,DeepSurv,43
1.6,0.05858469870954086,0.060902134357121614,RFS,OOD,UPP,DeepSurv,43
1.8,0.06573807141694168,0.06846026659714152,RFS,OOD,UPP,DeepSurv,43
2.0,0.06694528628736192,0.07219938185105969,RFS,OOD,UPP,DeepSurv,43
2.2,0.06651544487677989,0.07219938185105969,RFS,OOD,UPP,DeepSurv,43
2.4,0.07440935382039907,0.0797391468333014,RFS,OOD,UPP,DeepSurv,43
2.6,0.07512153955396743,0.07973914683330137,RFS,OOD,UPP,DeepSurv,43
2.8,0.07584641292976846,0.08350338146778817,RFS,OOD,UPP,DeepSurv,43
3.0,0.08687789060329365,0.09454366513701802,RFS,OOD,UPP,DeepSurv,43
3.2,0.09193879188808025,0.09815804647633496,RFS,OOD,UPP,DeepSurv,43
3.4,0.09463479028381992,0.09815804647633497,RFS,OOD,UPP,DeepSurv,43
3.6,0.10237249043312964,0.10537228351199701,RFS,OOD,UPP,DeepSurv,43
3.8,0.1063258693459334,0.10537228351199701,RFS,OOD,UPP,DeepSurv,43
4.0,0.10814270644950807,0.10891299428781909,RFS,OOD,UPP,DeepSurv,43
4.2,0.11922330856263215,0.11586282648185156,RFS,OOD,UPP,DeepSurv,43
4.4,0.12829522582573002,0.11927194790006188,RFS,OOD,UPP,DeepSurv,43
4.6,0.133480842967702,0.1293282084604563,RFS,OOD,UPP,DeepSurv,43
4.8,0.1372019826117763,0.1325964481736554,RFS,OOD,UPP,DeepSurv,43
5.0,0.13949206373377393,0.13583793198740046,RFS,OOD,UPP,DeepSurv,43
5.2,0.13966645945694375,0.13583793198740043,RFS,OOD,UPP,DeepSurv,43
5.4,0.14674166905875197,0.13905220121665113,RFS,OOD,UPP,DeepSurv,43
5.6,0.1524281688495938,0.14545408739314192,RFS,OOD,UPP,DeepSurv,43
5.8,0.15342014934379447,0.14545408739314192,RFS,OOD,UPP,DeepSurv,43
6.0,0.15317789418502065,0.14860146869117571,RFS,OOD,UPP,DeepSurv,43
6.2,0.15426859521405853,0.14860146869117566,RFS,OOD,UPP,DeepSurv,43
6.4,0.15639523271563538,0.14860146869117566,RFS,OOD,UPP,DeepSurv,43
6.6,0.158939754530836,0.14860146869117571,RFS,OOD,UPP,DeepSurv,43
6.8,0.16311676669808076,0.1548627652133934,RFS,OOD,UPP,DeepSurv,43
7.0,0.16240241957227952,0.16393723507305127,RFS,OOD,UPP,DeepSurv,43
7.2,0.1640666275672408,0.16686075242930803,RFS,OOD,UPP,DeepSurv,43
7.4,0.16618474371260725,0.16686075242930806,RFS,OOD,UPP,DeepSurv,43
7.6,0.17151837143267099,0.16686075242930803,RFS,OOD,UPP,DeepSurv,43
7.8,0.1772091545125997,0.16686075242930803,RFS,OOD,UPP,DeepSurv,43
8.0,0.1786473771109234,0.1668607524293081,RFS,OOD,UPP,DeepSurv,43
8.2,0.17969780611525565,0.1668607524293081,RFS,OOD,UPP,DeepSurv,43
8.4,0.18709503697919758,0.1728172756075921,RFS,OOD,UPP,DeepSurv,43
8.6,0.19167716133940907,0.1728172756075921,RFS,OOD,UPP,DeepSurv,43
8.8,0.1951621441212707,0.1728172756075921,RFS,OOD,UPP,DeepSurv,43
9.0,0.19745649462082399,0.1757518966955933,RFS,OOD,UPP,DeepSurv,43
9.2,0.19866098240486443,0.1757518966955933,RFS,OOD,UPP,DeepSurv,43
9.4,0.20253556093386618,0.1757518966955933,RFS,OOD,UPP,DeepSurv,43
9.6,0.20875774034730363,0.1814507264140267,RFS,OOD,UPP,DeepSurv,43
9.8,0.21537068949583854,0.1814507264140267,RFS,OOD,UPP,DeepSurv,43
10.0,0.2189816723104706,0.1846632631794305,RFS,OOD,UPP,DeepSurv,43
1.2,0.041921993829506864,0.04140742555451958,RFS,OOD,UPP,DeepSurv,44
1.4,0.04550495890500405,0.04537912585875571,RFS,OOD,UPP,DeepSurv,44
1.6,0.062016621386959375,0.060902134357121614,RFS,OOD,UPP,DeepSurv,44
1.8,0.06883076291885919,0.06846026659714152,RFS,OOD,UPP,DeepSurv,44
2.0,0.07187485678997038,0.07219938185105969,RFS,OOD,UPP,DeepSurv,44
2.2,0.07116424001698388,0.07219938185105969,RFS,OOD,UPP,DeepSurv,44
2.4,0.0790284955618686,0.0797391468333014,RFS,OOD,UPP,DeepSurv,44
2.6,0.07875536896300984,0.07973914683330137,RFS,OOD,UPP,DeepSurv,44
2.8,0.08183247004291443,0.08350338146778817,RFS,OOD,UPP,DeepSurv,44
3.0,0.09271121045807736,0.09454366513701802,RFS,OOD,UPP,DeepSurv,44
3.2,0.09563093725123985,0.09815804647633496,RFS,OOD,UPP,DeepSurv,44
3.4,0.09573503811762334,0.09815804647633497,RFS,OOD,UPP,DeepSurv,44
3.6,0.10392152615237703,0.10537228351199701,RFS,OOD,UPP,DeepSurv,44
3.8,0.10426236427548684,0.10537228351199701,RFS,OOD,UPP,DeepSurv,44
4.0,0.10696169838327951,0.10891299428781909,RFS,OOD,UPP,DeepSurv,44
4.2,0.11501245619212244,0.11586282648185156,RFS,OOD,UPP,DeepSurv,44
4.4,0.12087573673692008,0.11927194790006188,RFS,OOD,UPP,DeepSurv,44
4.6,0.12807759369479807,0.1293282084604563,RFS,OOD,UPP,DeepSurv,44
4.8,0.1308245866535295,0.1325964481736554,RFS,OOD,UPP,DeepSurv,44
5.0,0.13431568585450152,0.13583793198740046,RFS,OOD,UPP,DeepSurv,44
5.2,0.1343269788600152,0.13583793198740043,RFS,OOD,UPP,DeepSurv,44
5.4,0.1375600251541964,0.13905220121665113,RFS,OOD,UPP,DeepSurv,44
5.6,0.1438782549998304,0.14545408739314192,RFS,OOD,UPP,DeepSurv,44
5.8,0.1452843753458543,0.14545408739314192,RFS,OOD,UPP,DeepSurv,44
6.0,0.14651830826283127,0.14860146869117571,RFS,OOD,UPP,DeepSurv,44
6.2,0.14747028082981414,0.14860146869117566,RFS,OOD,UPP,DeepSurv,44
6.4,0.14947454786778572,0.14860146869117566,RFS,OOD,UPP,DeepSurv,44
6.6,0.15170634356083973,0.14860146869117571,RFS,OOD,UPP,DeepSurv,44
6.8,0.15602446318284718,0.1548627652133934,RFS,OOD,UPP,DeepSurv,44
7.0,0.16012738490435113,0.16393723507305127,RFS,OOD,UPP,DeepSurv,44
7.2,0.16468540762209125,0.16686075242930803,RFS,OOD,UPP,DeepSurv,44
7.4,0.16736235076297928,0.16686075242930806,RFS,OOD,UPP,DeepSurv,44
7.6,0.16799895048765437,0.16686075242930803,RFS,OOD,UPP,DeepSurv,44
7.8,0.16924280987803098,0.16686075242930803,RFS,OOD,UPP,DeepSurv,44
8.0,0.1714845229446648,0.1668607524293081,RFS,OOD,UPP,DeepSurv,44
8.2,0.17522277499020503,0.1668607524293081,RFS,OOD,UPP,DeepSurv,44
8.4,0.18544470025674342,0.1728172756075921,RFS,OOD,UPP,DeepSurv,44
8.6,0.18818525826770707,0.1728172756075921,RFS,OOD,UPP,DeepSurv,44
8.8,0.18910132814468456,0.1728172756075921,RFS,OOD,UPP,DeepSurv,44
9.0,0.18875034201194435,0.1757518966955933,RFS,OOD,UPP,DeepSurv,44
9.2,0.19245162312750164,0.1757518966955933,RFS,OOD,UPP,DeepSurv,44
9.4,0.19959453932656068,0.1757518966955933,RFS,OOD,UPP,DeepSurv,44
9.6,0.20159789332416791,0.1814507264140267,RFS,OOD,UPP,DeepSurv,44
9.8,0.2037003657374829,0.1814507264140267,RFS,OOD,UPP,DeepSurv,44
10.0,0.20311549745906735,0.1846632631794305,RFS,OOD,UPP,DeepSurv,44
1.2,0.04264545093149138,0.04140742555451958,RFS,OOD,UPP,ENCox,40
1.4,0.04661446635024067,0.04537912585875571,RFS,OOD,UPP,ENCox,40
1.6,0.061744427576368444,0.060902134357121614,RFS,OOD,UPP,ENCox,40
1.8,0.06727758069833698,0.06846026659714152,RFS,OOD,UPP,ENCox,40
2.0,0.07032583095472453,0.07219938185105969,RFS,OOD,UPP,ENCox,40
2.2,0.06999406015916344,0.07219938185105969,RFS,OOD,UPP,ENCox,40
2.4,0.07828183627379966,0.0797391468333014,RFS,OOD,UPP,ENCox,40
2.6,0.07923445779843603,0.07973914683330137,RFS,OOD,UPP,ENCox,40
2.8,0.08015600993065353,0.08350338146778817,RFS,OOD,UPP,ENCox,40
3.0,0.09295627320452417,0.09454366513701802,RFS,OOD,UPP,ENCox,40
3.2,0.09944926453808184,0.09815804647633496,RFS,OOD,UPP,ENCox,40
3.4,0.1015603303959569,0.09815804647633497,RFS,OOD,UPP,ENCox,40
3.6,0.1135885707884771,0.10537228351199701,RFS,OOD,UPP,ENCox,40
3.8,0.11534145225459062,0.10537228351199701,RFS,OOD,UPP,ENCox,40
4.0,0.1195399952354244,0.10891299428781909,RFS,OOD,UPP,ENCox,40
4.2,0.1268085337140962,0.11586282648185156,RFS,OOD,UPP,ENCox,40
4.4,0.13278457304868307,0.11927194790006188,RFS,OOD,UPP,ENCox,40
4.6,0.14283974652460468,0.1293282084604563,RFS,OOD,UPP,ENCox,40
4.8,0.14487555102309824,0.1325964481736554,RFS,OOD,UPP,ENCox,40
5.0,0.1497373629468156,0.13583793198740046,RFS,OOD,UPP,ENCox,40
5.2,0.14939243591951618,0.13583793198740043,RFS,OOD,UPP,ENCox,40
5.4,0.15759764344053784,0.13905220121665113,RFS,OOD,UPP,ENCox,40
5.6,0.16335396358495,0.14545408739314192,RFS,OOD,UPP,ENCox,40
5.8,0.16503330101498648,0.14545408739314192,RFS,OOD,UPP,ENCox,40
6.0,0.16934257153143184,0.14860146869117571,RFS,OOD,UPP,ENCox,40
6.2,0.17193745205548375,0.14860146869117566,RFS,OOD,UPP,ENCox,40
6.4,0.17445417436570781,0.14860146869117566,RFS,OOD,UPP,ENCox,40
6.6,0.1754822664141513,0.14860146869117571,RFS,OOD,UPP,ENCox,40
6.8,0.18754473337333585,0.1548627652133934,RFS,OOD,UPP,ENCox,40
7.0,0.198484094491389,0.16393723507305127,RFS,OOD,UPP,ENCox,40
7.2,0.20726543873910322,0.16686075242930803,RFS,OOD,UPP,ENCox,40
7.4,0.20948532166667286,0.16686075242930806,RFS,OOD,UPP,ENCox,40
7.6,0.2119846349175171,0.16686075242930803,RFS,OOD,UPP,ENCox,40
7.8,0.21421914343239587,0.16686075242930803,RFS,OOD,UPP,ENCox,40
8.0,0.2176607805489249,0.1668607524293081,RFS,OOD,UPP,ENCox,40
8.2,0.21885995701097335,0.1668607524293081,RFS,OOD,UPP,ENCox,40
8.4,0.2207384637969878,0.1728172756075921,RFS,OOD,UPP,ENCox,40
8.6,0.22644833558791988,0.1728172756075921,RFS,OOD,UPP,ENCox,40
8.8,0.22905698039840877,0.1728172756075921,RFS,OOD,UPP,ENCox,40
9.0,0.23226911460061891,0.1757518966955933,RFS,OOD,UPP,ENCox,40
9.2,0.2362715389404519,0.1757518966955933,RFS,OOD,UPP,ENCox,40
9.4,0.24197846195621975,0.1757518966955933,RFS,OOD,UPP,ENCox,40
9.6,0.25475535606934263,0.1814507264140267,RFS,OOD,UPP,ENCox,40
9.8,0.256289449886609,0.1814507264140267,RFS,OOD,UPP,ENCox,40
10.0,0.27446763998286267,0.1846632631794305,RFS,OOD,UPP,ENCox,40
1.2,0.04142618853489544,0.04140742555451958,RFS,OOD,UPP,ENCox,41
1.4,0.045406231804386514,0.04537912585875571,RFS,OOD,UPP,ENCox,41
1.6,0.06082707419087902,0.060902134357121614,RFS,OOD,UPP,ENCox,41
1.8,0.06754172102585809,0.06846026659714152,RFS,OOD,UPP,ENCox,41
2.0,0.07029740565503947,0.07219938185105969,RFS,OOD,UPP,ENCox,41
2.2,0.07016377395519191,0.07219938185105969,RFS,OOD,UPP,ENCox,41
2.4,0.07778583355797637,0.0797391468333014,RFS,OOD,UPP,ENCox,41
2.6,0.07772920729637382,0.07973914683330137,RFS,OOD,UPP,ENCox,41
2.8,0.08027328885303049,0.08350338146778817,RFS,OOD,UPP,ENCox,41
3.0,0.09066076601154334,0.09454366513701802,RFS,OOD,UPP,ENCox,41
3.2,0.09394411476514683,0.09815804647633496,RFS,OOD,UPP,ENCox,41
3.4,0.09405422261355788,0.09815804647633497,RFS,OOD,UPP,ENCox,41
3.6,0.10067496169432148,0.10537228351199701,RFS,OOD,UPP,ENCox,41
3.8,0.10151189010131213,0.10537228351199701,RFS,OOD,UPP,ENCox,41
4.0,0.10453401163879604,0.10891299428781909,RFS,OOD,UPP,ENCox,41
4.2,0.1127693498863164,0.11586282648185156,RFS,OOD,UPP,ENCox,41
4.4,0.1172986043064232,0.11927194790006188,RFS,OOD,UPP,ENCox,41
4.6,0.12722624744440406,0.1293282084604563,RFS,OOD,UPP,ENCox,41
4.8,0.13168437348772327,0.1325964481736554,RFS,OOD,UPP,ENCox,41
5.0,0.13489410953060763,0.13583793198740046,RFS,OOD,UPP,ENCox,41
5.2,0.13551769623616072,0.13583793198740043,RFS,OOD,UPP,ENCox,41
5.4,0.13976306647996767,0.13905220121665113,RFS,OOD,UPP,ENCox,41
5.6,0.14638294665659815,0.14545408739314192,RFS,OOD,UPP,ENCox,41
5.8,0.14761406255724377,0.14545408739314192,RFS,OOD,UPP,ENCox,41
6.0,0.1498340650008671,0.14860146869117571,RFS,OOD,UPP,ENCox,41
6.2,0.15090630282756498,0.14860146869117566,RFS,OOD,UPP,ENCox,41
6.4,0.1518451316245434,0.14860146869117566,RFS,OOD,UPP,ENCox,41
6.6,0.15245923243941967,0.14860146869117571,RFS,OOD,UPP,ENCox,41
6.8,0.15684379778902877,0.1548627652133934,RFS,OOD,UPP,ENCox,41
7.0,0.1626700500166306,0.16393723507305127,RFS,OOD,UPP,ENCox,41
7.2,0.16528202466109682,0.16686075242930803,RFS,OOD,UPP,ENCox,41
7.4,0.167258357998183,0.16686075242930806,RFS,OOD,UPP,ENCox,41
7.6,0.17070659549370884,0.16686075242930803,RFS,OOD,UPP,ENCox,41
7.8,0.17205561050952115,0.16686075242930803,RFS,OOD,UPP,ENCox,41
8.0,0.17383601467809337,0.1668607524293081,RFS,OOD,UPP,ENCox,41
8.2,0.17456442891425658,0.1668607524293081,RFS,OOD,UPP,ENCox,41
8.4,0.1813918270598806,0.1728172756075921,RFS,OOD,UPP,ENCox,41
8.6,0.18652576538102622,0.1728172756075921,RFS,OOD,UPP,ENCox,41
8.8,0.18827377074673698,0.1728172756075921,RFS,OOD,UPP,ENCox,41
9.0,0.19167656908813915,0.1757518966955933,RFS,OOD,UPP,ENCox,41
9.2,0.19351061646155635,0.1757518966955933,RFS,OOD,UPP,ENCox,41
9.4,0.1984336707542676,0.1757518966955933,RFS,OOD,UPP,ENCox,41
9.6,0.2060095032446286,0.1814507264140267,RFS,OOD,UPP,ENCox,41
9.8,0.20820235298767467,0.1814507264140267,RFS,OOD,UPP,ENCox,41
10.0,0.2117383912322498,0.1846632631794305,RFS,OOD,UPP,ENCox,41
1.2,0.04159127607873499,0.04140742555451958,RFS,OOD,UPP,ENCox,42
1.4,0.045164900326421405,0.04537912585875571,RFS,OOD,UPP,ENCox,42
1.6,0.06024121559120005,0.060902134357121614,RFS,OOD,UPP,ENCox,42
1.8,0.06780880829641243,0.06846026659714152,RFS,OOD,UPP,ENCox,42
2.0,0.07027766914795992,0.07219938185105969,RFS,OOD,UPP,ENCox,42
2.2,0.06983139519171386,0.07219938185105969,RFS,OOD,UPP,ENCox,42
2.4,0.07736464334453681,0.0797391468333014,RFS,OOD,UPP,ENCox,42
2.6,0.07696278091495228,0.07973914683330137,RFS,OOD,UPP,ENCox,42
2.8,0.08027942935060425,0.08350338146778817,RFS,OOD,UPP,ENCox,42
3.0,0.0909135472756756,0.09454366513701802,RFS,OOD,UPP,ENCox,42
3.2,0.09421298076373699,0.09815804647633496,RFS,OOD,UPP,ENCox,42
3.4,0.09432646205321649,0.09815804647633497,RFS,OOD,UPP,ENCox,42
3.6,0.10155098945324978,0.10537228351199701,RFS,OOD,UPP,ENCox,42
3.8,0.10174860138095246,0.10537228351199701,RFS,OOD,UPP,ENCox,42
4.0,0.10529200013981539,0.10891299428781909,RFS,OOD,UPP,ENCox,42
4.2,0.11282807251745039,0.11586282648185156,RFS,OOD,UPP,ENCox,42
4.4,0.1170101757453716,0.11927194790006188,RFS,OOD,UPP,ENCox,42
4.6,0.1259787223172428,0.1293282084604563,RFS,OOD,UPP,ENCox,42
4.8,0.12922854847643211,0.1325964481736554,RFS,OOD,UPP,ENCox,42
5.0,0.13377987766184513,0.13583793198740046,RFS,OOD,UPP,ENCox,42
5.2,0.13440153116964185,0.13583793198740043,RFS,OOD,UPP,ENCox,42
5.4,0.1373603248675735,0.13905220121665113,RFS,OOD,UPP,ENCox,42
5.6,0.14348765506200709,0.14545408739314192,RFS,OOD,UPP,ENCox,42
5.8,0.14398873457641356,0.14545408739314192,RFS,OOD,UPP,ENCox,42
6.0,0.14706947868820328,0.14860146869117571,RFS,OOD,UPP,ENCox,42
6.2,0.14709574885751558,0.14860146869117566,RFS,OOD,UPP,ENCox,42
6.4,0.1476636966199656,0.14860146869117566,RFS,OOD,UPP,ENCox,42
6.6,0.1489603020410979,0.14860146869117571,RFS,OOD,UPP,ENCox,42
6.8,0.15473972766490543,0.1548627652133934,RFS,OOD,UPP,ENCox,42
7.0,0.15859998140174433,0.16393723507305127,RFS,OOD,UPP,ENCox,42
7.2,0.16139306465397757,0.16686075242930803,RFS,OOD,UPP,ENCox,42
7.4,0.16350366075677517,0.16686075242930806,RFS,OOD,UPP,ENCox,42
7.6,0.16591131184116883,0.16686075242930803,RFS,OOD,UPP,ENCox,42
7.8,0.16871348512365655,0.16686075242930803,RFS,OOD,UPP,ENCox,42
8.0,0.17077465700346142,0.1668607524293081,RFS,OOD,UPP,ENCox,42
8.2,0.17245910779137863,0.1668607524293081,RFS,OOD,UPP,ENCox,42
8.4,0.17908918589654305,0.1728172756075921,RFS,OOD,UPP,ENCox,42
8.6,0.18309395835687986,0.1728172756075921,RFS,OOD,UPP,ENCox,42
8.8,0.18590201502395987,0.1728172756075921,RFS,OOD,UPP,ENCox,42
9.0,0.18804752816138184,0.1757518966955933,RFS,OOD,UPP,ENCox,42
9.2,0.1910208943545574,0.1757518966955933,RFS,OOD,UPP,ENCox,42
9.4,0.19425316949396637,0.1757518966955933,RFS,OOD,UPP,ENCox,42
9.6,0.19426963224505228,0.1814507264140267,RFS,OOD,UPP,ENCox,42
9.8,0.19588512294953958,0.1814507264140267,RFS,OOD,UPP,ENCox,42
10.0,0.19909026092743656,0.1846632631794305,RFS,OOD,UPP,ENCox,42
1.2,0.04150417949810739,0.04140742555451958,RFS,OOD,UPP,ENCox,43
1.4,0.04452280619727574,0.04537912585875571,RFS,OOD,UPP,ENCox,43
1.6,0.05936108050005141,0.060902134357121614,RFS,OOD,UPP,ENCox,43
1.8,0.06628428467031165,0.06846026659714152,RFS,OOD,UPP,ENCox,43
2.0,0.06877256255980096,0.07219938185105969,RFS,OOD,UPP,ENCox,43
2.2,0.06790655886143139,0.07219938185105969,RFS,OOD,UPP,ENCox,43
2.4,0.07569186459469082,0.0797391468333014,RFS,OOD,UPP,ENCox,43
2.6,0.07528296425745151,0.07973914683330137,RFS,OOD,UPP,ENCox,43
2.8,0.07782674112124625,0.08350338146778817,RFS,OOD,UPP,ENCox,43
3.0,0.08813801904819692,0.09454366513701802,RFS,OOD,UPP,ENCox,43
3.2,0.09098787436162951,0.09815804647633496,RFS,OOD,UPP,ENCox,43
3.4,0.0918121486080048,0.09815804647633497,RFS,OOD,UPP,ENCox,43
3.6,0.09866828900952904,0.10537228351199701,RFS,OOD,UPP,ENCox,43
3.8,0.10045533459833213,0.10537228351199701,RFS,OOD,UPP,ENCox,43
4.0,0.10362190350024243,0.10891299428781909,RFS,OOD,UPP,ENCox,43
4.2,0.11239631812751473,0.11586282648185156,RFS,OOD,UPP,ENCox,43
4.4,0.11837161714445502,0.11927194790006188,RFS,OOD,UPP,ENCox,43
4.6,0.12735006496640328,0.1293282084604563,RFS,OOD,UPP,ENCox,43
4.8,0.13139632776455715,0.1325964481736554,RFS,OOD,UPP,ENCox,43
5.0,0.13500228592255203,0.13583793198740046,RFS,OOD,UPP,ENCox,43
5.2,0.13564069888316602,0.13583793198740043,RFS,OOD,UPP,ENCox,43
5.4,0.14063926921159073,0.13905220121665113,RFS,OOD,UPP,ENCox,43
5.6,0.14686557097515773,0.14545408739314192,RFS,OOD,UPP,ENCox,43
5.8,0.14745072127961056,0.14545408739314192,RFS,OOD,UPP,ENCox,43
6.0,0.1492141385471269,0.14860146869117571,RFS,OOD,UPP,ENCox,43
6.2,0.1498795621416921,0.14860146869117566,RFS,OOD,UPP,ENCox,43
6.4,0.1514125486694947,0.14860146869117566,RFS,OOD,UPP,ENCox,43
6.6,0.15255805799224204,0.14860146869117571,RFS,OOD,UPP,ENCox,43
6.8,0.159092615898795,0.1548627652133934,RFS,OOD,UPP,ENCox,43
7.0,0.16670509609700104,0.16393723507305127,RFS,OOD,UPP,ENCox,43
7.2,0.1689026403686298,0.16686075242930803,RFS,OOD,UPP,ENCox,43
7.4,0.1700841967215205,0.16686075242930806,RFS,OOD,UPP,ENCox,43
7.6,0.17345706322696133,0.16686075242930803,RFS,OOD,UPP,ENCox,43
7.8,0.17779548175923937,0.16686075242930803,RFS,OOD,UPP,ENCox,43
8.0,0.18000437606282718,0.1668607524293081,RFS,OOD,UPP,ENCox,43
8.2,0.18081215456193397,0.1668607524293081,RFS,OOD,UPP,ENCox,43
8.4,0.18791710063296468,0.1728172756075921,RFS,OOD,UPP,ENCox,43
8.6,0.19102297573664312,0.1728172756075921,RFS,OOD,UPP,ENCox,43
8.8,0.19372742596517017,0.1728172756075921,RFS,OOD,UPP,ENCox,43
9.0,0.19570011514100225,0.1757518966955933,RFS,OOD,UPP,ENCox,43
9.2,0.1966228217117159,0.1757518966955933,RFS,OOD,UPP,ENCox,43
9.4,0.1995947465645594,0.1757518966955933,RFS,OOD,UPP,ENCox,43
9.6,0.20132984310359173,0.1814507264140267,RFS,OOD,UPP,ENCox,43
9.8,0.20644416950124342,0.1814507264140267,RFS,OOD,UPP,ENCox,43
10.0,0.2126223298170247,0.1846632631794305,RFS,OOD,UPP,ENCox,43
1.2,0.04203441903911713,0.04140742555451958,RFS,OOD,UPP,ENCox,44
1.4,0.04568673427982717,0.04537912585875571,RFS,OOD,UPP,ENCox,44
1.6,0.0618157527005942,0.060902134357121614,RFS,OOD,UPP,ENCox,44
1.8,0.0686927681365361,0.06846026659714152,RFS,OOD,UPP,ENCox,44
2.0,0.07146178068804435,0.07219938185105969,RFS,OOD,UPP,ENCox,44
2.2,0.07078718033644486,0.07219938185105969,RFS,OOD,UPP,ENCox,44
2.4,0.07871573319056345,0.0797391468333014,RFS,OOD,UPP,ENCox,44
2.6,0.07839043346147224,0.07973914683330137,RFS,OOD,UPP,ENCox,44
2.8,0.08191539685929568,0.08350338146778817,RFS,OOD,UPP,ENCox,44
3.0,0.09229156605396917,0.09454366513701802,RFS,OOD,UPP,ENCox,44
3.2,0.09567881253326152,0.09815804647633496,RFS,OOD,UPP,ENCox,44
3.4,0.0954442185641441,0.09815804647633497,RFS,OOD,UPP,ENCox,44
3.6,0.10444604844766282,0.10537228351199701,RFS,OOD,UPP,ENCox,44
3.8,0.10485866606841845,0.10537228351199701,RFS,OOD,UPP,ENCox,44
4.0,0.10802966821684239,0.10891299428781909,RFS,OOD,UPP,ENCox,44
4.2,0.11628778907803047,0.11586282648185156,RFS,OOD,UPP,ENCox,44
4.4,0.12019559425367896,0.11927194790006188,RFS,OOD,UPP,ENCox,44
4.6,0.1259980138741235,0.1293282084604563,RFS,OOD,UPP,ENCox,44
4.8,0.12611705896605263,0.1325964481736554,RFS,OOD,UPP,ENCox,44
5.0,0.12991809419340997,0.13583793198740046,RFS,OOD,UPP,ENCox,44
5.2,0.1306382696839621,0.13583793198740043,RFS,OOD,UPP,ENCox,44
5.4,0.13488326003366205,0.13905220121665113,RFS,OOD,UPP,ENCox,44
5.6,0.14087738206981468,0.14545408739314192,RFS,OOD,UPP,ENCox,44
5.8,0.14246466312770853,0.14545408739314192,RFS,OOD,UPP,ENCox,44
6.0,0.1466665771927689,0.14860146869117571,RFS,OOD,UPP,ENCox,44
6.2,0.14772856638810228,0.14860146869117566,RFS,OOD,UPP,ENCox,44
6.4,0.15004941292999255,0.14860146869117566,RFS,OOD,UPP,ENCox,44
6.6,0.15287066610666314,0.14860146869117571,RFS,OOD,UPP,ENCox,44
6.8,0.1600225224648233,0.1548627652133934,RFS,OOD,UPP,ENCox,44
7.0,0.1622004042140394,0.16393723507305127,RFS,OOD,UPP,ENCox,44
7.2,0.16720611227642387,0.16686075242930803,RFS,OOD,UPP,ENCox,44
7.4,0.1699749486440681,0.16686075242930806,RFS,OOD,UPP,ENCox,44
7.6,0.16859355204261184,0.16686075242930803,RFS,OOD,UPP,ENCox,44
7.8,0.16991179737527323,0.16686075242930803,RFS,OOD,UPP,ENCox,44
8.0,0.17374593976539177,0.1668607524293081,RFS,OOD,UPP,ENCox,44
8.2,0.17769949987180308,0.1668607524293081,RFS,OOD,UPP,ENCox,44
8.4,0.18553424241678154,0.1728172756075921,RFS,OOD,UPP,ENCox,44
8.6,0.1876889872367854,0.1728172756075921,RFS,OOD,UPP,ENCox,44
8.8,0.1886307991929809,0.1728172756075921,RFS,OOD,UPP,ENCox,44
9.0,0.18652287824658892,0.1757518966955933,RFS,OOD,UPP,ENCox,44
9.2,0.1903458493151124,0.1757518966955933,RFS,OOD,UPP,ENCox,44
9.4,0.1977379965470337,0.1757518966955933,RFS,OOD,UPP,ENCox,44
9.6,0.19912720932173378,0.1814507264140267,RFS,OOD,UPP,ENCox,44
9.8,0.20131133693868827,0.1814507264140267,RFS,OOD,UPP,ENCox,44
10.0,0.2069069411604801,0.1846632631794305,RFS,OOD,UPP,ENCox,44
1.2,0.04751800803308904,0.04140742555451958,RFS,OOD,UPP,LH,40
1.4,0.051011487751334315,0.04537912585875571,RFS,OOD,UPP,LH,40
1.6,0.0639093314724434,0.060902134357121614,RFS,OOD,UPP,LH,40
1.8,0.07107717747704308,0.06846026659714152,RFS,OOD,UPP,LH,40
2.0,0.07442395712215712,0.07219938185105969,RFS,OOD,UPP,LH,40
2.2,0.07431562584042727,0.07219938185105969,RFS,OOD,UPP,LH,40
2.4,0.0817899109185714,0.0797391468333014,RFS,OOD,UPP,LH,40
2.6,0.08181866485736543,0.07973914683330137,RFS,OOD,UPP,LH,40
2.8,0.0852435301461165,0.08350338146778817,RFS,OOD,UPP,LH,40
3.0,0.09672858208583844,0.09454366513701802,RFS,OOD,UPP,LH,40
3.2,0.1235316965305346,0.09815804647633496,RFS,OOD,UPP,LH,40
3.4,0.12385960514102765,0.09815804647633497,RFS,OOD,UPP,LH,40
3.6,0.1271343308358356,0.10537228351199701,RFS,OOD,UPP,LH,40
3.8,0.1271343308358356,0.10537228351199701,RFS,OOD,UPP,LH,40
4.0,0.12834685544279317,0.10891299428781909,RFS,OOD,UPP,LH,40
4.2,0.13411717016319116,0.11586282648185156,RFS,OOD,UPP,LH,40
4.4,0.13522895390121253,0.11927194790006188,RFS,OOD,UPP,LH,40
4.6,0.14486486363817827,0.1293282084604563,RFS,OOD,UPP,LH,40
4.8,0.14629981593834587,0.1325964481736554,RFS,OOD,UPP,LH,40
5.0,0.14890881712148776,0.13583793198740046,RFS,OOD,UPP,LH,40
5.2,0.14874371325357796,0.13583793198740043,RFS,OOD,UPP,LH,40
5.4,0.15054080774029746,0.13905220121665113,RFS,OOD,UPP,LH,40
5.6,0.1568202785117304,0.14545408739314192,RFS,OOD,UPP,LH,40
5.8,0.1569543754248924,0.14545408739314192,RFS,OOD,UPP,LH,40
6.0,0.15949753397125743,0.14860146869117571,RFS,OOD,UPP,LH,40
6.2,0.1596904113606059,0.14860146869117566,RFS,OOD,UPP,LH,40
6.4,0.19407085374630342,0.14860146869117566,RFS,OOD,UPP,LH,40
6.6,0.1923396263069425,0.14860146869117571,RFS,OOD,UPP,LH,40
6.8,0.19916837940551868,0.1548627652133934,RFS,OOD,UPP,LH,40
7.0,0.20266075583858525,0.16393723507305127,RFS,OOD,UPP,LH,40
7.2,0.2022167356871904,0.16686075242930803,RFS,OOD,UPP,LH,40
7.4,0.20213014721008177,0.16686075242930806,RFS,OOD,UPP,LH,40
7.6,0.19805187306615032,0.16686075242930803,RFS,OOD,UPP,LH,40
7.8,0.19805187306615032,0.16686075242930803,RFS,OOD,UPP,LH,40
8.0,0.1989905437698626,0.1668607524293081,RFS,OOD,UPP,LH,40
8.2,0.1989905437698626,0.1668607524293081,RFS,OOD,UPP,LH,40
8.4,0.1988032317307191,0.1728172756075921,RFS,OOD,UPP,LH,40
8.6,0.1995512904313587,0.1728172756075921,RFS,OOD,UPP,LH,40
8.8,0.1995512904313587,0.1728172756075921,RFS,OOD,UPP,LH,40
9.0,0.20244449947363577,0.1757518966955933,RFS,OOD,UPP,LH,40
9.2,0.20244449947363577,0.1757518966955933,RFS,OOD,UPP,LH,40
9.4,0.2501004725343706,0.1757518966955933,RFS,OOD,UPP,LH,40
9.6,0.24710873257973057,0.1814507264140267,RFS,OOD,UPP,LH,40
9.8,0.24710873257973057,0.1814507264140267,RFS,OOD,UPP,LH,40
10.0,0.23845639988974135,0.1846632631794305,RFS,OOD,UPP,LH,40
1.2,0.05144642182061483,0.04140742555451958,RFS,OOD,UPP,LH,41
1.4,0.0543512867930056,0.04537912585875571,RFS,OOD,UPP,LH,41
1.6,0.0651387149116588,0.060902134357121614,RFS,OOD,UPP,LH,41
1.8,0.07133775000647342,0.06846026659714152,RFS,OOD,UPP,LH,41
2.0,0.0742256592833618,0.07219938185105969,RFS,OOD,UPP,LH,41
2.2,0.0742350290063102,0.07219938185105969,RFS,OOD,UPP,LH,41
2.4,0.08090493917623424,0.0797391468333014,RFS,OOD,UPP,LH,41
2.6,0.08028479053353044,0.07973914683330137,RFS,OOD,UPP,LH,41
2.8,0.08338030655201766,0.08350338146778817,RFS,OOD,UPP,LH,41
3.0,0.09484633960600918,0.09454366513701802,RFS,OOD,UPP,LH,41
3.2,0.09829682244043968,0.09815804647633496,RFS,OOD,UPP,LH,41
3.4,0.12039472466686361,0.09815804647633497,RFS,OOD,UPP,LH,41
3.6,0.11811504221647608,0.10537228351199701,RFS,OOD,UPP,LH,41
3.8,0.11811504221647608,0.10537228351199701,RFS,OOD,UPP,LH,41
4.0,0.12160741858117649,0.10891299428781909,RFS,OOD,UPP,LH,41
4.2,0.12311545827948535,0.11586282648185156,RFS,OOD,UPP,LH,41
4.4,0.12584503489263468,0.11927194790006188,RFS,OOD,UPP,LH,41
4.6,0.13353156416552936,0.1293282084604563,RFS,OOD,UPP,LH,41
4.8,0.13500006003975915,0.1325964481736554,RFS,OOD,UPP,LH,41
5.0,0.13909745854474992,0.13583793198740046,RFS,OOD,UPP,LH,41
5.2,0.1391518337000237,0.13583793198740043,RFS,OOD,UPP,LH,41
5.4,0.14063584337376214,0.13905220121665113,RFS,OOD,UPP,LH,41
5.6,0.14473772860479392,0.14545408739314192,RFS,OOD,UPP,LH,41
5.8,0.1450102084940057,0.14545408739314192,RFS,OOD,UPP,LH,41
6.0,0.14460140983993158,0.14860146869117571,RFS,OOD,UPP,LH,41
6.2,0.14464736498218955,0.14860146869117566,RFS,OOD,UPP,LH,41
6.4,0.14464736498218955,0.14860146869117566,RFS,OOD,UPP,LH,41
6.6,0.19284117637835826,0.14860146869117571,RFS,OOD,UPP,LH,41
6.8,0.19257232230587532,0.1548627652133934,RFS,OOD,UPP,LH,41
7.0,0.19000761053323376,0.16393723507305127,RFS,OOD,UPP,LH,41
7.2,0.18531814540396985,0.16686075242930803,RFS,OOD,UPP,LH,41
7.4,0.18582159352421296,0.16686075242930806,RFS,OOD,UPP,LH,41
7.6,0.18559590358563863,0.16686075242930803,RFS,OOD,UPP,LH,41
7.8,0.18559590358563863,0.16686075242930803,RFS,OOD,UPP,LH,41
8.0,0.1878527242724031,0.1668607524293081,RFS,OOD,UPP,LH,41
8.2,0.1878527242724031,0.1668607524293081,RFS,OOD,UPP,LH,41
8.4,0.19131934486846086,0.1728172756075921,RFS,OOD,UPP,LH,41
8.6,0.19208207755013396,0.1728172756075921,RFS,OOD,UPP,LH,41
8.8,0.19208207755013396,0.1728172756075921,RFS,OOD,UPP,LH,41
9.0,0.19561737264606163,0.1757518966955933,RFS,OOD,UPP,LH,41
9.2,0.19561737264606163,0.1757518966955933,RFS,OOD,UPP,LH,41
9.4,0.19561737264606163,0.1757518966955933,RFS,OOD,UPP,LH,41
9.6,0.19756626804290328,0.1814507264140267,RFS,OOD,UPP,LH,41
9.8,0.19756626804290328,0.1814507264140267,RFS,OOD,UPP,LH,41
10.0,0.3042539797225783,0.1846632631794305,RFS,OOD,UPP,LH,41
1.2,0.046622757669949035,0.04140742555451958,RFS,OOD,UPP,LH,42
1.4,0.05018638217227286,0.04537912585875571,RFS,OOD,UPP,LH,42
1.6,0.06472237049216624,0.060902134357121614,RFS,OOD,UPP,LH,42
1.8,0.07130115269348343,0.06846026659714152,RFS,OOD,UPP,LH,42
2.0,0.07505943945645836,0.07219938185105969,RFS,OOD,UPP,LH,42
2.2,0.07511685777946325,0.07219938185105969,RFS,OOD,UPP,LH,42
2.4,0.08188581870406947,0.0797391468333014,RFS,OOD,UPP,LH,42
2.6,0.0818919031197389,0.07973914683330137,RFS,OOD,UPP,LH,42
2.8,0.08497328799888788,0.08350338146778817,RFS,OOD,UPP,LH,42
3.0,0.09590517508364965,0.09454366513701802,RFS,OOD,UPP,LH,42
3.2,0.0991844182824706,0.09815804647633496,RFS,OOD,UPP,LH,42
3.4,0.12170882419414157,0.09815804647633497,RFS,OOD,UPP,LH,42
3.6,0.12603574305122514,0.10537228351199701,RFS,OOD,UPP,LH,42
3.8,0.12603574305122514,0.10537228351199701,RFS,OOD,UPP,LH,42
4.0,0.12775712931091504,0.10891299428781909,RFS,OOD,UPP,LH,42
4.2,0.12887141549071268,0.11586282648185156,RFS,OOD,UPP,LH,42
4.4,0.1320992823080019,0.11927194790006188,RFS,OOD,UPP,LH,42
4.6,0.13679702736395813,0.1293282084604563,RFS,OOD,UPP,LH,42
4.8,0.1385039548330778,0.1325964481736554,RFS,OOD,UPP,LH,42
5.0,0.14180924230474307,0.13583793198740046,RFS,OOD,UPP,LH,42
5.2,0.14188178553410769,0.13583793198740043,RFS,OOD,UPP,LH,42
5.4,0.1423836110568956,0.13905220121665113,RFS,OOD,UPP,LH,42
5.6,0.14774087498277044,0.14545408739314192,RFS,OOD,UPP,LH,42
5.8,0.14787407779212938,0.14545408739314192,RFS,OOD,UPP,LH,42
6.0,0.15017560239442254,0.14860146869117571,RFS,OOD,UPP,LH,42
6.2,0.15039587166256538,0.14860146869117566,RFS,OOD,UPP,LH,42
6.4,0.15039587166256538,0.14860146869117566,RFS,OOD,UPP,LH,42
6.6,0.19742486766513684,0.14860146869117571,RFS,OOD,UPP,LH,42
6.8,0.19723683134515282,0.1548627652133934,RFS,OOD,UPP,LH,42
7.0,0.1980439571538648,0.16393723507305127,RFS,OOD,UPP,LH,42
7.2,0.19490917107005085,0.16686075242930803,RFS,OOD,UPP,LH,42
7.4,0.19541260502362223,0.16686075242930806,RFS,OOD,UPP,LH,42
7.6,0.19643673645725782,0.16686075242930803,RFS,OOD,UPP,LH,42
7.8,0.19643673645725782,0.16686075242930803,RFS,OOD,UPP,LH,42
8.0,0.19915053398688487,0.1668607524293081,RFS,OOD,UPP,LH,42
8.2,0.19915053398688487,0.1668607524293081,RFS,OOD,UPP,LH,42
8.4,0.2017947850416902,0.1728172756075921,RFS,OOD,UPP,LH,42
8.6,0.2026414683716774,0.1728172756075921,RFS,OOD,UPP,LH,42
8.8,0.2026414683716774,0.1728172756075921,RFS,OOD,UPP,LH,42
9.0,0.20447379773060823,0.1757518966955933,RFS,OOD,UPP,LH,42
9.2,0.20447379773060823,0.1757518966955933,RFS,OOD,UPP,LH,42
9.4,0.20447379773060823,0.1757518966955933,RFS,OOD,UPP,LH,42
9.6,0.20064290481414218,0.1814507264140267,RFS,OOD,UPP,LH,42
9.8,0.20064290481414218,0.1814507264140267,RFS,OOD,UPP,LH,42
10.0,0.27668895880553207,0.1846632631794305,RFS,OOD,UPP,LH,42
1.2,0.04529185559788706,0.04140742555451958,RFS,OOD,UPP,LH,43
1.4,0.049205583726593685,0.04537912585875571,RFS,OOD,UPP,LH,43
1.6,0.06208081062850818,0.060902134357121614,RFS,OOD,UPP,LH,43
1.8,0.06946915912223683,0.06846026659714152,RFS,OOD,UPP,LH,43
2.0,0.07349650459019501,0.07219938185105969,RFS,OOD,UPP,LH,43
2.2,0.07333211628350363,0.07219938185105969,RFS,OOD,UPP,LH,43
2.4,0.08047813649745518,0.0797391468333014,RFS,OOD,UPP,LH,43
2.6,0.08043501272111064,0.07973914683330137,RFS,OOD,UPP,LH,43
2.8,0.08412712085675403,0.08350338146778817,RFS,OOD,UPP,LH,43
3.0,0.0945744227744986,0.09454366513701802,RFS,OOD,UPP,LH,43
3.2,0.09796630097935573,0.09815804647633496,RFS,OOD,UPP,LH,43
3.4,0.11623903052015631,0.09815804647633497,RFS,OOD,UPP,LH,43
3.6,0.117485894516381,0.10537228351199701,RFS,OOD,UPP,LH,43
3.8,0.117485894516381,0.10537228351199701,RFS,OOD,UPP,LH,43
4.0,0.11943878679027471,0.10891299428781909,RFS,OOD,UPP,LH,43
4.2,0.12450675621878396,0.11586282648185156,RFS,OOD,UPP,LH,43
4.4,0.12655904657435993,0.11927194790006188,RFS,OOD,UPP,LH,43
4.6,0.13692300618061115,0.1293282084604563,RFS,OOD,UPP,LH,43
4.8,0.13980339985170057,0.1325964481736554,RFS,OOD,UPP,LH,43
5.0,0.14368479451451363,0.13583793198740046,RFS,OOD,UPP,LH,43
5.2,0.14384998847782957,0.13583793198740043,RFS,OOD,UPP,LH,43
5.4,0.14370289399223304,0.13905220121665113,RFS,OOD,UPP,LH,43
5.6,0.14948239661644752,0.14545408739314192,RFS,OOD,UPP,LH,43
5.8,0.1496296211196729,0.14545408739314192,RFS,OOD,UPP,LH,43
6.0,0.15252530534249276,0.14860146869117571,RFS,OOD,UPP,LH,43
6.2,0.15256654197446173,0.14860146869117566,RFS,OOD,UPP,LH,43
6.4,0.15256654197446173,0.14860146869117566,RFS,OOD,UPP,LH,43
6.6,0.22593168311478531,0.14860146869117571,RFS,OOD,UPP,LH,43
6.8,0.225785697166333,0.1548627652133934,RFS,OOD,UPP,LH,43
7.0,0.2269889280979683,0.16393723507305127,RFS,OOD,UPP,LH,43
7.2,0.22199752136978262,0.16686075242930803,RFS,OOD,UPP,LH,43
7.4,0.2201610076771131,0.16686075242930806,RFS,OOD,UPP,LH,43
7.6,0.21493566136452108,0.16686075242930803,RFS,OOD,UPP,LH,43
7.8,0.21493566136452108,0.16686075242930803,RFS,OOD,UPP,LH,43
8.0,0.21614663869603445,0.1668607524293081,RFS,OOD,UPP,LH,43
8.2,0.21614663869603445,0.1668607524293081,RFS,OOD,UPP,LH,43
8.4,0.21707018701500283,0.1728172756075921,RFS,OOD,UPP,LH,43
8.6,0.21415937256901083,0.1728172756075921,RFS,OOD,UPP,LH,43
8.8,0.21415937256901083,0.1728172756075921,RFS,OOD,UPP,LH,43
9.0,0.2169860665813584,0.1757518966955933,RFS,OOD,UPP,LH,43
9.2,0.2169860665813584,0.1757518966955933,RFS,OOD,UPP,LH,43
9.4,0.2169860665813584,0.1757518966955933,RFS,OOD,UPP,LH,43
9.6,0.22501229253146565,0.1814507264140267,RFS,OOD,UPP,LH,43
9.8,0.22501229253146565,0.1814507264140267,RFS,OOD,UPP,LH,43
10.0,0.2733603988122895,0.1846632631794305,RFS,OOD,UPP,LH,43
1.2,0.04585467003363969,0.04140742555451958,RFS,OOD,UPP,LH,44
1.4,0.04871840862778568,0.04537912585875571,RFS,OOD,UPP,LH,44
1.6,0.06313957282562527,0.060902134357121614,RFS,OOD,UPP,LH,44
1.8,0.06812217170912828,0.06846026659714152,RFS,OOD,UPP,LH,44
2.0,0.07157295295509271,0.07219938185105969,RFS,OOD,UPP,LH,44
2.2,0.07164680009868485,0.07219938185105969,RFS,OOD,UPP,LH,44
2.4,0.07908749261804257,0.0797391468333014,RFS,OOD,UPP,LH,44
2.6,0.07910978650249605,0.07973914683330137,RFS,OOD,UPP,LH,44
2.8,0.08188488761966858,0.08350338146778817,RFS,OOD,UPP,LH,44
3.0,0.093541713853029,0.09454366513701802,RFS,OOD,UPP,LH,44
3.2,0.09810058576812253,0.09815804647633496,RFS,OOD,UPP,LH,44
3.4,0.0981877980316707,0.09815804647633497,RFS,OOD,UPP,LH,44
3.6,0.10511839692761227,0.10537228351199701,RFS,OOD,UPP,LH,44
3.8,0.10511839692761227,0.10537228351199701,RFS,OOD,UPP,LH,44
4.0,0.10865656764181914,0.10891299428781909,RFS,OOD,UPP,LH,44
4.2,0.11340195769708487,0.11586282648185156,RFS,OOD,UPP,LH,44
4.4,0.11557118946835726,0.11927194790006188,RFS,OOD,UPP,LH,44
4.6,0.12598017993915245,0.1293282084604563,RFS,OOD,UPP,LH,44
4.8,0.12865098075003495,0.1325964481736554,RFS,OOD,UPP,LH,44
5.0,0.1327825431718089,0.13583793198740046,RFS,OOD,UPP,LH,44
5.2,0.13251338293551393,0.13583793198740043,RFS,OOD,UPP,LH,44
5.4,0.1361862110980667,0.13905220121665113,RFS,OOD,UPP,LH,44
5.6,0.14255085281504049,0.14545408739314192,RFS,OOD,UPP,LH,44
5.8,0.14254938537658637,0.14545408739314192,RFS,OOD,UPP,LH,44
6.0,0.14271906823040964,0.14860146869117571,RFS,OOD,UPP,LH,44
6.2,0.1428334414091745,0.14860146869117566,RFS,OOD,UPP,LH,44
6.4,0.15814334340568512,0.14860146869117566,RFS,OOD,UPP,LH,44
6.6,0.1557684086762691,0.14860146869117571,RFS,OOD,UPP,LH,44
6.8,0.15635123458084177,0.1548627652133934,RFS,OOD,UPP,LH,44
7.0,0.16079022169260748,0.16393723507305127,RFS,OOD,UPP,LH,44
7.2,0.16089072599087437,0.16686075242930803,RFS,OOD,UPP,LH,44
7.4,0.16123521633279458,0.16686075242930806,RFS,OOD,UPP,LH,44
7.6,0.1609594954971625,0.16686075242930803,RFS,OOD,UPP,LH,44
7.8,0.1609594954971625,0.16686075242930803,RFS,OOD,UPP,LH,44
8.0,0.1606951627570338,0.1668607524293081,RFS,OOD,UPP,LH,44
8.2,0.1606951627570338,0.1668607524293081,RFS,OOD,UPP,LH,44
8.4,0.1629948061716602,0.1728172756075921,RFS,OOD,UPP,LH,44
8.6,0.16325658007539845,0.1728172756075921,RFS,OOD,UPP,LH,44
8.8,0.16325658007539845,0.1728172756075921,RFS,OOD,UPP,LH,44
9.0,0.1647284096259191,0.1757518966955933,RFS,OOD,UPP,LH,44
9.2,0.1647284096259191,0.1757518966955933,RFS,OOD,UPP,LH,44
9.4,0.20407864503780768,0.1757518966955933,RFS,OOD,UPP,LH,44
9.6,0.20397396092758535,0.1814507264140267,RFS,OOD,UPP,LH,44
9.8,0.20397396092758535,0.1814507264140267,RFS,OOD,UPP,LH,44
10.0,0.19892553245073138,0.1846632631794305,RFS,OOD,UPP,LH,44
1.2,0.04177750589620141,0.04140742555451958,RFS,OOD,UPP,MTLR,40
1.4,0.04519503944079976,0.04537912585875571,RFS,OOD,UPP,MTLR,40
1.6,0.06040846526430519,0.060902134357121614,RFS,OOD,UPP,MTLR,40
1.8,0.06816424587071432,0.06846026659714152,RFS,OOD,UPP,MTLR,40
2.0,0.07132607467520966,0.07219938185105969,RFS,OOD,UPP,MTLR,40
2.2,0.07134614256791305,0.07219938185105969,RFS,OOD,UPP,MTLR,40
2.4,0.07942978052439757,0.0797391468333014,RFS,OOD,UPP,MTLR,40
2.6,0.079433756111626,0.07973914683330137,RFS,OOD,UPP,MTLR,40
2.8,0.08254296077720333,0.08350338146778817,RFS,OOD,UPP,MTLR,40
3.0,0.09469389377262567,0.09454366513701802,RFS,OOD,UPP,MTLR,40
3.2,0.09985584416268899,0.09815804647633496,RFS,OOD,UPP,MTLR,40
3.4,0.0998247339658893,0.09815804647633497,RFS,OOD,UPP,MTLR,40
3.6,0.10414798491474411,0.10537228351199701,RFS,OOD,UPP,MTLR,40
3.8,0.10414798491474411,0.10537228351199701,RFS,OOD,UPP,MTLR,40
4.0,0.10642577531259455,0.10891299428781909,RFS,OOD,UPP,MTLR,40
4.2,0.11360306642592488,0.11586282648185156,RFS,OOD,UPP,MTLR,40
4.4,0.11759067277982196,0.11927194790006188,RFS,OOD,UPP,MTLR,40
4.6,0.12617508736979718,0.1293282084604563,RFS,OOD,UPP,MTLR,40
4.8,0.12755817861050092,0.1325964481736554,RFS,OOD,UPP,MTLR,40
5.0,0.1314099242859537,0.13583793198740046,RFS,OOD,UPP,MTLR,40
5.2,0.13140864277427516,0.13583793198740043,RFS,OOD,UPP,MTLR,40
5.4,0.13267012932325178,0.13905220121665113,RFS,OOD,UPP,MTLR,40
5.6,0.1405654760693633,0.14545408739314192,RFS,OOD,UPP,MTLR,40
5.8,0.14063341097643858,0.14545408739314192,RFS,OOD,UPP,MTLR,40
6.0,0.14378728400724067,0.14860146869117571,RFS,OOD,UPP,MTLR,40
6.2,0.1439551099965535,0.14860146869117566,RFS,OOD,UPP,MTLR,40
6.4,0.14879319774433786,0.14860146869117566,RFS,OOD,UPP,MTLR,40
6.6,0.14876760539313616,0.14860146869117571,RFS,OOD,UPP,MTLR,40
6.8,0.15302096428687426,0.1548627652133934,RFS,OOD,UPP,MTLR,40
7.0,0.15952731179045643,0.16393723507305127,RFS,OOD,UPP,MTLR,40
7.2,0.16019547887777785,0.16686075242930803,RFS,OOD,UPP,MTLR,40
7.4,0.16024212909995486,0.16686075242930806,RFS,OOD,UPP,MTLR,40
7.6,0.16013525920332478,0.16686075242930803,RFS,OOD,UPP,MTLR,40
7.8,0.16013525920332478,0.16686075242930803,RFS,OOD,UPP,MTLR,40
8.0,0.16086181879776518,0.1668607524293081,RFS,OOD,UPP,MTLR,40
8.2,0.16086181879776518,0.1668607524293081,RFS,OOD,UPP,MTLR,40
8.4,0.1684673191325997,0.1728172756075921,RFS,OOD,UPP,MTLR,40
8.6,0.16895463757375986,0.1728172756075921,RFS,OOD,UPP,MTLR,40
8.8,0.16895463757375986,0.1728172756075921,RFS,OOD,UPP,MTLR,40
9.0,0.17207407918007503,0.1757518966955933,RFS,OOD,UPP,MTLR,40
9.2,0.17207407918007503,0.1757518966955933,RFS,OOD,UPP,MTLR,40
9.4,0.19535363765492403,0.1757518966955933,RFS,OOD,UPP,MTLR,40
9.6,0.19946262035654677,0.1814507264140267,RFS,OOD,UPP,MTLR,40
9.8,0.19946262035654677,0.1814507264140267,RFS,OOD,UPP,MTLR,40
10.0,0.19964027303391574,0.1846632631794305,RFS,OOD,UPP,MTLR,40
1.2,0.040303520147980144,0.04140742555451958,RFS,OOD,UPP,MTLR,41
1.4,0.04329586532520392,0.04537912585875571,RFS,OOD,UPP,MTLR,41
1.6,0.05793071897535314,0.060902134357121614,RFS,OOD,UPP,MTLR,41
1.8,0.06418291968020824,0.06846026659714152,RFS,OOD,UPP,MTLR,41
2.0,0.06782009624589484,0.07219938185105969,RFS,OOD,UPP,MTLR,41
2.2,0.06783383768822238,0.07219938185105969,RFS,OOD,UPP,MTLR,41
2.4,0.0762511469695585,0.0797391468333014,RFS,OOD,UPP,MTLR,41
2.6,0.07626085648369905,0.07973914683330137,RFS,OOD,UPP,MTLR,41
2.8,0.07958261480374323,0.08350338146778817,RFS,OOD,UPP,MTLR,41
3.0,0.09218831729280944,0.09454366513701802,RFS,OOD,UPP,MTLR,41
3.2,0.09553661121382331,0.09815804647633496,RFS,OOD,UPP,MTLR,41
3.4,0.08738639860939529,0.09815804647633497,RFS,OOD,UPP,MTLR,41
3.6,0.09025573396472868,0.10537228351199701,RFS,OOD,UPP,MTLR,41
3.8,0.09025573396472868,0.10537228351199701,RFS,OOD,UPP,MTLR,41
4.0,0.0942154237437011,0.10891299428781909,RFS,OOD,UPP,MTLR,41
4.2,0.09945808393145894,0.11586282648185156,RFS,OOD,UPP,MTLR,41
4.4,0.10295694699150888,0.11927194790006188,RFS,OOD,UPP,MTLR,41
4.6,0.11324399746864151,0.1293282084604563,RFS,OOD,UPP,MTLR,41
4.8,0.11631507544580205,0.1325964481736554,RFS,OOD,UPP,MTLR,41
5.0,0.12015391397457947,0.13583793198740046,RFS,OOD,UPP,MTLR,41
5.2,0.12002689711709746,0.13583793198740043,RFS,OOD,UPP,MTLR,41
5.4,0.1225585320964491,0.13905220121665113,RFS,OOD,UPP,MTLR,41
5.6,0.1293789066640091,0.14545408739314192,RFS,OOD,UPP,MTLR,41
5.8,0.1294857772202232,0.14545408739314192,RFS,OOD,UPP,MTLR,41
6.0,0.13158592897795562,0.14860146869117571,RFS,OOD,UPP,MTLR,41
6.2,0.13169346362181888,0.14860146869117566,RFS,OOD,UPP,MTLR,41
6.4,0.13169346362181888,0.14860146869117566,RFS,OOD,UPP,MTLR,41
6.6,0.14282288434303606,0.14860146869117571,RFS,OOD,UPP,MTLR,41
6.8,0.14437382003280805,0.1548627652133934,RFS,OOD,UPP,MTLR,41
7.0,0.14547616298321456,0.16393723507305127,RFS,OOD,UPP,MTLR,41
7.2,0.14606224241714208,0.16686075242930803,RFS,OOD,UPP,MTLR,41
7.4,0.14617064124720427,0.16686075242930806,RFS,OOD,UPP,MTLR,41
7.6,0.14655774930888513,0.16686075242930803,RFS,OOD,UPP,MTLR,41
7.8,0.14655774930888513,0.16686075242930803,RFS,OOD,UPP,MTLR,41
8.0,0.14671703330343688,0.1668607524293081,RFS,OOD,UPP,MTLR,41
8.2,0.14671703330343688,0.1668607524293081,RFS,OOD,UPP,MTLR,41
8.4,0.15305926753460233,0.1728172756075921,RFS,OOD,UPP,MTLR,41
8.6,0.15341000198567245,0.1728172756075921,RFS,OOD,UPP,MTLR,41
8.8,0.15341000198567245,0.1728172756075921,RFS,OOD,UPP,MTLR,41
9.0,0.15632338215541863,0.1757518966955933,RFS,OOD,UPP,MTLR,41
9.2,0.15632338215541863,0.1757518966955933,RFS,OOD,UPP,MTLR,41
9.4,0.15632338215541863,0.1757518966955933,RFS,OOD,UPP,MTLR,41
9.6,0.1597218091871427,0.1814507264140267,RFS,OOD,UPP,MTLR,41
9.8,0.1597218091871427,0.1814507264140267,RFS,OOD,UPP,MTLR,41
10.0,0.21854923401955037,0.1846632631794305,RFS,OOD,UPP,MTLR,41
1.2,0.040690887143248984,0.04140742555451958,RFS,OOD,UPP,MTLR,42
1.4,0.04324221838317044,0.04537912585875571,RFS,OOD,UPP,MTLR,42
1.6,0.05760649237159695,0.060902134357121614,RFS,OOD,UPP,MTLR,42
1.8,0.064606487652879,0.06846026659714152,RFS,OOD,UPP,MTLR,42
2.0,0.06861951816888323,0.07219938185105969,RFS,OOD,UPP,MTLR,42
2.2,0.06859322660825297,0.07219938185105969,RFS,OOD,UPP,MTLR,42
2.4,0.07711645016142954,0.0797391468333014,RFS,OOD,UPP,MTLR,42
2.6,0.07711829760784797,0.07973914683330137,RFS,OOD,UPP,MTLR,42
2.8,0.08123106019928206,0.08350338146778817,RFS,OOD,UPP,MTLR,42
3.0,0.0932510174751345,0.09454366513701802,RFS,OOD,UPP,MTLR,42
3.2,0.09726649009209132,0.09815804647633496,RFS,OOD,UPP,MTLR,42
3.4,0.10163162954139009,0.09815804647633497,RFS,OOD,UPP,MTLR,42
3.6,0.10352216696370106,0.10537228351199701,RFS,OOD,UPP,MTLR,42
3.8,0.10352216696370106,0.10537228351199701,RFS,OOD,UPP,MTLR,42
4.0,0.10617407184876898,0.10891299428781909,RFS,OOD,UPP,MTLR,42
4.2,0.1136525660555915,0.11586282648185156,RFS,OOD,UPP,MTLR,42
4.4,0.11693726822776983,0.11927194790006188,RFS,OOD,UPP,MTLR,42
4.6,0.12459522140220547,0.1293282084604563,RFS,OOD,UPP,MTLR,42
4.8,0.12629746887151067,0.1325964481736554,RFS,OOD,UPP,MTLR,42
5.0,0.13087630562270555,0.13583793198740046,RFS,OOD,UPP,MTLR,42
5.2,0.13048450662697603,0.13583793198740043,RFS,OOD,UPP,MTLR,42
5.4,0.13082514640098075,0.13905220121665113,RFS,OOD,UPP,MTLR,42
5.6,0.1378229706510978,0.14545408739314192,RFS,OOD,UPP,MTLR,42
5.8,0.1380453499056939,0.14545408739314192,RFS,OOD,UPP,MTLR,42
6.0,0.14190505819317684,0.14860146869117571,RFS,OOD,UPP,MTLR,42
6.2,0.1421080515360471,0.14860146869117566,RFS,OOD,UPP,MTLR,42
6.4,0.1421080515360471,0.14860146869117566,RFS,OOD,UPP,MTLR,42
6.6,0.1585017498768344,0.14860146869117571,RFS,OOD,UPP,MTLR,42
6.8,0.15833195748538126,0.1548627652133934,RFS,OOD,UPP,MTLR,42
7.0,0.16379824837686852,0.16393723507305127,RFS,OOD,UPP,MTLR,42
7.2,0.16127026127594593,0.16686075242930803,RFS,OOD,UPP,MTLR,42
7.4,0.1617197349744502,0.16686075242930806,RFS,OOD,UPP,MTLR,42
7.6,0.16222461144286893,0.16686075242930803,RFS,OOD,UPP,MTLR,42
7.8,0.16222461144286893,0.16686075242930803,RFS,OOD,UPP,MTLR,42
8.0,0.16387978707978737,0.1668607524293081,RFS,OOD,UPP,MTLR,42
8.2,0.16387978707978737,0.1668607524293081,RFS,OOD,UPP,MTLR,42
8.4,0.1699633797214911,0.1728172756075921,RFS,OOD,UPP,MTLR,42
8.6,0.17088966079783374,0.1728172756075921,RFS,OOD,UPP,MTLR,42
8.8,0.17088966079783374,0.1728172756075921,RFS,OOD,UPP,MTLR,42
9.0,0.17197211718242564,0.1757518966955933,RFS,OOD,UPP,MTLR,42
9.2,0.17197211718242564,0.1757518966955933,RFS,OOD,UPP,MTLR,42
9.4,0.17197211718242564,0.1757518966955933,RFS,OOD,UPP,MTLR,42
9.6,0.17180345658984938,0.1814507264140267,RFS,OOD,UPP,MTLR,42
9.8,0.17180345658984938,0.1814507264140267,RFS,OOD,UPP,MTLR,42
10.0,0.19002866857116557,0.1846632631794305,RFS,OOD,UPP,MTLR,42
1.2,0.04132677930457481,0.04140742555451958,RFS,OOD,UPP,MTLR,43
1.4,0.04524201624247255,0.04537912585875571,RFS,OOD,UPP,MTLR,43
1.6,0.0610976893585715,0.060902134357121614,RFS,OOD,UPP,MTLR,43
1.8,0.0692129024334906,0.06846026659714152,RFS,OOD,UPP,MTLR,43
2.0,0.07334244313688822,0.07219938185105969,RFS,OOD,UPP,MTLR,43
2.2,0.0733419221087927,0.07219938185105969,RFS,OOD,UPP,MTLR,43
2.4,0.08161782580750206,0.0797391468333014,RFS,OOD,UPP,MTLR,43
2.6,0.08161703682507056,0.07973914683330137,RFS,OOD,UPP,MTLR,43
2.8,0.08587199327114389,0.08350338146778817,RFS,OOD,UPP,MTLR,43
3.0,0.09822075105677201,0.09454366513701802,RFS,OOD,UPP,MTLR,43
3.2,0.10248034358766184,0.09815804647633496,RFS,OOD,UPP,MTLR,43
3.4,0.10435771032982613,0.09815804647633497,RFS,OOD,UPP,MTLR,43
3.6,0.1075960425967767,0.10537228351199701,RFS,OOD,UPP,MTLR,43
3.8,0.1075960425967767,0.10537228351199701,RFS,OOD,UPP,MTLR,43
4.0,0.10894059976150347,0.10891299428781909,RFS,OOD,UPP,MTLR,43
4.2,0.11636089014293405,0.11586282648185156,RFS,OOD,UPP,MTLR,43
4.4,0.12037384586352573,0.11927194790006188,RFS,OOD,UPP,MTLR,43
4.6,0.13038288125744418,0.1293282084604563,RFS,OOD,UPP,MTLR,43
4.8,0.1328219283646075,0.1325964481736554,RFS,OOD,UPP,MTLR,43
5.0,0.13711696103174867,0.13583793198740046,RFS,OOD,UPP,MTLR,43
5.2,0.13606165097697825,0.13583793198740043,RFS,OOD,UPP,MTLR,43
5.4,0.13671574643513007,0.13905220121665113,RFS,OOD,UPP,MTLR,43
5.6,0.14324535438206407,0.14545408739314192,RFS,OOD,UPP,MTLR,43
5.8,0.14334293827386765,0.14545408739314192,RFS,OOD,UPP,MTLR,43
6.0,0.14591494839690364,0.14860146869117571,RFS,OOD,UPP,MTLR,43
6.2,0.14606977487625733,0.14860146869117566,RFS,OOD,UPP,MTLR,43
6.4,0.14606977487625733,0.14860146869117566,RFS,OOD,UPP,MTLR,43
6.6,0.1601317952100365,0.14860146869117571,RFS,OOD,UPP,MTLR,43
6.8,0.1649418691928449,0.1548627652133934,RFS,OOD,UPP,MTLR,43
7.0,0.16893176754830702,0.16393723507305127,RFS,OOD,UPP,MTLR,43
7.2,0.16766585513568932,0.16686075242930803,RFS,OOD,UPP,MTLR,43
7.4,0.16799776742096242,0.16686075242930806,RFS,OOD,UPP,MTLR,43
7.6,0.16606060708365666,0.16686075242930803,RFS,OOD,UPP,MTLR,43
7.8,0.16606060708365666,0.16686075242930803,RFS,OOD,UPP,MTLR,43
8.0,0.16679318906662494,0.1668607524293081,RFS,OOD,UPP,MTLR,43
8.2,0.16679318906662494,0.1668607524293081,RFS,OOD,UPP,MTLR,43
8.4,0.17478790641446845,0.1728172756075921,RFS,OOD,UPP,MTLR,43
8.6,0.17548841896461156,0.1728172756075921,RFS,OOD,UPP,MTLR,43
8.8,0.17548841896461156,0.1728172756075921,RFS,OOD,UPP,MTLR,43
9.0,0.17855474996179985,0.1757518966955933,RFS,OOD,UPP,MTLR,43
9.2,0.17855474996179985,0.1757518966955933,RFS,OOD,UPP,MTLR,43
9.4,0.17855474996179985,0.1757518966955933,RFS,OOD,UPP,MTLR,43
9.6,0.18471346590553656,0.1814507264140267,RFS,OOD,UPP,MTLR,43
9.8,0.18471346590553656,0.1814507264140267,RFS,OOD,UPP,MTLR,43
10.0,0.20235052765560946,0.1846632631794305,RFS,OOD,UPP,MTLR,43
1.2,0.04099384084793917,0.04140742555451958,RFS,OOD,UPP,MTLR,44
1.4,0.044552242068461964,0.04537912585875571,RFS,OOD,UPP,MTLR,44
1.6,0.06103692760107164,0.060902134357121614,RFS,OOD,UPP,MTLR,44
1.8,0.06916892485877543,0.06846026659714152,RFS,OOD,UPP,MTLR,44
2.0,0.07314784730269869,0.07219938185105969,RFS,OOD,UPP,MTLR,44
2.2,0.07313105836691511,0.07219938185105969,RFS,OOD,UPP,MTLR,44
2.4,0.08157012815414973,0.0797391468333014,RFS,OOD,UPP,MTLR,44
2.6,0.0815731861753218,0.07973914683330137,RFS,OOD,UPP,MTLR,44
2.8,0.0855033606393956,0.08350338146778817,RFS,OOD,UPP,MTLR,44
3.0,0.09813950645175945,0.09454366513701802,RFS,OOD,UPP,MTLR,44
3.2,0.08697611849354665,0.09815804647633496,RFS,OOD,UPP,MTLR,44
3.4,0.0870161586924261,0.09815804647633497,RFS,OOD,UPP,MTLR,44
3.6,0.09197349026676702,0.10537228351199701,RFS,OOD,UPP,MTLR,44
3.8,0.09197349026676702,0.10537228351199701,RFS,OOD,UPP,MTLR,44
4.0,0.09540717370768284,0.10891299428781909,RFS,OOD,UPP,MTLR,44
4.2,0.10199535976531733,0.11586282648185156,RFS,OOD,UPP,MTLR,44
4.4,0.10605308697211019,0.11927194790006188,RFS,OOD,UPP,MTLR,44
4.6,0.11664187556650112,0.1293282084604563,RFS,OOD,UPP,MTLR,44
4.8,0.11933608484448935,0.1325964481736554,RFS,OOD,UPP,MTLR,44
5.0,0.12359386932481646,0.13583793198740046,RFS,OOD,UPP,MTLR,44
5.2,0.12324946970911733,0.13583793198740043,RFS,OOD,UPP,MTLR,44
5.4,0.12661047313794296,0.13905220121665113,RFS,OOD,UPP,MTLR,44
5.6,0.13448899668590955,0.14545408739314192,RFS,OOD,UPP,MTLR,44
5.8,0.13454331615652815,0.14545408739314192,RFS,OOD,UPP,MTLR,44
6.0,0.13776897400044102,0.14860146869117571,RFS,OOD,UPP,MTLR,44
6.2,0.13783096247581167,0.14860146869117566,RFS,OOD,UPP,MTLR,44
6.4,0.12658338796979235,0.14860146869117566,RFS,OOD,UPP,MTLR,44
6.6,0.1266923286043809,0.14860146869117571,RFS,OOD,UPP,MTLR,44
6.8,0.1302979420323479,0.1548627652133934,RFS,OOD,UPP,MTLR,44
7.0,0.13666413996619822,0.16393723507305127,RFS,OOD,UPP,MTLR,44
7.2,0.13562876949890365,0.16686075242930803,RFS,OOD,UPP,MTLR,44
7.4,0.13586304105663474,0.16686075242930806,RFS,OOD,UPP,MTLR,44
7.6,0.1343735776607648,0.16686075242930803,RFS,OOD,UPP,MTLR,44
7.8,0.1343735776607648,0.16686075242930803,RFS,OOD,UPP,MTLR,44
8.0,0.13487235328612399,0.1668607524293081,RFS,OOD,UPP,MTLR,44
8.2,0.13487235328612399,0.1668607524293081,RFS,OOD,UPP,MTLR,44
8.4,0.1408547155921701,0.1728172756075921,RFS,OOD,UPP,MTLR,44
8.6,0.14124411817008425,0.1728172756075921,RFS,OOD,UPP,MTLR,44
8.8,0.14124411817008425,0.1728172756075921,RFS,OOD,UPP,MTLR,44
9.0,0.14429011155683352,0.1757518966955933,RFS,OOD,UPP,MTLR,44
9.2,0.14429011155683352,0.1757518966955933,RFS,OOD,UPP,MTLR,44
9.4,0.16292400771008314,0.1757518966955933,RFS,OOD,UPP,MTLR,44
9.6,0.16660808647575567,0.1814507264140267,RFS,OOD,UPP,MTLR,44
9.8,0.16660808647575567,0.1814507264140267,RFS,OOD,UPP,MTLR,44
10.0,0.16438437586358873,0.1846632631794305,RFS,OOD,UPP,MTLR,44
1.2,0.043280474237358764,0.04140742555451958,RFS,OOD,UPP,PCHazard,40
1.4,0.04764941067191939,0.04537912585875571,RFS,OOD,UPP,PCHazard,40
1.6,0.06514566784882184,0.060902134357121614,RFS,OOD,UPP,PCHazard,40
1.8,0.07392456359526291,0.06846026659714152,RFS,OOD,UPP,PCHazard,40
2.0,0.07833501361141752,0.07219938185105969,RFS,OOD,UPP,PCHazard,40
2.2,0.07833501361141752,0.07219938185105969,RFS,OOD,UPP,PCHazard,40
2.4,0.08737211217393039,0.0797391468333014,RFS,OOD,UPP,PCHazard,40
2.6,0.08737211217393039,0.07973914683330137,RFS,OOD,UPP,PCHazard,40
2.8,0.10713379629221871,0.08350338146778817,RFS,OOD,UPP,PCHazard,40
3.0,0.11332851215625554,0.09454366513701802,RFS,OOD,UPP,PCHazard,40
3.2,0.113760630960196,0.09815804647633496,RFS,OOD,UPP,PCHazard,40
3.4,0.11386270143261694,0.09815804647633497,RFS,OOD,UPP,PCHazard,40
3.6,0.12055519019536251,0.10537228351199701,RFS,OOD,UPP,PCHazard,40
3.8,0.12055519019536251,0.10537228351199701,RFS,OOD,UPP,PCHazard,40
4.0,0.12360480800676323,0.10891299428781909,RFS,OOD,UPP,PCHazard,40
4.2,0.12652302138333052,0.11586282648185156,RFS,OOD,UPP,PCHazard,40
4.4,0.1271345155321159,0.11927194790006188,RFS,OOD,UPP,PCHazard,40
4.6,0.13715614059561174,0.1293282084604563,RFS,OOD,UPP,PCHazard,40
4.8,0.13847184717794958,0.1325964481736554,RFS,OOD,UPP,PCHazard,40
5.0,0.14044948851539224,0.13583793198740046,RFS,OOD,UPP,PCHazard,40
5.2,0.14045219287273036,0.13583793198740043,RFS,OOD,UPP,PCHazard,40
5.4,0.14153297271004756,0.13905220121665113,RFS,OOD,UPP,PCHazard,40
5.6,0.23649365743081785,0.14545408739314192,RFS,OOD,UPP,PCHazard,40
5.8,0.23679656757850762,0.14545408739314192,RFS,OOD,UPP,PCHazard,40
6.0,0.23653830596087594,0.14860146869117571,RFS,OOD,UPP,PCHazard,40
6.2,0.2360600517070237,0.14860146869117566,RFS,OOD,UPP,PCHazard,40
6.4,0.2360600517070237,0.14860146869117566,RFS,OOD,UPP,PCHazard,40
6.6,0.23652349520061006,0.14860146869117571,RFS,OOD,UPP,PCHazard,40
6.8,0.24380152282014042,0.1548627652133934,RFS,OOD,UPP,PCHazard,40
7.0,0.24723328090596233,0.16393723507305127,RFS,OOD,UPP,PCHazard,40
7.2,0.24575824755369588,0.16686075242930803,RFS,OOD,UPP,PCHazard,40
7.4,0.24596296732904938,0.16686075242930806,RFS,OOD,UPP,PCHazard,40
7.6,0.2423345297356627,0.16686075242930803,RFS,OOD,UPP,PCHazard,40
7.8,0.2423345297356627,0.16686075242930803,RFS,OOD,UPP,PCHazard,40
8.0,0.24371807555944866,0.1668607524293081,RFS,OOD,UPP,PCHazard,40
8.2,0.24371807555944866,0.1668607524293081,RFS,OOD,UPP,PCHazard,40
8.4,0.3056938196754701,0.1728172756075921,RFS,OOD,UPP,PCHazard,40
8.6,0.30639448576794087,0.1728172756075921,RFS,OOD,UPP,PCHazard,40
8.8,0.30639448576794087,0.1728172756075921,RFS,OOD,UPP,PCHazard,40
9.0,0.3067387255278125,0.1757518966955933,RFS,OOD,UPP,PCHazard,40
9.2,0.3067387255278125,0.1757518966955933,RFS,OOD,UPP,PCHazard,40
9.4,0.3067387255278125,0.1757518966955933,RFS,OOD,UPP,PCHazard,40
9.6,0.30399773894998416,0.1814507264140267,RFS,OOD,UPP,PCHazard,40
9.8,0.30399773894998416,0.1814507264140267,RFS,OOD,UPP,PCHazard,40
10.0,0.2932095067723416,0.1846632631794305,RFS,OOD,UPP,PCHazard,40
1.2,0.043280474237358764,0.04140742555451958,RFS,OOD,UPP,PCHazard,41
1.4,0.04764941067191939,0.04537912585875571,RFS,OOD,UPP,PCHazard,41
1.6,0.06514566784882184,0.060902134357121614,RFS,OOD,UPP,PCHazard,41
1.8,0.07392456359526291,0.06846026659714152,RFS,OOD,UPP,PCHazard,41
2.0,0.07833501361141752,0.07219938185105969,RFS,OOD,UPP,PCHazard,41
2.2,0.07833501361141752,0.07219938185105969,RFS,OOD,UPP,PCHazard,41
2.4,0.08737211217393039,0.0797391468333014,RFS,OOD,UPP,PCHazard,41
2.6,0.08737211217393039,0.07973914683330137,RFS,OOD,UPP,PCHazard,41
2.8,0.09195878028857261,0.08350338146778817,RFS,OOD,UPP,PCHazard,41
3.0,0.10533224623290574,0.09454366513701802,RFS,OOD,UPP,PCHazard,41
3.2,0.10591645744139491,0.09815804647633496,RFS,OOD,UPP,PCHazard,41
3.4,0.10574154874779736,0.09815804647633497,RFS,OOD,UPP,PCHazard,41
3.6,0.10742164958269841,0.10537228351199701,RFS,OOD,UPP,PCHazard,41
3.8,0.10742164958269841,0.10537228351199701,RFS,OOD,UPP,PCHazard,41
4.0,0.11051360287997238,0.10891299428781909,RFS,OOD,UPP,PCHazard,41
4.2,0.11019117935100835,0.11586282648185156,RFS,OOD,UPP,PCHazard,41
4.4,0.11197629468459928,0.11927194790006188,RFS,OOD,UPP,PCHazard,41
4.6,0.11565810437941619,0.1293282084604563,RFS,OOD,UPP,PCHazard,41
4.8,0.11579461698196553,0.1325964481736554,RFS,OOD,UPP,PCHazard,41
5.0,0.11947529348692208,0.13583793198740046,RFS,OOD,UPP,PCHazard,41
5.2,0.11948433650500388,0.13583793198740043,RFS,OOD,UPP,PCHazard,41
5.4,0.12088950246351272,0.13905220121665113,RFS,OOD,UPP,PCHazard,41
5.6,0.12735465351040673,0.14545408739314192,RFS,OOD,UPP,PCHazard,41
5.8,0.1274878965301944,0.14545408739314192,RFS,OOD,UPP,PCHazard,41
6.0,0.1692891827335715,0.14860146869117571,RFS,OOD,UPP,PCHazard,41
6.2,0.1696225064420499,0.14860146869117566,RFS,OOD,UPP,PCHazard,41
6.4,0.1696225064420499,0.14860146869117566,RFS,OOD,UPP,PCHazard,41
6.6,0.1701940206983907,0.14860146869117571,RFS,OOD,UPP,PCHazard,41
6.8,0.16861240802179317,0.1548627652133934,RFS,OOD,UPP,PCHazard,41
7.0,0.16920065508104795,0.16393723507305127,RFS,OOD,UPP,PCHazard,41
7.2,0.16483653751464278,0.16686075242930803,RFS,OOD,UPP,PCHazard,41
7.4,0.16429966454594655,0.16686075242930806,RFS,OOD,UPP,PCHazard,41
7.6,0.16372727856048586,0.16686075242930803,RFS,OOD,UPP,PCHazard,41
7.8,0.16372727856048586,0.16686075242930803,RFS,OOD,UPP,PCHazard,41
8.0,0.16552261613567998,0.1668607524293081,RFS,OOD,UPP,PCHazard,41
8.2,0.16552261613567998,0.1668607524293081,RFS,OOD,UPP,PCHazard,41
8.4,0.16883238242907192,0.1728172756075921,RFS,OOD,UPP,PCHazard,41
8.6,0.16867503658714503,0.1728172756075921,RFS,OOD,UPP,PCHazard,41
8.8,0.16867503658714503,0.1728172756075921,RFS,OOD,UPP,PCHazard,41
9.0,0.24121349336239922,0.1757518966955933,RFS,OOD,UPP,PCHazard,41
9.2,0.24121349336239922,0.1757518966955933,RFS,OOD,UPP,PCHazard,41
9.4,0.24121349336239922,0.1757518966955933,RFS,OOD,UPP,PCHazard,41
9.6,0.2451538771082704,0.1814507264140267,RFS,OOD,UPP,PCHazard,41
9.8,0.2451538771082704,0.1814507264140267,RFS,OOD,UPP,PCHazard,41
10.0,0.2268589608281166,0.1846632631794305,RFS,OOD,UPP,PCHazard,41
1.2,0.043280474237358764,0.04140742555451958,RFS,OOD,UPP,PCHazard,42
1.4,0.04764941067191939,0.04537912585875571,RFS,OOD,UPP,PCHazard,42
1.6,0.06514566784882184,0.060902134357121614,RFS,OOD,UPP,PCHazard,42
1.8,0.07392456359526291,0.06846026659714152,RFS,OOD,UPP,PCHazard,42
2.0,0.07833501361141752,0.07219938185105969,RFS,OOD,UPP,PCHazard,42
2.2,0.07833501361141752,0.07219938185105969,RFS,OOD,UPP,PCHazard,42
2.4,0.08737211217393039,0.0797391468333014,RFS,OOD,UPP,PCHazard,42
2.6,0.08737211217393039,0.07973914683330137,RFS,OOD,UPP,PCHazard,42
2.8,0.09195878028857261,0.08350338146778817,RFS,OOD,UPP,PCHazard,42
3.0,0.09437868515013363,0.09454366513701802,RFS,OOD,UPP,PCHazard,42
3.2,0.09551547745597186,0.09815804647633496,RFS,OOD,UPP,PCHazard,42
3.4,0.09555181175658264,0.09815804647633497,RFS,OOD,UPP,PCHazard,42
3.6,0.10008664663921299,0.10537228351199701,RFS,OOD,UPP,PCHazard,42
3.8,0.10008664663921299,0.10537228351199701,RFS,OOD,UPP,PCHazard,42
4.0,0.10384524104571004,0.10891299428781909,RFS,OOD,UPP,PCHazard,42
4.2,0.11169884636147485,0.11586282648185156,RFS,OOD,UPP,PCHazard,42
4.4,0.11413283557934381,0.11927194790006188,RFS,OOD,UPP,PCHazard,42
4.6,0.12230397398820872,0.1293282084604563,RFS,OOD,UPP,PCHazard,42
4.8,0.12424671021999416,0.1325964481736554,RFS,OOD,UPP,PCHazard,42
5.0,0.1282381563555065,0.13583793198740046,RFS,OOD,UPP,PCHazard,42
5.2,0.1271287342300923,0.13583793198740043,RFS,OOD,UPP,PCHazard,42
5.4,0.12915234086212202,0.13905220121665113,RFS,OOD,UPP,PCHazard,42
5.6,0.13553498744037926,0.14545408739314192,RFS,OOD,UPP,PCHazard,42
5.8,0.1355698871597059,0.14545408739314192,RFS,OOD,UPP,PCHazard,42
6.0,0.1482018110810135,0.14860146869117571,RFS,OOD,UPP,PCHazard,42
6.2,0.14858510371303998,0.14860146869117566,RFS,OOD,UPP,PCHazard,42
6.4,0.14858510371303998,0.14860146869117566,RFS,OOD,UPP,PCHazard,42
6.6,0.14905106675283403,0.14860146869117571,RFS,OOD,UPP,PCHazard,42
6.8,0.15027213658544744,0.1548627652133934,RFS,OOD,UPP,PCHazard,42
7.0,0.150615831660758,0.16393723507305127,RFS,OOD,UPP,PCHazard,42
7.2,0.14640214968332615,0.16686075242930803,RFS,OOD,UPP,PCHazard,42
7.4,0.1467427699206619,0.16686075242930806,RFS,OOD,UPP,PCHazard,42
7.6,0.14693129263832502,0.16686075242930803,RFS,OOD,UPP,PCHazard,42
7.8,0.14693129263832502,0.16686075242930803,RFS,OOD,UPP,PCHazard,42
8.0,0.14827936857241905,0.1668607524293081,RFS,OOD,UPP,PCHazard,42
8.2,0.14827936857241905,0.1668607524293081,RFS,OOD,UPP,PCHazard,42
8.4,0.15389719773931698,0.1728172756075921,RFS,OOD,UPP,PCHazard,42
8.6,0.15441772615144272,0.1728172756075921,RFS,OOD,UPP,PCHazard,42
8.8,0.15441772615144272,0.1728172756075921,RFS,OOD,UPP,PCHazard,42
9.0,0.1918179561206583,0.1757518966955933,RFS,OOD,UPP,PCHazard,42
9.2,0.1918179561206583,0.1757518966955933,RFS,OOD,UPP,PCHazard,42
9.4,0.1918179561206583,0.1757518966955933,RFS,OOD,UPP,PCHazard,42
9.6,0.19260917151861726,0.1814507264140267,RFS,OOD,UPP,PCHazard,42
9.8,0.19260917151861726,0.1814507264140267,RFS,OOD,UPP,PCHazard,42
10.0,0.18629254102223902,0.1846632631794305,RFS,OOD,UPP,PCHazard,42
1.2,0.043280474237358764,0.04140742555451958,RFS,OOD,UPP,PCHazard,43
1.4,0.04764941067191939,0.04537912585875571,RFS,OOD,UPP,PCHazard,43
1.6,0.06514566784882184,0.060902134357121614,RFS,OOD,UPP,PCHazard,43
1.8,0.07392456359526291,0.06846026659714152,RFS,OOD,UPP,PCHazard,43
2.0,0.07833501361141752,0.07219938185105969,RFS,OOD,UPP,PCHazard,43
2.2,0.07833501361141752,0.07219938185105969,RFS,OOD,UPP,PCHazard,43
2.4,0.08737211217393039,0.0797391468333014,RFS,OOD,UPP,PCHazard,43
2.6,0.08737211217393039,0.07973914683330137,RFS,OOD,UPP,PCHazard,43
2.8,0.09195878028857261,0.08350338146778817,RFS,OOD,UPP,PCHazard,43
3.0,0.12956260427425045,0.09454366513701802,RFS,OOD,UPP,PCHazard,43
3.2,0.13143563259332694,0.09815804647633496,RFS,OOD,UPP,PCHazard,43
3.4,0.13166829067076663,0.09815804647633497,RFS,OOD,UPP,PCHazard,43
3.6,0.13631882247100957,0.10537228351199701,RFS,OOD,UPP,PCHazard,43
3.8,0.13631882247100957,0.10537228351199701,RFS,OOD,UPP,PCHazard,43
4.0,0.13799223744668043,0.10891299428781909,RFS,OOD,UPP,PCHazard,43
4.2,0.14395209342752394,0.11586282648185156,RFS,OOD,UPP,PCHazard,43
4.4,0.14598434247396147,0.11927194790006188,RFS,OOD,UPP,PCHazard,43
4.6,0.1520187495200341,0.1293282084604563,RFS,OOD,UPP,PCHazard,43
4.8,0.1517475048601001,0.1325964481736554,RFS,OOD,UPP,PCHazard,43
5.0,0.15493292940834003,0.13583793198740046,RFS,OOD,UPP,PCHazard,43
5.2,0.15402808573381052,0.13583793198740043,RFS,OOD,UPP,PCHazard,43
5.4,0.15365523141949308,0.13905220121665113,RFS,OOD,UPP,PCHazard,43
5.6,0.1576749235358666,0.14545408739314192,RFS,OOD,UPP,PCHazard,43
5.8,0.1571630088833576,0.14545408739314192,RFS,OOD,UPP,PCHazard,43
6.0,0.21631724882596887,0.14860146869117571,RFS,OOD,UPP,PCHazard,43
6.2,0.21692860876115738,0.14860146869117566,RFS,OOD,UPP,PCHazard,43
6.4,0.21692860876115738,0.14860146869117566,RFS,OOD,UPP,PCHazard,43
6.6,0.21762891410454463,0.14860146869117571,RFS,OOD,UPP,PCHazard,43
6.8,0.216913416560811,0.1548627652133934,RFS,OOD,UPP,PCHazard,43
7.0,0.2161900121384091,0.16393723507305127,RFS,OOD,UPP,PCHazard,43
7.2,0.21117948513062418,0.16686075242930803,RFS,OOD,UPP,PCHazard,43
7.4,0.21152289517519063,0.16686075242930806,RFS,OOD,UPP,PCHazard,43
7.6,0.20695063561782867,0.16686075242930803,RFS,OOD,UPP,PCHazard,43
7.8,0.20695063561782867,0.16686075242930803,RFS,OOD,UPP,PCHazard,43
8.0,0.20920680536362599,0.1668607524293081,RFS,OOD,UPP,PCHazard,43
8.2,0.20920680536362599,0.1668607524293081,RFS,OOD,UPP,PCHazard,43
8.4,0.21367203778360533,0.1728172756075921,RFS,OOD,UPP,PCHazard,43
8.6,0.21409620603084084,0.1728172756075921,RFS,OOD,UPP,PCHazard,43
8.8,0.21409620603084084,0.1728172756075921,RFS,OOD,UPP,PCHazard,43
9.0,0.26648839181855594,0.1757518966955933,RFS,OOD,UPP,PCHazard,43
9.2,0.26648839181855594,0.1757518966955933,RFS,OOD,UPP,PCHazard,43
9.4,0.26648839181855594,0.1757518966955933,RFS,OOD,UPP,PCHazard,43
9.6,0.2702385122179267,0.1814507264140267,RFS,OOD,UPP,PCHazard,43
9.8,0.2702385122179267,0.1814507264140267,RFS,OOD,UPP,PCHazard,43
10.0,0.25283110479134324,0.1846632631794305,RFS,OOD,UPP,PCHazard,43
1.2,0.043280474237358764,0.04140742555451958,RFS,OOD,UPP,PCHazard,44
1.4,0.04764941067191939,0.04537912585875571,RFS,OOD,UPP,PCHazard,44
1.6,0.06514566784882184,0.060902134357121614,RFS,OOD,UPP,PCHazard,44
1.8,0.07392456359526291,0.06846026659714152,RFS,OOD,UPP,PCHazard,44
2.0,0.07833501361141752,0.07219938185105969,RFS,OOD,UPP,PCHazard,44
2.2,0.07833501361141752,0.07219938185105969,RFS,OOD,UPP,PCHazard,44
2.4,0.08737211217393039,0.0797391468333014,RFS,OOD,UPP,PCHazard,44
2.6,0.08737211217393039,0.07973914683330137,RFS,OOD,UPP,PCHazard,44
2.8,0.09024414728182212,0.08350338146778817,RFS,OOD,UPP,PCHazard,44
3.0,0.09969159575995008,0.09454366513701802,RFS,OOD,UPP,PCHazard,44
3.2,0.1013274905769092,0.09815804647633496,RFS,OOD,UPP,PCHazard,44
3.4,0.10139345900013315,0.09815804647633497,RFS,OOD,UPP,PCHazard,44
3.6,0.1065863256622089,0.10537228351199701,RFS,OOD,UPP,PCHazard,44
3.8,0.1065863256622089,0.10537228351199701,RFS,OOD,UPP,PCHazard,44
4.0,0.10904469889161156,0.10891299428781909,RFS,OOD,UPP,PCHazard,44
4.2,0.1160201621015405,0.11586282648185156,RFS,OOD,UPP,PCHazard,44
4.4,0.11636290561685211,0.11927194790006188,RFS,OOD,UPP,PCHazard,44
4.6,0.12668442082825873,0.1293282084604563,RFS,OOD,UPP,PCHazard,44
4.8,0.12866972868682444,0.1325964481736554,RFS,OOD,UPP,PCHazard,44
5.0,0.13335181557878367,0.13583793198740046,RFS,OOD,UPP,PCHazard,44
5.2,0.13322910038387806,0.13583793198740043,RFS,OOD,UPP,PCHazard,44
5.4,0.13697328470529957,0.13905220121665113,RFS,OOD,UPP,PCHazard,44
5.6,0.1671606686467728,0.14545408739314192,RFS,OOD,UPP,PCHazard,44
5.8,0.16688606451646798,0.14545408739314192,RFS,OOD,UPP,PCHazard,44
6.0,0.16592173641086008,0.14860146869117571,RFS,OOD,UPP,PCHazard,44
6.2,0.16623366393459876,0.14860146869117566,RFS,OOD,UPP,PCHazard,44
6.4,0.16623366393459876,0.14860146869117566,RFS,OOD,UPP,PCHazard,44
6.6,0.16581087113136972,0.14860146869117571,RFS,OOD,UPP,PCHazard,44
6.8,0.165312975198759,0.1548627652133934,RFS,OOD,UPP,PCHazard,44
7.0,0.16839557721461743,0.16393723507305127,RFS,OOD,UPP,PCHazard,44
7.2,0.1668611633433709,0.16686075242930803,RFS,OOD,UPP,PCHazard,44
7.4,0.16726662763823674,0.16686075242930806,RFS,OOD,UPP,PCHazard,44
7.6,0.16574500018013966,0.16686075242930803,RFS,OOD,UPP,PCHazard,44
7.8,0.16574500018013966,0.16686075242930803,RFS,OOD,UPP,PCHazard,44
8.0,0.1673460922554499,0.1668607524293081,RFS,OOD,UPP,PCHazard,44
8.2,0.1673460922554499,0.1668607524293081,RFS,OOD,UPP,PCHazard,44
8.4,0.20655234520183918,0.1728172756075921,RFS,OOD,UPP,PCHazard,44
8.6,0.208108687589135,0.1728172756075921,RFS,OOD,UPP,PCHazard,44
8.8,0.208108687589135,0.1728172756075921,RFS,OOD,UPP,PCHazard,44
9.0,0.20939694361264852,0.1757518966955933,RFS,OOD,UPP,PCHazard,44
9.2,0.20939694361264852,0.1757518966955933,RFS,OOD,UPP,PCHazard,44
9.4,0.20939694361264852,0.1757518966955933,RFS,OOD,UPP,PCHazard,44
9.6,0.20997686543367872,0.1814507264140267,RFS,OOD,UPP,PCHazard,44
9.8,0.20997686543367872,0.1814507264140267,RFS,OOD,UPP,PCHazard,44
10.0,0.20782789407247457,0.1846632631794305,RFS,OOD,UPP,PCHazard,44
1.2,0.0407897952001886,0.04140742555451958,RFS,OOD,UPP,PMF,40
1.4,0.044805445811556745,0.04537912585875571,RFS,OOD,UPP,PMF,40
1.6,0.06062296514088626,0.060902134357121614,RFS,OOD,UPP,PMF,40
1.8,0.06862314460939523,0.06846026659714152,RFS,OOD,UPP,PMF,40
2.0,0.07282582138861711,0.07219938185105969,RFS,OOD,UPP,PMF,40
2.2,0.0728418034888222,0.07219938185105969,RFS,OOD,UPP,PMF,40
2.4,0.08075292433984009,0.0797391468333014,RFS,OOD,UPP,PMF,40
2.6,0.08076068766834359,0.07973914683330137,RFS,OOD,UPP,PMF,40
2.8,0.0851655041964231,0.08350338146778817,RFS,OOD,UPP,PMF,40
3.0,0.09751887125587848,0.09454366513701802,RFS,OOD,UPP,PMF,40
3.2,0.10352782571725203,0.09815804647633496,RFS,OOD,UPP,PMF,40
3.4,0.10327586426266115,0.09815804647633497,RFS,OOD,UPP,PMF,40
3.6,0.10941543392077015,0.10537228351199701,RFS,OOD,UPP,PMF,40
3.8,0.10941543392077015,0.10537228351199701,RFS,OOD,UPP,PMF,40
4.0,0.11253324019975036,0.10891299428781909,RFS,OOD,UPP,PMF,40
4.2,0.11806089288427317,0.11586282648185156,RFS,OOD,UPP,PMF,40
4.4,0.12128682173293111,0.11927194790006188,RFS,OOD,UPP,PMF,40
4.6,0.1315736083298638,0.1293282084604563,RFS,OOD,UPP,PMF,40
4.8,0.13391468988723187,0.1325964481736554,RFS,OOD,UPP,PMF,40
5.0,0.13785119167601045,0.13583793198740046,RFS,OOD,UPP,PMF,40
5.2,0.1371045176451949,0.13583793198740043,RFS,OOD,UPP,PMF,40
5.4,0.1383310663780967,0.13905220121665113,RFS,OOD,UPP,PMF,40
5.6,0.14492757344151733,0.14545408739314192,RFS,OOD,UPP,PMF,40
5.8,0.1450793352625177,0.14545408739314192,RFS,OOD,UPP,PMF,40
6.0,0.14910440888215235,0.14860146869117571,RFS,OOD,UPP,PMF,40
6.2,0.1492980844842766,0.14860146869117566,RFS,OOD,UPP,PMF,40
6.4,0.1560820459093489,0.14860146869117566,RFS,OOD,UPP,PMF,40
6.6,0.15644069151157183,0.14860146869117571,RFS,OOD,UPP,PMF,40
6.8,0.15692033548077625,0.1548627652133934,RFS,OOD,UPP,PMF,40
7.0,0.16092556363035873,0.16393723507305127,RFS,OOD,UPP,PMF,40
7.2,0.15639749691519378,0.16686075242930803,RFS,OOD,UPP,PMF,40
7.4,0.15676192412204015,0.16686075242930806,RFS,OOD,UPP,PMF,40
7.6,0.15515922976128105,0.16686075242930803,RFS,OOD,UPP,PMF,40
7.8,0.15515922976128105,0.16686075242930803,RFS,OOD,UPP,PMF,40
8.0,0.1556280797793969,0.1668607524293081,RFS,OOD,UPP,PMF,40
8.2,0.1556280797793969,0.1668607524293081,RFS,OOD,UPP,PMF,40
8.4,0.1619898828351392,0.1728172756075921,RFS,OOD,UPP,PMF,40
8.6,0.16215011795142714,0.1728172756075921,RFS,OOD,UPP,PMF,40
8.8,0.16215011795142714,0.1728172756075921,RFS,OOD,UPP,PMF,40
9.0,0.16417826750255252,0.1757518966955933,RFS,OOD,UPP,PMF,40
9.2,0.16417826750255252,0.1757518966955933,RFS,OOD,UPP,PMF,40
9.4,0.19142248033493595,0.1757518966955933,RFS,OOD,UPP,PMF,40
9.6,0.19323714851956997,0.1814507264140267,RFS,OOD,UPP,PMF,40
9.8,0.19323714851956997,0.1814507264140267,RFS,OOD,UPP,PMF,40
10.0,0.19460012312385228,0.1846632631794305,RFS,OOD,UPP,PMF,40
1.2,0.0411927551867423,0.04140742555451958,RFS,OOD,UPP,PMF,41
1.4,0.045277706336521464,0.04537912585875571,RFS,OOD,UPP,PMF,41
1.6,0.061474038925420416,0.060902134357121614,RFS,OOD,UPP,PMF,41
1.8,0.06971944034866917,0.06846026659714152,RFS,OOD,UPP,PMF,41
2.0,0.07390932985928932,0.07219938185105969,RFS,OOD,UPP,PMF,41
2.2,0.07392219435445298,0.07219938185105969,RFS,OOD,UPP,PMF,41
2.4,0.08240269841157039,0.0797391468333014,RFS,OOD,UPP,PMF,41
2.6,0.08240667895491291,0.07973914683330137,RFS,OOD,UPP,PMF,41
2.8,0.08685095862777793,0.08350338146778817,RFS,OOD,UPP,PMF,41
3.0,0.09931258973941212,0.09454366513701802,RFS,OOD,UPP,PMF,41
3.2,0.10356494854214608,0.09815804647633496,RFS,OOD,UPP,PMF,41
3.4,0.09488213789385572,0.09815804647633497,RFS,OOD,UPP,PMF,41
3.6,0.09787782817004424,0.10537228351199701,RFS,OOD,UPP,PMF,41
3.8,0.09787782817004424,0.10537228351199701,RFS,OOD,UPP,PMF,41
4.0,0.10150365916284057,0.10891299428781909,RFS,OOD,UPP,PMF,41
4.2,0.10947412772789201,0.11586282648185156,RFS,OOD,UPP,PMF,41
4.4,0.11246588676276686,0.11927194790006188,RFS,OOD,UPP,PMF,41
4.6,0.12265603470459878,0.1293282084604563,RFS,OOD,UPP,PMF,41
4.8,0.12546061012055168,0.1325964481736554,RFS,OOD,UPP,PMF,41
5.0,0.12931697941393552,0.13583793198740046,RFS,OOD,UPP,PMF,41
5.2,0.12916942087098712,0.13583793198740043,RFS,OOD,UPP,PMF,41
5.4,0.13212367047729578,0.13905220121665113,RFS,OOD,UPP,PMF,41
5.6,0.13952658520221525,0.14545408739314192,RFS,OOD,UPP,PMF,41
5.8,0.1396876543283472,0.14545408739314192,RFS,OOD,UPP,PMF,41
6.0,0.14183432769567286,0.14860146869117571,RFS,OOD,UPP,PMF,41
6.2,0.14191842273412772,0.14860146869117566,RFS,OOD,UPP,PMF,41
6.4,0.14191842273412772,0.14860146869117566,RFS,OOD,UPP,PMF,41
6.6,0.14732141258584863,0.14860146869117571,RFS,OOD,UPP,PMF,41
6.8,0.1476820433856792,0.1548627652133934,RFS,OOD,UPP,PMF,41
7.0,0.15088934597682044,0.16393723507305127,RFS,OOD,UPP,PMF,41
7.2,0.14875317387894202,0.16686075242930803,RFS,OOD,UPP,PMF,41
7.4,0.1488412623786104,0.16686075242930806,RFS,OOD,UPP,PMF,41
7.6,0.14907066703093022,0.16686075242930803,RFS,OOD,UPP,PMF,41
7.8,0.14907066703093022,0.16686075242930803,RFS,OOD,UPP,PMF,41
8.0,0.14995491492680763,0.1668607524293081,RFS,OOD,UPP,PMF,41
8.2,0.14995491492680763,0.1668607524293081,RFS,OOD,UPP,PMF,41
8.4,0.15684641079758543,0.1728172756075921,RFS,OOD,UPP,PMF,41
8.6,0.15733886009036796,0.1728172756075921,RFS,OOD,UPP,PMF,41
8.8,0.15733886009036796,0.1728172756075921,RFS,OOD,UPP,PMF,41
9.0,0.16130356242303887,0.1757518966955933,RFS,OOD,UPP,PMF,41
9.2,0.16130356242303887,0.1757518966955933,RFS,OOD,UPP,PMF,41
9.4,0.16130356242303887,0.1757518966955933,RFS,OOD,UPP,PMF,41
9.6,0.16398120207195765,0.1814507264140267,RFS,OOD,UPP,PMF,41
9.8,0.16398120207195765,0.1814507264140267,RFS,OOD,UPP,PMF,41
10.0,0.2032731846773355,0.1846632631794305,RFS,OOD,UPP,PMF,41
1.2,0.0414670476046479,0.04140742555451958,RFS,OOD,UPP,PMF,42
1.4,0.045297865704790725,0.04537912585875571,RFS,OOD,UPP,PMF,42
1.6,0.060831725267035806,0.060902134357121614,RFS,OOD,UPP,PMF,42
1.8,0.06905218954728133,0.06846026659714152,RFS,OOD,UPP,PMF,42
2.0,0.07322155570544917,0.07219938185105969,RFS,OOD,UPP,PMF,42
2.2,0.0732340589857684,0.07219938185105969,RFS,OOD,UPP,PMF,42
2.4,0.08137264332388541,0.0797391468333014,RFS,OOD,UPP,PMF,42
2.6,0.08137688981417268,0.07973914683330137,RFS,OOD,UPP,PMF,42
2.8,0.0858185877461928,0.08350338146778817,RFS,OOD,UPP,PMF,42
3.0,0.09787964530823703,0.09454366513701802,RFS,OOD,UPP,PMF,42
3.2,0.10196411753534314,0.09815804647633496,RFS,OOD,UPP,PMF,42
3.4,0.09630143161997784,0.09815804647633497,RFS,OOD,UPP,PMF,42
3.6,0.10014085529934177,0.10537228351199701,RFS,OOD,UPP,PMF,42
3.8,0.10014085529934177,0.10537228351199701,RFS,OOD,UPP,PMF,42
4.0,0.10255778637326876,0.10891299428781909,RFS,OOD,UPP,PMF,42
4.2,0.10848769401086458,0.11586282648185156,RFS,OOD,UPP,PMF,42
4.4,0.11134247311256205,0.11927194790006188,RFS,OOD,UPP,PMF,42
4.6,0.1202681397441571,0.1293282084604563,RFS,OOD,UPP,PMF,42
4.8,0.12173312081997374,0.1325964481736554,RFS,OOD,UPP,PMF,42
5.0,0.12582179450768186,0.13583793198740046,RFS,OOD,UPP,PMF,42
5.2,0.12568247350871098,0.13583793198740043,RFS,OOD,UPP,PMF,42
5.4,0.12709284100214077,0.13905220121665113,RFS,OOD,UPP,PMF,42
5.6,0.13386686242322063,0.14545408739314192,RFS,OOD,UPP,PMF,42
5.8,0.13403004479478725,0.14545408739314192,RFS,OOD,UPP,PMF,42
6.0,0.1386249946877763,0.14860146869117571,RFS,OOD,UPP,PMF,42
6.2,0.13877859151754043,0.14860146869117566,RFS,OOD,UPP,PMF,42
6.4,0.13877859151754043,0.14860146869117566,RFS,OOD,UPP,PMF,42
6.6,0.14796697027346198,0.14860146869117571,RFS,OOD,UPP,PMF,42
6.8,0.1499634207576841,0.1548627652133934,RFS,OOD,UPP,PMF,42
7.0,0.15461543558962879,0.16393723507305127,RFS,OOD,UPP,PMF,42
7.2,0.15361600306285297,0.16686075242930803,RFS,OOD,UPP,PMF,42
7.4,0.15391310795908192,0.16686075242930806,RFS,OOD,UPP,PMF,42
7.6,0.15415037743302268,0.16686075242930803,RFS,OOD,UPP,PMF,42
7.8,0.15415037743302268,0.16686075242930803,RFS,OOD,UPP,PMF,42
8.0,0.15488126969061794,0.1668607524293081,RFS,OOD,UPP,PMF,42
8.2,0.15488126969061794,0.1668607524293081,RFS,OOD,UPP,PMF,42
8.4,0.16064463015862027,0.1728172756075921,RFS,OOD,UPP,PMF,42
8.6,0.16116230723569452,0.1728172756075921,RFS,OOD,UPP,PMF,42
8.8,0.16116230723569452,0.1728172756075921,RFS,OOD,UPP,PMF,42
9.0,0.1634095687090227,0.1757518966955933,RFS,OOD,UPP,PMF,42
9.2,0.1634095687090227,0.1757518966955933,RFS,OOD,UPP,PMF,42
9.4,0.1634095687090227,0.1757518966955933,RFS,OOD,UPP,PMF,42
9.6,0.16739560056020905,0.1814507264140267,RFS,OOD,UPP,PMF,42
9.8,0.16739560056020905,0.1814507264140267,RFS,OOD,UPP,PMF,42
10.0,0.1833536745225472,0.1846632631794305,RFS,OOD,UPP,PMF,42
1.2,0.04168005825439087,0.04140742555451958,RFS,OOD,UPP,PMF,43
1.4,0.0457028404240102,0.04537912585875571,RFS,OOD,UPP,PMF,43
1.6,0.06138144790449385,0.060902134357121614,RFS,OOD,UPP,PMF,43
1.8,0.0692612967756234,0.06846026659714152,RFS,OOD,UPP,PMF,43
2.0,0.07323776241126383,0.07219938185105969,RFS,OOD,UPP,PMF,43
2.2,0.07325771364572956,0.07219938185105969,RFS,OOD,UPP,PMF,43
2.4,0.08124204444868026,0.0797391468333014,RFS,OOD,UPP,PMF,43
2.6,0.08125174385025072,0.07973914683330137,RFS,OOD,UPP,PMF,43
2.8,0.08568699278667471,0.08350338146778817,RFS,OOD,UPP,PMF,43
3.0,0.09780300020869295,0.09454366513701802,RFS,OOD,UPP,PMF,43
3.2,0.10200518457150425,0.09815804647633496,RFS,OOD,UPP,PMF,43
3.4,0.0977784404720815,0.09815804647633497,RFS,OOD,UPP,PMF,43
3.6,0.10485431486599062,0.10537228351199701,RFS,OOD,UPP,PMF,43
3.8,0.10485431486599062,0.10537228351199701,RFS,OOD,UPP,PMF,43
4.0,0.10543839661319448,0.10891299428781909,RFS,OOD,UPP,PMF,43
4.2,0.11292919588791231,0.11586282648185156,RFS,OOD,UPP,PMF,43
4.4,0.11628473357730451,0.11927194790006188,RFS,OOD,UPP,PMF,43
4.6,0.12672029821379732,0.1293282084604563,RFS,OOD,UPP,PMF,43
4.8,0.12876660639805082,0.1325964481736554,RFS,OOD,UPP,PMF,43
5.0,0.1325953023295256,0.13583793198740046,RFS,OOD,UPP,PMF,43
5.2,0.13216104247922494,0.13583793198740043,RFS,OOD,UPP,PMF,43
5.4,0.13312272302334502,0.13905220121665113,RFS,OOD,UPP,PMF,43
5.6,0.13821421070853612,0.14545408739314192,RFS,OOD,UPP,PMF,43
5.8,0.13837715629960037,0.14545408739314192,RFS,OOD,UPP,PMF,43
6.0,0.14139786146135558,0.14860146869117571,RFS,OOD,UPP,PMF,43
6.2,0.1408603799247081,0.14860146869117566,RFS,OOD,UPP,PMF,43
6.4,0.1408603799247081,0.14860146869117566,RFS,OOD,UPP,PMF,43
6.6,0.14744274978317898,0.14860146869117571,RFS,OOD,UPP,PMF,43
6.8,0.1525469371059759,0.1548627652133934,RFS,OOD,UPP,PMF,43
7.0,0.153825217178273,0.16393723507305127,RFS,OOD,UPP,PMF,43
7.2,0.15094304190099278,0.16686075242930803,RFS,OOD,UPP,PMF,43
7.4,0.15119333734185145,0.16686075242930806,RFS,OOD,UPP,PMF,43
7.6,0.15082022033836592,0.16686075242930803,RFS,OOD,UPP,PMF,43
7.8,0.15082022033836592,0.16686075242930803,RFS,OOD,UPP,PMF,43
8.0,0.1514297731369876,0.1668607524293081,RFS,OOD,UPP,PMF,43
8.2,0.1514297731369876,0.1668607524293081,RFS,OOD,UPP,PMF,43
8.4,0.1572934474943175,0.1728172756075921,RFS,OOD,UPP,PMF,43
8.6,0.1576955575573542,0.1728172756075921,RFS,OOD,UPP,PMF,43
8.8,0.1576955575573542,0.1728172756075921,RFS,OOD,UPP,PMF,43
9.0,0.16110967211412103,0.1757518966955933,RFS,OOD,UPP,PMF,43
9.2,0.16110967211412103,0.1757518966955933,RFS,OOD,UPP,PMF,43
9.4,0.16110967211412103,0.1757518966955933,RFS,OOD,UPP,PMF,43
9.6,0.16777504656979633,0.1814507264140267,RFS,OOD,UPP,PMF,43
9.8,0.16777504656979633,0.1814507264140267,RFS,OOD,UPP,PMF,43
10.0,0.18810025237746625,0.1846632631794305,RFS,OOD,UPP,PMF,43
1.2,0.04209861449142012,0.04140742555451958,RFS,OOD,UPP,PMF,44
1.4,0.045791450246297334,0.04537912585875571,RFS,OOD,UPP,PMF,44
1.6,0.0611444511748563,0.060902134357121614,RFS,OOD,UPP,PMF,44
1.8,0.06861029648311813,0.06846026659714152,RFS,OOD,UPP,PMF,44
2.0,0.07278497975811456,0.07219938185105969,RFS,OOD,UPP,PMF,44
2.2,0.07280671851180948,0.07219938185105969,RFS,OOD,UPP,PMF,44
2.4,0.07980814431708053,0.0797391468333014,RFS,OOD,UPP,PMF,44
2.6,0.07980366552933428,0.07973914683330137,RFS,OOD,UPP,PMF,44
2.8,0.08398058779494134,0.08350338146778817,RFS,OOD,UPP,PMF,44
3.0,0.09576634053160414,0.09454366513701802,RFS,OOD,UPP,PMF,44
3.2,0.09508473899060771,0.09815804647633496,RFS,OOD,UPP,PMF,44
3.4,0.09499327455925204,0.09815804647633497,RFS,OOD,UPP,PMF,44
3.6,0.09811175904748749,0.10537228351199701,RFS,OOD,UPP,PMF,44
3.8,0.09811175904748749,0.10537228351199701,RFS,OOD,UPP,PMF,44
4.0,0.10206720327374535,0.10891299428781909,RFS,OOD,UPP,PMF,44
4.2,0.10930178924878806,0.11586282648185156,RFS,OOD,UPP,PMF,44
4.4,0.11340798577129664,0.11927194790006188,RFS,OOD,UPP,PMF,44
4.6,0.12315000545095749,0.1293282084604563,RFS,OOD,UPP,PMF,44
4.8,0.12615296205084287,0.1325964481736554,RFS,OOD,UPP,PMF,44
5.0,0.12952106859845364,0.13583793198740046,RFS,OOD,UPP,PMF,44
5.2,0.12933949829951333,0.13583793198740043,RFS,OOD,UPP,PMF,44
5.4,0.13216338797157656,0.13905220121665113,RFS,OOD,UPP,PMF,44
5.6,0.1389916336433273,0.14545408739314192,RFS,OOD,UPP,PMF,44
5.8,0.13908549514983834,0.14545408739314192,RFS,OOD,UPP,PMF,44
6.0,0.1410462735459972,0.14860146869117571,RFS,OOD,UPP,PMF,44
6.2,0.1410971182921553,0.14860146869117566,RFS,OOD,UPP,PMF,44
6.4,0.15530401847800124,0.14860146869117566,RFS,OOD,UPP,PMF,44
6.6,0.15469899995499095,0.14860146869117571,RFS,OOD,UPP,PMF,44
6.8,0.15711111775472492,0.1548627652133934,RFS,OOD,UPP,PMF,44
7.0,0.16240674437284103,0.16393723507305127,RFS,OOD,UPP,PMF,44
7.2,0.16133853704750148,0.16686075242930803,RFS,OOD,UPP,PMF,44
7.4,0.1617704853490179,0.16686075242930806,RFS,OOD,UPP,PMF,44
7.6,0.1625249525828348,0.16686075242930803,RFS,OOD,UPP,PMF,44
7.8,0.1625249525828348,0.16686075242930803,RFS,OOD,UPP,PMF,44
8.0,0.16363458114930352,0.1668607524293081,RFS,OOD,UPP,PMF,44
8.2,0.16363458114930352,0.1668607524293081,RFS,OOD,UPP,PMF,44
8.4,0.17044742060045484,0.1728172756075921,RFS,OOD,UPP,PMF,44
8.6,0.17113098281751807,0.1728172756075921,RFS,OOD,UPP,PMF,44
8.8,0.17113098281751807,0.1728172756075921,RFS,OOD,UPP,PMF,44
9.0,0.17407360807202477,0.1757518966955933,RFS,OOD,UPP,PMF,44
9.2,0.17407360807202477,0.1757518966955933,RFS,OOD,UPP,PMF,44
9.4,0.19923198336763936,0.1757518966955933,RFS,OOD,UPP,PMF,44
9.6,0.19682063513538925,0.1814507264140267,RFS,OOD,UPP,PMF,44
9.8,0.19682063513538925,0.1814507264140267,RFS,OOD,UPP,PMF,44
10.0,0.19754819797182707,0.1846632631794305,RFS,OOD,UPP,PMF,44
1.2,0.04159023079464849,0.04140742555451958,RFS,OOD,UPP,RSF,40
1.4,0.04527432696287267,0.04537912585875571,RFS,OOD,UPP,RSF,40
1.6,0.06114021301593714,0.060902134357121614,RFS,OOD,UPP,RSF,40
1.8,0.0680301070929357,0.06846026659714152,RFS,OOD,UPP,RSF,40
2.0,0.07109192840529127,0.07219938185105969,RFS,OOD,UPP,RSF,40
2.2,0.07033140804605868,0.07219938185105969,RFS,OOD,UPP,RSF,40
2.4,0.0773522774651775,0.0797391468333014,RFS,OOD,UPP,RSF,40
2.6,0.07733197713395773,0.07973914683330137,RFS,OOD,UPP,RSF,40
2.8,0.08050687573799138,0.08350338146778817,RFS,OOD,UPP,RSF,40
3.0,0.09124340336776028,0.09454366513701802,RFS,OOD,UPP,RSF,40
3.2,0.0951319230940268,0.09815804647633496,RFS,OOD,UPP,RSF,40
3.4,0.09578571580792891,0.09815804647633497,RFS,OOD,UPP,RSF,40
3.6,0.10389964716691524,0.10537228351199701,RFS,OOD,UPP,RSF,40
3.8,0.10450202196560046,0.10537228351199701,RFS,OOD,UPP,RSF,40
4.0,0.10789199382170765,0.10891299428781909,RFS,OOD,UPP,RSF,40
4.2,0.11492542691519889,0.11586282648185156,RFS,OOD,UPP,RSF,40
4.4,0.11942188453290105,0.11927194790006188,RFS,OOD,UPP,RSF,40
4.6,0.12799152801863395,0.1293282084604563,RFS,OOD,UPP,RSF,40
4.8,0.13072923541245776,0.1325964481736554,RFS,OOD,UPP,RSF,40
5.0,0.1341143448439061,0.13583793198740046,RFS,OOD,UPP,RSF,40
5.2,0.1346181718857708,0.13583793198740043,RFS,OOD,UPP,RSF,40
5.4,0.13951822203657868,0.13905220121665113,RFS,OOD,UPP,RSF,40
5.6,0.14449862631796548,0.14545408739314192,RFS,OOD,UPP,RSF,40
5.8,0.1451791184362866,0.14545408739314192,RFS,OOD,UPP,RSF,40
6.0,0.14738536776884104,0.14860146869117571,RFS,OOD,UPP,RSF,40
6.2,0.14842051579070614,0.14860146869117566,RFS,OOD,UPP,RSF,40
6.4,0.14963411030354137,0.14860146869117566,RFS,OOD,UPP,RSF,40
6.6,0.14988067578847744,0.14860146869117571,RFS,OOD,UPP,RSF,40
6.8,0.15450979837120754,0.1548627652133934,RFS,OOD,UPP,RSF,40
7.0,0.16170433580880755,0.16393723507305127,RFS,OOD,UPP,RSF,40
7.2,0.1649301303978381,0.16686075242930803,RFS,OOD,UPP,RSF,40
7.4,0.16606228085866462,0.16686075242930806,RFS,OOD,UPP,RSF,40
7.6,0.16905665336579703,0.16686075242930803,RFS,OOD,UPP,RSF,40
7.8,0.17042024956070675,0.16686075242930803,RFS,OOD,UPP,RSF,40
8.0,0.17130664891619737,0.1668607524293081,RFS,OOD,UPP,RSF,40
8.2,0.1718316506165718,0.1668607524293081,RFS,OOD,UPP,RSF,40
8.4,0.17679286490710722,0.1728172756075921,RFS,OOD,UPP,RSF,40
8.6,0.179183061643454,0.1728172756075921,RFS,OOD,UPP,RSF,40
8.8,0.1804827128283458,0.1728172756075921,RFS,OOD,UPP,RSF,40
9.0,0.18233800690970178,0.1757518966955933,RFS,OOD,UPP,RSF,40
9.2,0.18397262846927623,0.1757518966955933,RFS,OOD,UPP,RSF,40
9.4,0.1868923221523742,0.1757518966955933,RFS,OOD,UPP,RSF,40
9.6,0.19329613464987205,0.1814507264140267,RFS,OOD,UPP,RSF,40
9.8,0.19399381756234882,0.1814507264140267,RFS,OOD,UPP,RSF,40
10.0,0.20131000541448893,0.1846632631794305,RFS,OOD,UPP,RSF,40
1.2,0.04101589908763406,0.04140742555451958,RFS,OOD,UPP,RSF,41
1.4,0.04464331469032258,0.04537912585875571,RFS,OOD,UPP,RSF,41
1.6,0.05992842199111831,0.060902134357121614,RFS,OOD,UPP,RSF,41
1.8,0.06617698134907746,0.06846026659714152,RFS,OOD,UPP,RSF,41
2.0,0.06876192534921298,0.07219938185105969,RFS,OOD,UPP,RSF,41
2.2,0.06861360110430216,0.07219938185105969,RFS,OOD,UPP,RSF,41
2.4,0.07614702510533257,0.0797391468333014,RFS,OOD,UPP,RSF,41
2.6,0.076200244572954,0.07973914683330137,RFS,OOD,UPP,RSF,41
2.8,0.07911764661745509,0.08350338146778817,RFS,OOD,UPP,RSF,41
3.0,0.09026922176030967,0.09454366513701802,RFS,OOD,UPP,RSF,41
3.2,0.09333312412070509,0.09815804647633496,RFS,OOD,UPP,RSF,41
3.4,0.09353872887376617,0.09815804647633497,RFS,OOD,UPP,RSF,41
3.6,0.10045726376886263,0.10537228351199701,RFS,OOD,UPP,RSF,41
3.8,0.10131894339488652,0.10537228351199701,RFS,OOD,UPP,RSF,41
4.0,0.10504700321167103,0.10891299428781909,RFS,OOD,UPP,RSF,41
4.2,0.11263703138714122,0.11586282648185156,RFS,OOD,UPP,RSF,41
4.4,0.11720256688100505,0.11927194790006188,RFS,OOD,UPP,RSF,41
4.6,0.12675678288648398,0.1293282084604563,RFS,OOD,UPP,RSF,41
4.8,0.13063415071264226,0.1325964481736554,RFS,OOD,UPP,RSF,41
5.0,0.13381598959064447,0.13583793198740046,RFS,OOD,UPP,RSF,41
5.2,0.13436382505187183,0.13583793198740043,RFS,OOD,UPP,RSF,41
5.4,0.13821290107907694,0.13905220121665113,RFS,OOD,UPP,RSF,41
5.6,0.143962550838214,0.14545408739314192,RFS,OOD,UPP,RSF,41
5.8,0.145132213907613,0.14545408739314192,RFS,OOD,UPP,RSF,41
6.0,0.1492322030133722,0.14860146869117571,RFS,OOD,UPP,RSF,41
6.2,0.15022649319362416,0.14860146869117566,RFS,OOD,UPP,RSF,41
6.4,0.15112759570900172,0.14860146869117566,RFS,OOD,UPP,RSF,41
6.6,0.15176325207430036,0.14860146869117571,RFS,OOD,UPP,RSF,41
6.8,0.15776692879445023,0.1548627652133934,RFS,OOD,UPP,RSF,41
7.0,0.16478674159581438,0.16393723507305127,RFS,OOD,UPP,RSF,41
7.2,0.16791084881168472,0.16686075242930803,RFS,OOD,UPP,RSF,41
7.4,0.17010538585632495,0.16686075242930806,RFS,OOD,UPP,RSF,41
7.6,0.1737842315724358,0.16686075242930803,RFS,OOD,UPP,RSF,41
7.8,0.17510437864117936,0.16686075242930803,RFS,OOD,UPP,RSF,41
8.0,0.17630940163468303,0.1668607524293081,RFS,OOD,UPP,RSF,41
8.2,0.17693152470671022,0.1668607524293081,RFS,OOD,UPP,RSF,41
8.4,0.18356274851246365,0.1728172756075921,RFS,OOD,UPP,RSF,41
8.6,0.1888554811231095,0.1728172756075921,RFS,OOD,UPP,RSF,41
8.8,0.19046726534663258,0.1728172756075921,RFS,OOD,UPP,RSF,41
9.0,0.19379832131034172,0.1757518966955933,RFS,OOD,UPP,RSF,41
9.2,0.19571841731872036,0.1757518966955933,RFS,OOD,UPP,RSF,41
9.4,0.2002031124588283,0.1757518966955933,RFS,OOD,UPP,RSF,41
9.6,0.2080906713230167,0.1814507264140267,RFS,OOD,UPP,RSF,41
9.8,0.2102447559182374,0.1814507264140267,RFS,OOD,UPP,RSF,41
10.0,0.21456197880183425,0.1846632631794305,RFS,OOD,UPP,RSF,41
1.2,0.04129472552471453,0.04140742555451958,RFS,OOD,UPP,RSF,42
1.4,0.04468651186087063,0.04537912585875571,RFS,OOD,UPP,RSF,42
1.6,0.05988271174999757,0.060902134357121614,RFS,OOD,UPP,RSF,42
1.8,0.06724899235263149,0.06846026659714152,RFS,OOD,UPP,RSF,42
2.0,0.07010361431262685,0.07219938185105969,RFS,OOD,UPP,RSF,42
2.2,0.0697352931972164,0.07219938185105969,RFS,OOD,UPP,RSF,42
2.4,0.07748761412264839,0.0797391468333014,RFS,OOD,UPP,RSF,42
2.6,0.07738006410147508,0.07973914683330137,RFS,OOD,UPP,RSF,42
2.8,0.08038258337524051,0.08350338146778817,RFS,OOD,UPP,RSF,42
3.0,0.09129131622035037,0.09454366513701802,RFS,OOD,UPP,RSF,42
3.2,0.09441130640024151,0.09815804647633496,RFS,OOD,UPP,RSF,42
3.4,0.09452551306246786,0.09815804647633497,RFS,OOD,UPP,RSF,42
3.6,0.10138588918860536,0.10537228351199701,RFS,OOD,UPP,RSF,42
3.8,0.10152900245563468,0.10537228351199701,RFS,OOD,UPP,RSF,42
4.0,0.10508407190941911,0.10891299428781909,RFS,OOD,UPP,RSF,42
4.2,0.11228614353259321,0.11586282648185156,RFS,OOD,UPP,RSF,42
4.4,0.11671036496704579,0.11927194790006188,RFS,OOD,UPP,RSF,42
4.6,0.1253584128530146,0.1293282084604563,RFS,OOD,UPP,RSF,42
4.8,0.12871383434814065,0.1325964481736554,RFS,OOD,UPP,RSF,42
5.0,0.13246488603160317,0.13583793198740046,RFS,OOD,UPP,RSF,42
5.2,0.13313828548564322,0.13583793198740043,RFS,OOD,UPP,RSF,42
5.4,0.13562729104642665,0.13905220121665113,RFS,OOD,UPP,RSF,42
5.6,0.1408979045795999,0.14545408739314192,RFS,OOD,UPP,RSF,42
5.8,0.14150558914814063,0.14545408739314192,RFS,OOD,UPP,RSF,42
6.0,0.14493634354174093,0.14860146869117571,RFS,OOD,UPP,RSF,42
6.2,0.1449714400711105,0.14860146869117566,RFS,OOD,UPP,RSF,42
6.4,0.1455331425772804,0.14860146869117566,RFS,OOD,UPP,RSF,42
6.6,0.14691515306786435,0.14860146869117571,RFS,OOD,UPP,RSF,42
6.8,0.15271186617715113,0.1548627652133934,RFS,OOD,UPP,RSF,42
7.0,0.15870183804901655,0.16393723507305127,RFS,OOD,UPP,RSF,42
7.2,0.16125889670671972,0.16686075242930803,RFS,OOD,UPP,RSF,42
7.4,0.1636755335392393,0.16686075242930806,RFS,OOD,UPP,RSF,42
7.6,0.1665427783105405,0.16686075242930803,RFS,OOD,UPP,RSF,42
7.8,0.16932511565819383,0.16686075242930803,RFS,OOD,UPP,RSF,42
8.0,0.17132500978753556,0.1668607524293081,RFS,OOD,UPP,RSF,42
8.2,0.17300106424951003,0.1668607524293081,RFS,OOD,UPP,RSF,42
8.4,0.17996919327844355,0.1728172756075921,RFS,OOD,UPP,RSF,42
8.6,0.18391929869672577,0.1728172756075921,RFS,OOD,UPP,RSF,42
8.8,0.18709412439507092,0.1728172756075921,RFS,OOD,UPP,RSF,42
9.0,0.1894928938763607,0.1757518966955933,RFS,OOD,UPP,RSF,42
9.2,0.19283671108870953,0.1757518966955933,RFS,OOD,UPP,RSF,42
9.4,0.19629700633736444,0.1757518966955933,RFS,OOD,UPP,RSF,42
9.6,0.19740709825953062,0.1814507264140267,RFS,OOD,UPP,RSF,42
9.8,0.1991089141620095,0.1814507264140267,RFS,OOD,UPP,RSF,42
10.0,0.20565782016110096,0.1846632631794305,RFS,OOD,UPP,RSF,42
1.2,0.04155162299463354,0.04140742555451958,RFS,OOD,UPP,RSF,43
1.4,0.044481723204670295,0.04537912585875571,RFS,OOD,UPP,RSF,43
1.6,0.059638782644932796,0.060902134357121614,RFS,OOD,UPP,RSF,43
1.8,0.06679850033786598,0.06846026659714152,RFS,OOD,UPP,RSF,43
2.0,0.06986726457272807,0.07219938185105969,RFS,OOD,UPP,RSF,43
2.2,0.06925115998726586,0.07219938185105969,RFS,OOD,UPP,RSF,43
2.4,0.0766098123940796,0.0797391468333014,RFS,OOD,UPP,RSF,43
2.6,0.07663545947735202,0.07973914683330137,RFS,OOD,UPP,RSF,43
2.8,0.07932044240424058,0.08350338146778817,RFS,OOD,UPP,RSF,43
3.0,0.09008883623821748,0.09454366513701802,RFS,OOD,UPP,RSF,43
3.2,0.09357335228268436,0.09815804647633496,RFS,OOD,UPP,RSF,43
3.4,0.09443512645696436,0.09815804647633497,RFS,OOD,UPP,RSF,43
3.6,0.10040337637633973,0.10537228351199701,RFS,OOD,UPP,RSF,43
3.8,0.10194395802432364,0.10537228351199701,RFS,OOD,UPP,RSF,43
4.0,0.105475971625377,0.10891299428781909,RFS,OOD,UPP,RSF,43
4.2,0.11302962894852597,0.11586282648185156,RFS,OOD,UPP,RSF,43
4.4,0.11852553176635208,0.11927194790006188,RFS,OOD,UPP,RSF,43
4.6,0.12642804940619035,0.1293282084604563,RFS,OOD,UPP,RSF,43
4.8,0.1296486588979848,0.1325964481736554,RFS,OOD,UPP,RSF,43
5.0,0.13219479772104048,0.13583793198740046,RFS,OOD,UPP,RSF,43
5.2,0.13263689650869437,0.13583793198740043,RFS,OOD,UPP,RSF,43
5.4,0.13648890446278433,0.13905220121665113,RFS,OOD,UPP,RSF,43
5.6,0.14179099255007696,0.14545408739314192,RFS,OOD,UPP,RSF,43
5.8,0.14218042700471314,0.14545408739314192,RFS,OOD,UPP,RSF,43
6.0,0.14549529642763628,0.14860146869117571,RFS,OOD,UPP,RSF,43
6.2,0.14615492110830733,0.14860146869117566,RFS,OOD,UPP,RSF,43
6.4,0.14732706401281112,0.14860146869117566,RFS,OOD,UPP,RSF,43
6.6,0.14834809600250226,0.14860146869117571,RFS,OOD,UPP,RSF,43
6.8,0.15321377539015174,0.1548627652133934,RFS,OOD,UPP,RSF,43
7.0,0.1594185263550491,0.16393723507305127,RFS,OOD,UPP,RSF,43
7.2,0.16225164056109445,0.16686075242930803,RFS,OOD,UPP,RSF,43
7.4,0.1634965658697865,0.16686075242930806,RFS,OOD,UPP,RSF,43
7.6,0.16678290963690628,0.16686075242930803,RFS,OOD,UPP,RSF,43
7.8,0.16995297710387108,0.16686075242930803,RFS,OOD,UPP,RSF,43
8.0,0.17078139571821302,0.1668607524293081,RFS,OOD,UPP,RSF,43
8.2,0.17160751589127118,0.1668607524293081,RFS,OOD,UPP,RSF,43
8.4,0.17786715053392851,0.1728172756075921,RFS,OOD,UPP,RSF,43
8.6,0.18010372617405274,0.1728172756075921,RFS,OOD,UPP,RSF,43
8.8,0.18221474577737204,0.1728172756075921,RFS,OOD,UPP,RSF,43
9.0,0.18494362249176094,0.1757518966955933,RFS,OOD,UPP,RSF,43
9.2,0.18574167459114727,0.1757518966955933,RFS,OOD,UPP,RSF,43
9.4,0.18805582044042923,0.1757518966955933,RFS,OOD,UPP,RSF,43
9.6,0.19135798776744004,0.1814507264140267,RFS,OOD,UPP,RSF,43
9.8,0.19563552966048287,0.1814507264140267,RFS,OOD,UPP,RSF,43
10.0,0.20023224323269978,0.1846632631794305,RFS,OOD,UPP,RSF,43
1.2,0.04171989440065006,0.04140742555451958,RFS,OOD,UPP,RSF,44
1.4,0.044948686724195906,0.04537912585875571,RFS,OOD,UPP,RSF,44
1.6,0.06089527687175764,0.060902134357121614,RFS,OOD,UPP,RSF,44
1.8,0.0679051564370492,0.06846026659714152,RFS,OOD,UPP,RSF,44
2.0,0.07096286649712742,0.07219938185105969,RFS,OOD,UPP,RSF,44
2.2,0.07022997519532406,0.07219938185105969,RFS,OOD,UPP,RSF,44
2.4,0.077941530884466,0.0797391468333014,RFS,OOD,UPP,RSF,44
2.6,0.07761132917291073,0.07973914683330137,RFS,OOD,UPP,RSF,44
2.8,0.08022842777957581,0.08350338146778817,RFS,OOD,UPP,RSF,44
3.0,0.09080791204921822,0.09454366513701802,RFS,OOD,UPP,RSF,44
3.2,0.09417765739617377,0.09815804647633496,RFS,OOD,UPP,RSF,44
3.4,0.0941903081478021,0.09815804647633497,RFS,OOD,UPP,RSF,44
3.6,0.10140756035408928,0.10537228351199701,RFS,OOD,UPP,RSF,44
3.8,0.10172576507109773,0.10537228351199701,RFS,OOD,UPP,RSF,44
4.0,0.10575865900489162,0.10891299428781909,RFS,OOD,UPP,RSF,44
4.2,0.11273104359265136,0.11586282648185156,RFS,OOD,UPP,RSF,44
4.4,0.11798902196177022,0.11927194790006188,RFS,OOD,UPP,RSF,44
4.6,0.1265696545651548,0.1293282084604563,RFS,OOD,UPP,RSF,44
4.8,0.12964332171640616,0.1325964481736554,RFS,OOD,UPP,RSF,44
5.0,0.13262813550360047,0.13583793198740046,RFS,OOD,UPP,RSF,44
5.2,0.13312435866005906,0.13583793198740043,RFS,OOD,UPP,RSF,44
5.4,0.13647108099646035,0.13905220121665113,RFS,OOD,UPP,RSF,44
5.6,0.14232964864117414,0.14545408739314192,RFS,OOD,UPP,RSF,44
5.8,0.1434690554721234,0.14545408739314192,RFS,OOD,UPP,RSF,44
6.0,0.1465789121122475,0.14860146869117571,RFS,OOD,UPP,RSF,44
6.2,0.14730975942857297,0.14860146869117566,RFS,OOD,UPP,RSF,44
6.4,0.14905802188422096,0.14860146869117566,RFS,OOD,UPP,RSF,44
6.6,0.1510418332620252,0.14860146869117571,RFS,OOD,UPP,RSF,44
6.8,0.1563753719924776,0.1548627652133934,RFS,OOD,UPP,RSF,44
7.0,0.1619184199039893,0.16393723507305127,RFS,OOD,UPP,RSF,44
7.2,0.16567086882697188,0.16686075242930803,RFS,OOD,UPP,RSF,44
7.4,0.16763403594506499,0.16686075242930806,RFS,OOD,UPP,RSF,44
7.6,0.16829120348615356,0.16686075242930803,RFS,OOD,UPP,RSF,44
7.8,0.16948672294526515,0.16686075242930803,RFS,OOD,UPP,RSF,44
8.0,0.1721030252752443,0.1668607524293081,RFS,OOD,UPP,RSF,44
8.2,0.17497673353136056,0.1668607524293081,RFS,OOD,UPP,RSF,44
8.4,0.18244756629279507,0.1728172756075921,RFS,OOD,UPP,RSF,44
8.6,0.18410051589094453,0.1728172756075921,RFS,OOD,UPP,RSF,44
8.8,0.1847893958678333,0.1728172756075921,RFS,OOD,UPP,RSF,44
9.0,0.18653928692682298,0.1757518966955933,RFS,OOD,UPP,RSF,44
9.2,0.1894131932862156,0.1757518966955933,RFS,OOD,UPP,RSF,44
9.4,0.1947071584897001,0.1757518966955933,RFS,OOD,UPP,RSF,44
9.6,0.1964830337981994,0.1814507264140267,RFS,OOD,UPP,RSF,44
9.8,0.19812048780691388,0.1814507264140267,RFS,OOD,UPP,RSF,44
10.0,0.20352435858461165,0.1846632631794305,RFS,OOD,UPP,RSF,44
